ISO-10303-21;
HEADER;
/* Generated by software containing ST-Developer
 * from STEP Tools, Inc. (www.steptools.com) 
 */
/* OPTION: using custom renumber hook */

FILE_DESCRIPTION(
/* description */ ('STEP AP242 Edition 2',
'CAx-IF Rec.Pracs.---Representation and Presentation of Product Manufa
cturing Information (PMI)---4.0---2014-10-13',
'CAx-IF Rec.Pracs.---3D Tessellated Geometry---0.4---2014-09-14','2;1',
'CAx-IF Rec.Pracs.---User Defined Attributes---1.5---2016-08-15'),
/* implementation_level */ '2;1');

FILE_NAME(
/* name */ 'Assembly 1 - Part 4',
/* time_stamp */ '2026-07-25T03:56:15Z',
/* author */ (''),
/* organization */ (''),
/* preprocessor_version */ 'ST-DEVELOPER v20',
/* originating_system */ 'ONSHAPE BY PTC INC, 1.218',
/* authorisation */ '  ');

FILE_SCHEMA (('AP242_MANAGED_MODEL_BASED_3D_ENGINEERING_MIM_LF { 1 0 10303 442 3 1 4 }'));
ENDSEC;

DATA;
#10=SHAPE_REPRESENTATION_RELATIONSHIP('','',#2555,#11);
#11=ADVANCED_BREP_SHAPE_REPRESENTATION('',(#2553),#4652);
#12=B_SPLINE_SURFACE_WITH_KNOTS('',3,1,((#4604,#4605),(#4606,#4607),(#4608,
#4609),(#4610,#4611),(#4612,#4613)),.SURF_OF_LINEAR_EXTRUSION.,.F.,.F.,
 .F.,(4,1,4),(2,2),(3.14159264792852,3.92187837874961,4.7021641095707),
(0.,1.),.UNSPECIFIED.);
#13=B_SPLINE_SURFACE_WITH_KNOTS('',3,1,((#4625,#4626),(#4627,#4628),(#4629,
#4630),(#4631,#4632),(#4633,#4634)),.SURF_OF_LINEAR_EXTRUSION.,.F.,.F.,
 .F.,(4,1,4),(2,2),(4.72261384322689,5.50289957520324,6.28318530717959),
(0.,1.),.UNSPECIFIED.);
#14=TOROIDAL_SURFACE('',#2771,0.013,0.002);
#15=TOROIDAL_SURFACE('',#2775,0.0127511600068744,0.002);
#16=TOROIDAL_SURFACE('',#2777,0.00699999997421829,0.002);
#17=TOROIDAL_SURFACE('',#2780,0.013,0.002);
#18=TOROIDAL_SURFACE('',#2784,0.0127511600326548,0.002);
#19=TOROIDAL_SURFACE('',#2790,0.0127511599734819,0.002);
#20=TOROIDAL_SURFACE('',#2792,0.0259150770275294,0.002);
#21=TOROIDAL_SURFACE('',#2800,0.0127511602322093,0.002);
#22=TOROIDAL_SURFACE('',#2804,0.013,0.002);
#23=TOROIDAL_SURFACE('',#2807,0.00699999996693299,0.002);
#24=TOROIDAL_SURFACE('',#2809,0.0127511599970966,0.002);
#25=TOROIDAL_SURFACE('',#2813,0.013,0.002);
#26=TOROIDAL_SURFACE('',#2816,0.0259150770348147,0.002);
#27=TOROIDAL_SURFACE('',#2818,0.0127511600421194,0.002);
#28=TOROIDAL_SURFACE('',#2822,0.013,0.002);
#29=(
BOUNDED_SURFACE()
B_SPLINE_SURFACE(3,2,((#4326,#4327,#4328),(#4329,#4330,#4331),(#4332,#4333,
#4334),(#4335,#4336,#4337)),.UNSPECIFIED.,.F.,.F.,.F.)
B_SPLINE_SURFACE_WITH_KNOTS((4,4),(3,3),(0.00854246134905333,0.0234575385129838),
(0.0210267900122646,1.),.PIECEWISE_BEZIER_KNOTS.)
GEOMETRIC_REPRESENTATION_ITEM()
RATIONAL_B_SPLINE_SURFACE(((0.979415335789899,0.510513392721983,1.),(0.979415335789899,
0.510513392721983,1.),(0.979415335865641,0.51051339452308,1.),(0.979415335865641,
0.51051339452308,1.)))
REPRESENTATION_ITEM('')
SURFACE()
);
#30=(
BOUNDED_SURFACE()
B_SPLINE_SURFACE(3,2,((#4342,#4343,#4344),(#4345,#4346,#4347),(#4348,#4349,
#4350),(#4351,#4352,#4353)),.UNSPECIFIED.,.F.,.F.,.F.)
B_SPLINE_SURFACE_WITH_KNOTS((4,4),(3,3),(0.00508492000012681,0.0280000000001268),
(0.,1.),.PIECEWISE_BEZIER_KNOTS.)
GEOMETRIC_REPRESENTATION_ITEM()
RATIONAL_B_SPLINE_SURFACE(((1.,0.800757710635238,1.),(1.,0.800757710635238,
1.),(1.,0.800757708808037,1.),(1.,0.800757708808037,1.)))
REPRESENTATION_ITEM('')
SURFACE()
);
#31=(
BOUNDED_SURFACE()
B_SPLINE_SURFACE(3,2,((#4359,#4360,#4361),(#4362,#4363,#4364),(#4365,#4366,
#4367),(#4368,#4369,#4370)),.UNSPECIFIED.,.F.,.F.,.F.)
B_SPLINE_SURFACE_WITH_KNOTS((4,4),(3,3),(0.0191930614554458,0.0341081385258011),
(0.0446726515681978,1.),.PIECEWISE_BEZIER_KNOTS.)
GEOMETRIC_REPRESENTATION_ITEM()
RATIONAL_B_SPLINE_SURFACE(((0.96693018528739,0.629865101446631,1.),(0.96693018528739,
0.629865101446631,1.),(0.966930184902625,0.629865097140129,1.),(0.966930184902625,
0.629865097140129,1.)))
REPRESENTATION_ITEM('')
SURFACE()
);
#32=(
BOUNDED_SURFACE()
B_SPLINE_SURFACE(3,2,((#4375,#4376,#4377),(#4378,#4379,#4380),(#4381,#4382,
#4383),(#4384,#4385,#4386)),.UNSPECIFIED.,.F.,.F.,.F.)
B_SPLINE_SURFACE_WITH_KNOTS((4,4),(3,3),(0.0151930614883639,0.038108141488364),
(0.,1.),.PIECEWISE_BEZIER_KNOTS.)
GEOMETRIC_REPRESENTATION_ITEM()
RATIONAL_B_SPLINE_SURFACE(((1.,0.884497619449143,1.),(1.,0.884497619449143,
1.),(1.,0.884497624414774,1.),(1.,0.884497624414774,1.)))
REPRESENTATION_ITEM('')
SURFACE()
);
#33=(
BOUNDED_SURFACE()
B_SPLINE_SURFACE(3,2,((#4449,#4450,#4451),(#4452,#4453,#4454),(#4455,#4456,
#4457),(#4458,#4459,#4460)),.UNSPECIFIED.,.F.,.F.,.F.)
B_SPLINE_SURFACE_WITH_KNOTS((4,4),(3,3),(2.38524477946811E-17,0.00304595431842755),
(0.,1.),.PIECEWISE_BEZIER_KNOTS.)
GEOMETRIC_REPRESENTATION_ITEM()
RATIONAL_B_SPLINE_SURFACE(((1.,0.707106781504697,1.),(1.,0.718593300664946,
1.),(1.,0.717806160686144,1.),(1.,0.707106781186548,1.)))
REPRESENTATION_ITEM('')
SURFACE()
);
#34=(
BOUNDED_SURFACE()
B_SPLINE_SURFACE(3,2,((#4468,#4469,#4470),(#4471,#4472,#4473),(#4474,#4475,
#4476),(#4477,#4478,#4479)),.UNSPECIFIED.,.F.,.F.,.F.)
B_SPLINE_SURFACE_WITH_KNOTS((4,4),(3,3),(-5.50774703622636E-17,0.00178721427678754),
(0.,1.),.PIECEWISE_BEZIER_KNOTS.)
GEOMETRIC_REPRESENTATION_ITEM()
RATIONAL_B_SPLINE_SURFACE(((1.,0.707106780270934,1.),(1.,0.717708162600116,
1.),(1.,0.723527247720595,1.),(1.,0.724989596921123,1.)))
REPRESENTATION_ITEM('')
SURFACE()
);
#35=(
BOUNDED_SURFACE()
B_SPLINE_SURFACE(3,2,((#4488,#4489,#4490),(#4491,#4492,#4493),(#4494,#4495,
#4496),(#4497,#4498,#4499)),.UNSPECIFIED.,.F.,.F.,.F.)
B_SPLINE_SURFACE_WITH_KNOTS((4,4),(3,3),(-8.67361737988404E-19,0.00312924818471252),
(0.,1.),.PIECEWISE_BEZIER_KNOTS.)
GEOMETRIC_REPRESENTATION_ITEM()
RATIONAL_B_SPLINE_SURFACE(((1.,0.707106780001361,1.),(1.,0.707106780226618,
1.),(1.,0.703534913597848,1.),(1.,0.696732661760473,1.)))
REPRESENTATION_ITEM('')
SURFACE()
);
#36=(
BOUNDED_SURFACE()
B_SPLINE_SURFACE(3,2,((#4507,#4508,#4509),(#4510,#4511,#4512),(#4513,#4514,
#4515),(#4516,#4517,#4518),(#4519,#4520,#4521)),.UNSPECIFIED.,.F.,.F.,.F.)
B_SPLINE_SURFACE_WITH_KNOTS((4,1,4),(3,3),(-7.19910242530375E-17,0.00310179618908901,
0.00620359237817809),(0.,1.),.UNSPECIFIED.)
GEOMETRIC_REPRESENTATION_ITEM()
RATIONAL_B_SPLINE_SURFACE(((1.,0.707106781186548,1.),(1.,0.703881776834917,
1.),(1.,0.704351542666166,1.),(1.,0.71752177990382,1.),(1.,0.725955025735327,
1.)))
REPRESENTATION_ITEM('')
SURFACE()
);
#37=(
BOUNDED_SURFACE()
B_SPLINE_SURFACE(3,2,((#4527,#4528,#4529),(#4530,#4531,#4532),(#4533,#4534,
#4535),(#4536,#4537,#4538)),.UNSPECIFIED.,.F.,.F.,.F.)
B_SPLINE_SURFACE_WITH_KNOTS((4,4),(3,3),(4.63774616886938,4.71238898007775),
(0.,1.),.PIECEWISE_BEZIER_KNOTS.)
GEOMETRIC_REPRESENTATION_ITEM()
RATIONAL_B_SPLINE_SURFACE(((1.,0.69379868871714,1.),(1.,0.698268943761604,
1.),(1.,0.702708411276146,1.),(1.,0.707106781132288,1.)))
REPRESENTATION_ITEM('')
SURFACE()
);
#38=(
BOUNDED_SURFACE()
B_SPLINE_SURFACE(3,2,((#4540,#4541,#4542),(#4543,#4544,#4545),(#4546,#4547,
#4548),(#4549,#4550,#4551)),.UNSPECIFIED.,.F.,.F.,.F.)
B_SPLINE_SURFACE_WITH_KNOTS((4,4),(3,3),(8.5868812060852E-17,0.00146461235593767),
(0.,1.),.PIECEWISE_BEZIER_KNOTS.)
GEOMETRIC_REPRESENTATION_ITEM()
RATIONAL_B_SPLINE_SURFACE(((1.,0.693798688717137,1.),(1.,0.68184799354695,
1.),(1.,0.672029452499204,1.),(1.,0.664797522249806,1.)))
REPRESENTATION_ITEM('')
SURFACE()
);
#39=(
BOUNDED_SURFACE()
B_SPLINE_SURFACE(3,2,((#4561,#4562,#4563),(#4564,#4565,#4566),(#4567,#4568,
#4569),(#4570,#4571,#4572)),.UNSPECIFIED.,.F.,.F.,.F.)
B_SPLINE_SURFACE_WITH_KNOTS((4,4),(3,3),(4.25007251614318E-17,0.00304595429203675),
(0.,1.),.PIECEWISE_BEZIER_KNOTS.)
GEOMETRIC_REPRESENTATION_ITEM()
RATIONAL_B_SPLINE_SURFACE(((1.,0.707106781315943,1.),(1.,0.718593300370006,
1.),(1.,0.717806160493474,1.),(1.,0.707106781186547,1.)))
REPRESENTATION_ITEM('')
SURFACE()
);
#40=(
BOUNDED_SURFACE()
B_SPLINE_SURFACE(3,2,((#4582,#4583,#4584),(#4585,#4586,#4587),(#4588,#4589,
#4590),(#4591,#4592,#4593)),.UNSPECIFIED.,.F.,.F.,.F.)
B_SPLINE_SURFACE_WITH_KNOTS((4,4),(3,3),(5.72458747072346E-17,0.00297158124219605),
(0.,1.),.PIECEWISE_BEZIER_KNOTS.)
GEOMETRIC_REPRESENTATION_ITEM()
RATIONAL_B_SPLINE_SURFACE(((1.,0.707106781052081,1.),(1.,0.704098256410429,
1.),(1.,0.704037859045971,1.),(1.,0.707106781186547,1.)))
REPRESENTATION_ITEM('')
SURFACE()
);
#41=ELLIPSE('',#2582,0.00388228567653781,0.00375);
#42=ELLIPSE('',#2583,0.00388228567653781,0.00375);
#43=ELLIPSE('',#2702,0.004618802153517,0.004);
#44=ELLIPSE('',#2704,0.004618802153517,0.004);
#45=ELLIPSE('',#2725,0.00692820323027551,0.006);
#46=ELLIPSE('',#2751,0.00529150262212917,0.004);
#47=ELLIPSE('',#2755,0.00207055236082017,0.002);
#48=ELLIPSE('',#2756,0.00207055236082017,0.002);
#49=ELLIPSE('',#2787,0.00207055236082017,0.002);
#50=ELLIPSE('',#2799,0.00207055236082017,0.002);
#51=ELLIPSE('',#2825,0.00207055236082017,0.002);
#52=ELLIPSE('',#2827,0.00207055236082017,0.002);
#53=B_SPLINE_CURVE_WITH_KNOTS('',3,(#3616,#3617,#3618,#3619),
 .UNSPECIFIED.,.F.,.F.,(4,4),(0.,0.0039999999809501),.UNSPECIFIED.);
#54=B_SPLINE_CURVE_WITH_KNOTS('',3,(#3628,#3629,#3630,#3631),
 .UNSPECIFIED.,.F.,.F.,(4,4),(0.,0.004),.UNSPECIFIED.);
#55=B_SPLINE_CURVE_WITH_KNOTS('',3,(#3677,#3678,#3679,#3680,#3681,#3682,
#3683),.UNSPECIFIED.,.F.,.F.,(4,1,1,1,4),(0.,0.00139529756179891,0.00279059512359783,
0.00418589268539674,0.00558119024719565),.UNSPECIFIED.);
#56=B_SPLINE_CURVE_WITH_KNOTS('',3,(#3776,#3777,#3778,#3779),
 .UNSPECIFIED.,.F.,.F.,(4,4),(0.,0.00394745380985307),.UNSPECIFIED.);
#57=B_SPLINE_CURVE_WITH_KNOTS('',3,(#3859,#3860,#3861,#3862,#3863),
 .UNSPECIFIED.,.F.,.F.,(4,1,4),(0.,0.00314867825310884,0.00629735650621769),
 .UNSPECIFIED.);
#58=B_SPLINE_CURVE_WITH_KNOTS('',3,(#3920,#3921,#3922,#3923,#3924),
 .UNSPECIFIED.,.F.,.F.,(4,1,4),(0.,0.00314835144087641,0.00629670288175282),
 .UNSPECIFIED.);
#59=B_SPLINE_CURVE_WITH_KNOTS('',3,(#3963,#3964,#3965,#3966,#3967),
 .UNSPECIFIED.,.F.,.F.,(4,1,4),(0.,0.00383449239934084,0.00766898479868168),
 .UNSPECIFIED.);
#60=B_SPLINE_CURVE_WITH_KNOTS('',3,(#3969,#3970,#3971,#3972,#3973),
 .UNSPECIFIED.,.F.,.F.,(4,1,4),(0.,0.00383449239017913,0.00766898478035826),
 .UNSPECIFIED.);
#61=B_SPLINE_CURVE_WITH_KNOTS('',3,(#3986,#3987,#3988,#3989),
 .UNSPECIFIED.,.F.,.F.,(4,4),(0.,0.00390576918817045),.UNSPECIFIED.);
#62=B_SPLINE_CURVE_WITH_KNOTS('',3,(#4000,#4001,#4002,#4003),
 .UNSPECIFIED.,.F.,.F.,(4,4),(1.2959194848525E-13,0.00317367660682523),
 .UNSPECIFIED.);
#63=B_SPLINE_CURVE_WITH_KNOTS('',3,(#4013,#4014,#4015,#4016),
 .UNSPECIFIED.,.F.,.F.,(4,4),(0.,0.00274534823186628),.UNSPECIFIED.);
#64=B_SPLINE_CURVE_WITH_KNOTS('',3,(#4028,#4029,#4030,#4031),
 .UNSPECIFIED.,.F.,.F.,(4,4),(0.,0.00297885075069758),.UNSPECIFIED.);
#65=B_SPLINE_CURVE_WITH_KNOTS('',3,(#4108,#4109,#4110,#4111,#4112),
 .UNSPECIFIED.,.F.,.F.,(4,1,4),(0.,0.00383449238763748,0.00766898477527496),
 .UNSPECIFIED.);
#66=B_SPLINE_CURVE_WITH_KNOTS('',3,(#4114,#4115,#4116,#4117),
 .UNSPECIFIED.,.F.,.F.,(4,4),(3.040471783828E-14,0.00155985118500628),
 .UNSPECIFIED.);
#67=B_SPLINE_CURVE_WITH_KNOTS('',3,(#4120,#4121,#4122,#4123),
 .UNSPECIFIED.,.F.,.F.,(4,4),(0.,0.00314990545703631),.UNSPECIFIED.);
#68=B_SPLINE_CURVE_WITH_KNOTS('',3,(#4126,#4127,#4128,#4129),
 .UNSPECIFIED.,.F.,.F.,(4,4),(0.,0.0030115750141531),.UNSPECIFIED.);
#69=B_SPLINE_CURVE_WITH_KNOTS('',3,(#4137,#4138,#4139,#4140),
 .UNSPECIFIED.,.F.,.F.,(4,4),(0.,0.00884386012829749),.UNSPECIFIED.);
#70=B_SPLINE_CURVE_WITH_KNOTS('',3,(#4143,#4144,#4145,#4146),
 .UNSPECIFIED.,.F.,.F.,(4,4),(1.12238753819224E-16,0.000358024533160383),
 .UNSPECIFIED.);
#71=B_SPLINE_CURVE_WITH_KNOTS('',3,(#4148,#4149,#4150,#4151,#4152),
 .UNSPECIFIED.,.F.,.F.,(4,1,4),(8.5976221184329E-5,0.00297138725220227,
0.0058567982832202),.UNSPECIFIED.);
#72=B_SPLINE_CURVE_WITH_KNOTS('',3,(#4156,#4157,#4158,#4159),
 .UNSPECIFIED.,.F.,.F.,(4,4),(0.,0.00287642012889413),.UNSPECIFIED.);
#73=B_SPLINE_CURVE_WITH_KNOTS('',3,(#4161,#4162,#4163,#4164),
 .UNSPECIFIED.,.F.,.F.,(4,4),(0.0021014451390215,0.0094739491398215),
 .UNSPECIFIED.);
#74=B_SPLINE_CURVE_WITH_KNOTS('',3,(#4177,#4178,#4179,#4180),
 .UNSPECIFIED.,.F.,.F.,(4,4),(0.,0.00297885076913804),.UNSPECIFIED.);
#75=B_SPLINE_CURVE_WITH_KNOTS('',3,(#4182,#4183,#4184,#4185),
 .UNSPECIFIED.,.F.,.F.,(4,4),(0.,0.0031735334064998),.UNSPECIFIED.);
#76=B_SPLINE_CURVE_WITH_KNOTS('',3,(#4194,#4195,#4196,#4197,#4198),
 .UNSPECIFIED.,.F.,.F.,(4,1,4),(0.,0.00314835144836352,0.00629670289672704),
 .UNSPECIFIED.);
#77=B_SPLINE_CURVE_WITH_KNOTS('',3,(#4201,#4202,#4203,#4204,#4205),
 .UNSPECIFIED.,.F.,.F.,(4,1,4),(1.13677539368057E-13,0.00314867824915541,
0.00629735649819714),.UNSPECIFIED.);
#78=B_SPLINE_CURVE_WITH_KNOTS('',3,(#4226,#4227,#4228,#4229),
 .UNSPECIFIED.,.F.,.F.,(4,4),(9.15118295242931E-13,0.0038508255509608),
 .UNSPECIFIED.);
#79=B_SPLINE_CURVE_WITH_KNOTS('',3,(#4231,#4232,#4233,#4234),
 .UNSPECIFIED.,.F.,.F.,(4,4),(2.59022022493751E-13,0.00385082548407572),
 .UNSPECIFIED.);
#80=B_SPLINE_CURVE_WITH_KNOTS('',3,(#4271,#4272,#4273,#4274),
 .UNSPECIFIED.,.F.,.F.,(4,4),(0.,0.000171308515843258),.UNSPECIFIED.);
#81=B_SPLINE_CURVE_WITH_KNOTS('',3,(#4276,#4277,#4278,#4279),
 .UNSPECIFIED.,.F.,.F.,(4,4),(1.8335973516494E-5,0.00124640480609142),
 .UNSPECIFIED.);
#82=B_SPLINE_CURVE_WITH_KNOTS('',3,(#4283,#4284,#4285,#4286),
 .UNSPECIFIED.,.F.,.F.,(4,4),(0.,0.00108539628316621),.UNSPECIFIED.);
#83=B_SPLINE_CURVE_WITH_KNOTS('',3,(#4299,#4300,#4301,#4302),
 .UNSPECIFIED.,.F.,.F.,(4,4),(0.,0.0149150770693348),.UNSPECIFIED.);
#84=B_SPLINE_CURVE_WITH_KNOTS('',3,(#4303,#4304,#4305,#4306),
 .UNSPECIFIED.,.F.,.F.,(4,4),(0.,0.0049133826303336),.UNSPECIFIED.);
#85=B_SPLINE_CURVE_WITH_KNOTS('',3,(#4307,#4308,#4309,#4310),
 .UNSPECIFIED.,.F.,.F.,(4,4),(0.0100016912565746,0.0149150770693346),
 .UNSPECIFIED.);
#86=B_SPLINE_CURVE_WITH_KNOTS('',3,(#4313,#4314,#4315,#4316),
 .UNSPECIFIED.,.F.,.F.,(4,4),(0.,0.02291508),.UNSPECIFIED.);
#87=B_SPLINE_CURVE_WITH_KNOTS('',3,(#4317,#4318,#4319,#4320),
 .UNSPECIFIED.,.F.,.F.,(4,4),(0.,0.0229150799999999),.UNSPECIFIED.);
#88=B_SPLINE_CURVE_WITH_KNOTS('',3,(#4322,#4323,#4324,#4325),
 .UNSPECIFIED.,.F.,.F.,(4,4),(0.0189150770415465,0.0229150770224966),
 .UNSPECIFIED.);
#89=B_SPLINE_CURVE_WITH_KNOTS('',3,(#4338,#4339,#4340,#4341),
 .UNSPECIFIED.,.F.,.F.,(4,4),(0.,0.014915077162851),.UNSPECIFIED.);
#90=B_SPLINE_CURVE_WITH_KNOTS('',3,(#4355,#4356,#4357,#4358),
 .UNSPECIFIED.,.F.,.F.,(4,4),(0.0189150770415465,0.0229150770224965),
 .UNSPECIFIED.);
#91=B_SPLINE_CURVE_WITH_KNOTS('',3,(#4371,#4372,#4373,#4374),
 .UNSPECIFIED.,.F.,.F.,(4,4),(0.,0.0149150769911162),.UNSPECIFIED.);
#92=B_SPLINE_CURVE_WITH_KNOTS('',3,(#4388,#4389,#4390,#4391),
 .UNSPECIFIED.,.F.,.F.,(4,4),(8.67361737988404E-18,0.0032319809840877),
 .UNSPECIFIED.);
#93=B_SPLINE_CURVE_WITH_KNOTS('',3,(#4393,#4394,#4395,#4396),
 .UNSPECIFIED.,.F.,.F.,(4,4),(0.,0.00260236543720969),.UNSPECIFIED.);
#94=B_SPLINE_CURVE_WITH_KNOTS('',3,(#4398,#4399,#4400,#4401),
 .UNSPECIFIED.,.F.,.F.,(4,4),(0.,0.00492122512189335),.UNSPECIFIED.);
#95=B_SPLINE_CURVE_WITH_KNOTS('',3,(#4403,#4404,#4405,#4406),
 .UNSPECIFIED.,.F.,.F.,(4,4),(0.,0.000821330370833651),.UNSPECIFIED.);
#96=B_SPLINE_CURVE_WITH_KNOTS('',3,(#4408,#4409,#4410,#4411),
 .UNSPECIFIED.,.F.,.F.,(4,4),(8.77708367144175E-17,0.00323198098408758),
 .UNSPECIFIED.);
#97=B_SPLINE_CURVE_WITH_KNOTS('',3,(#4413,#4414,#4415,#4416),
 .UNSPECIFIED.,.F.,.F.,(4,4),(0.,0.00251601146717515),.UNSPECIFIED.);
#98=B_SPLINE_CURVE_WITH_KNOTS('',3,(#4418,#4419,#4420,#4421),
 .UNSPECIFIED.,.F.,.F.,(4,4),(0.,0.00264140626808641),.UNSPECIFIED.);
#99=B_SPLINE_CURVE_WITH_KNOTS('',3,(#4423,#4424,#4425,#4426),
 .UNSPECIFIED.,.F.,.F.,(4,4),(0.,0.00323198096690563),.UNSPECIFIED.);
#100=B_SPLINE_CURVE_WITH_KNOTS('',3,(#4428,#4429,#4430,#4431,#4432),
 .UNSPECIFIED.,.F.,.F.,(4,1,4),(0.,0.00285939656761326,0.00571879313522652),
 .UNSPECIFIED.);
#101=B_SPLINE_CURVE_WITH_KNOTS('',3,(#4434,#4435,#4436,#4437,#4438),
 .UNSPECIFIED.,.F.,.F.,(4,1,4),(0.,0.00285939656761327,0.00571879313522653),
 .UNSPECIFIED.);
#102=B_SPLINE_CURVE_WITH_KNOTS('',3,(#4480,#4481,#4482,#4483,#4484),
 .UNSPECIFIED.,.F.,.F.,(4,1,4),(0.,0.0015166546529301,0.00303330930586021),
 .UNSPECIFIED.);
#103=B_SPLINE_CURVE_WITH_KNOTS('',3,(#4522,#4523,#4524,#4525,#4526),
 .UNSPECIFIED.,.F.,.F.,(4,1,4),(0.,0.00152050302844008,0.00304100605688016),
 .UNSPECIFIED.);
#104=CYLINDRICAL_SURFACE('',#2566,0.00166506);
#105=CYLINDRICAL_SURFACE('',#2568,0.006);
#106=CYLINDRICAL_SURFACE('',#2578,0.00225);
#107=CYLINDRICAL_SURFACE('',#2581,0.00375);
#108=CYLINDRICAL_SURFACE('',#2604,0.00225);
#109=CYLINDRICAL_SURFACE('',#2607,0.00225);
#110=CYLINDRICAL_SURFACE('',#2610,0.00899999996693299);
#111=CYLINDRICAL_SURFACE('',#2613,0.00225);
#112=CYLINDRICAL_SURFACE('',#2630,0.01475116);
#113=CYLINDRICAL_SURFACE('',#2644,0.0147511599566566);
#114=CYLINDRICAL_SURFACE('',#2655,0.00375);
#115=CYLINDRICAL_SURFACE('',#2658,0.004);
#116=CYLINDRICAL_SURFACE('',#2659,0.004);
#117=CYLINDRICAL_SURFACE('',#2660,0.004);
#118=CYLINDRICAL_SURFACE('',#2661,0.004);
#119=CYLINDRICAL_SURFACE('',#2662,0.0147511600421194);
#120=CYLINDRICAL_SURFACE('',#2663,0.0147511600068744);
#121=CYLINDRICAL_SURFACE('',#2667,0.00899999997421829);
#122=CYLINDRICAL_SURFACE('',#2672,0.0049999999932682);
#123=CYLINDRICAL_SURFACE('',#2676,0.0239150770348147);
#124=CYLINDRICAL_SURFACE('',#2681,0.0279150770157648);
#125=CYLINDRICAL_SURFACE('',#2682,0.0147511599970966);
#126=CYLINDRICAL_SURFACE('',#2695,0.01475116);
#127=CYLINDRICAL_SURFACE('',#2706,0.0147511599970966);
#128=CYLINDRICAL_SURFACE('',#2707,0.0147511600326548);
#129=CYLINDRICAL_SURFACE('',#2711,0.0239150770275294);
#130=CYLINDRICAL_SURFACE('',#2717,0.0279150770084795);
#131=CYLINDRICAL_SURFACE('',#2718,0.00499999998598296);
#132=CYLINDRICAL_SURFACE('',#2722,0.0147511599835235);
#133=CYLINDRICAL_SURFACE('',#2723,0.0147511599734818);
#134=CYLINDRICAL_SURFACE('',#2729,0.0147511602322093);
#135=CYLINDRICAL_SURFACE('',#2730,0.0147511599734819);
#136=CYLINDRICAL_SURFACE('',#2742,0.00375);
#137=CYLINDRICAL_SURFACE('',#2745,0.00375);
#138=CYLINDRICAL_SURFACE('',#2748,0.004);
#139=CYLINDRICAL_SURFACE('',#2749,0.004);
#140=CYLINDRICAL_SURFACE('',#2750,0.004);
#141=CYLINDRICAL_SURFACE('',#2752,0.004);
#142=CYLINDRICAL_SURFACE('',#2761,0.006);
#143=CYLINDRICAL_SURFACE('',#2762,0.00166506);
#144=CYLINDRICAL_SURFACE('',#2763,0.011);
#145=CYLINDRICAL_SURFACE('',#2764,0.011);
#146=CYLINDRICAL_SURFACE('',#2765,0.011);
#147=CYLINDRICAL_SURFACE('',#2766,0.011);
#148=CYLINDRICAL_SURFACE('',#2767,0.011);
#149=CYLINDRICAL_SURFACE('',#2768,0.011);
#150=CYLINDRICAL_SURFACE('',#2769,0.002);
#151=CYLINDRICAL_SURFACE('',#2773,0.002);
#152=CYLINDRICAL_SURFACE('',#2782,0.002);
#153=CYLINDRICAL_SURFACE('',#2786,0.002);
#154=CYLINDRICAL_SURFACE('',#2794,0.002);
#155=CYLINDRICAL_SURFACE('',#2797,0.002);
#156=CYLINDRICAL_SURFACE('',#2802,0.002);
#157=CYLINDRICAL_SURFACE('',#2811,0.002);
#158=CYLINDRICAL_SURFACE('',#2820,0.002);
#159=CYLINDRICAL_SURFACE('',#2824,0.002);
#160=CYLINDRICAL_SURFACE('',#2830,0.005);
#161=CYLINDRICAL_SURFACE('',#2832,0.005);
#162=CIRCLE('',#2559,0.006);
#163=CIRCLE('',#2560,0.002);
#164=CIRCLE('',#2561,0.001);
#165=CIRCLE('',#2562,0.00166506);
#166=CIRCLE('',#2563,0.0147511599469637);
#167=CIRCLE('',#2564,0.011);
#168=CIRCLE('',#2565,0.0147511599469637);
#169=CIRCLE('',#2567,0.00166506);
#170=CIRCLE('',#2569,0.006);
#171=CIRCLE('',#2570,0.006);
#172=CIRCLE('',#2572,0.0147511602660468);
#173=CIRCLE('',#2573,0.011);
#174=CIRCLE('',#2574,0.0147511599783285);
#175=CIRCLE('',#2575,0.00166506);
#176=CIRCLE('',#2576,0.001);
#177=CIRCLE('',#2577,0.002);
#178=CIRCLE('',#2579,0.00225);
#179=CIRCLE('',#2580,0.00225);
#180=CIRCLE('',#2584,0.00375);
#181=CIRCLE('',#2588,0.0127511599734819);
#182=CIRCLE('',#2589,0.01475116);
#183=CIRCLE('',#2590,0.001);
#184=CIRCLE('',#2591,0.001);
#185=CIRCLE('',#2592,0.002);
#186=CIRCLE('',#2593,0.002);
#187=CIRCLE('',#2594,0.006);
#188=CIRCLE('',#2596,0.002);
#189=CIRCLE('',#2597,0.002);
#190=CIRCLE('',#2598,0.001);
#191=CIRCLE('',#2599,0.001);
#192=CIRCLE('',#2600,0.00166506);
#193=CIRCLE('',#2601,0.0147511599887184);
#194=CIRCLE('',#2602,0.013);
#195=CIRCLE('',#2603,0.0127511602322093);
#196=CIRCLE('',#2605,0.00225);
#197=CIRCLE('',#2606,0.00225);
#198=CIRCLE('',#2608,0.00225);
#199=CIRCLE('',#2609,0.00225);
#200=CIRCLE('',#2611,0.00899999996693299);
#201=CIRCLE('',#2612,0.00899999995191276);
#202=CIRCLE('',#2614,0.00225);
#203=CIRCLE('',#2615,0.00225);
#204=CIRCLE('',#2617,0.013);
#205=CIRCLE('',#2618,0.014751159995417);
#206=CIRCLE('',#2619,0.0127511600068744);
#207=CIRCLE('',#2622,0.004);
#208=CIRCLE('',#2623,0.004);
#209=CIRCLE('',#2625,0.011);
#210=CIRCLE('',#2626,0.0147511600045829);
#211=CIRCLE('',#2627,0.0147511600045829);
#212=CIRCLE('',#2629,0.002);
#213=CIRCLE('',#2634,0.013);
#214=CIRCLE('',#2635,0.0127511600421194);
#215=CIRCLE('',#2636,0.0147511599612396);
#216=CIRCLE('',#2639,0.0147511599520737);
#217=CIRCLE('',#2640,0.0147511600460883);
#218=CIRCLE('',#2641,0.011);
#219=CIRCLE('',#2643,0.002);
#220=CIRCLE('',#2650,0.00375);
#221=CIRCLE('',#2651,0.004);
#222=CIRCLE('',#2652,0.004);
#223=CIRCLE('',#2653,0.004);
#224=CIRCLE('',#2654,0.004);
#225=CIRCLE('',#2656,0.00375);
#226=CIRCLE('',#2665,0.00699999997421829);
#227=CIRCLE('',#2666,0.005);
#228=CIRCLE('',#2668,0.00899999997421829);
#229=CIRCLE('',#2669,0.00899999996648323);
#230=CIRCLE('',#2671,0.00499999998653639);
#231=CIRCLE('',#2674,0.0239150770358179);
#232=CIRCLE('',#2675,0.0279150770157648);
#233=CIRCLE('',#2677,0.0239150770348147);
#234=CIRCLE('',#2679,0.0259150770348147);
#235=CIRCLE('',#2680,0.0279150770157648);
#236=CIRCLE('',#2683,0.0147511600006141);
#237=CIRCLE('',#2684,0.0147511599935791);
#238=CIRCLE('',#2686,0.013);
#239=CIRCLE('',#2687,0.0127511599970966);
#240=CIRCLE('',#2689,0.0147511599935791);
#241=CIRCLE('',#2690,0.011);
#242=CIRCLE('',#2692,0.0127511600326548);
#243=CIRCLE('',#2693,0.013);
#244=CIRCLE('',#2694,0.0147511599993861);
#245=CIRCLE('',#2696,0.0147511600006141);
#246=CIRCLE('',#2698,0.011);
#247=CIRCLE('',#2699,0.0147511600378498);
#248=CIRCLE('',#2709,0.0259150770275294);
#249=CIRCLE('',#2710,0.0279150770157648);
#250=CIRCLE('',#2712,0.0239150770275294);
#251=CIRCLE('',#2713,0.0239150770275294);
#252=CIRCLE('',#2715,0.0279150770011942);
#253=CIRCLE('',#2716,0.00499999997196592);
#254=CIRCLE('',#2719,0.005);
#255=CIRCLE('',#2721,0.00699999996693299);
#256=CIRCLE('',#2736,0.00375);
#257=CIRCLE('',#2737,0.00375);
#258=CIRCLE('',#2738,0.004);
#259=CIRCLE('',#2739,0.004);
#260=CIRCLE('',#2740,0.004);
#261=CIRCLE('',#2741,0.004);
#262=CIRCLE('',#2743,0.00375);
#263=CIRCLE('',#2746,0.00375);
#264=CIRCLE('',#2754,0.005);
#265=CIRCLE('',#2757,0.005);
#266=CIRCLE('',#2770,0.002);
#267=CIRCLE('',#2772,0.002);
#268=CIRCLE('',#2774,0.002);
#269=CIRCLE('',#2776,0.002);
#270=CIRCLE('',#2778,0.002);
#271=CIRCLE('',#2779,0.002);
#272=CIRCLE('',#2781,0.002);
#273=CIRCLE('',#2783,0.002);
#274=CIRCLE('',#2785,0.002);
#275=CIRCLE('',#2788,0.002);
#276=CIRCLE('',#2789,0.002);
#277=CIRCLE('',#2791,0.002);
#278=CIRCLE('',#2793,0.002);
#279=CIRCLE('',#2795,0.002);
#280=CIRCLE('',#2796,0.002);
#281=CIRCLE('',#2798,0.002);
#282=CIRCLE('',#2801,0.002);
#283=CIRCLE('',#2803,0.002);
#284=CIRCLE('',#2805,0.002);
#285=CIRCLE('',#2806,0.002);
#286=CIRCLE('',#2808,0.002);
#287=CIRCLE('',#2810,0.002);
#288=CIRCLE('',#2812,0.002);
#289=CIRCLE('',#2814,0.002);
#290=CIRCLE('',#2815,0.002);
#291=CIRCLE('',#2817,0.002);
#292=CIRCLE('',#2819,0.002);
#293=CIRCLE('',#2821,0.002);
#294=CIRCLE('',#2823,0.002);
#295=CIRCLE('',#2831,0.005);
#296=CIRCLE('',#2833,0.005);
#297=ORIENTED_EDGE('',*,*,#1047,.F.);
#298=ORIENTED_EDGE('',*,*,#1048,.T.);
#299=ORIENTED_EDGE('',*,*,#1049,.T.);
#300=ORIENTED_EDGE('',*,*,#1050,.T.);
#301=ORIENTED_EDGE('',*,*,#1048,.F.);
#302=ORIENTED_EDGE('',*,*,#1051,.T.);
#303=ORIENTED_EDGE('',*,*,#1052,.T.);
#304=ORIENTED_EDGE('',*,*,#1053,.T.);
#305=ORIENTED_EDGE('',*,*,#1054,.T.);
#306=ORIENTED_EDGE('',*,*,#1055,.T.);
#307=ORIENTED_EDGE('',*,*,#1056,.T.);
#308=ORIENTED_EDGE('',*,*,#1057,.T.);
#309=ORIENTED_EDGE('',*,*,#1058,.T.);
#310=ORIENTED_EDGE('',*,*,#1059,.T.);
#311=ORIENTED_EDGE('',*,*,#1060,.T.);
#312=ORIENTED_EDGE('',*,*,#1061,.T.);
#313=ORIENTED_EDGE('',*,*,#1062,.T.);
#314=ORIENTED_EDGE('',*,*,#1063,.F.);
#315=ORIENTED_EDGE('',*,*,#1064,.T.);
#316=ORIENTED_EDGE('',*,*,#1065,.F.);
#317=ORIENTED_EDGE('',*,*,#1066,.F.);
#318=ORIENTED_EDGE('',*,*,#1059,.F.);
#319=ORIENTED_EDGE('',*,*,#1067,.T.);
#320=ORIENTED_EDGE('',*,*,#1068,.T.);
#321=ORIENTED_EDGE('',*,*,#1069,.F.);
#322=ORIENTED_EDGE('',*,*,#1070,.F.);
#323=ORIENTED_EDGE('',*,*,#1071,.T.);
#324=ORIENTED_EDGE('',*,*,#1072,.T.);
#325=ORIENTED_EDGE('',*,*,#1073,.F.);
#326=ORIENTED_EDGE('',*,*,#1074,.F.);
#327=ORIENTED_EDGE('',*,*,#1075,.F.);
#328=ORIENTED_EDGE('',*,*,#1076,.F.);
#329=ORIENTED_EDGE('',*,*,#1077,.T.);
#330=ORIENTED_EDGE('',*,*,#1078,.T.);
#331=ORIENTED_EDGE('',*,*,#1079,.T.);
#332=ORIENTED_EDGE('',*,*,#1080,.T.);
#333=ORIENTED_EDGE('',*,*,#1081,.T.);
#334=ORIENTED_EDGE('',*,*,#1082,.T.);
#335=ORIENTED_EDGE('',*,*,#1083,.F.);
#336=ORIENTED_EDGE('',*,*,#1084,.F.);
#337=ORIENTED_EDGE('',*,*,#1085,.F.);
#338=ORIENTED_EDGE('',*,*,#1086,.T.);
#339=ORIENTED_EDGE('',*,*,#1087,.T.);
#340=ORIENTED_EDGE('',*,*,#1088,.F.);
#341=ORIENTED_EDGE('',*,*,#1089,.T.);
#342=ORIENTED_EDGE('',*,*,#1070,.T.);
#343=ORIENTED_EDGE('',*,*,#1090,.F.);
#344=ORIENTED_EDGE('',*,*,#1091,.T.);
#345=ORIENTED_EDGE('',*,*,#1092,.F.);
#346=ORIENTED_EDGE('',*,*,#1093,.T.);
#347=ORIENTED_EDGE('',*,*,#1094,.F.);
#348=ORIENTED_EDGE('',*,*,#1095,.T.);
#349=ORIENTED_EDGE('',*,*,#1074,.T.);
#350=ORIENTED_EDGE('',*,*,#1073,.T.);
#351=ORIENTED_EDGE('',*,*,#1096,.F.);
#352=ORIENTED_EDGE('',*,*,#1097,.F.);
#353=ORIENTED_EDGE('',*,*,#1098,.T.);
#354=ORIENTED_EDGE('',*,*,#1099,.T.);
#355=ORIENTED_EDGE('',*,*,#1054,.F.);
#356=ORIENTED_EDGE('',*,*,#1100,.F.);
#357=ORIENTED_EDGE('',*,*,#1101,.F.);
#358=ORIENTED_EDGE('',*,*,#1102,.T.);
#359=ORIENTED_EDGE('',*,*,#1085,.T.);
#360=ORIENTED_EDGE('',*,*,#1103,.T.);
#361=ORIENTED_EDGE('',*,*,#1104,.F.);
#362=ORIENTED_EDGE('',*,*,#1105,.T.);
#363=ORIENTED_EDGE('',*,*,#1106,.T.);
#364=ORIENTED_EDGE('',*,*,#1107,.T.);
#365=ORIENTED_EDGE('',*,*,#1108,.T.);
#366=ORIENTED_EDGE('',*,*,#1109,.F.);
#367=ORIENTED_EDGE('',*,*,#1110,.F.);
#368=ORIENTED_EDGE('',*,*,#1111,.F.);
#369=ORIENTED_EDGE('',*,*,#1068,.F.);
#370=ORIENTED_EDGE('',*,*,#1112,.T.);
#371=ORIENTED_EDGE('',*,*,#1113,.T.);
#372=ORIENTED_EDGE('',*,*,#1114,.F.);
#373=ORIENTED_EDGE('',*,*,#1115,.T.);
#374=ORIENTED_EDGE('',*,*,#1116,.T.);
#375=ORIENTED_EDGE('',*,*,#1117,.F.);
#376=ORIENTED_EDGE('',*,*,#1098,.F.);
#377=ORIENTED_EDGE('',*,*,#1118,.T.);
#378=ORIENTED_EDGE('',*,*,#1119,.F.);
#379=ORIENTED_EDGE('',*,*,#1096,.T.);
#380=ORIENTED_EDGE('',*,*,#1072,.F.);
#381=ORIENTED_EDGE('',*,*,#1120,.T.);
#382=ORIENTED_EDGE('',*,*,#1121,.T.);
#383=ORIENTED_EDGE('',*,*,#1122,.T.);
#384=ORIENTED_EDGE('',*,*,#1123,.T.);
#385=ORIENTED_EDGE('',*,*,#1124,.T.);
#386=ORIENTED_EDGE('',*,*,#1125,.F.);
#387=ORIENTED_EDGE('',*,*,#1101,.T.);
#388=ORIENTED_EDGE('',*,*,#1126,.T.);
#389=ORIENTED_EDGE('',*,*,#1127,.T.);
#390=ORIENTED_EDGE('',*,*,#1128,.T.);
#391=ORIENTED_EDGE('',*,*,#1129,.T.);
#392=ORIENTED_EDGE('',*,*,#1130,.F.);
#393=ORIENTED_EDGE('',*,*,#1131,.T.);
#394=ORIENTED_EDGE('',*,*,#1132,.T.);
#395=ORIENTED_EDGE('',*,*,#1133,.T.);
#396=ORIENTED_EDGE('',*,*,#1134,.T.);
#397=ORIENTED_EDGE('',*,*,#1135,.F.);
#398=ORIENTED_EDGE('',*,*,#1136,.T.);
#399=ORIENTED_EDGE('',*,*,#1137,.F.);
#400=ORIENTED_EDGE('',*,*,#1138,.F.);
#401=ORIENTED_EDGE('',*,*,#1139,.T.);
#402=ORIENTED_EDGE('',*,*,#1140,.T.);
#403=ORIENTED_EDGE('',*,*,#1130,.T.);
#404=ORIENTED_EDGE('',*,*,#1141,.T.);
#405=ORIENTED_EDGE('',*,*,#1142,.T.);
#406=ORIENTED_EDGE('',*,*,#1143,.F.);
#407=ORIENTED_EDGE('',*,*,#1144,.T.);
#408=ORIENTED_EDGE('',*,*,#1145,.T.);
#409=ORIENTED_EDGE('',*,*,#1146,.T.);
#410=ORIENTED_EDGE('',*,*,#1147,.F.);
#411=ORIENTED_EDGE('',*,*,#1148,.T.);
#412=ORIENTED_EDGE('',*,*,#1149,.F.);
#413=ORIENTED_EDGE('',*,*,#1150,.T.);
#414=ORIENTED_EDGE('',*,*,#1151,.F.);
#415=ORIENTED_EDGE('',*,*,#1152,.F.);
#416=ORIENTED_EDGE('',*,*,#1153,.F.);
#417=ORIENTED_EDGE('',*,*,#1154,.T.);
#418=ORIENTED_EDGE('',*,*,#1155,.T.);
#419=ORIENTED_EDGE('',*,*,#1156,.T.);
#420=ORIENTED_EDGE('',*,*,#1157,.T.);
#421=ORIENTED_EDGE('',*,*,#1158,.T.);
#422=ORIENTED_EDGE('',*,*,#1159,.T.);
#423=ORIENTED_EDGE('',*,*,#1160,.F.);
#424=ORIENTED_EDGE('',*,*,#1161,.F.);
#425=ORIENTED_EDGE('',*,*,#1162,.T.);
#426=ORIENTED_EDGE('',*,*,#1163,.T.);
#427=ORIENTED_EDGE('',*,*,#1164,.F.);
#428=ORIENTED_EDGE('',*,*,#1165,.T.);
#429=ORIENTED_EDGE('',*,*,#1166,.T.);
#430=ORIENTED_EDGE('',*,*,#1167,.F.);
#431=ORIENTED_EDGE('',*,*,#1168,.T.);
#432=ORIENTED_EDGE('',*,*,#1169,.T.);
#433=ORIENTED_EDGE('',*,*,#1170,.T.);
#434=ORIENTED_EDGE('',*,*,#1147,.T.);
#435=ORIENTED_EDGE('',*,*,#1142,.F.);
#436=ORIENTED_EDGE('',*,*,#1171,.F.);
#437=ORIENTED_EDGE('',*,*,#1159,.F.);
#438=ORIENTED_EDGE('',*,*,#1172,.T.);
#439=ORIENTED_EDGE('',*,*,#1173,.F.);
#440=ORIENTED_EDGE('',*,*,#1174,.F.);
#441=ORIENTED_EDGE('',*,*,#1175,.T.);
#442=ORIENTED_EDGE('',*,*,#1176,.T.);
#443=ORIENTED_EDGE('',*,*,#1177,.T.);
#444=ORIENTED_EDGE('',*,*,#1161,.T.);
#445=ORIENTED_EDGE('',*,*,#1146,.F.);
#446=ORIENTED_EDGE('',*,*,#1178,.T.);
#447=ORIENTED_EDGE('',*,*,#1156,.F.);
#448=ORIENTED_EDGE('',*,*,#1171,.T.);
#449=ORIENTED_EDGE('',*,*,#1160,.T.);
#450=ORIENTED_EDGE('',*,*,#1177,.F.);
#451=ORIENTED_EDGE('',*,*,#1179,.T.);
#452=ORIENTED_EDGE('',*,*,#1151,.T.);
#453=ORIENTED_EDGE('',*,*,#1180,.T.);
#454=ORIENTED_EDGE('',*,*,#1162,.F.);
#455=ORIENTED_EDGE('',*,*,#1181,.T.);
#456=ORIENTED_EDGE('',*,*,#1182,.T.);
#457=ORIENTED_EDGE('',*,*,#1183,.F.);
#458=ORIENTED_EDGE('',*,*,#1173,.T.);
#459=ORIENTED_EDGE('',*,*,#1179,.F.);
#460=ORIENTED_EDGE('',*,*,#1176,.F.);
#461=ORIENTED_EDGE('',*,*,#1184,.T.);
#462=ORIENTED_EDGE('',*,*,#1152,.T.);
#463=ORIENTED_EDGE('',*,*,#1185,.F.);
#464=ORIENTED_EDGE('',*,*,#1186,.T.);
#465=ORIENTED_EDGE('',*,*,#1187,.T.);
#466=ORIENTED_EDGE('',*,*,#1188,.T.);
#467=ORIENTED_EDGE('',*,*,#1189,.T.);
#468=ORIENTED_EDGE('',*,*,#1190,.T.);
#469=ORIENTED_EDGE('',*,*,#1191,.T.);
#470=ORIENTED_EDGE('',*,*,#1192,.T.);
#471=ORIENTED_EDGE('',*,*,#1193,.T.);
#472=ORIENTED_EDGE('',*,*,#1194,.T.);
#473=ORIENTED_EDGE('',*,*,#1195,.T.);
#474=ORIENTED_EDGE('',*,*,#1167,.T.);
#475=ORIENTED_EDGE('',*,*,#1196,.T.);
#476=ORIENTED_EDGE('',*,*,#1197,.T.);
#477=ORIENTED_EDGE('',*,*,#1198,.F.);
#478=ORIENTED_EDGE('',*,*,#1199,.F.);
#479=ORIENTED_EDGE('',*,*,#1200,.T.);
#480=ORIENTED_EDGE('',*,*,#1165,.F.);
#481=ORIENTED_EDGE('',*,*,#1201,.F.);
#482=ORIENTED_EDGE('',*,*,#1202,.F.);
#483=ORIENTED_EDGE('',*,*,#1203,.F.);
#484=ORIENTED_EDGE('',*,*,#1204,.T.);
#485=ORIENTED_EDGE('',*,*,#1205,.T.);
#486=ORIENTED_EDGE('',*,*,#1206,.T.);
#487=ORIENTED_EDGE('',*,*,#1199,.T.);
#488=ORIENTED_EDGE('',*,*,#1198,.T.);
#489=ORIENTED_EDGE('',*,*,#1207,.T.);
#490=ORIENTED_EDGE('',*,*,#1185,.T.);
#491=ORIENTED_EDGE('',*,*,#1166,.F.);
#492=ORIENTED_EDGE('',*,*,#1200,.F.);
#493=ORIENTED_EDGE('',*,*,#1192,.F.);
#494=ORIENTED_EDGE('',*,*,#1208,.F.);
#495=ORIENTED_EDGE('',*,*,#1201,.T.);
#496=ORIENTED_EDGE('',*,*,#1164,.T.);
#497=ORIENTED_EDGE('',*,*,#1209,.T.);
#498=ORIENTED_EDGE('',*,*,#1208,.T.);
#499=ORIENTED_EDGE('',*,*,#1191,.F.);
#500=ORIENTED_EDGE('',*,*,#1210,.F.);
#501=ORIENTED_EDGE('',*,*,#1202,.T.);
#502=ORIENTED_EDGE('',*,*,#1211,.T.);
#503=ORIENTED_EDGE('',*,*,#1212,.T.);
#504=ORIENTED_EDGE('',*,*,#1213,.T.);
#505=ORIENTED_EDGE('',*,*,#1205,.F.);
#506=ORIENTED_EDGE('',*,*,#1214,.T.);
#507=ORIENTED_EDGE('',*,*,#1215,.T.);
#508=ORIENTED_EDGE('',*,*,#1163,.F.);
#509=ORIENTED_EDGE('',*,*,#1216,.T.);
#510=ORIENTED_EDGE('',*,*,#1169,.F.);
#511=ORIENTED_EDGE('',*,*,#1217,.T.);
#512=ORIENTED_EDGE('',*,*,#1218,.T.);
#513=ORIENTED_EDGE('',*,*,#1219,.T.);
#514=ORIENTED_EDGE('',*,*,#1220,.F.);
#515=ORIENTED_EDGE('',*,*,#1214,.F.);
#516=ORIENTED_EDGE('',*,*,#1221,.T.);
#517=ORIENTED_EDGE('',*,*,#1149,.T.);
#518=ORIENTED_EDGE('',*,*,#1222,.T.);
#519=ORIENTED_EDGE('',*,*,#1218,.F.);
#520=ORIENTED_EDGE('',*,*,#1223,.T.);
#521=ORIENTED_EDGE('',*,*,#1194,.F.);
#522=ORIENTED_EDGE('',*,*,#1224,.T.);
#523=ORIENTED_EDGE('',*,*,#1225,.F.);
#524=ORIENTED_EDGE('',*,*,#1220,.T.);
#525=ORIENTED_EDGE('',*,*,#1143,.T.);
#526=ORIENTED_EDGE('',*,*,#1225,.T.);
#527=ORIENTED_EDGE('',*,*,#1224,.F.);
#528=ORIENTED_EDGE('',*,*,#1193,.F.);
#529=ORIENTED_EDGE('',*,*,#1209,.F.);
#530=ORIENTED_EDGE('',*,*,#1215,.F.);
#531=ORIENTED_EDGE('',*,*,#1221,.F.);
#532=ORIENTED_EDGE('',*,*,#1216,.F.);
#533=ORIENTED_EDGE('',*,*,#1180,.F.);
#534=ORIENTED_EDGE('',*,*,#1150,.F.);
#535=ORIENTED_EDGE('',*,*,#1223,.F.);
#536=ORIENTED_EDGE('',*,*,#1217,.F.);
#537=ORIENTED_EDGE('',*,*,#1168,.F.);
#538=ORIENTED_EDGE('',*,*,#1195,.F.);
#539=ORIENTED_EDGE('',*,*,#1222,.F.);
#540=ORIENTED_EDGE('',*,*,#1148,.F.);
#541=ORIENTED_EDGE('',*,*,#1170,.F.);
#542=ORIENTED_EDGE('',*,*,#1219,.F.);
#543=ORIENTED_EDGE('',*,*,#1226,.T.);
#544=ORIENTED_EDGE('',*,*,#1227,.T.);
#545=ORIENTED_EDGE('',*,*,#1211,.F.);
#546=ORIENTED_EDGE('',*,*,#1204,.F.);
#547=ORIENTED_EDGE('',*,*,#1183,.T.);
#548=ORIENTED_EDGE('',*,*,#1228,.T.);
#549=ORIENTED_EDGE('',*,*,#1229,.F.);
#550=ORIENTED_EDGE('',*,*,#1174,.T.);
#551=ORIENTED_EDGE('',*,*,#1229,.T.);
#552=ORIENTED_EDGE('',*,*,#1230,.T.);
#553=ORIENTED_EDGE('',*,*,#1231,.T.);
#554=ORIENTED_EDGE('',*,*,#1232,.T.);
#555=ORIENTED_EDGE('',*,*,#1233,.F.);
#556=ORIENTED_EDGE('',*,*,#1234,.T.);
#557=ORIENTED_EDGE('',*,*,#1235,.T.);
#558=ORIENTED_EDGE('',*,*,#1153,.T.);
#559=ORIENTED_EDGE('',*,*,#1236,.F.);
#560=ORIENTED_EDGE('',*,*,#1237,.F.);
#561=ORIENTED_EDGE('',*,*,#1238,.T.);
#562=ORIENTED_EDGE('',*,*,#1236,.T.);
#563=ORIENTED_EDGE('',*,*,#1184,.F.);
#564=ORIENTED_EDGE('',*,*,#1239,.T.);
#565=ORIENTED_EDGE('',*,*,#1237,.T.);
#566=ORIENTED_EDGE('',*,*,#1175,.F.);
#567=ORIENTED_EDGE('',*,*,#1232,.F.);
#568=ORIENTED_EDGE('',*,*,#1240,.T.);
#569=ORIENTED_EDGE('',*,*,#1241,.F.);
#570=ORIENTED_EDGE('',*,*,#1242,.F.);
#571=ORIENTED_EDGE('',*,*,#1243,.T.);
#572=ORIENTED_EDGE('',*,*,#1210,.T.);
#573=ORIENTED_EDGE('',*,*,#1190,.F.);
#574=ORIENTED_EDGE('',*,*,#1244,.T.);
#575=ORIENTED_EDGE('',*,*,#1245,.T.);
#576=ORIENTED_EDGE('',*,*,#1246,.T.);
#577=ORIENTED_EDGE('',*,*,#1241,.T.);
#578=ORIENTED_EDGE('',*,*,#1247,.T.);
#579=ORIENTED_EDGE('',*,*,#1248,.T.);
#580=ORIENTED_EDGE('',*,*,#1226,.F.);
#581=ORIENTED_EDGE('',*,*,#1249,.F.);
#582=ORIENTED_EDGE('',*,*,#1250,.F.);
#583=ORIENTED_EDGE('',*,*,#1251,.T.);
#584=ORIENTED_EDGE('',*,*,#1249,.T.);
#585=ORIENTED_EDGE('',*,*,#1203,.T.);
#586=ORIENTED_EDGE('',*,*,#1243,.F.);
#587=ORIENTED_EDGE('',*,*,#1252,.F.);
#588=ORIENTED_EDGE('',*,*,#1253,.F.);
#589=ORIENTED_EDGE('',*,*,#1254,.T.);
#590=ORIENTED_EDGE('',*,*,#1242,.T.);
#591=ORIENTED_EDGE('',*,*,#1246,.F.);
#592=ORIENTED_EDGE('',*,*,#1255,.T.);
#593=ORIENTED_EDGE('',*,*,#1256,.T.);
#594=ORIENTED_EDGE('',*,*,#1257,.T.);
#595=ORIENTED_EDGE('',*,*,#1138,.T.);
#596=ORIENTED_EDGE('',*,*,#1258,.T.);
#597=ORIENTED_EDGE('',*,*,#1259,.T.);
#598=ORIENTED_EDGE('',*,*,#1260,.T.);
#599=ORIENTED_EDGE('',*,*,#1252,.T.);
#600=ORIENTED_EDGE('',*,*,#1254,.F.);
#601=ORIENTED_EDGE('',*,*,#1261,.F.);
#602=ORIENTED_EDGE('',*,*,#1262,.F.);
#603=ORIENTED_EDGE('',*,*,#1263,.T.);
#604=ORIENTED_EDGE('',*,*,#1264,.T.);
#605=ORIENTED_EDGE('',*,*,#1265,.T.);
#606=ORIENTED_EDGE('',*,*,#1250,.T.);
#607=ORIENTED_EDGE('',*,*,#1266,.T.);
#608=ORIENTED_EDGE('',*,*,#1267,.T.);
#609=ORIENTED_EDGE('',*,*,#1268,.T.);
#610=ORIENTED_EDGE('',*,*,#1269,.T.);
#611=ORIENTED_EDGE('',*,*,#1233,.T.);
#612=ORIENTED_EDGE('',*,*,#1270,.F.);
#613=ORIENTED_EDGE('',*,*,#1271,.F.);
#614=ORIENTED_EDGE('',*,*,#1272,.F.);
#615=ORIENTED_EDGE('',*,*,#1273,.T.);
#616=ORIENTED_EDGE('',*,*,#1270,.T.);
#617=ORIENTED_EDGE('',*,*,#1238,.F.);
#618=ORIENTED_EDGE('',*,*,#1239,.F.);
#619=ORIENTED_EDGE('',*,*,#1274,.T.);
#620=ORIENTED_EDGE('',*,*,#1275,.F.);
#621=ORIENTED_EDGE('',*,*,#1276,.F.);
#622=ORIENTED_EDGE('',*,*,#1277,.T.);
#623=ORIENTED_EDGE('',*,*,#1278,.T.);
#624=ORIENTED_EDGE('',*,*,#1272,.T.);
#625=ORIENTED_EDGE('',*,*,#1279,.T.);
#626=ORIENTED_EDGE('',*,*,#1280,.T.);
#627=ORIENTED_EDGE('',*,*,#1281,.F.);
#628=ORIENTED_EDGE('',*,*,#1275,.T.);
#629=ORIENTED_EDGE('',*,*,#1273,.F.);
#630=ORIENTED_EDGE('',*,*,#1278,.F.);
#631=ORIENTED_EDGE('',*,*,#1282,.T.);
#632=ORIENTED_EDGE('',*,*,#1283,.T.);
#633=ORIENTED_EDGE('',*,*,#1271,.T.);
#634=ORIENTED_EDGE('',*,*,#1253,.T.);
#635=ORIENTED_EDGE('',*,*,#1260,.F.);
#636=ORIENTED_EDGE('',*,*,#1284,.T.);
#637=ORIENTED_EDGE('',*,*,#1285,.F.);
#638=ORIENTED_EDGE('',*,*,#1261,.T.);
#639=ORIENTED_EDGE('',*,*,#1286,.T.);
#640=ORIENTED_EDGE('',*,*,#1287,.T.);
#641=ORIENTED_EDGE('',*,*,#1288,.T.);
#642=ORIENTED_EDGE('',*,*,#1264,.F.);
#643=ORIENTED_EDGE('',*,*,#1289,.T.);
#644=ORIENTED_EDGE('',*,*,#1290,.T.);
#645=ORIENTED_EDGE('',*,*,#1286,.F.);
#646=ORIENTED_EDGE('',*,*,#1263,.F.);
#647=ORIENTED_EDGE('',*,*,#1291,.T.);
#648=ORIENTED_EDGE('',*,*,#1292,.T.);
#649=ORIENTED_EDGE('',*,*,#1293,.F.);
#650=ORIENTED_EDGE('',*,*,#1276,.T.);
#651=ORIENTED_EDGE('',*,*,#1281,.T.);
#652=ORIENTED_EDGE('',*,*,#1294,.T.);
#653=ORIENTED_EDGE('',*,*,#1293,.T.);
#654=ORIENTED_EDGE('',*,*,#1295,.T.);
#655=ORIENTED_EDGE('',*,*,#1296,.T.);
#656=ORIENTED_EDGE('',*,*,#1297,.T.);
#657=ORIENTED_EDGE('',*,*,#1298,.T.);
#658=ORIENTED_EDGE('',*,*,#1299,.T.);
#659=ORIENTED_EDGE('',*,*,#1300,.T.);
#660=ORIENTED_EDGE('',*,*,#1301,.T.);
#661=ORIENTED_EDGE('',*,*,#1302,.T.);
#662=ORIENTED_EDGE('',*,*,#1303,.T.);
#663=ORIENTED_EDGE('',*,*,#1304,.T.);
#664=ORIENTED_EDGE('',*,*,#1305,.F.);
#665=ORIENTED_EDGE('',*,*,#1306,.T.);
#666=ORIENTED_EDGE('',*,*,#1307,.F.);
#667=ORIENTED_EDGE('',*,*,#1308,.F.);
#668=ORIENTED_EDGE('',*,*,#1309,.T.);
#669=ORIENTED_EDGE('',*,*,#1285,.T.);
#670=ORIENTED_EDGE('',*,*,#1310,.T.);
#671=ORIENTED_EDGE('',*,*,#1282,.F.);
#672=ORIENTED_EDGE('',*,*,#1134,.F.);
#673=ORIENTED_EDGE('',*,*,#1136,.F.);
#674=ORIENTED_EDGE('',*,*,#1063,.T.);
#675=ORIENTED_EDGE('',*,*,#1305,.T.);
#676=ORIENTED_EDGE('',*,*,#1277,.F.);
#677=ORIENTED_EDGE('',*,*,#1297,.F.);
#678=ORIENTED_EDGE('',*,*,#1311,.T.);
#679=ORIENTED_EDGE('',*,*,#1309,.F.);
#680=ORIENTED_EDGE('',*,*,#1082,.F.);
#681=ORIENTED_EDGE('',*,*,#1312,.T.);
#682=ORIENTED_EDGE('',*,*,#1313,.T.);
#683=ORIENTED_EDGE('',*,*,#1262,.T.);
#684=ORIENTED_EDGE('',*,*,#1314,.T.);
#685=ORIENTED_EDGE('',*,*,#1315,.T.);
#686=ORIENTED_EDGE('',*,*,#1289,.F.);
#687=ORIENTED_EDGE('',*,*,#1313,.F.);
#688=ORIENTED_EDGE('',*,*,#1127,.F.);
#689=ORIENTED_EDGE('',*,*,#1316,.F.);
#690=ORIENTED_EDGE('',*,*,#1083,.T.);
#691=ORIENTED_EDGE('',*,*,#1308,.T.);
#692=ORIENTED_EDGE('',*,*,#1317,.T.);
#693=ORIENTED_EDGE('',*,*,#1062,.F.);
#694=ORIENTED_EDGE('',*,*,#1318,.T.);
#695=ORIENTED_EDGE('',*,*,#1109,.T.);
#696=ORIENTED_EDGE('',*,*,#1319,.T.);
#697=ORIENTED_EDGE('',*,*,#1306,.F.);
#698=ORIENTED_EDGE('',*,*,#1320,.T.);
#699=ORIENTED_EDGE('',*,*,#1321,.T.);
#700=ORIENTED_EDGE('',*,*,#1322,.T.);
#701=ORIENTED_EDGE('',*,*,#1323,.F.);
#702=ORIENTED_EDGE('',*,*,#1065,.T.);
#703=ORIENTED_EDGE('',*,*,#1318,.F.);
#704=ORIENTED_EDGE('',*,*,#1061,.F.);
#705=ORIENTED_EDGE('',*,*,#1324,.T.);
#706=ORIENTED_EDGE('',*,*,#1110,.T.);
#707=ORIENTED_EDGE('',*,*,#1316,.T.);
#708=ORIENTED_EDGE('',*,*,#1126,.F.);
#709=ORIENTED_EDGE('',*,*,#1103,.F.);
#710=ORIENTED_EDGE('',*,*,#1084,.T.);
#711=ORIENTED_EDGE('',*,*,#1325,.T.);
#712=ORIENTED_EDGE('',*,*,#1326,.T.);
#713=ORIENTED_EDGE('',*,*,#1327,.T.);
#714=ORIENTED_EDGE('',*,*,#1080,.F.);
#715=ORIENTED_EDGE('',*,*,#1328,.T.);
#716=ORIENTED_EDGE('',*,*,#1329,.T.);
#717=ORIENTED_EDGE('',*,*,#1325,.F.);
#718=ORIENTED_EDGE('',*,*,#1079,.F.);
#719=ORIENTED_EDGE('',*,*,#1323,.T.);
#720=ORIENTED_EDGE('',*,*,#1330,.T.);
#721=ORIENTED_EDGE('',*,*,#1049,.F.);
#722=ORIENTED_EDGE('',*,*,#1066,.T.);
#723=ORIENTED_EDGE('',*,*,#1078,.F.);
#724=ORIENTED_EDGE('',*,*,#1331,.T.);
#725=ORIENTED_EDGE('',*,*,#1332,.T.);
#726=ORIENTED_EDGE('',*,*,#1328,.F.);
#727=ORIENTED_EDGE('',*,*,#1060,.F.);
#728=ORIENTED_EDGE('',*,*,#1069,.T.);
#729=ORIENTED_EDGE('',*,*,#1111,.T.);
#730=ORIENTED_EDGE('',*,*,#1324,.F.);
#731=ORIENTED_EDGE('',*,*,#1307,.T.);
#732=ORIENTED_EDGE('',*,*,#1333,.T.);
#733=ORIENTED_EDGE('',*,*,#1334,.F.);
#734=ORIENTED_EDGE('',*,*,#1335,.T.);
#735=ORIENTED_EDGE('',*,*,#1310,.F.);
#736=ORIENTED_EDGE('',*,*,#1336,.T.);
#737=ORIENTED_EDGE('',*,*,#1337,.T.);
#738=ORIENTED_EDGE('',*,*,#1338,.T.);
#739=ORIENTED_EDGE('',*,*,#1339,.F.);
#740=ORIENTED_EDGE('',*,*,#1340,.F.);
#741=ORIENTED_EDGE('',*,*,#1304,.F.);
#742=ORIENTED_EDGE('',*,*,#1341,.T.);
#743=ORIENTED_EDGE('',*,*,#1337,.F.);
#744=ORIENTED_EDGE('',*,*,#1342,.T.);
#745=ORIENTED_EDGE('',*,*,#1258,.F.);
#746=ORIENTED_EDGE('',*,*,#1141,.F.);
#747=ORIENTED_EDGE('',*,*,#1129,.F.);
#748=ORIENTED_EDGE('',*,*,#1343,.T.);
#749=ORIENTED_EDGE('',*,*,#1334,.T.);
#750=ORIENTED_EDGE('',*,*,#1344,.T.);
#751=ORIENTED_EDGE('',*,*,#1345,.F.);
#752=ORIENTED_EDGE('',*,*,#1340,.T.);
#753=ORIENTED_EDGE('',*,*,#1137,.T.);
#754=ORIENTED_EDGE('',*,*,#1345,.T.);
#755=ORIENTED_EDGE('',*,*,#1346,.F.);
#756=ORIENTED_EDGE('',*,*,#1339,.T.);
#757=ORIENTED_EDGE('',*,*,#1135,.T.);
#758=ORIENTED_EDGE('',*,*,#1346,.T.);
#759=ORIENTED_EDGE('',*,*,#1342,.F.);
#760=ORIENTED_EDGE('',*,*,#1336,.F.);
#761=ORIENTED_EDGE('',*,*,#1284,.F.);
#762=ORIENTED_EDGE('',*,*,#1259,.F.);
#763=ORIENTED_EDGE('',*,*,#1303,.F.);
#764=ORIENTED_EDGE('',*,*,#1347,.T.);
#765=ORIENTED_EDGE('',*,*,#1348,.T.);
#766=ORIENTED_EDGE('',*,*,#1266,.F.);
#767=ORIENTED_EDGE('',*,*,#1283,.F.);
#768=ORIENTED_EDGE('',*,*,#1338,.F.);
#769=ORIENTED_EDGE('',*,*,#1341,.F.);
#770=ORIENTED_EDGE('',*,*,#1349,.T.);
#771=ORIENTED_EDGE('',*,*,#1350,.T.);
#772=ORIENTED_EDGE('',*,*,#1298,.F.);
#773=ORIENTED_EDGE('',*,*,#1344,.F.);
#774=ORIENTED_EDGE('',*,*,#1333,.F.);
#775=ORIENTED_EDGE('',*,*,#1319,.F.);
#776=ORIENTED_EDGE('',*,*,#1108,.F.);
#777=ORIENTED_EDGE('',*,*,#1343,.F.);
#778=ORIENTED_EDGE('',*,*,#1128,.F.);
#779=ORIENTED_EDGE('',*,*,#1317,.F.);
#780=ORIENTED_EDGE('',*,*,#1335,.F.);
#781=ORIENTED_EDGE('',*,*,#1351,.F.);
#782=ORIENTED_EDGE('',*,*,#1352,.T.);
#783=ORIENTED_EDGE('',*,*,#1353,.T.);
#784=ORIENTED_EDGE('',*,*,#1104,.T.);
#785=ORIENTED_EDGE('',*,*,#1097,.T.);
#786=ORIENTED_EDGE('',*,*,#1119,.T.);
#787=ORIENTED_EDGE('',*,*,#1354,.T.);
#788=ORIENTED_EDGE('',*,*,#1355,.T.);
#789=ORIENTED_EDGE('',*,*,#1114,.T.);
#790=ORIENTED_EDGE('',*,*,#1356,.T.);
#791=ORIENTED_EDGE('',*,*,#1122,.F.);
#792=ORIENTED_EDGE('',*,*,#1357,.T.);
#793=ORIENTED_EDGE('',*,*,#1092,.T.);
#794=ORIENTED_EDGE('',*,*,#1094,.T.);
#795=ORIENTED_EDGE('',*,*,#1358,.T.);
#796=ORIENTED_EDGE('',*,*,#1090,.T.);
#797=ORIENTED_EDGE('',*,*,#1095,.F.);
#798=ORIENTED_EDGE('',*,*,#1088,.T.);
#799=ORIENTED_EDGE('',*,*,#1359,.T.);
#800=ORIENTED_EDGE('',*,*,#1057,.F.);
#801=ORIENTED_EDGE('',*,*,#1360,.T.);
#802=ORIENTED_EDGE('',*,*,#1091,.F.);
#803=ORIENTED_EDGE('',*,*,#1117,.T.);
#804=ORIENTED_EDGE('',*,*,#1361,.T.);
#805=ORIENTED_EDGE('',*,*,#1055,.F.);
#806=ORIENTED_EDGE('',*,*,#1099,.F.);
#807=ORIENTED_EDGE('',*,*,#1121,.F.);
#808=ORIENTED_EDGE('',*,*,#1362,.T.);
#809=ORIENTED_EDGE('',*,*,#1115,.F.);
#810=ORIENTED_EDGE('',*,*,#1358,.F.);
#811=ORIENTED_EDGE('',*,*,#1093,.F.);
#812=ORIENTED_EDGE('',*,*,#1357,.F.);
#813=ORIENTED_EDGE('',*,*,#1120,.F.);
#814=ORIENTED_EDGE('',*,*,#1071,.F.);
#815=ORIENTED_EDGE('',*,*,#1089,.F.);
#816=ORIENTED_EDGE('',*,*,#1360,.F.);
#817=ORIENTED_EDGE('',*,*,#1056,.F.);
#818=ORIENTED_EDGE('',*,*,#1361,.F.);
#819=ORIENTED_EDGE('',*,*,#1116,.F.);
#820=ORIENTED_EDGE('',*,*,#1362,.F.);
#821=ORIENTED_EDGE('',*,*,#1125,.T.);
#822=ORIENTED_EDGE('',*,*,#1363,.T.);
#823=ORIENTED_EDGE('',*,*,#1086,.F.);
#824=ORIENTED_EDGE('',*,*,#1102,.F.);
#825=ORIENTED_EDGE('',*,*,#1113,.F.);
#826=ORIENTED_EDGE('',*,*,#1364,.T.);
#827=ORIENTED_EDGE('',*,*,#1123,.F.);
#828=ORIENTED_EDGE('',*,*,#1356,.F.);
#829=ORIENTED_EDGE('',*,*,#1112,.F.);
#830=ORIENTED_EDGE('',*,*,#1067,.F.);
#831=ORIENTED_EDGE('',*,*,#1058,.F.);
#832=ORIENTED_EDGE('',*,*,#1359,.F.);
#833=ORIENTED_EDGE('',*,*,#1087,.F.);
#834=ORIENTED_EDGE('',*,*,#1363,.F.);
#835=ORIENTED_EDGE('',*,*,#1124,.F.);
#836=ORIENTED_EDGE('',*,*,#1364,.F.);
#837=ORIENTED_EDGE('',*,*,#1365,.T.);
#838=ORIENTED_EDGE('',*,*,#1366,.T.);
#839=ORIENTED_EDGE('',*,*,#1314,.F.);
#840=ORIENTED_EDGE('',*,*,#1312,.F.);
#841=ORIENTED_EDGE('',*,*,#1081,.F.);
#842=ORIENTED_EDGE('',*,*,#1327,.F.);
#843=ORIENTED_EDGE('',*,*,#1367,.T.);
#844=ORIENTED_EDGE('',*,*,#1368,.T.);
#845=ORIENTED_EDGE('',*,*,#1320,.F.);
#846=ORIENTED_EDGE('',*,*,#1064,.F.);
#847=ORIENTED_EDGE('',*,*,#1311,.F.);
#848=ORIENTED_EDGE('',*,*,#1296,.F.);
#849=ORIENTED_EDGE('',*,*,#1369,.T.);
#850=ORIENTED_EDGE('',*,*,#1370,.T.);
#851=ORIENTED_EDGE('',*,*,#1247,.F.);
#852=ORIENTED_EDGE('',*,*,#1251,.F.);
#853=ORIENTED_EDGE('',*,*,#1265,.F.);
#854=ORIENTED_EDGE('',*,*,#1288,.F.);
#855=ORIENTED_EDGE('',*,*,#1371,.T.);
#856=ORIENTED_EDGE('',*,*,#1372,.T.);
#857=ORIENTED_EDGE('',*,*,#1279,.F.);
#858=ORIENTED_EDGE('',*,*,#1274,.F.);
#859=ORIENTED_EDGE('',*,*,#1240,.F.);
#860=ORIENTED_EDGE('',*,*,#1231,.F.);
#861=ORIENTED_EDGE('',*,*,#1158,.F.);
#862=ORIENTED_EDGE('',*,*,#1373,.T.);
#863=ORIENTED_EDGE('',*,*,#1181,.F.);
#864=ORIENTED_EDGE('',*,*,#1172,.F.);
#865=ORIENTED_EDGE('',*,*,#1213,.F.);
#866=ORIENTED_EDGE('',*,*,#1374,.T.);
#867=ORIENTED_EDGE('',*,*,#1196,.F.);
#868=ORIENTED_EDGE('',*,*,#1206,.F.);
#869=ORIENTED_EDGE('',*,*,#1178,.F.);
#870=ORIENTED_EDGE('',*,*,#1145,.F.);
#871=ORIENTED_EDGE('',*,*,#1375,.F.);
#872=ORIENTED_EDGE('',*,*,#1157,.F.);
#873=ORIENTED_EDGE('',*,*,#1375,.T.);
#874=ORIENTED_EDGE('',*,*,#1144,.F.);
#875=ORIENTED_EDGE('',*,*,#1376,.F.);
#876=ORIENTED_EDGE('',*,*,#1373,.F.);
#877=ORIENTED_EDGE('',*,*,#1376,.T.);
#878=ORIENTED_EDGE('',*,*,#1155,.F.);
#879=ORIENTED_EDGE('',*,*,#1377,.F.);
#880=ORIENTED_EDGE('',*,*,#1182,.F.);
#881=ORIENTED_EDGE('',*,*,#1377,.T.);
#882=ORIENTED_EDGE('',*,*,#1154,.F.);
#883=ORIENTED_EDGE('',*,*,#1378,.F.);
#884=ORIENTED_EDGE('',*,*,#1228,.F.);
#885=ORIENTED_EDGE('',*,*,#1378,.T.);
#886=ORIENTED_EDGE('',*,*,#1235,.F.);
#887=ORIENTED_EDGE('',*,*,#1379,.F.);
#888=ORIENTED_EDGE('',*,*,#1230,.F.);
#889=ORIENTED_EDGE('',*,*,#1379,.T.);
#890=ORIENTED_EDGE('',*,*,#1234,.F.);
#891=ORIENTED_EDGE('',*,*,#1380,.F.);
#892=ORIENTED_EDGE('',*,*,#1371,.F.);
#893=ORIENTED_EDGE('',*,*,#1380,.T.);
#894=ORIENTED_EDGE('',*,*,#1269,.F.);
#895=ORIENTED_EDGE('',*,*,#1381,.F.);
#896=ORIENTED_EDGE('',*,*,#1372,.F.);
#897=ORIENTED_EDGE('',*,*,#1381,.T.);
#898=ORIENTED_EDGE('',*,*,#1268,.F.);
#899=ORIENTED_EDGE('',*,*,#1382,.F.);
#900=ORIENTED_EDGE('',*,*,#1280,.F.);
#901=ORIENTED_EDGE('',*,*,#1382,.T.);
#902=ORIENTED_EDGE('',*,*,#1267,.F.);
#903=ORIENTED_EDGE('',*,*,#1383,.F.);
#904=ORIENTED_EDGE('',*,*,#1294,.F.);
#905=ORIENTED_EDGE('',*,*,#1383,.T.);
#906=ORIENTED_EDGE('',*,*,#1348,.F.);
#907=ORIENTED_EDGE('',*,*,#1384,.F.);
#908=ORIENTED_EDGE('',*,*,#1291,.F.);
#909=ORIENTED_EDGE('',*,*,#1385,.F.);
#910=ORIENTED_EDGE('',*,*,#1050,.F.);
#911=ORIENTED_EDGE('',*,*,#1386,.F.);
#912=ORIENTED_EDGE('',*,*,#1105,.F.);
#913=ORIENTED_EDGE('',*,*,#1353,.F.);
#914=ORIENTED_EDGE('',*,*,#1347,.F.);
#915=ORIENTED_EDGE('',*,*,#1302,.F.);
#916=ORIENTED_EDGE('',*,*,#1387,.F.);
#917=ORIENTED_EDGE('',*,*,#1292,.F.);
#918=ORIENTED_EDGE('',*,*,#1384,.T.);
#919=ORIENTED_EDGE('',*,*,#1386,.T.);
#920=ORIENTED_EDGE('',*,*,#1330,.F.);
#921=ORIENTED_EDGE('',*,*,#1388,.F.);
#922=ORIENTED_EDGE('',*,*,#1106,.F.);
#923=ORIENTED_EDGE('',*,*,#1387,.T.);
#924=ORIENTED_EDGE('',*,*,#1301,.F.);
#925=ORIENTED_EDGE('',*,*,#1389,.F.);
#926=ORIENTED_EDGE('',*,*,#1295,.F.);
#927=ORIENTED_EDGE('',*,*,#1388,.T.);
#928=ORIENTED_EDGE('',*,*,#1322,.F.);
#929=ORIENTED_EDGE('',*,*,#1390,.F.);
#930=ORIENTED_EDGE('',*,*,#1107,.F.);
#931=ORIENTED_EDGE('',*,*,#1389,.T.);
#932=ORIENTED_EDGE('',*,*,#1300,.F.);
#933=ORIENTED_EDGE('',*,*,#1391,.F.);
#934=ORIENTED_EDGE('',*,*,#1367,.F.);
#935=ORIENTED_EDGE('',*,*,#1390,.T.);
#936=ORIENTED_EDGE('',*,*,#1321,.F.);
#937=ORIENTED_EDGE('',*,*,#1392,.F.);
#938=ORIENTED_EDGE('',*,*,#1349,.F.);
#939=ORIENTED_EDGE('',*,*,#1299,.F.);
#940=ORIENTED_EDGE('',*,*,#1350,.F.);
#941=ORIENTED_EDGE('',*,*,#1392,.T.);
#942=ORIENTED_EDGE('',*,*,#1368,.F.);
#943=ORIENTED_EDGE('',*,*,#1391,.T.);
#944=ORIENTED_EDGE('',*,*,#1354,.F.);
#945=ORIENTED_EDGE('',*,*,#1118,.F.);
#946=ORIENTED_EDGE('',*,*,#1393,.F.);
#947=ORIENTED_EDGE('',*,*,#1332,.F.);
#948=ORIENTED_EDGE('',*,*,#1394,.F.);
#949=ORIENTED_EDGE('',*,*,#1393,.T.);
#950=ORIENTED_EDGE('',*,*,#1133,.F.);
#951=ORIENTED_EDGE('',*,*,#1395,.F.);
#952=ORIENTED_EDGE('',*,*,#1329,.F.);
#953=ORIENTED_EDGE('',*,*,#1395,.T.);
#954=ORIENTED_EDGE('',*,*,#1132,.F.);
#955=ORIENTED_EDGE('',*,*,#1396,.F.);
#956=ORIENTED_EDGE('',*,*,#1326,.F.);
#957=ORIENTED_EDGE('',*,*,#1396,.T.);
#958=ORIENTED_EDGE('',*,*,#1131,.F.);
#959=ORIENTED_EDGE('',*,*,#1397,.F.);
#960=ORIENTED_EDGE('',*,*,#1365,.F.);
#961=ORIENTED_EDGE('',*,*,#1397,.T.);
#962=ORIENTED_EDGE('',*,*,#1140,.F.);
#963=ORIENTED_EDGE('',*,*,#1398,.F.);
#964=ORIENTED_EDGE('',*,*,#1366,.F.);
#965=ORIENTED_EDGE('',*,*,#1398,.T.);
#966=ORIENTED_EDGE('',*,*,#1139,.F.);
#967=ORIENTED_EDGE('',*,*,#1399,.F.);
#968=ORIENTED_EDGE('',*,*,#1315,.F.);
#969=ORIENTED_EDGE('',*,*,#1399,.T.);
#970=ORIENTED_EDGE('',*,*,#1257,.F.);
#971=ORIENTED_EDGE('',*,*,#1400,.F.);
#972=ORIENTED_EDGE('',*,*,#1290,.F.);
#973=ORIENTED_EDGE('',*,*,#1400,.T.);
#974=ORIENTED_EDGE('',*,*,#1256,.F.);
#975=ORIENTED_EDGE('',*,*,#1401,.F.);
#976=ORIENTED_EDGE('',*,*,#1287,.F.);
#977=ORIENTED_EDGE('',*,*,#1401,.T.);
#978=ORIENTED_EDGE('',*,*,#1255,.F.);
#979=ORIENTED_EDGE('',*,*,#1402,.F.);
#980=ORIENTED_EDGE('',*,*,#1369,.F.);
#981=ORIENTED_EDGE('',*,*,#1402,.T.);
#982=ORIENTED_EDGE('',*,*,#1245,.F.);
#983=ORIENTED_EDGE('',*,*,#1403,.F.);
#984=ORIENTED_EDGE('',*,*,#1370,.F.);
#985=ORIENTED_EDGE('',*,*,#1403,.T.);
#986=ORIENTED_EDGE('',*,*,#1244,.F.);
#987=ORIENTED_EDGE('',*,*,#1404,.F.);
#988=ORIENTED_EDGE('',*,*,#1248,.F.);
#989=ORIENTED_EDGE('',*,*,#1404,.T.);
#990=ORIENTED_EDGE('',*,*,#1189,.F.);
#991=ORIENTED_EDGE('',*,*,#1405,.F.);
#992=ORIENTED_EDGE('',*,*,#1227,.F.);
#993=ORIENTED_EDGE('',*,*,#1405,.T.);
#994=ORIENTED_EDGE('',*,*,#1188,.F.);
#995=ORIENTED_EDGE('',*,*,#1406,.F.);
#996=ORIENTED_EDGE('',*,*,#1212,.F.);
#997=ORIENTED_EDGE('',*,*,#1406,.T.);
#998=ORIENTED_EDGE('',*,*,#1187,.F.);
#999=ORIENTED_EDGE('',*,*,#1407,.F.);
#1000=ORIENTED_EDGE('',*,*,#1374,.F.);
#1001=ORIENTED_EDGE('',*,*,#1407,.T.);
#1002=ORIENTED_EDGE('',*,*,#1186,.F.);
#1003=ORIENTED_EDGE('',*,*,#1207,.F.);
#1004=ORIENTED_EDGE('',*,*,#1197,.F.);
#1005=ORIENTED_EDGE('',*,*,#1385,.T.);
#1006=ORIENTED_EDGE('',*,*,#1408,.T.);
#1007=ORIENTED_EDGE('',*,*,#1409,.T.);
#1008=ORIENTED_EDGE('',*,*,#1410,.T.);
#1009=ORIENTED_EDGE('',*,*,#1411,.T.);
#1010=ORIENTED_EDGE('',*,*,#1412,.T.);
#1011=ORIENTED_EDGE('',*,*,#1413,.T.);
#1012=ORIENTED_EDGE('',*,*,#1351,.T.);
#1013=ORIENTED_EDGE('',*,*,#1414,.F.);
#1014=ORIENTED_EDGE('',*,*,#1415,.T.);
#1015=ORIENTED_EDGE('',*,*,#1416,.T.);
#1016=ORIENTED_EDGE('',*,*,#1394,.T.);
#1017=ORIENTED_EDGE('',*,*,#1077,.F.);
#1018=ORIENTED_EDGE('',*,*,#1417,.T.);
#1019=ORIENTED_EDGE('',*,*,#1414,.T.);
#1020=ORIENTED_EDGE('',*,*,#1331,.F.);
#1021=ORIENTED_EDGE('',*,*,#1047,.T.);
#1022=ORIENTED_EDGE('',*,*,#1410,.F.);
#1023=ORIENTED_EDGE('',*,*,#1418,.F.);
#1024=ORIENTED_EDGE('',*,*,#1051,.F.);
#1025=ORIENTED_EDGE('',*,*,#1413,.F.);
#1026=ORIENTED_EDGE('',*,*,#1419,.F.);
#1027=ORIENTED_EDGE('',*,*,#1408,.F.);
#1028=ORIENTED_EDGE('',*,*,#1352,.F.);
#1029=ORIENTED_EDGE('',*,*,#1416,.F.);
#1030=ORIENTED_EDGE('',*,*,#1420,.F.);
#1031=ORIENTED_EDGE('',*,*,#1411,.F.);
#1032=ORIENTED_EDGE('',*,*,#1355,.F.);
#1033=ORIENTED_EDGE('',*,*,#1100,.T.);
#1034=ORIENTED_EDGE('',*,*,#1053,.F.);
#1035=ORIENTED_EDGE('',*,*,#1421,.F.);
#1036=ORIENTED_EDGE('',*,*,#1075,.T.);
#1037=ORIENTED_EDGE('',*,*,#1052,.F.);
#1038=ORIENTED_EDGE('',*,*,#1418,.T.);
#1039=ORIENTED_EDGE('',*,*,#1409,.F.);
#1040=ORIENTED_EDGE('',*,*,#1419,.T.);
#1041=ORIENTED_EDGE('',*,*,#1412,.F.);
#1042=ORIENTED_EDGE('',*,*,#1420,.T.);
#1043=ORIENTED_EDGE('',*,*,#1415,.F.);
#1044=ORIENTED_EDGE('',*,*,#1417,.F.);
#1045=ORIENTED_EDGE('',*,*,#1076,.T.);
#1046=ORIENTED_EDGE('',*,*,#1421,.T.);
#1047=EDGE_CURVE('',#1422,#1423,#1657,.T.);
#1048=EDGE_CURVE('',#1422,#1424,#1658,.T.);
#1049=EDGE_CURVE('',#1424,#1425,#1659,.T.);
#1050=EDGE_CURVE('',#1425,#1423,#1660,.F.);
#1051=EDGE_CURVE('',#1422,#1426,#1661,.T.);
#1052=EDGE_CURVE('',#1426,#1427,#1662,.T.);
#1053=EDGE_CURVE('',#1427,#1428,#1663,.T.);
#1054=EDGE_CURVE('',#1428,#1429,#1664,.T.);
#1055=EDGE_CURVE('',#1429,#1430,#162,.F.);
#1056=EDGE_CURVE('',#1430,#1431,#163,.T.);
#1057=EDGE_CURVE('',#1431,#1432,#1665,.T.);
#1058=EDGE_CURVE('',#1432,#1433,#164,.T.);
#1059=EDGE_CURVE('',#1433,#1434,#165,.F.);
#1060=EDGE_CURVE('',#1434,#1435,#1666,.T.);
#1061=EDGE_CURVE('',#1435,#1436,#1667,.T.);
#1062=EDGE_CURVE('',#1436,#1437,#166,.T.);
#1063=EDGE_CURVE('',#1438,#1437,#1668,.T.);
#1064=EDGE_CURVE('',#1438,#1439,#167,.F.);
#1065=EDGE_CURVE('',#1440,#1439,#1669,.T.);
#1066=EDGE_CURVE('',#1424,#1440,#168,.T.);
#1067=EDGE_CURVE('',#1433,#1441,#53,.T.);
#1068=EDGE_CURVE('',#1441,#1442,#169,.F.);
#1069=EDGE_CURVE('',#1434,#1442,#1670,.T.);
#1070=EDGE_CURVE('',#1443,#1444,#170,.T.);
#1071=EDGE_CURVE('',#1443,#1445,#54,.T.);
#1072=EDGE_CURVE('',#1445,#1446,#171,.T.);
#1073=EDGE_CURVE('',#1444,#1446,#1671,.T.);
#1074=EDGE_CURVE('',#1447,#1444,#1672,.T.);
#1075=EDGE_CURVE('',#1448,#1447,#1673,.T.);
#1076=EDGE_CURVE('',#1449,#1448,#1674,.T.);
#1077=EDGE_CURVE('',#1449,#1450,#1675,.T.);
#1078=EDGE_CURVE('',#1450,#1451,#1676,.T.);
#1079=EDGE_CURVE('',#1451,#1452,#172,.T.);
#1080=EDGE_CURVE('',#1452,#1453,#1677,.T.);
#1081=EDGE_CURVE('',#1453,#1454,#173,.T.);
#1082=EDGE_CURVE('',#1454,#1455,#1678,.T.);
#1083=EDGE_CURVE('',#1456,#1455,#174,.T.);
#1084=EDGE_CURVE('',#1457,#1456,#1679,.T.);
#1085=EDGE_CURVE('',#1458,#1457,#1680,.T.);
#1086=EDGE_CURVE('',#1458,#1459,#175,.T.);
#1087=EDGE_CURVE('',#1459,#1460,#176,.F.);
#1088=EDGE_CURVE('',#1461,#1460,#1681,.T.);
#1089=EDGE_CURVE('',#1461,#1443,#177,.F.);
#1090=EDGE_CURVE('',#1462,#1462,#178,.T.);
#1091=EDGE_CURVE('',#1463,#1463,#179,.T.);
#1092=EDGE_CURVE('',#1464,#1465,#41,.T.);
#1093=EDGE_CURVE('',#1464,#1466,#55,.T.);
#1094=EDGE_CURVE('',#1465,#1466,#42,.T.);
#1095=EDGE_CURVE('',#1465,#1465,#180,.T.);
#1096=EDGE_CURVE('',#1467,#1446,#1682,.T.);
#1097=EDGE_CURVE('',#1468,#1467,#1683,.T.);
#1098=EDGE_CURVE('',#1468,#1469,#1684,.T.);
#1099=EDGE_CURVE('',#1469,#1429,#1685,.F.);
#1100=EDGE_CURVE('',#1447,#1428,#1686,.T.);
#1101=EDGE_CURVE('',#1470,#1471,#1687,.T.);
#1102=EDGE_CURVE('',#1470,#1458,#1688,.F.);
#1103=EDGE_CURVE('',#1457,#1471,#1689,.T.);
#1104=EDGE_CURVE('',#1472,#1468,#1690,.T.);
#1105=EDGE_CURVE('',#1472,#1473,#1691,.T.);
#1106=EDGE_CURVE('',#1473,#1474,#181,.F.);
#1107=EDGE_CURVE('',#1474,#1475,#1692,.T.);
#1108=EDGE_CURVE('',#1475,#1476,#1693,.T.);
#1109=EDGE_CURVE('',#1477,#1476,#182,.T.);
#1110=EDGE_CURVE('',#1478,#1477,#1694,.T.);
#1111=EDGE_CURVE('',#1442,#1478,#1695,.T.);
#1112=EDGE_CURVE('',#1441,#1479,#183,.F.);
#1113=EDGE_CURVE('',#1479,#1480,#184,.T.);
#1114=EDGE_CURVE('',#1481,#1480,#1696,.T.);
#1115=EDGE_CURVE('',#1481,#1482,#185,.T.);
#1116=EDGE_CURVE('',#1482,#1483,#186,.F.);
#1117=EDGE_CURVE('',#1469,#1483,#187,.F.);
#1118=EDGE_CURVE('',#1484,#1485,#1697,.F.);
#1119=EDGE_CURVE('',#1467,#1485,#1698,.T.);
#1120=EDGE_CURVE('',#1445,#1486,#188,.T.);
#1121=EDGE_CURVE('',#1486,#1487,#189,.F.);
#1122=EDGE_CURVE('',#1487,#1488,#1699,.T.);
#1123=EDGE_CURVE('',#1488,#1489,#190,.F.);
#1124=EDGE_CURVE('',#1489,#1490,#191,.T.);
#1125=EDGE_CURVE('',#1470,#1490,#192,.T.);
#1126=EDGE_CURVE('',#1471,#1491,#1700,.T.);
#1127=EDGE_CURVE('',#1491,#1492,#193,.T.);
#1128=EDGE_CURVE('',#1492,#1493,#1701,.F.);
#1129=EDGE_CURVE('',#1493,#1494,#1702,.T.);
#1130=EDGE_CURVE('',#1495,#1494,#1703,.T.);
#1131=EDGE_CURVE('',#1495,#1496,#194,.F.);
#1132=EDGE_CURVE('',#1496,#1497,#1704,.F.);
#1133=EDGE_CURVE('',#1497,#1484,#195,.T.);
#1134=EDGE_CURVE('',#1498,#1498,#196,.T.);
#1135=EDGE_CURVE('',#1499,#1499,#197,.T.);
#1136=EDGE_CURVE('',#1500,#1500,#198,.T.);
#1137=EDGE_CURVE('',#1501,#1501,#199,.T.);
#1138=EDGE_CURVE('',#1502,#1503,#1705,.T.);
#1139=EDGE_CURVE('',#1502,#1504,#200,.F.);
#1140=EDGE_CURVE('',#1504,#1495,#56,.T.);
#1141=EDGE_CURVE('',#1494,#1503,#201,.T.);
#1142=EDGE_CURVE('',#1505,#1505,#202,.T.);
#1143=EDGE_CURVE('',#1506,#1506,#203,.T.);
#1144=EDGE_CURVE('',#1507,#1508,#204,.T.);
#1145=EDGE_CURVE('',#1508,#1509,#1706,.T.);
#1146=EDGE_CURVE('',#1509,#1510,#1707,.T.);
#1147=EDGE_CURVE('',#1511,#1510,#1708,.T.);
#1148=EDGE_CURVE('',#1511,#1512,#1709,.F.);
#1149=EDGE_CURVE('',#1513,#1512,#1710,.T.);
#1150=EDGE_CURVE('',#1513,#1514,#1711,.T.);
#1151=EDGE_CURVE('',#1515,#1514,#205,.T.);
#1152=EDGE_CURVE('',#1516,#1515,#1712,.T.);
#1153=EDGE_CURVE('',#1517,#1516,#1713,.T.);
#1154=EDGE_CURVE('',#1517,#1518,#206,.F.);
#1155=EDGE_CURVE('',#1518,#1507,#1714,.T.);
#1156=EDGE_CURVE('',#1519,#1520,#1715,.T.);
#1157=EDGE_CURVE('',#1520,#1521,#1716,.F.);
#1158=EDGE_CURVE('',#1521,#1522,#1717,.F.);
#1159=EDGE_CURVE('',#1522,#1519,#1718,.T.);
#1160=EDGE_CURVE('',#1523,#1510,#1719,.T.);
#1161=EDGE_CURVE('',#1524,#1523,#1720,.T.);
#1162=EDGE_CURVE('',#1524,#1525,#1721,.T.);
#1163=EDGE_CURVE('',#1525,#1526,#1722,.T.);
#1164=EDGE_CURVE('',#1527,#1526,#1723,.T.);
#1165=EDGE_CURVE('',#1527,#1528,#1724,.T.);
#1166=EDGE_CURVE('',#1528,#1529,#1725,.T.);
#1167=EDGE_CURVE('',#1530,#1529,#1726,.T.);
#1168=EDGE_CURVE('',#1530,#1531,#207,.F.);
#1169=EDGE_CURVE('',#1531,#1532,#1727,.T.);
#1170=EDGE_CURVE('',#1532,#1511,#208,.F.);
#1171=EDGE_CURVE('',#1519,#1523,#1728,.T.);
#1172=EDGE_CURVE('',#1522,#1533,#209,.F.);
#1173=EDGE_CURVE('',#1534,#1533,#1729,.T.);
#1174=EDGE_CURVE('',#1535,#1534,#210,.T.);
#1175=EDGE_CURVE('',#1535,#1536,#1730,.T.);
#1176=EDGE_CURVE('',#1536,#1537,#1731,.T.);
#1177=EDGE_CURVE('',#1537,#1524,#211,.T.);
#1178=EDGE_CURVE('',#1509,#1520,#212,.F.);
#1179=EDGE_CURVE('',#1537,#1515,#1732,.T.);
#1180=EDGE_CURVE('',#1514,#1525,#57,.T.);
#1181=EDGE_CURVE('',#1533,#1538,#1733,.T.);
#1182=EDGE_CURVE('',#1538,#1539,#1734,.F.);
#1183=EDGE_CURVE('',#1534,#1539,#1735,.T.);
#1184=EDGE_CURVE('',#1536,#1516,#1736,.T.);
#1185=EDGE_CURVE('',#1540,#1529,#1737,.T.);
#1186=EDGE_CURVE('',#1540,#1541,#1738,.F.);
#1187=EDGE_CURVE('',#1541,#1542,#213,.F.);
#1188=EDGE_CURVE('',#1542,#1543,#1739,.F.);
#1189=EDGE_CURVE('',#1543,#1544,#214,.T.);
#1190=EDGE_CURVE('',#1544,#1545,#1740,.T.);
#1191=EDGE_CURVE('',#1545,#1546,#1741,.T.);
#1192=EDGE_CURVE('',#1546,#1547,#215,.T.);
#1193=EDGE_CURVE('',#1547,#1548,#1742,.F.);
#1194=EDGE_CURVE('',#1548,#1549,#1743,.T.);
#1195=EDGE_CURVE('',#1549,#1530,#1744,.T.);
#1196=EDGE_CURVE('',#1550,#1551,#1745,.T.);
#1197=EDGE_CURVE('',#1551,#1552,#1746,.T.);
#1198=EDGE_CURVE('',#1553,#1552,#1747,.T.);
#1199=EDGE_CURVE('',#1550,#1553,#1748,.T.);
#1200=EDGE_CURVE('',#1553,#1528,#1749,.T.);
#1201=EDGE_CURVE('',#1554,#1527,#216,.T.);
#1202=EDGE_CURVE('',#1555,#1554,#1750,.T.);
#1203=EDGE_CURVE('',#1556,#1555,#1751,.T.);
#1204=EDGE_CURVE('',#1556,#1557,#217,.T.);
#1205=EDGE_CURVE('',#1557,#1558,#1752,.T.);
#1206=EDGE_CURVE('',#1558,#1550,#218,.T.);
#1207=EDGE_CURVE('',#1552,#1540,#219,.F.);
#1208=EDGE_CURVE('',#1554,#1546,#1753,.T.);
#1209=EDGE_CURVE('',#1526,#1547,#58,.T.);
#1210=EDGE_CURVE('',#1555,#1545,#1754,.T.);
#1211=EDGE_CURVE('',#1557,#1559,#1755,.T.);
#1212=EDGE_CURVE('',#1559,#1560,#1756,.T.);
#1213=EDGE_CURVE('',#1560,#1558,#1757,.F.);
#1214=EDGE_CURVE('',#1561,#1562,#1758,.T.);
#1215=EDGE_CURVE('',#1562,#1526,#1759,.T.);
#1216=EDGE_CURVE('',#1525,#1561,#1760,.F.);
#1217=EDGE_CURVE('',#1531,#1563,#1761,.F.);
#1218=EDGE_CURVE('',#1563,#1564,#1762,.T.);
#1219=EDGE_CURVE('',#1564,#1532,#1763,.T.);
#1220=EDGE_CURVE('',#1565,#1565,#220,.T.);
#1221=EDGE_CURVE('',#1561,#1513,#221,.T.);
#1222=EDGE_CURVE('',#1512,#1564,#222,.T.);
#1223=EDGE_CURVE('',#1563,#1549,#223,.T.);
#1224=EDGE_CURVE('',#1548,#1562,#224,.T.);
#1225=EDGE_CURVE('',#1566,#1566,#225,.T.);
#1226=EDGE_CURVE('',#1556,#1567,#1764,.T.);
#1227=EDGE_CURVE('',#1567,#1559,#59,.T.);
#1228=EDGE_CURVE('',#1539,#1568,#60,.T.);
#1229=EDGE_CURVE('',#1535,#1568,#1765,.T.);
#1230=EDGE_CURVE('',#1568,#1569,#226,.F.);
#1231=EDGE_CURVE('',#1569,#1570,#1766,.F.);
#1232=EDGE_CURVE('',#1570,#1535,#227,.T.);
#1233=EDGE_CURVE('',#1571,#1572,#1767,.T.);
#1234=EDGE_CURVE('',#1571,#1573,#61,.T.);
#1235=EDGE_CURVE('',#1573,#1517,#228,.T.);
#1236=EDGE_CURVE('',#1572,#1516,#229,.T.);
#1237=EDGE_CURVE('',#1574,#1536,#230,.T.);
#1238=EDGE_CURVE('',#1574,#1572,#1768,.T.);
#1239=EDGE_CURVE('',#1575,#1574,#1769,.T.);
#1240=EDGE_CURVE('',#1570,#1575,#62,.T.);
#1241=EDGE_CURVE('',#1576,#1545,#231,.T.);
#1242=EDGE_CURVE('',#1577,#1576,#1770,.T.);
#1243=EDGE_CURVE('',#1577,#1555,#232,.T.);
#1244=EDGE_CURVE('',#1544,#1578,#233,.T.);
#1245=EDGE_CURVE('',#1578,#1579,#63,.T.);
#1246=EDGE_CURVE('',#1579,#1576,#1771,.T.);
#1247=EDGE_CURVE('',#1580,#1581,#1772,.T.);
#1248=EDGE_CURVE('',#1581,#1567,#234,.F.);
#1249=EDGE_CURVE('',#1580,#1556,#235,.T.);
#1250=EDGE_CURVE('',#1582,#1577,#1773,.T.);
#1251=EDGE_CURVE('',#1582,#1580,#64,.T.);
#1252=EDGE_CURVE('',#1583,#1576,#236,.T.);
#1253=EDGE_CURVE('',#1584,#1583,#1774,.T.);
#1254=EDGE_CURVE('',#1584,#1577,#237,.T.);
#1255=EDGE_CURVE('',#1579,#1585,#238,.F.);
#1256=EDGE_CURVE('',#1585,#1586,#1775,.F.);
#1257=EDGE_CURVE('',#1586,#1502,#239,.T.);
#1258=EDGE_CURVE('',#1503,#1587,#1776,.T.);
#1259=EDGE_CURVE('',#1587,#1588,#1777,.T.);
#1260=EDGE_CURVE('',#1588,#1583,#1778,.T.);
#1261=EDGE_CURVE('',#1589,#1584,#1779,.T.);
#1262=EDGE_CURVE('',#1590,#1589,#1780,.T.);
#1263=EDGE_CURVE('',#1590,#1591,#240,.T.);
#1264=EDGE_CURVE('',#1591,#1592,#1781,.T.);
#1265=EDGE_CURVE('',#1592,#1582,#241,.T.);
#1266=EDGE_CURVE('',#1593,#1594,#1782,.F.);
#1267=EDGE_CURVE('',#1594,#1595,#242,.F.);
#1268=EDGE_CURVE('',#1595,#1596,#1783,.T.);
#1269=EDGE_CURVE('',#1596,#1571,#243,.T.);
#1270=EDGE_CURVE('',#1597,#1572,#244,.T.);
#1271=EDGE_CURVE('',#1593,#1597,#1784,.T.);
#1272=EDGE_CURVE('',#1598,#1574,#245,.T.);
#1273=EDGE_CURVE('',#1598,#1597,#1785,.T.);
#1274=EDGE_CURVE('',#1575,#1599,#246,.F.);
#1275=EDGE_CURVE('',#1600,#1599,#1786,.T.);
#1276=EDGE_CURVE('',#1601,#1600,#247,.T.);
#1277=EDGE_CURVE('',#1601,#1602,#1787,.T.);
#1278=EDGE_CURVE('',#1602,#1598,#1788,.T.);
#1279=EDGE_CURVE('',#1599,#1603,#1789,.T.);
#1280=EDGE_CURVE('',#1603,#1604,#1790,.F.);
#1281=EDGE_CURVE('',#1600,#1604,#1791,.T.);
#1282=EDGE_CURVE('',#1602,#1605,#1792,.T.);
#1283=EDGE_CURVE('',#1605,#1593,#43,.F.);
#1284=EDGE_CURVE('',#1588,#1606,#44,.T.);
#1285=EDGE_CURVE('',#1589,#1606,#1793,.T.);
#1286=EDGE_CURVE('',#1591,#1607,#1794,.T.);
#1287=EDGE_CURVE('',#1607,#1608,#1795,.T.);
#1288=EDGE_CURVE('',#1608,#1592,#1796,.F.);
#1289=EDGE_CURVE('',#1590,#1609,#1797,.T.);
#1290=EDGE_CURVE('',#1609,#1607,#65,.T.);
#1291=EDGE_CURVE('',#1610,#1611,#66,.T.);
#1292=EDGE_CURVE('',#1611,#1612,#67,.T.);
#1293=EDGE_CURVE('',#1601,#1612,#1798,.T.);
#1294=EDGE_CURVE('',#1604,#1610,#68,.T.);
#1295=EDGE_CURVE('',#1612,#1613,#248,.T.);
#1296=EDGE_CURVE('',#1613,#1614,#1799,.F.);
#1297=EDGE_CURVE('',#1614,#1601,#249,.T.);
#1298=EDGE_CURVE('',#1615,#1616,#69,.T.);
#1299=EDGE_CURVE('',#1616,#1617,#70,.T.);
#1300=EDGE_CURVE('',#1617,#1618,#71,.T.);
#1301=EDGE_CURVE('',#1618,#1619,#250,.F.);
#1302=EDGE_CURVE('',#1619,#1620,#72,.T.);
#1303=EDGE_CURVE('',#1620,#1621,#73,.T.);
#1304=EDGE_CURVE('',#1621,#1615,#251,.T.);
#1305=EDGE_CURVE('',#1437,#1602,#252,.T.);
#1306=EDGE_CURVE('',#1437,#1622,#1800,.T.);
#1307=EDGE_CURVE('',#1623,#1622,#1801,.T.);
#1308=EDGE_CURVE('',#1455,#1623,#1802,.T.);
#1309=EDGE_CURVE('',#1455,#1589,#253,.T.);
#1310=EDGE_CURVE('',#1606,#1605,#1803,.T.);
#1311=EDGE_CURVE('',#1614,#1438,#74,.T.);
#1312=EDGE_CURVE('',#1454,#1624,#75,.T.);
#1313=EDGE_CURVE('',#1624,#1590,#254,.T.);
#1314=EDGE_CURVE('',#1624,#1625,#1804,.T.);
#1315=EDGE_CURVE('',#1625,#1609,#255,.T.);
#1316=EDGE_CURVE('',#1456,#1491,#1805,.T.);
#1317=EDGE_CURVE('',#1623,#1492,#76,.T.);
#1318=EDGE_CURVE('',#1436,#1477,#1806,.T.);
#1319=EDGE_CURVE('',#1476,#1622,#77,.T.);
#1320=EDGE_CURVE('',#1439,#1626,#1807,.T.);
#1321=EDGE_CURVE('',#1626,#1627,#45,.T.);
#1322=EDGE_CURVE('',#1627,#1628,#1808,.F.);
#1323=EDGE_CURVE('',#1440,#1628,#1809,.T.);
#1324=EDGE_CURVE('',#1435,#1478,#1810,.T.);
#1325=EDGE_CURVE('',#1452,#1629,#1811,.T.);
#1326=EDGE_CURVE('',#1629,#1630,#1812,.T.);
#1327=EDGE_CURVE('',#1630,#1453,#1813,.F.);
#1328=EDGE_CURVE('',#1451,#1631,#1814,.T.);
#1329=EDGE_CURVE('',#1631,#1629,#78,.T.);
#1330=EDGE_CURVE('',#1628,#1425,#79,.T.);
#1331=EDGE_CURVE('',#1450,#1632,#1815,.T.);
#1332=EDGE_CURVE('',#1632,#1631,#1816,.T.);
#1333=EDGE_CURVE('',#1622,#1633,#1817,.F.);
#1334=EDGE_CURVE('',#1634,#1633,#1818,.T.);
#1335=EDGE_CURVE('',#1634,#1623,#1819,.T.);
#1336=EDGE_CURVE('',#1606,#1635,#1820,.F.);
#1337=EDGE_CURVE('',#1635,#1636,#1821,.T.);
#1338=EDGE_CURVE('',#1636,#1605,#1822,.T.);
#1339=EDGE_CURVE('',#1637,#1637,#256,.T.);
#1340=EDGE_CURVE('',#1638,#1638,#257,.T.);
#1341=EDGE_CURVE('',#1621,#1636,#258,.T.);
#1342=EDGE_CURVE('',#1635,#1587,#259,.T.);
#1343=EDGE_CURVE('',#1493,#1634,#260,.T.);
#1344=EDGE_CURVE('',#1633,#1615,#261,.T.);
#1345=EDGE_CURVE('',#1639,#1639,#262,.T.);
#1346=EDGE_CURVE('',#1640,#1640,#263,.T.);
#1347=EDGE_CURVE('',#1620,#1641,#80,.T.);
#1348=EDGE_CURVE('',#1641,#1594,#81,.T.);
#1349=EDGE_CURVE('',#1475,#1642,#46,.T.);
#1350=EDGE_CURVE('',#1642,#1616,#82,.T.);
#1351=EDGE_CURVE('',#1643,#1644,#1823,.T.);
#1352=EDGE_CURVE('',#1643,#1645,#264,.T.);
#1353=EDGE_CURVE('',#1645,#1472,#47,.T.);
#1354=EDGE_CURVE('',#1485,#1646,#48,.T.);
#1355=EDGE_CURVE('',#1646,#1644,#265,.T.);
#1356=EDGE_CURVE('',#1480,#1488,#83,.T.);
#1357=EDGE_CURVE('',#1487,#1464,#84,.T.);
#1358=EDGE_CURVE('',#1466,#1481,#85,.T.);
#1359=EDGE_CURVE('',#1460,#1432,#86,.T.);
#1360=EDGE_CURVE('',#1431,#1461,#87,.T.);
#1361=EDGE_CURVE('',#1483,#1430,#88,.T.);
#1362=EDGE_CURVE('',#1486,#1482,#89,.T.);
#1363=EDGE_CURVE('',#1490,#1459,#90,.T.);
#1364=EDGE_CURVE('',#1479,#1489,#91,.T.);
#1365=EDGE_CURVE('',#1630,#1647,#92,.T.);
#1366=EDGE_CURVE('',#1647,#1625,#93,.T.);
#1367=EDGE_CURVE('',#1613,#1648,#94,.T.);
#1368=EDGE_CURVE('',#1648,#1626,#95,.T.);
#1369=EDGE_CURVE('',#1608,#1649,#96,.T.);
#1370=EDGE_CURVE('',#1649,#1581,#97,.T.);
#1371=EDGE_CURVE('',#1569,#1650,#98,.T.);
#1372=EDGE_CURVE('',#1650,#1603,#99,.T.);
#1373=EDGE_CURVE('',#1521,#1538,#100,.T.);
#1374=EDGE_CURVE('',#1560,#1551,#101,.T.);
#1375=EDGE_CURVE('',#1521,#1508,#266,.T.);
#1376=EDGE_CURVE('',#1538,#1507,#267,.T.);
#1377=EDGE_CURVE('',#1539,#1518,#268,.T.);
#1378=EDGE_CURVE('',#1568,#1517,#269,.T.);
#1379=EDGE_CURVE('',#1569,#1573,#270,.T.);
#1380=EDGE_CURVE('',#1650,#1571,#271,.T.);
#1381=EDGE_CURVE('',#1603,#1596,#272,.T.);
#1382=EDGE_CURVE('',#1604,#1595,#273,.T.);
#1383=EDGE_CURVE('',#1610,#1594,#274,.T.);
#1384=EDGE_CURVE('',#1611,#1641,#102,.F.);
#1385=EDGE_CURVE('',#1423,#1645,#49,.T.);
#1386=EDGE_CURVE('',#1473,#1425,#275,.T.);
#1387=EDGE_CURVE('',#1612,#1619,#276,.T.);
#1388=EDGE_CURVE('',#1474,#1628,#277,.T.);
#1389=EDGE_CURVE('',#1613,#1618,#278,.T.);
#1390=EDGE_CURVE('',#1475,#1627,#279,.T.);
#1391=EDGE_CURVE('',#1648,#1617,#103,.F.);
#1392=EDGE_CURVE('',#1642,#1626,#280,.T.);
#1393=EDGE_CURVE('',#1631,#1484,#281,.T.);
#1394=EDGE_CURVE('',#1646,#1632,#50,.T.);
#1395=EDGE_CURVE('',#1629,#1497,#282,.T.);
#1396=EDGE_CURVE('',#1630,#1496,#283,.T.);
#1397=EDGE_CURVE('',#1647,#1495,#284,.T.);
#1398=EDGE_CURVE('',#1625,#1504,#285,.T.);
#1399=EDGE_CURVE('',#1609,#1502,#286,.T.);
#1400=EDGE_CURVE('',#1607,#1586,#287,.T.);
#1401=EDGE_CURVE('',#1608,#1585,#288,.T.);
#1402=EDGE_CURVE('',#1649,#1579,#289,.T.);
#1403=EDGE_CURVE('',#1581,#1578,#290,.T.);
#1404=EDGE_CURVE('',#1567,#1544,#291,.T.);
#1405=EDGE_CURVE('',#1559,#1543,#292,.T.);
#1406=EDGE_CURVE('',#1560,#1542,#293,.T.);
#1407=EDGE_CURVE('',#1551,#1541,#294,.T.);
#1408=EDGE_CURVE('',#1645,#1651,#1824,.F.);
#1409=EDGE_CURVE('',#1651,#1652,#51,.F.);
#1410=EDGE_CURVE('',#1652,#1423,#1825,.T.);
#1411=EDGE_CURVE('',#1644,#1653,#1826,.T.);
#1412=EDGE_CURVE('',#1653,#1654,#1827,.T.);
#1413=EDGE_CURVE('',#1654,#1643,#1828,.F.);
#1414=EDGE_CURVE('',#1655,#1632,#1829,.T.);
#1415=EDGE_CURVE('',#1655,#1656,#52,.F.);
#1416=EDGE_CURVE('',#1656,#1646,#1830,.T.);
#1417=EDGE_CURVE('',#1449,#1655,#1831,.T.);
#1418=EDGE_CURVE('',#1426,#1652,#1832,.T.);
#1419=EDGE_CURVE('',#1651,#1654,#295,.F.);
#1420=EDGE_CURVE('',#1653,#1656,#296,.F.);
#1421=EDGE_CURVE('',#1448,#1427,#1833,.T.);
#1422=VERTEX_POINT('',#3576);
#1423=VERTEX_POINT('',#3577);
#1424=VERTEX_POINT('',#3579);
#1425=VERTEX_POINT('',#3581);
#1426=VERTEX_POINT('',#3585);
#1427=VERTEX_POINT('',#3587);
#1428=VERTEX_POINT('',#3589);
#1429=VERTEX_POINT('',#3591);
#1430=VERTEX_POINT('',#3593);
#1431=VERTEX_POINT('',#3595);
#1432=VERTEX_POINT('',#3597);
#1433=VERTEX_POINT('',#3599);
#1434=VERTEX_POINT('',#3601);
#1435=VERTEX_POINT('',#3603);
#1436=VERTEX_POINT('',#3605);
#1437=VERTEX_POINT('',#3607);
#1438=VERTEX_POINT('',#3609);
#1439=VERTEX_POINT('',#3611);
#1440=VERTEX_POINT('',#3613);
#1441=VERTEX_POINT('',#3620);
#1442=VERTEX_POINT('',#3622);
#1443=VERTEX_POINT('',#3626);
#1444=VERTEX_POINT('',#3627);
#1445=VERTEX_POINT('',#3632);
#1446=VERTEX_POINT('',#3634);
#1447=VERTEX_POINT('',#3638);
#1448=VERTEX_POINT('',#3640);
#1449=VERTEX_POINT('',#3642);
#1450=VERTEX_POINT('',#3644);
#1451=VERTEX_POINT('',#3646);
#1452=VERTEX_POINT('',#3648);
#1453=VERTEX_POINT('',#3650);
#1454=VERTEX_POINT('',#3652);
#1455=VERTEX_POINT('',#3654);
#1456=VERTEX_POINT('',#3656);
#1457=VERTEX_POINT('',#3658);
#1458=VERTEX_POINT('',#3660);
#1459=VERTEX_POINT('',#3662);
#1460=VERTEX_POINT('',#3664);
#1461=VERTEX_POINT('',#3666);
#1462=VERTEX_POINT('',#3670);
#1463=VERTEX_POINT('',#3672);
#1464=VERTEX_POINT('',#3675);
#1465=VERTEX_POINT('',#3676);
#1466=VERTEX_POINT('',#3684);
#1467=VERTEX_POINT('',#3689);
#1468=VERTEX_POINT('',#3691);
#1469=VERTEX_POINT('',#3693);
#1470=VERTEX_POINT('',#3698);
#1471=VERTEX_POINT('',#3699);
#1472=VERTEX_POINT('',#3704);
#1473=VERTEX_POINT('',#3706);
#1474=VERTEX_POINT('',#3708);
#1475=VERTEX_POINT('',#3710);
#1476=VERTEX_POINT('',#3712);
#1477=VERTEX_POINT('',#3714);
#1478=VERTEX_POINT('',#3716);
#1479=VERTEX_POINT('',#3719);
#1480=VERTEX_POINT('',#3721);
#1481=VERTEX_POINT('',#3723);
#1482=VERTEX_POINT('',#3725);
#1483=VERTEX_POINT('',#3727);
#1484=VERTEX_POINT('',#3731);
#1485=VERTEX_POINT('',#3732);
#1486=VERTEX_POINT('',#3735);
#1487=VERTEX_POINT('',#3737);
#1488=VERTEX_POINT('',#3739);
#1489=VERTEX_POINT('',#3741);
#1490=VERTEX_POINT('',#3743);
#1491=VERTEX_POINT('',#3746);
#1492=VERTEX_POINT('',#3748);
#1493=VERTEX_POINT('',#3750);
#1494=VERTEX_POINT('',#3752);
#1495=VERTEX_POINT('',#3754);
#1496=VERTEX_POINT('',#3756);
#1497=VERTEX_POINT('',#3758);
#1498=VERTEX_POINT('',#3762);
#1499=VERTEX_POINT('',#3764);
#1500=VERTEX_POINT('',#3767);
#1501=VERTEX_POINT('',#3769);
#1502=VERTEX_POINT('',#3772);
#1503=VERTEX_POINT('',#3773);
#1504=VERTEX_POINT('',#3775);
#1505=VERTEX_POINT('',#3783);
#1506=VERTEX_POINT('',#3785);
#1507=VERTEX_POINT('',#3788);
#1508=VERTEX_POINT('',#3789);
#1509=VERTEX_POINT('',#3791);
#1510=VERTEX_POINT('',#3793);
#1511=VERTEX_POINT('',#3795);
#1512=VERTEX_POINT('',#3797);
#1513=VERTEX_POINT('',#3799);
#1514=VERTEX_POINT('',#3801);
#1515=VERTEX_POINT('',#3803);
#1516=VERTEX_POINT('',#3805);
#1517=VERTEX_POINT('',#3807);
#1518=VERTEX_POINT('',#3809);
#1519=VERTEX_POINT('',#3813);
#1520=VERTEX_POINT('',#3814);
#1521=VERTEX_POINT('',#3816);
#1522=VERTEX_POINT('',#3818);
#1523=VERTEX_POINT('',#3822);
#1524=VERTEX_POINT('',#3824);
#1525=VERTEX_POINT('',#3826);
#1526=VERTEX_POINT('',#3828);
#1527=VERTEX_POINT('',#3830);
#1528=VERTEX_POINT('',#3832);
#1529=VERTEX_POINT('',#3834);
#1530=VERTEX_POINT('',#3836);
#1531=VERTEX_POINT('',#3838);
#1532=VERTEX_POINT('',#3840);
#1533=VERTEX_POINT('',#3845);
#1534=VERTEX_POINT('',#3847);
#1535=VERTEX_POINT('',#3849);
#1536=VERTEX_POINT('',#3851);
#1537=VERTEX_POINT('',#3853);
#1538=VERTEX_POINT('',#3866);
#1539=VERTEX_POINT('',#3868);
#1540=VERTEX_POINT('',#3874);
#1541=VERTEX_POINT('',#3876);
#1542=VERTEX_POINT('',#3878);
#1543=VERTEX_POINT('',#3880);
#1544=VERTEX_POINT('',#3882);
#1545=VERTEX_POINT('',#3884);
#1546=VERTEX_POINT('',#3886);
#1547=VERTEX_POINT('',#3888);
#1548=VERTEX_POINT('',#3890);
#1549=VERTEX_POINT('',#3892);
#1550=VERTEX_POINT('',#3896);
#1551=VERTEX_POINT('',#3897);
#1552=VERTEX_POINT('',#3899);
#1553=VERTEX_POINT('',#3901);
#1554=VERTEX_POINT('',#3906);
#1555=VERTEX_POINT('',#3908);
#1556=VERTEX_POINT('',#3910);
#1557=VERTEX_POINT('',#3912);
#1558=VERTEX_POINT('',#3914);
#1559=VERTEX_POINT('',#3929);
#1560=VERTEX_POINT('',#3931);
#1561=VERTEX_POINT('',#3935);
#1562=VERTEX_POINT('',#3936);
#1563=VERTEX_POINT('',#3941);
#1564=VERTEX_POINT('',#3943);
#1565=VERTEX_POINT('',#3947);
#1566=VERTEX_POINT('',#3954);
#1567=VERTEX_POINT('',#3962);
#1568=VERTEX_POINT('',#3974);
#1569=VERTEX_POINT('',#3978);
#1570=VERTEX_POINT('',#3980);
#1571=VERTEX_POINT('',#3984);
#1572=VERTEX_POINT('',#3985);
#1573=VERTEX_POINT('',#3990);
#1574=VERTEX_POINT('',#3995);
#1575=VERTEX_POINT('',#3999);
#1576=VERTEX_POINT('',#4006);
#1577=VERTEX_POINT('',#4008);
#1578=VERTEX_POINT('',#4012);
#1579=VERTEX_POINT('',#4017);
#1580=VERTEX_POINT('',#4021);
#1581=VERTEX_POINT('',#4022);
#1582=VERTEX_POINT('',#4027);
#1583=VERTEX_POINT('',#4034);
#1584=VERTEX_POINT('',#4036);
#1585=VERTEX_POINT('',#4040);
#1586=VERTEX_POINT('',#4042);
#1587=VERTEX_POINT('',#4045);
#1588=VERTEX_POINT('',#4047);
#1589=VERTEX_POINT('',#4051);
#1590=VERTEX_POINT('',#4053);
#1591=VERTEX_POINT('',#4055);
#1592=VERTEX_POINT('',#4057);
#1593=VERTEX_POINT('',#4061);
#1594=VERTEX_POINT('',#4062);
#1595=VERTEX_POINT('',#4064);
#1596=VERTEX_POINT('',#4066);
#1597=VERTEX_POINT('',#4069);
#1598=VERTEX_POINT('',#4073);
#1599=VERTEX_POINT('',#4077);
#1600=VERTEX_POINT('',#4079);
#1601=VERTEX_POINT('',#4081);
#1602=VERTEX_POINT('',#4083);
#1603=VERTEX_POINT('',#4087);
#1604=VERTEX_POINT('',#4089);
#1605=VERTEX_POINT('',#4093);
#1606=VERTEX_POINT('',#4097);
#1607=VERTEX_POINT('',#4101);
#1608=VERTEX_POINT('',#4103);
#1609=VERTEX_POINT('',#4107);
#1610=VERTEX_POINT('',#4118);
#1611=VERTEX_POINT('',#4119);
#1612=VERTEX_POINT('',#4124);
#1613=VERTEX_POINT('',#4132);
#1614=VERTEX_POINT('',#4134);
#1615=VERTEX_POINT('',#4141);
#1616=VERTEX_POINT('',#4142);
#1617=VERTEX_POINT('',#4147);
#1618=VERTEX_POINT('',#4153);
#1619=VERTEX_POINT('',#4155);
#1620=VERTEX_POINT('',#4160);
#1621=VERTEX_POINT('',#4165);
#1622=VERTEX_POINT('',#4170);
#1623=VERTEX_POINT('',#4172);
#1624=VERTEX_POINT('',#4186);
#1625=VERTEX_POINT('',#4190);
#1626=VERTEX_POINT('',#4208);
#1627=VERTEX_POINT('',#4210);
#1628=VERTEX_POINT('',#4212);
#1629=VERTEX_POINT('',#4219);
#1630=VERTEX_POINT('',#4221);
#1631=VERTEX_POINT('',#4225);
#1632=VERTEX_POINT('',#4237);
#1633=VERTEX_POINT('',#4242);
#1634=VERTEX_POINT('',#4244);
#1635=VERTEX_POINT('',#4248);
#1636=VERTEX_POINT('',#4250);
#1637=VERTEX_POINT('',#4254);
#1638=VERTEX_POINT('',#4256);
#1639=VERTEX_POINT('',#4263);
#1640=VERTEX_POINT('',#4267);
#1641=VERTEX_POINT('',#4275);
#1642=VERTEX_POINT('',#4282);
#1643=VERTEX_POINT('',#4290);
#1644=VERTEX_POINT('',#4291);
#1645=VERTEX_POINT('',#4293);
#1646=VERTEX_POINT('',#4296);
#1647=VERTEX_POINT('',#4392);
#1648=VERTEX_POINT('',#4402);
#1649=VERTEX_POINT('',#4412);
#1650=VERTEX_POINT('',#4422);
#1651=VERTEX_POINT('',#4615);
#1652=VERTEX_POINT('',#4617);
#1653=VERTEX_POINT('',#4621);
#1654=VERTEX_POINT('',#4623);
#1655=VERTEX_POINT('',#4636);
#1656=VERTEX_POINT('',#4638);
#1657=LINE('',#3575,#1834);
#1658=LINE('',#3578,#1835);
#1659=LINE('',#3580,#1836);
#1660=LINE('',#3582,#1837);
#1661=LINE('',#3584,#1838);
#1662=LINE('',#3586,#1839);
#1663=LINE('',#3588,#1840);
#1664=LINE('',#3590,#1841);
#1665=LINE('',#3596,#1842);
#1666=LINE('',#3602,#1843);
#1667=LINE('',#3604,#1844);
#1668=LINE('',#3608,#1845);
#1669=LINE('',#3612,#1846);
#1670=LINE('',#3623,#1847);
#1671=LINE('',#3635,#1848);
#1672=LINE('',#3637,#1849);
#1673=LINE('',#3639,#1850);
#1674=LINE('',#3641,#1851);
#1675=LINE('',#3643,#1852);
#1676=LINE('',#3645,#1853);
#1677=LINE('',#3649,#1854);
#1678=LINE('',#3653,#1855);
#1679=LINE('',#3657,#1856);
#1680=LINE('',#3659,#1857);
#1681=LINE('',#3665,#1858);
#1682=LINE('',#3688,#1859);
#1683=LINE('',#3690,#1860);
#1684=LINE('',#3692,#1861);
#1685=LINE('',#3694,#1862);
#1686=LINE('',#3695,#1863);
#1687=LINE('',#3697,#1864);
#1688=LINE('',#3700,#1865);
#1689=LINE('',#3701,#1866);
#1690=LINE('',#3703,#1867);
#1691=LINE('',#3705,#1868);
#1692=LINE('',#3709,#1869);
#1693=LINE('',#3711,#1870);
#1694=LINE('',#3715,#1871);
#1695=LINE('',#3717,#1872);
#1696=LINE('',#3722,#1873);
#1697=LINE('',#3730,#1874);
#1698=LINE('',#3733,#1875);
#1699=LINE('',#3738,#1876);
#1700=LINE('',#3745,#1877);
#1701=LINE('',#3749,#1878);
#1702=LINE('',#3751,#1879);
#1703=LINE('',#3753,#1880);
#1704=LINE('',#3757,#1881);
#1705=LINE('',#3771,#1882);
#1706=LINE('',#3790,#1883);
#1707=LINE('',#3792,#1884);
#1708=LINE('',#3794,#1885);
#1709=LINE('',#3796,#1886);
#1710=LINE('',#3798,#1887);
#1711=LINE('',#3800,#1888);
#1712=LINE('',#3804,#1889);
#1713=LINE('',#3806,#1890);
#1714=LINE('',#3810,#1891);
#1715=LINE('',#3812,#1892);
#1716=LINE('',#3815,#1893);
#1717=LINE('',#3817,#1894);
#1718=LINE('',#3819,#1895);
#1719=LINE('',#3821,#1896);
#1720=LINE('',#3823,#1897);
#1721=LINE('',#3825,#1898);
#1722=LINE('',#3827,#1899);
#1723=LINE('',#3829,#1900);
#1724=LINE('',#3831,#1901);
#1725=LINE('',#3833,#1902);
#1726=LINE('',#3835,#1903);
#1727=LINE('',#3839,#1904);
#1728=LINE('',#3843,#1905);
#1729=LINE('',#3846,#1906);
#1730=LINE('',#3850,#1907);
#1731=LINE('',#3852,#1908);
#1732=LINE('',#3858,#1909);
#1733=LINE('',#3865,#1910);
#1734=LINE('',#3867,#1911);
#1735=LINE('',#3869,#1912);
#1736=LINE('',#3871,#1913);
#1737=LINE('',#3873,#1914);
#1738=LINE('',#3875,#1915);
#1739=LINE('',#3879,#1916);
#1740=LINE('',#3883,#1917);
#1741=LINE('',#3885,#1918);
#1742=LINE('',#3889,#1919);
#1743=LINE('',#3891,#1920);
#1744=LINE('',#3893,#1921);
#1745=LINE('',#3895,#1922);
#1746=LINE('',#3898,#1923);
#1747=LINE('',#3900,#1924);
#1748=LINE('',#3902,#1925);
#1749=LINE('',#3904,#1926);
#1750=LINE('',#3907,#1927);
#1751=LINE('',#3909,#1928);
#1752=LINE('',#3913,#1929);
#1753=LINE('',#3919,#1930);
#1754=LINE('',#3926,#1931);
#1755=LINE('',#3928,#1932);
#1756=LINE('',#3930,#1933);
#1757=LINE('',#3932,#1934);
#1758=LINE('',#3934,#1935);
#1759=LINE('',#3937,#1936);
#1760=LINE('',#3938,#1937);
#1761=LINE('',#3940,#1938);
#1762=LINE('',#3942,#1939);
#1763=LINE('',#3944,#1940);
#1764=LINE('',#3961,#1941);
#1765=LINE('',#3975,#1942);
#1766=LINE('',#3979,#1943);
#1767=LINE('',#3983,#1944);
#1768=LINE('',#3996,#1945);
#1769=LINE('',#3998,#1946);
#1770=LINE('',#4007,#1947);
#1771=LINE('',#4018,#1948);
#1772=LINE('',#4020,#1949);
#1773=LINE('',#4026,#1950);
#1774=LINE('',#4035,#1951);
#1775=LINE('',#4041,#1952);
#1776=LINE('',#4044,#1953);
#1777=LINE('',#4046,#1954);
#1778=LINE('',#4048,#1955);
#1779=LINE('',#4050,#1956);
#1780=LINE('',#4052,#1957);
#1781=LINE('',#4056,#1958);
#1782=LINE('',#4060,#1959);
#1783=LINE('',#4065,#1960);
#1784=LINE('',#4070,#1961);
#1785=LINE('',#4074,#1962);
#1786=LINE('',#4078,#1963);
#1787=LINE('',#4082,#1964);
#1788=LINE('',#4084,#1965);
#1789=LINE('',#4086,#1966);
#1790=LINE('',#4088,#1967);
#1791=LINE('',#4090,#1968);
#1792=LINE('',#4092,#1969);
#1793=LINE('',#4098,#1970);
#1794=LINE('',#4100,#1971);
#1795=LINE('',#4102,#1972);
#1796=LINE('',#4104,#1973);
#1797=LINE('',#4106,#1974);
#1798=LINE('',#4125,#1975);
#1799=LINE('',#4133,#1976);
#1800=LINE('',#4169,#1977);
#1801=LINE('',#4171,#1978);
#1802=LINE('',#4173,#1979);
#1803=LINE('',#4175,#1980);
#1804=LINE('',#4189,#1981);
#1805=LINE('',#4193,#1982);
#1806=LINE('',#4200,#1983);
#1807=LINE('',#4207,#1984);
#1808=LINE('',#4211,#1985);
#1809=LINE('',#4213,#1986);
#1810=LINE('',#4215,#1987);
#1811=LINE('',#4218,#1988);
#1812=LINE('',#4220,#1989);
#1813=LINE('',#4222,#1990);
#1814=LINE('',#4224,#1991);
#1815=LINE('',#4236,#1992);
#1816=LINE('',#4238,#1993);
#1817=LINE('',#4241,#1994);
#1818=LINE('',#4243,#1995);
#1819=LINE('',#4245,#1996);
#1820=LINE('',#4247,#1997);
#1821=LINE('',#4249,#1998);
#1822=LINE('',#4251,#1999);
#1823=LINE('',#4289,#2000);
#1824=LINE('',#4614,#2001);
#1825=LINE('',#4618,#2002);
#1826=LINE('',#4620,#2003);
#1827=LINE('',#4622,#2004);
#1828=LINE('',#4624,#2005);
#1829=LINE('',#4635,#2006);
#1830=LINE('',#4639,#2007);
#1831=LINE('',#4641,#2008);
#1832=LINE('',#4643,#2009);
#1833=LINE('',#4649,#2010);
#1834=VECTOR('',#2840,1.);
#1835=VECTOR('',#2841,1.);
#1836=VECTOR('',#2842,1.);
#1837=VECTOR('',#2843,1.);
#1838=VECTOR('',#2846,1.);
#1839=VECTOR('',#2847,1.);
#1840=VECTOR('',#2848,1.);
#1841=VECTOR('',#2849,1.);
#1842=VECTOR('',#2854,1.);
#1843=VECTOR('',#2859,1.);
#1844=VECTOR('',#2860,1.);
#1845=VECTOR('',#2863,1.);
#1846=VECTOR('',#2866,1.);
#1847=VECTOR('',#2873,1.);
#1848=VECTOR('',#2880,1.);
#1849=VECTOR('',#2883,1.);
#1850=VECTOR('',#2884,1.);
#1851=VECTOR('',#2885,1.);
#1852=VECTOR('',#2886,1.);
#1853=VECTOR('',#2887,1.);
#1854=VECTOR('',#2890,1.);
#1855=VECTOR('',#2893,1.);
#1856=VECTOR('',#2896,1.);
#1857=VECTOR('',#2897,1.);
#1858=VECTOR('',#2902,1.);
#1859=VECTOR('',#2921,1.);
#1860=VECTOR('',#2922,1.);
#1861=VECTOR('',#2923,1.);
#1862=VECTOR('',#2924,1.);
#1863=VECTOR('',#2925,1.);
#1864=VECTOR('',#2928,1.);
#1865=VECTOR('',#2929,1.);
#1866=VECTOR('',#2930,1.);
#1867=VECTOR('',#2933,1.);
#1868=VECTOR('',#2934,1.);
#1869=VECTOR('',#2937,1.);
#1870=VECTOR('',#2938,1.);
#1871=VECTOR('',#2941,1.);
#1872=VECTOR('',#2942,1.);
#1873=VECTOR('',#2947,1.);
#1874=VECTOR('',#2956,1.);
#1875=VECTOR('',#2957,1.);
#1876=VECTOR('',#2962,1.);
#1877=VECTOR('',#2969,1.);
#1878=VECTOR('',#2972,1.);
#1879=VECTOR('',#2973,1.);
#1880=VECTOR('',#2974,1.);
#1881=VECTOR('',#2977,1.);
#1882=VECTOR('',#2994,1.);
#1883=VECTOR('',#3009,1.);
#1884=VECTOR('',#3010,1.);
#1885=VECTOR('',#3011,1.);
#1886=VECTOR('',#3012,1.);
#1887=VECTOR('',#3013,1.);
#1888=VECTOR('',#3014,1.);
#1889=VECTOR('',#3017,1.);
#1890=VECTOR('',#3018,1.);
#1891=VECTOR('',#3021,1.);
#1892=VECTOR('',#3024,1.);
#1893=VECTOR('',#3025,1.);
#1894=VECTOR('',#3026,1.);
#1895=VECTOR('',#3027,1.);
#1896=VECTOR('',#3030,1.);
#1897=VECTOR('',#3031,1.);
#1898=VECTOR('',#3032,1.);
#1899=VECTOR('',#3033,1.);
#1900=VECTOR('',#3034,1.);
#1901=VECTOR('',#3035,1.);
#1902=VECTOR('',#3036,1.);
#1903=VECTOR('',#3037,1.);
#1904=VECTOR('',#3040,1.);
#1905=VECTOR('',#3045,1.);
#1906=VECTOR('',#3048,1.);
#1907=VECTOR('',#3051,1.);
#1908=VECTOR('',#3052,1.);
#1909=VECTOR('',#3061,1.);
#1910=VECTOR('',#3064,1.);
#1911=VECTOR('',#3065,1.);
#1912=VECTOR('',#3066,1.);
#1913=VECTOR('',#3069,1.);
#1914=VECTOR('',#3072,1.);
#1915=VECTOR('',#3073,1.);
#1916=VECTOR('',#3076,1.);
#1917=VECTOR('',#3079,1.);
#1918=VECTOR('',#3080,1.);
#1919=VECTOR('',#3083,1.);
#1920=VECTOR('',#3084,1.);
#1921=VECTOR('',#3085,1.);
#1922=VECTOR('',#3088,1.);
#1923=VECTOR('',#3089,1.);
#1924=VECTOR('',#3090,1.);
#1925=VECTOR('',#3091,1.);
#1926=VECTOR('',#3094,1.);
#1927=VECTOR('',#3097,1.);
#1928=VECTOR('',#3098,1.);
#1929=VECTOR('',#3101,1.);
#1930=VECTOR('',#3110,1.);
#1931=VECTOR('',#3113,1.);
#1932=VECTOR('',#3116,1.);
#1933=VECTOR('',#3117,1.);
#1934=VECTOR('',#3118,1.);
#1935=VECTOR('',#3121,1.);
#1936=VECTOR('',#3122,1.);
#1937=VECTOR('',#3123,1.);
#1938=VECTOR('',#3126,1.);
#1939=VECTOR('',#3127,1.);
#1940=VECTOR('',#3128,1.);
#1941=VECTOR('',#3157,1.);
#1942=VECTOR('',#3160,1.);
#1943=VECTOR('',#3165,1.);
#1944=VECTOR('',#3170,1.);
#1945=VECTOR('',#3179,1.);
#1946=VECTOR('',#3182,1.);
#1947=VECTOR('',#3187,1.);
#1948=VECTOR('',#3194,1.);
#1949=VECTOR('',#3197,1.);
#1950=VECTOR('',#3204,1.);
#1951=VECTOR('',#3209,1.);
#1952=VECTOR('',#3216,1.);
#1953=VECTOR('',#3219,1.);
#1954=VECTOR('',#3220,1.);
#1955=VECTOR('',#3221,1.);
#1956=VECTOR('',#3224,1.);
#1957=VECTOR('',#3225,1.);
#1958=VECTOR('',#3228,1.);
#1959=VECTOR('',#3233,1.);
#1960=VECTOR('',#3236,1.);
#1961=VECTOR('',#3241,1.);
#1962=VECTOR('',#3246,1.);
#1963=VECTOR('',#3251,1.);
#1964=VECTOR('',#3254,1.);
#1965=VECTOR('',#3255,1.);
#1966=VECTOR('',#3258,1.);
#1967=VECTOR('',#3259,1.);
#1968=VECTOR('',#3260,1.);
#1969=VECTOR('',#3263,1.);
#1970=VECTOR('',#3270,1.);
#1971=VECTOR('',#3273,1.);
#1972=VECTOR('',#3274,1.);
#1973=VECTOR('',#3275,1.);
#1974=VECTOR('',#3278,1.);
#1975=VECTOR('',#3281,1.);
#1976=VECTOR('',#3286,1.);
#1977=VECTOR('',#3299,1.);
#1978=VECTOR('',#3300,1.);
#1979=VECTOR('',#3301,1.);
#1980=VECTOR('',#3304,1.);
#1981=VECTOR('',#3313,1.);
#1982=VECTOR('',#3318,1.);
#1983=VECTOR('',#3321,1.);
#1984=VECTOR('',#3324,1.);
#1985=VECTOR('',#3327,1.);
#1986=VECTOR('',#3328,1.);
#1987=VECTOR('',#3331,1.);
#1988=VECTOR('',#3336,1.);
#1989=VECTOR('',#3337,1.);
#1990=VECTOR('',#3338,1.);
#1991=VECTOR('',#3341,1.);
#1992=VECTOR('',#3346,1.);
#1993=VECTOR('',#3347,1.);
#1994=VECTOR('',#3352,1.);
#1995=VECTOR('',#3353,1.);
#1996=VECTOR('',#3354,1.);
#1997=VECTOR('',#3357,1.);
#1998=VECTOR('',#3358,1.);
#1999=VECTOR('',#3359,1.);
#2000=VECTOR('',#3398,1.);
#2001=VECTOR('',#3541,1.);
#2002=VECTOR('',#3544,1.);
#2003=VECTOR('',#3547,1.);
#2004=VECTOR('',#3548,1.);
#2005=VECTOR('',#3549,1.);
#2006=VECTOR('',#3550,1.);
#2007=VECTOR('',#3553,1.);
#2008=VECTOR('',#3556,1.);
#2009=VECTOR('',#3559,1.);
#2010=VECTOR('',#3570,1.);
#2011=EDGE_LOOP('',(#297,#298,#299,#300));
#2012=EDGE_LOOP('',(#301,#302,#303,#304,#305,#306,#307,#308,#309,#310,#311,
#312,#313,#314,#315,#316,#317));
#2013=EDGE_LOOP('',(#318,#319,#320,#321));
#2014=EDGE_LOOP('',(#322,#323,#324,#325));
#2015=EDGE_LOOP('',(#326,#327,#328,#329,#330,#331,#332,#333,#334,#335,#336,
#337,#338,#339,#340,#341,#342));
#2016=EDGE_LOOP('',(#343));
#2017=EDGE_LOOP('',(#344));
#2018=EDGE_LOOP('',(#345,#346,#347,#348));
#2019=EDGE_LOOP('',(#349,#350,#351,#352,#353,#354,#355,#356));
#2020=EDGE_LOOP('',(#357,#358,#359,#360));
#2021=EDGE_LOOP('',(#361,#362,#363,#364,#365,#366,#367,#368,#369,#370,#371,
#372,#373,#374,#375,#376));
#2022=EDGE_LOOP('',(#377,#378,#379,#380,#381,#382,#383,#384,#385,#386,#387,
#388,#389,#390,#391,#392,#393,#394,#395));
#2023=EDGE_LOOP('',(#396));
#2024=EDGE_LOOP('',(#397));
#2025=EDGE_LOOP('',(#398));
#2026=EDGE_LOOP('',(#399));
#2027=EDGE_LOOP('',(#400,#401,#402,#403,#404));
#2028=EDGE_LOOP('',(#405));
#2029=EDGE_LOOP('',(#406));
#2030=EDGE_LOOP('',(#407,#408,#409,#410,#411,#412,#413,#414,#415,#416,#417,
#418));
#2031=EDGE_LOOP('',(#419,#420,#421,#422));
#2032=EDGE_LOOP('',(#423,#424,#425,#426,#427,#428,#429,#430,#431,#432,#433,
#434));
#2033=EDGE_LOOP('',(#435));
#2034=EDGE_LOOP('',(#436,#437,#438,#439,#440,#441,#442,#443,#444));
#2035=EDGE_LOOP('',(#445,#446,#447,#448,#449));
#2036=EDGE_LOOP('',(#450,#451,#452,#453,#454));
#2037=EDGE_LOOP('',(#455,#456,#457,#458));
#2038=EDGE_LOOP('',(#459,#460,#461,#462));
#2039=EDGE_LOOP('',(#463,#464,#465,#466,#467,#468,#469,#470,#471,#472,#473,
#474));
#2040=EDGE_LOOP('',(#475,#476,#477,#478));
#2041=EDGE_LOOP('',(#479,#480,#481,#482,#483,#484,#485,#486,#487));
#2042=EDGE_LOOP('',(#488,#489,#490,#491,#492));
#2043=EDGE_LOOP('',(#493,#494,#495,#496,#497));
#2044=EDGE_LOOP('',(#498,#499,#500,#501));
#2045=EDGE_LOOP('',(#502,#503,#504,#505));
#2046=EDGE_LOOP('',(#506,#507,#508,#509));
#2047=EDGE_LOOP('',(#510,#511,#512,#513));
#2048=EDGE_LOOP('',(#514));
#2049=EDGE_LOOP('',(#515,#516,#517,#518,#519,#520,#521,#522));
#2050=EDGE_LOOP('',(#523));
#2051=EDGE_LOOP('',(#524));
#2052=EDGE_LOOP('',(#525));
#2053=EDGE_LOOP('',(#526));
#2054=EDGE_LOOP('',(#527,#528,#529,#530));
#2055=EDGE_LOOP('',(#531,#532,#533,#534));
#2056=EDGE_LOOP('',(#535,#536,#537,#538));
#2057=EDGE_LOOP('',(#539,#540,#541,#542));
#2058=EDGE_LOOP('',(#543,#544,#545,#546));
#2059=EDGE_LOOP('',(#547,#548,#549,#550));
#2060=EDGE_LOOP('',(#551,#552,#553,#554));
#2061=EDGE_LOOP('',(#555,#556,#557,#558,#559));
#2062=EDGE_LOOP('',(#560,#561,#562,#563));
#2063=EDGE_LOOP('',(#564,#565,#566,#567,#568));
#2064=EDGE_LOOP('',(#569,#570,#571,#572));
#2065=EDGE_LOOP('',(#573,#574,#575,#576,#577));
#2066=EDGE_LOOP('',(#578,#579,#580,#581));
#2067=EDGE_LOOP('',(#582,#583,#584,#585,#586));
#2068=EDGE_LOOP('',(#587,#588,#589,#590));
#2069=EDGE_LOOP('',(#591,#592,#593,#594,#595,#596,#597,#598,#599));
#2070=EDGE_LOOP('',(#600,#601,#602,#603,#604,#605,#606));
#2071=EDGE_LOOP('',(#607,#608,#609,#610,#611,#612,#613));
#2072=EDGE_LOOP('',(#614,#615,#616,#617));
#2073=EDGE_LOOP('',(#618,#619,#620,#621,#622,#623,#624));
#2074=EDGE_LOOP('',(#625,#626,#627,#628));
#2075=EDGE_LOOP('',(#629,#630,#631,#632,#633));
#2076=EDGE_LOOP('',(#634,#635,#636,#637,#638));
#2077=EDGE_LOOP('',(#639,#640,#641,#642));
#2078=EDGE_LOOP('',(#643,#644,#645,#646));
#2079=EDGE_LOOP('',(#647,#648,#649,#650,#651,#652));
#2080=EDGE_LOOP('',(#653,#654,#655,#656));
#2081=EDGE_LOOP('',(#657,#658,#659,#660,#661,#662,#663));
#2082=EDGE_LOOP('',(#664,#665,#666,#667,#668,#669,#670,#671));
#2083=EDGE_LOOP('',(#672));
#2084=EDGE_LOOP('',(#673));
#2085=EDGE_LOOP('',(#674,#675,#676,#677,#678));
#2086=EDGE_LOOP('',(#679,#680,#681,#682,#683));
#2087=EDGE_LOOP('',(#684,#685,#686,#687));
#2088=EDGE_LOOP('',(#688,#689,#690,#691,#692));
#2089=EDGE_LOOP('',(#693,#694,#695,#696,#697));
#2090=EDGE_LOOP('',(#698,#699,#700,#701,#702));
#2091=EDGE_LOOP('',(#703,#704,#705,#706));
#2092=EDGE_LOOP('',(#707,#708,#709,#710));
#2093=EDGE_LOOP('',(#711,#712,#713,#714));
#2094=EDGE_LOOP('',(#715,#716,#717,#718));
#2095=EDGE_LOOP('',(#719,#720,#721,#722));
#2096=EDGE_LOOP('',(#723,#724,#725,#726));
#2097=EDGE_LOOP('',(#727,#728,#729,#730));
#2098=EDGE_LOOP('',(#731,#732,#733,#734));
#2099=EDGE_LOOP('',(#735,#736,#737,#738));
#2100=EDGE_LOOP('',(#739));
#2101=EDGE_LOOP('',(#740));
#2102=EDGE_LOOP('',(#741,#742,#743,#744,#745,#746,#747,#748,#749,#750));
#2103=EDGE_LOOP('',(#751));
#2104=EDGE_LOOP('',(#752));
#2105=EDGE_LOOP('',(#753));
#2106=EDGE_LOOP('',(#754));
#2107=EDGE_LOOP('',(#755));
#2108=EDGE_LOOP('',(#756));
#2109=EDGE_LOOP('',(#757));
#2110=EDGE_LOOP('',(#758));
#2111=EDGE_LOOP('',(#759,#760,#761,#762));
#2112=EDGE_LOOP('',(#763,#764,#765,#766,#767,#768,#769));
#2113=EDGE_LOOP('',(#770,#771,#772,#773,#774,#775,#776));
#2114=EDGE_LOOP('',(#777,#778,#779,#780));
#2115=EDGE_LOOP('',(#781,#782,#783,#784,#785,#786,#787,#788));
#2116=EDGE_LOOP('',(#789,#790,#791,#792,#793,#794,#795));
#2117=EDGE_LOOP('',(#796));
#2118=EDGE_LOOP('',(#797));
#2119=EDGE_LOOP('',(#798,#799,#800,#801));
#2120=EDGE_LOOP('',(#802));
#2121=EDGE_LOOP('',(#803,#804,#805,#806));
#2122=EDGE_LOOP('',(#807,#808,#809,#810,#811,#812));
#2123=EDGE_LOOP('',(#813,#814,#815,#816,#817,#818,#819,#820));
#2124=EDGE_LOOP('',(#821,#822,#823,#824));
#2125=EDGE_LOOP('',(#825,#826,#827,#828));
#2126=EDGE_LOOP('',(#829,#830,#831,#832,#833,#834,#835,#836));
#2127=EDGE_LOOP('',(#837,#838,#839,#840,#841,#842));
#2128=EDGE_LOOP('',(#843,#844,#845,#846,#847,#848));
#2129=EDGE_LOOP('',(#849,#850,#851,#852,#853,#854));
#2130=EDGE_LOOP('',(#855,#856,#857,#858,#859,#860));
#2131=EDGE_LOOP('',(#861,#862,#863,#864));
#2132=EDGE_LOOP('',(#865,#866,#867,#868));
#2133=EDGE_LOOP('',(#869,#870,#871,#872));
#2134=EDGE_LOOP('',(#873,#874,#875,#876));
#2135=EDGE_LOOP('',(#877,#878,#879,#880));
#2136=EDGE_LOOP('',(#881,#882,#883,#884));
#2137=EDGE_LOOP('',(#885,#886,#887,#888));
#2138=EDGE_LOOP('',(#889,#890,#891,#892));
#2139=EDGE_LOOP('',(#893,#894,#895,#896));
#2140=EDGE_LOOP('',(#897,#898,#899,#900));
#2141=EDGE_LOOP('',(#901,#902,#903,#904));
#2142=EDGE_LOOP('',(#905,#906,#907,#908));
#2143=EDGE_LOOP('',(#909,#910,#911,#912,#913));
#2144=EDGE_LOOP('',(#914,#915,#916,#917,#918));
#2145=EDGE_LOOP('',(#919,#920,#921,#922));
#2146=EDGE_LOOP('',(#923,#924,#925,#926));
#2147=EDGE_LOOP('',(#927,#928,#929,#930));
#2148=EDGE_LOOP('',(#931,#932,#933,#934));
#2149=EDGE_LOOP('',(#935,#936,#937,#938));
#2150=EDGE_LOOP('',(#939,#940,#941,#942,#943));
#2151=EDGE_LOOP('',(#944,#945,#946,#947,#948));
#2152=EDGE_LOOP('',(#949,#950,#951,#952));
#2153=EDGE_LOOP('',(#953,#954,#955,#956));
#2154=EDGE_LOOP('',(#957,#958,#959,#960));
#2155=EDGE_LOOP('',(#961,#962,#963,#964));
#2156=EDGE_LOOP('',(#965,#966,#967,#968));
#2157=EDGE_LOOP('',(#969,#970,#971,#972));
#2158=EDGE_LOOP('',(#973,#974,#975,#976));
#2159=EDGE_LOOP('',(#977,#978,#979,#980));
#2160=EDGE_LOOP('',(#981,#982,#983,#984));
#2161=EDGE_LOOP('',(#985,#986,#987,#988));
#2162=EDGE_LOOP('',(#989,#990,#991,#992));
#2163=EDGE_LOOP('',(#993,#994,#995,#996));
#2164=EDGE_LOOP('',(#997,#998,#999,#1000));
#2165=EDGE_LOOP('',(#1001,#1002,#1003,#1004));
#2166=EDGE_LOOP('',(#1005,#1006,#1007,#1008));
#2167=EDGE_LOOP('',(#1009,#1010,#1011,#1012));
#2168=EDGE_LOOP('',(#1013,#1014,#1015,#1016));
#2169=EDGE_LOOP('',(#1017,#1018,#1019,#1020));
#2170=EDGE_LOOP('',(#1021,#1022,#1023,#1024));
#2171=EDGE_LOOP('',(#1025,#1026,#1027,#1028));
#2172=EDGE_LOOP('',(#1029,#1030,#1031,#1032));
#2173=EDGE_LOOP('',(#1033,#1034,#1035,#1036));
#2174=EDGE_LOOP('',(#1037,#1038,#1039,#1040,#1041,#1042,#1043,#1044,#1045,
#1046));
#2175=FACE_BOUND('',#2011,.T.);
#2176=FACE_BOUND('',#2012,.T.);
#2177=FACE_BOUND('',#2013,.T.);
#2178=FACE_BOUND('',#2014,.T.);
#2179=FACE_BOUND('',#2015,.T.);
#2180=FACE_BOUND('',#2016,.T.);
#2181=FACE_BOUND('',#2017,.T.);
#2182=FACE_BOUND('',#2018,.T.);
#2183=FACE_BOUND('',#2019,.T.);
#2184=FACE_BOUND('',#2020,.T.);
#2185=FACE_BOUND('',#2021,.T.);
#2186=FACE_BOUND('',#2022,.T.);
#2187=FACE_BOUND('',#2023,.T.);
#2188=FACE_BOUND('',#2024,.T.);
#2189=FACE_BOUND('',#2025,.T.);
#2190=FACE_BOUND('',#2026,.T.);
#2191=FACE_BOUND('',#2027,.T.);
#2192=FACE_BOUND('',#2028,.T.);
#2193=FACE_BOUND('',#2029,.T.);
#2194=FACE_BOUND('',#2030,.T.);
#2195=FACE_BOUND('',#2031,.T.);
#2196=FACE_BOUND('',#2032,.T.);
#2197=FACE_BOUND('',#2033,.T.);
#2198=FACE_BOUND('',#2034,.T.);
#2199=FACE_BOUND('',#2035,.T.);
#2200=FACE_BOUND('',#2036,.T.);
#2201=FACE_BOUND('',#2037,.T.);
#2202=FACE_BOUND('',#2038,.T.);
#2203=FACE_BOUND('',#2039,.T.);
#2204=FACE_BOUND('',#2040,.T.);
#2205=FACE_BOUND('',#2041,.T.);
#2206=FACE_BOUND('',#2042,.T.);
#2207=FACE_BOUND('',#2043,.T.);
#2208=FACE_BOUND('',#2044,.T.);
#2209=FACE_BOUND('',#2045,.T.);
#2210=FACE_BOUND('',#2046,.T.);
#2211=FACE_BOUND('',#2047,.T.);
#2212=FACE_BOUND('',#2048,.T.);
#2213=FACE_BOUND('',#2049,.T.);
#2214=FACE_BOUND('',#2050,.T.);
#2215=FACE_BOUND('',#2051,.T.);
#2216=FACE_BOUND('',#2052,.T.);
#2217=FACE_BOUND('',#2053,.T.);
#2218=FACE_BOUND('',#2054,.T.);
#2219=FACE_BOUND('',#2055,.T.);
#2220=FACE_BOUND('',#2056,.T.);
#2221=FACE_BOUND('',#2057,.T.);
#2222=FACE_BOUND('',#2058,.T.);
#2223=FACE_BOUND('',#2059,.T.);
#2224=FACE_BOUND('',#2060,.T.);
#2225=FACE_BOUND('',#2061,.T.);
#2226=FACE_BOUND('',#2062,.T.);
#2227=FACE_BOUND('',#2063,.T.);
#2228=FACE_BOUND('',#2064,.T.);
#2229=FACE_BOUND('',#2065,.T.);
#2230=FACE_BOUND('',#2066,.T.);
#2231=FACE_BOUND('',#2067,.T.);
#2232=FACE_BOUND('',#2068,.T.);
#2233=FACE_BOUND('',#2069,.T.);
#2234=FACE_BOUND('',#2070,.T.);
#2235=FACE_BOUND('',#2071,.T.);
#2236=FACE_BOUND('',#2072,.T.);
#2237=FACE_BOUND('',#2073,.T.);
#2238=FACE_BOUND('',#2074,.T.);
#2239=FACE_BOUND('',#2075,.T.);
#2240=FACE_BOUND('',#2076,.T.);
#2241=FACE_BOUND('',#2077,.T.);
#2242=FACE_BOUND('',#2078,.T.);
#2243=FACE_BOUND('',#2079,.T.);
#2244=FACE_BOUND('',#2080,.T.);
#2245=FACE_BOUND('',#2081,.T.);
#2246=FACE_BOUND('',#2082,.T.);
#2247=FACE_BOUND('',#2083,.T.);
#2248=FACE_BOUND('',#2084,.T.);
#2249=FACE_BOUND('',#2085,.T.);
#2250=FACE_BOUND('',#2086,.T.);
#2251=FACE_BOUND('',#2087,.T.);
#2252=FACE_BOUND('',#2088,.T.);
#2253=FACE_BOUND('',#2089,.T.);
#2254=FACE_BOUND('',#2090,.T.);
#2255=FACE_BOUND('',#2091,.T.);
#2256=FACE_BOUND('',#2092,.T.);
#2257=FACE_BOUND('',#2093,.T.);
#2258=FACE_BOUND('',#2094,.T.);
#2259=FACE_BOUND('',#2095,.T.);
#2260=FACE_BOUND('',#2096,.T.);
#2261=FACE_BOUND('',#2097,.T.);
#2262=FACE_BOUND('',#2098,.T.);
#2263=FACE_BOUND('',#2099,.T.);
#2264=FACE_BOUND('',#2100,.T.);
#2265=FACE_BOUND('',#2101,.T.);
#2266=FACE_BOUND('',#2102,.T.);
#2267=FACE_BOUND('',#2103,.T.);
#2268=FACE_BOUND('',#2104,.T.);
#2269=FACE_BOUND('',#2105,.T.);
#2270=FACE_BOUND('',#2106,.T.);
#2271=FACE_BOUND('',#2107,.T.);
#2272=FACE_BOUND('',#2108,.T.);
#2273=FACE_BOUND('',#2109,.T.);
#2274=FACE_BOUND('',#2110,.T.);
#2275=FACE_BOUND('',#2111,.T.);
#2276=FACE_BOUND('',#2112,.T.);
#2277=FACE_BOUND('',#2113,.T.);
#2278=FACE_BOUND('',#2114,.T.);
#2279=FACE_BOUND('',#2115,.T.);
#2280=FACE_BOUND('',#2116,.T.);
#2281=FACE_BOUND('',#2117,.T.);
#2282=FACE_BOUND('',#2118,.T.);
#2283=FACE_BOUND('',#2119,.T.);
#2284=FACE_BOUND('',#2120,.T.);
#2285=FACE_BOUND('',#2121,.T.);
#2286=FACE_BOUND('',#2122,.T.);
#2287=FACE_BOUND('',#2123,.T.);
#2288=FACE_BOUND('',#2124,.T.);
#2289=FACE_BOUND('',#2125,.T.);
#2290=FACE_BOUND('',#2126,.T.);
#2291=FACE_BOUND('',#2127,.T.);
#2292=FACE_BOUND('',#2128,.T.);
#2293=FACE_BOUND('',#2129,.T.);
#2294=FACE_BOUND('',#2130,.T.);
#2295=FACE_BOUND('',#2131,.T.);
#2296=FACE_BOUND('',#2132,.T.);
#2297=FACE_BOUND('',#2133,.T.);
#2298=FACE_BOUND('',#2134,.T.);
#2299=FACE_BOUND('',#2135,.T.);
#2300=FACE_BOUND('',#2136,.T.);
#2301=FACE_BOUND('',#2137,.T.);
#2302=FACE_BOUND('',#2138,.T.);
#2303=FACE_BOUND('',#2139,.T.);
#2304=FACE_BOUND('',#2140,.T.);
#2305=FACE_BOUND('',#2141,.T.);
#2306=FACE_BOUND('',#2142,.T.);
#2307=FACE_BOUND('',#2143,.T.);
#2308=FACE_BOUND('',#2144,.T.);
#2309=FACE_BOUND('',#2145,.T.);
#2310=FACE_BOUND('',#2146,.T.);
#2311=FACE_BOUND('',#2147,.T.);
#2312=FACE_BOUND('',#2148,.T.);
#2313=FACE_BOUND('',#2149,.T.);
#2314=FACE_BOUND('',#2150,.T.);
#2315=FACE_BOUND('',#2151,.T.);
#2316=FACE_BOUND('',#2152,.T.);
#2317=FACE_BOUND('',#2153,.T.);
#2318=FACE_BOUND('',#2154,.T.);
#2319=FACE_BOUND('',#2155,.T.);
#2320=FACE_BOUND('',#2156,.T.);
#2321=FACE_BOUND('',#2157,.T.);
#2322=FACE_BOUND('',#2158,.T.);
#2323=FACE_BOUND('',#2159,.T.);
#2324=FACE_BOUND('',#2160,.T.);
#2325=FACE_BOUND('',#2161,.T.);
#2326=FACE_BOUND('',#2162,.T.);
#2327=FACE_BOUND('',#2163,.T.);
#2328=FACE_BOUND('',#2164,.T.);
#2329=FACE_BOUND('',#2165,.T.);
#2330=FACE_BOUND('',#2166,.T.);
#2331=FACE_BOUND('',#2167,.T.);
#2332=FACE_BOUND('',#2168,.T.);
#2333=FACE_BOUND('',#2169,.T.);
#2334=FACE_BOUND('',#2170,.T.);
#2335=FACE_BOUND('',#2171,.T.);
#2336=FACE_BOUND('',#2172,.T.);
#2337=FACE_BOUND('',#2173,.T.);
#2338=FACE_BOUND('',#2174,.T.);
#2339=PLANE('',#2557);
#2340=PLANE('',#2558);
#2341=PLANE('',#2571);
#2342=PLANE('',#2585);
#2343=PLANE('',#2586);
#2344=PLANE('',#2587);
#2345=PLANE('',#2595);
#2346=PLANE('',#2616);
#2347=PLANE('',#2620);
#2348=PLANE('',#2621);
#2349=PLANE('',#2624);
#2350=PLANE('',#2628);
#2351=PLANE('',#2631);
#2352=PLANE('',#2632);
#2353=PLANE('',#2633);
#2354=PLANE('',#2637);
#2355=PLANE('',#2638);
#2356=PLANE('',#2642);
#2357=PLANE('',#2645);
#2358=PLANE('',#2646);
#2359=PLANE('',#2647);
#2360=PLANE('',#2648);
#2361=PLANE('',#2649);
#2362=PLANE('',#2657);
#2363=PLANE('',#2664);
#2364=PLANE('',#2670);
#2365=PLANE('',#2673);
#2366=PLANE('',#2678);
#2367=PLANE('',#2685);
#2368=PLANE('',#2688);
#2369=PLANE('',#2691);
#2370=PLANE('',#2697);
#2371=PLANE('',#2700);
#2372=PLANE('',#2701);
#2373=PLANE('',#2703);
#2374=PLANE('',#2705);
#2375=PLANE('',#2708);
#2376=PLANE('',#2714);
#2377=PLANE('',#2720);
#2378=PLANE('',#2724);
#2379=PLANE('',#2726);
#2380=PLANE('',#2727);
#2381=PLANE('',#2728);
#2382=PLANE('',#2731);
#2383=PLANE('',#2732);
#2384=PLANE('',#2733);
#2385=PLANE('',#2734);
#2386=PLANE('',#2735);
#2387=PLANE('',#2744);
#2388=PLANE('',#2747);
#2389=PLANE('',#2753);
#2390=PLANE('',#2758);
#2391=PLANE('',#2759);
#2392=PLANE('',#2760);
#2393=PLANE('',#2826);
#2394=PLANE('',#2828);
#2395=PLANE('',#2829);
#2396=PLANE('',#2834);
#2397=PLANE('',#2835);
#2398=ADVANCED_FACE('',(#2175),#2339,.F.);
#2399=ADVANCED_FACE('',(#2176),#2340,.T.);
#2400=ADVANCED_FACE('',(#2177),#104,.F.);
#2401=ADVANCED_FACE('',(#2178),#105,.F.);
#2402=ADVANCED_FACE('',(#2179),#2341,.F.);
#2403=ADVANCED_FACE('',(#2180,#2181),#106,.F.);
#2404=ADVANCED_FACE('',(#2182),#107,.F.);
#2405=ADVANCED_FACE('',(#2183),#2342,.T.);
#2406=ADVANCED_FACE('',(#2184),#2343,.T.);
#2407=ADVANCED_FACE('',(#2185),#2344,.F.);
#2408=ADVANCED_FACE('',(#2186),#2345,.T.);
#2409=ADVANCED_FACE('',(#2187,#2188),#108,.F.);
#2410=ADVANCED_FACE('',(#2189,#2190),#109,.F.);
#2411=ADVANCED_FACE('',(#2191),#110,.T.);
#2412=ADVANCED_FACE('',(#2192,#2193),#111,.F.);
#2413=ADVANCED_FACE('',(#2194),#2346,.F.);
#2414=ADVANCED_FACE('',(#2195),#2347,.F.);
#2415=ADVANCED_FACE('',(#2196,#2197),#2348,.T.);
#2416=ADVANCED_FACE('',(#2198),#2349,.T.);
#2417=ADVANCED_FACE('',(#2199),#2350,.F.);
#2418=ADVANCED_FACE('',(#2200),#112,.T.);
#2419=ADVANCED_FACE('',(#2201),#2351,.F.);
#2420=ADVANCED_FACE('',(#2202),#2352,.T.);
#2421=ADVANCED_FACE('',(#2203),#2353,.T.);
#2422=ADVANCED_FACE('',(#2204),#2354,.T.);
#2423=ADVANCED_FACE('',(#2205),#2355,.F.);
#2424=ADVANCED_FACE('',(#2206),#2356,.F.);
#2425=ADVANCED_FACE('',(#2207),#113,.T.);
#2426=ADVANCED_FACE('',(#2208),#2357,.F.);
#2427=ADVANCED_FACE('',(#2209),#2358,.T.);
#2428=ADVANCED_FACE('',(#2210),#2359,.T.);
#2429=ADVANCED_FACE('',(#2211),#2360,.T.);
#2430=ADVANCED_FACE('',(#2212,#2213),#2361,.F.);
#2431=ADVANCED_FACE('',(#2214,#2215),#114,.F.);
#2432=ADVANCED_FACE('',(#2216,#2217),#2362,.T.);
#2433=ADVANCED_FACE('',(#2218),#115,.F.);
#2434=ADVANCED_FACE('',(#2219),#116,.F.);
#2435=ADVANCED_FACE('',(#2220),#117,.F.);
#2436=ADVANCED_FACE('',(#2221),#118,.F.);
#2437=ADVANCED_FACE('',(#2222),#119,.T.);
#2438=ADVANCED_FACE('',(#2223),#120,.T.);
#2439=ADVANCED_FACE('',(#2224),#2363,.F.);
#2440=ADVANCED_FACE('',(#2225),#121,.T.);
#2441=ADVANCED_FACE('',(#2226),#2364,.T.);
#2442=ADVANCED_FACE('',(#2227),#122,.F.);
#2443=ADVANCED_FACE('',(#2228),#2365,.F.);
#2444=ADVANCED_FACE('',(#2229),#123,.F.);
#2445=ADVANCED_FACE('',(#2230),#2366,.T.);
#2446=ADVANCED_FACE('',(#2231),#124,.T.);
#2447=ADVANCED_FACE('',(#2232),#125,.T.);
#2448=ADVANCED_FACE('',(#2233),#2367,.T.);
#2449=ADVANCED_FACE('',(#2234),#2368,.F.);
#2450=ADVANCED_FACE('',(#2235),#2369,.F.);
#2451=ADVANCED_FACE('',(#2236),#126,.T.);
#2452=ADVANCED_FACE('',(#2237),#2370,.T.);
#2453=ADVANCED_FACE('',(#2238),#2371,.F.);
#2454=ADVANCED_FACE('',(#2239),#2372,.T.);
#2455=ADVANCED_FACE('',(#2240),#2373,.F.);
#2456=ADVANCED_FACE('',(#2241),#2374,.T.);
#2457=ADVANCED_FACE('',(#2242),#127,.T.);
#2458=ADVANCED_FACE('',(#2243),#128,.T.);
#2459=ADVANCED_FACE('',(#2244),#2375,.F.);
#2460=ADVANCED_FACE('',(#2245),#129,.F.);
#2461=ADVANCED_FACE('',(#2246,#2247,#2248),#2376,.T.);
#2462=ADVANCED_FACE('',(#2249),#130,.T.);
#2463=ADVANCED_FACE('',(#2250),#131,.F.);
#2464=ADVANCED_FACE('',(#2251),#2377,.T.);
#2465=ADVANCED_FACE('',(#2252),#132,.T.);
#2466=ADVANCED_FACE('',(#2253),#133,.T.);
#2467=ADVANCED_FACE('',(#2254),#2378,.F.);
#2468=ADVANCED_FACE('',(#2255),#2379,.T.);
#2469=ADVANCED_FACE('',(#2256),#2380,.F.);
#2470=ADVANCED_FACE('',(#2257),#2381,.T.);
#2471=ADVANCED_FACE('',(#2258),#134,.T.);
#2472=ADVANCED_FACE('',(#2259),#135,.T.);
#2473=ADVANCED_FACE('',(#2260),#2382,.F.);
#2474=ADVANCED_FACE('',(#2261),#2383,.T.);
#2475=ADVANCED_FACE('',(#2262),#2384,.F.);
#2476=ADVANCED_FACE('',(#2263),#2385,.T.);
#2477=ADVANCED_FACE('',(#2264,#2265,#2266),#2386,.F.);
#2478=ADVANCED_FACE('',(#2267,#2268),#136,.F.);
#2479=ADVANCED_FACE('',(#2269,#2270),#2387,.T.);
#2480=ADVANCED_FACE('',(#2271,#2272),#137,.F.);
#2481=ADVANCED_FACE('',(#2273,#2274),#2388,.T.);
#2482=ADVANCED_FACE('',(#2275),#138,.F.);
#2483=ADVANCED_FACE('',(#2276),#139,.F.);
#2484=ADVANCED_FACE('',(#2277),#140,.F.);
#2485=ADVANCED_FACE('',(#2278),#141,.F.);
#2486=ADVANCED_FACE('',(#2279),#2389,.F.);
#2487=ADVANCED_FACE('',(#2280),#2390,.F.);
#2488=ADVANCED_FACE('',(#2281,#2282),#2391,.F.);
#2489=ADVANCED_FACE('',(#2283,#2284),#2392,.T.);
#2490=ADVANCED_FACE('',(#2285),#142,.F.);
#2491=ADVANCED_FACE('',(#2286),#29,.T.);
#2492=ADVANCED_FACE('',(#2287),#30,.T.);
#2493=ADVANCED_FACE('',(#2288),#143,.F.);
#2494=ADVANCED_FACE('',(#2289),#31,.T.);
#2495=ADVANCED_FACE('',(#2290),#32,.T.);
#2496=ADVANCED_FACE('',(#2291),#144,.F.);
#2497=ADVANCED_FACE('',(#2292),#145,.F.);
#2498=ADVANCED_FACE('',(#2293),#146,.F.);
#2499=ADVANCED_FACE('',(#2294),#147,.F.);
#2500=ADVANCED_FACE('',(#2295),#148,.F.);
#2501=ADVANCED_FACE('',(#2296),#149,.F.);
#2502=ADVANCED_FACE('',(#2297),#150,.T.);
#2503=ADVANCED_FACE('',(#2298),#14,.T.);
#2504=ADVANCED_FACE('',(#2299),#151,.T.);
#2505=ADVANCED_FACE('',(#2300),#15,.T.);
#2506=ADVANCED_FACE('',(#2301),#16,.T.);
#2507=ADVANCED_FACE('',(#2302),#33,.T.);
#2508=ADVANCED_FACE('',(#2303),#17,.T.);
#2509=ADVANCED_FACE('',(#2304),#152,.T.);
#2510=ADVANCED_FACE('',(#2305),#18,.T.);
#2511=ADVANCED_FACE('',(#2306),#34,.T.);
#2512=ADVANCED_FACE('',(#2307),#153,.T.);
#2513=ADVANCED_FACE('',(#2308),#35,.T.);
#2514=ADVANCED_FACE('',(#2309),#19,.T.);
#2515=ADVANCED_FACE('',(#2310),#20,.T.);
#2516=ADVANCED_FACE('',(#2311),#154,.T.);
#2517=ADVANCED_FACE('',(#2312),#36,.T.);
#2518=ADVANCED_FACE('',(#2313),#37,.T.);
#2519=ADVANCED_FACE('',(#2314),#38,.T.);
#2520=ADVANCED_FACE('',(#2315),#155,.T.);
#2521=ADVANCED_FACE('',(#2316),#21,.T.);
#2522=ADVANCED_FACE('',(#2317),#156,.T.);
#2523=ADVANCED_FACE('',(#2318),#22,.T.);
#2524=ADVANCED_FACE('',(#2319),#39,.T.);
#2525=ADVANCED_FACE('',(#2320),#23,.T.);
#2526=ADVANCED_FACE('',(#2321),#24,.T.);
#2527=ADVANCED_FACE('',(#2322),#157,.T.);
#2528=ADVANCED_FACE('',(#2323),#25,.T.);
#2529=ADVANCED_FACE('',(#2324),#40,.T.);
#2530=ADVANCED_FACE('',(#2325),#26,.T.);
#2531=ADVANCED_FACE('',(#2326),#27,.T.);
#2532=ADVANCED_FACE('',(#2327),#158,.T.);
#2533=ADVANCED_FACE('',(#2328),#28,.T.);
#2534=ADVANCED_FACE('',(#2329),#159,.T.);
#2535=ADVANCED_FACE('',(#2330),#12,.F.);
#2536=ADVANCED_FACE('',(#2331),#2393,.F.);
#2537=ADVANCED_FACE('',(#2332),#13,.F.);
#2538=ADVANCED_FACE('',(#2333),#2394,.F.);
#2539=ADVANCED_FACE('',(#2334),#2395,.T.);
#2540=ADVANCED_FACE('',(#2335),#160,.F.);
#2541=ADVANCED_FACE('',(#2336),#161,.F.);
#2542=ADVANCED_FACE('',(#2337),#2396,.F.);
#2543=ADVANCED_FACE('',(#2338),#2397,.T.);
#2544=CLOSED_SHELL('',(#2398,#2399,#2400,#2401,#2402,#2403,#2404,#2405,
#2406,#2407,#2408,#2409,#2410,#2411,#2412,#2413,#2414,#2415,#2416,#2417,
#2418,#2419,#2420,#2421,#2422,#2423,#2424,#2425,#2426,#2427,#2428,#2429,
#2430,#2431,#2432,#2433,#2434,#2435,#2436,#2437,#2438,#2439,#2440,#2441,
#2442,#2443,#2444,#2445,#2446,#2447,#2448,#2449,#2450,#2451,#2452,#2453,
#2454,#2455,#2456,#2457,#2458,#2459,#2460,#2461,#2462,#2463,#2464,#2465,
#2466,#2467,#2468,#2469,#2470,#2471,#2472,#2473,#2474,#2475,#2476,#2477,
#2478,#2479,#2480,#2481,#2482,#2483,#2484,#2485,#2486,#2487,#2488,#2489,
#2490,#2491,#2492,#2493,#2494,#2495,#2496,#2497,#2498,#2499,#2500,#2501,
#2502,#2503,#2504,#2505,#2506,#2507,#2508,#2509,#2510,#2511,#2512,#2513,
#2514,#2515,#2516,#2517,#2518,#2519,#2520,#2521,#2522,#2523,#2524,#2525,
#2526,#2527,#2528,#2529,#2530,#2531,#2532,#2533,#2534,#2535,#2536,#2537,
#2538,#2539,#2540,#2541,#2542,#2543));
#2545=STYLED_ITEM('',(#2546),#2553);
#2546=PRESENTATION_STYLE_ASSIGNMENT((#2547));
#2547=SURFACE_STYLE_USAGE(.BOTH.,#2548);
#2548=SURFACE_SIDE_STYLE('',(#2549));
#2549=SURFACE_STYLE_FILL_AREA(#2550);
#2550=FILL_AREA_STYLE('',(#2551));
#2551=FILL_AREA_STYLE_COLOUR('',#2552);
#2552=COLOUR_RGB('',0.917647058823529,0.917647058823529,0.917647058823529);
#2553=MANIFOLD_SOLID_BREP('Part 4',#2544);
#2554=SHAPE_DEFINITION_REPRESENTATION(#4657,#2555);
#2555=SHAPE_REPRESENTATION('Part 4',(#2556),#4652);
#2556=AXIS2_PLACEMENT_3D('',#3573,#2836,#2837);
#2557=AXIS2_PLACEMENT_3D('',#3574,#2838,#2839);
#2558=AXIS2_PLACEMENT_3D('',#3583,#2844,#2845);
#2559=AXIS2_PLACEMENT_3D('',#3592,#2850,#2851);
#2560=AXIS2_PLACEMENT_3D('',#3594,#2852,#2853);
#2561=AXIS2_PLACEMENT_3D('',#3598,#2855,#2856);
#2562=AXIS2_PLACEMENT_3D('',#3600,#2857,#2858);
#2563=AXIS2_PLACEMENT_3D('',#3606,#2861,#2862);
#2564=AXIS2_PLACEMENT_3D('',#3610,#2864,#2865);
#2565=AXIS2_PLACEMENT_3D('',#3614,#2867,#2868);
#2566=AXIS2_PLACEMENT_3D('',#3615,#2869,#2870);
#2567=AXIS2_PLACEMENT_3D('',#3621,#2871,#2872);
#2568=AXIS2_PLACEMENT_3D('',#3624,#2874,#2875);
#2569=AXIS2_PLACEMENT_3D('',#3625,#2876,#2877);
#2570=AXIS2_PLACEMENT_3D('',#3633,#2878,#2879);
#2571=AXIS2_PLACEMENT_3D('',#3636,#2881,#2882);
#2572=AXIS2_PLACEMENT_3D('',#3647,#2888,#2889);
#2573=AXIS2_PLACEMENT_3D('',#3651,#2891,#2892);
#2574=AXIS2_PLACEMENT_3D('',#3655,#2894,#2895);
#2575=AXIS2_PLACEMENT_3D('',#3661,#2898,#2899);
#2576=AXIS2_PLACEMENT_3D('',#3663,#2900,#2901);
#2577=AXIS2_PLACEMENT_3D('',#3667,#2903,#2904);
#2578=AXIS2_PLACEMENT_3D('',#3668,#2905,#2906);
#2579=AXIS2_PLACEMENT_3D('',#3669,#2907,#2908);
#2580=AXIS2_PLACEMENT_3D('',#3671,#2909,#2910);
#2581=AXIS2_PLACEMENT_3D('',#3673,#2911,#2912);
#2582=AXIS2_PLACEMENT_3D('',#3674,#2913,#2914);
#2583=AXIS2_PLACEMENT_3D('',#3685,#2915,#2916);
#2584=AXIS2_PLACEMENT_3D('',#3686,#2917,#2918);
#2585=AXIS2_PLACEMENT_3D('',#3687,#2919,#2920);
#2586=AXIS2_PLACEMENT_3D('',#3696,#2926,#2927);
#2587=AXIS2_PLACEMENT_3D('',#3702,#2931,#2932);
#2588=AXIS2_PLACEMENT_3D('',#3707,#2935,#2936);
#2589=AXIS2_PLACEMENT_3D('',#3713,#2939,#2940);
#2590=AXIS2_PLACEMENT_3D('',#3718,#2943,#2944);
#2591=AXIS2_PLACEMENT_3D('',#3720,#2945,#2946);
#2592=AXIS2_PLACEMENT_3D('',#3724,#2948,#2949);
#2593=AXIS2_PLACEMENT_3D('',#3726,#2950,#2951);
#2594=AXIS2_PLACEMENT_3D('',#3728,#2952,#2953);
#2595=AXIS2_PLACEMENT_3D('',#3729,#2954,#2955);
#2596=AXIS2_PLACEMENT_3D('',#3734,#2958,#2959);
#2597=AXIS2_PLACEMENT_3D('',#3736,#2960,#2961);
#2598=AXIS2_PLACEMENT_3D('',#3740,#2963,#2964);
#2599=AXIS2_PLACEMENT_3D('',#3742,#2965,#2966);
#2600=AXIS2_PLACEMENT_3D('',#3744,#2967,#2968);
#2601=AXIS2_PLACEMENT_3D('',#3747,#2970,#2971);
#2602=AXIS2_PLACEMENT_3D('',#3755,#2975,#2976);
#2603=AXIS2_PLACEMENT_3D('',#3759,#2978,#2979);
#2604=AXIS2_PLACEMENT_3D('',#3760,#2980,#2981);
#2605=AXIS2_PLACEMENT_3D('',#3761,#2982,#2983);
#2606=AXIS2_PLACEMENT_3D('',#3763,#2984,#2985);
#2607=AXIS2_PLACEMENT_3D('',#3765,#2986,#2987);
#2608=AXIS2_PLACEMENT_3D('',#3766,#2988,#2989);
#2609=AXIS2_PLACEMENT_3D('',#3768,#2990,#2991);
#2610=AXIS2_PLACEMENT_3D('',#3770,#2992,#2993);
#2611=AXIS2_PLACEMENT_3D('',#3774,#2995,#2996);
#2612=AXIS2_PLACEMENT_3D('',#3780,#2997,#2998);
#2613=AXIS2_PLACEMENT_3D('',#3781,#2999,#3000);
#2614=AXIS2_PLACEMENT_3D('',#3782,#3001,#3002);
#2615=AXIS2_PLACEMENT_3D('',#3784,#3003,#3004);
#2616=AXIS2_PLACEMENT_3D('',#3786,#3005,#3006);
#2617=AXIS2_PLACEMENT_3D('',#3787,#3007,#3008);
#2618=AXIS2_PLACEMENT_3D('',#3802,#3015,#3016);
#2619=AXIS2_PLACEMENT_3D('',#3808,#3019,#3020);
#2620=AXIS2_PLACEMENT_3D('',#3811,#3022,#3023);
#2621=AXIS2_PLACEMENT_3D('',#3820,#3028,#3029);
#2622=AXIS2_PLACEMENT_3D('',#3837,#3038,#3039);
#2623=AXIS2_PLACEMENT_3D('',#3841,#3041,#3042);
#2624=AXIS2_PLACEMENT_3D('',#3842,#3043,#3044);
#2625=AXIS2_PLACEMENT_3D('',#3844,#3046,#3047);
#2626=AXIS2_PLACEMENT_3D('',#3848,#3049,#3050);
#2627=AXIS2_PLACEMENT_3D('',#3854,#3053,#3054);
#2628=AXIS2_PLACEMENT_3D('',#3855,#3055,#3056);
#2629=AXIS2_PLACEMENT_3D('',#3856,#3057,#3058);
#2630=AXIS2_PLACEMENT_3D('',#3857,#3059,#3060);
#2631=AXIS2_PLACEMENT_3D('',#3864,#3062,#3063);
#2632=AXIS2_PLACEMENT_3D('',#3870,#3067,#3068);
#2633=AXIS2_PLACEMENT_3D('',#3872,#3070,#3071);
#2634=AXIS2_PLACEMENT_3D('',#3877,#3074,#3075);
#2635=AXIS2_PLACEMENT_3D('',#3881,#3077,#3078);
#2636=AXIS2_PLACEMENT_3D('',#3887,#3081,#3082);
#2637=AXIS2_PLACEMENT_3D('',#3894,#3086,#3087);
#2638=AXIS2_PLACEMENT_3D('',#3903,#3092,#3093);
#2639=AXIS2_PLACEMENT_3D('',#3905,#3095,#3096);
#2640=AXIS2_PLACEMENT_3D('',#3911,#3099,#3100);
#2641=AXIS2_PLACEMENT_3D('',#3915,#3102,#3103);
#2642=AXIS2_PLACEMENT_3D('',#3916,#3104,#3105);
#2643=AXIS2_PLACEMENT_3D('',#3917,#3106,#3107);
#2644=AXIS2_PLACEMENT_3D('',#3918,#3108,#3109);
#2645=AXIS2_PLACEMENT_3D('',#3925,#3111,#3112);
#2646=AXIS2_PLACEMENT_3D('',#3927,#3114,#3115);
#2647=AXIS2_PLACEMENT_3D('',#3933,#3119,#3120);
#2648=AXIS2_PLACEMENT_3D('',#3939,#3124,#3125);
#2649=AXIS2_PLACEMENT_3D('',#3945,#3129,#3130);
#2650=AXIS2_PLACEMENT_3D('',#3946,#3131,#3132);
#2651=AXIS2_PLACEMENT_3D('',#3948,#3133,#3134);
#2652=AXIS2_PLACEMENT_3D('',#3949,#3135,#3136);
#2653=AXIS2_PLACEMENT_3D('',#3950,#3137,#3138);
#2654=AXIS2_PLACEMENT_3D('',#3951,#3139,#3140);
#2655=AXIS2_PLACEMENT_3D('',#3952,#3141,#3142);
#2656=AXIS2_PLACEMENT_3D('',#3953,#3143,#3144);
#2657=AXIS2_PLACEMENT_3D('',#3955,#3145,#3146);
#2658=AXIS2_PLACEMENT_3D('',#3956,#3147,#3148);
#2659=AXIS2_PLACEMENT_3D('',#3957,#3149,#3150);
#2660=AXIS2_PLACEMENT_3D('',#3958,#3151,#3152);
#2661=AXIS2_PLACEMENT_3D('',#3959,#3153,#3154);
#2662=AXIS2_PLACEMENT_3D('',#3960,#3155,#3156);
#2663=AXIS2_PLACEMENT_3D('',#3968,#3158,#3159);
#2664=AXIS2_PLACEMENT_3D('',#3976,#3161,#3162);
#2665=AXIS2_PLACEMENT_3D('',#3977,#3163,#3164);
#2666=AXIS2_PLACEMENT_3D('',#3981,#3166,#3167);
#2667=AXIS2_PLACEMENT_3D('',#3982,#3168,#3169);
#2668=AXIS2_PLACEMENT_3D('',#3991,#3171,#3172);
#2669=AXIS2_PLACEMENT_3D('',#3992,#3173,#3174);
#2670=AXIS2_PLACEMENT_3D('',#3993,#3175,#3176);
#2671=AXIS2_PLACEMENT_3D('',#3994,#3177,#3178);
#2672=AXIS2_PLACEMENT_3D('',#3997,#3180,#3181);
#2673=AXIS2_PLACEMENT_3D('',#4004,#3183,#3184);
#2674=AXIS2_PLACEMENT_3D('',#4005,#3185,#3186);
#2675=AXIS2_PLACEMENT_3D('',#4009,#3188,#3189);
#2676=AXIS2_PLACEMENT_3D('',#4010,#3190,#3191);
#2677=AXIS2_PLACEMENT_3D('',#4011,#3192,#3193);
#2678=AXIS2_PLACEMENT_3D('',#4019,#3195,#3196);
#2679=AXIS2_PLACEMENT_3D('',#4023,#3198,#3199);
#2680=AXIS2_PLACEMENT_3D('',#4024,#3200,#3201);
#2681=AXIS2_PLACEMENT_3D('',#4025,#3202,#3203);
#2682=AXIS2_PLACEMENT_3D('',#4032,#3205,#3206);
#2683=AXIS2_PLACEMENT_3D('',#4033,#3207,#3208);
#2684=AXIS2_PLACEMENT_3D('',#4037,#3210,#3211);
#2685=AXIS2_PLACEMENT_3D('',#4038,#3212,#3213);
#2686=AXIS2_PLACEMENT_3D('',#4039,#3214,#3215);
#2687=AXIS2_PLACEMENT_3D('',#4043,#3217,#3218);
#2688=AXIS2_PLACEMENT_3D('',#4049,#3222,#3223);
#2689=AXIS2_PLACEMENT_3D('',#4054,#3226,#3227);
#2690=AXIS2_PLACEMENT_3D('',#4058,#3229,#3230);
#2691=AXIS2_PLACEMENT_3D('',#4059,#3231,#3232);
#2692=AXIS2_PLACEMENT_3D('',#4063,#3234,#3235);
#2693=AXIS2_PLACEMENT_3D('',#4067,#3237,#3238);
#2694=AXIS2_PLACEMENT_3D('',#4068,#3239,#3240);
#2695=AXIS2_PLACEMENT_3D('',#4071,#3242,#3243);
#2696=AXIS2_PLACEMENT_3D('',#4072,#3244,#3245);
#2697=AXIS2_PLACEMENT_3D('',#4075,#3247,#3248);
#2698=AXIS2_PLACEMENT_3D('',#4076,#3249,#3250);
#2699=AXIS2_PLACEMENT_3D('',#4080,#3252,#3253);
#2700=AXIS2_PLACEMENT_3D('',#4085,#3256,#3257);
#2701=AXIS2_PLACEMENT_3D('',#4091,#3261,#3262);
#2702=AXIS2_PLACEMENT_3D('',#4094,#3264,#3265);
#2703=AXIS2_PLACEMENT_3D('',#4095,#3266,#3267);
#2704=AXIS2_PLACEMENT_3D('',#4096,#3268,#3269);
#2705=AXIS2_PLACEMENT_3D('',#4099,#3271,#3272);
#2706=AXIS2_PLACEMENT_3D('',#4105,#3276,#3277);
#2707=AXIS2_PLACEMENT_3D('',#4113,#3279,#3280);
#2708=AXIS2_PLACEMENT_3D('',#4130,#3282,#3283);
#2709=AXIS2_PLACEMENT_3D('',#4131,#3284,#3285);
#2710=AXIS2_PLACEMENT_3D('',#4135,#3287,#3288);
#2711=AXIS2_PLACEMENT_3D('',#4136,#3289,#3290);
#2712=AXIS2_PLACEMENT_3D('',#4154,#3291,#3292);
#2713=AXIS2_PLACEMENT_3D('',#4166,#3293,#3294);
#2714=AXIS2_PLACEMENT_3D('',#4167,#3295,#3296);
#2715=AXIS2_PLACEMENT_3D('',#4168,#3297,#3298);
#2716=AXIS2_PLACEMENT_3D('',#4174,#3302,#3303);
#2717=AXIS2_PLACEMENT_3D('',#4176,#3305,#3306);
#2718=AXIS2_PLACEMENT_3D('',#4181,#3307,#3308);
#2719=AXIS2_PLACEMENT_3D('',#4187,#3309,#3310);
#2720=AXIS2_PLACEMENT_3D('',#4188,#3311,#3312);
#2721=AXIS2_PLACEMENT_3D('',#4191,#3314,#3315);
#2722=AXIS2_PLACEMENT_3D('',#4192,#3316,#3317);
#2723=AXIS2_PLACEMENT_3D('',#4199,#3319,#3320);
#2724=AXIS2_PLACEMENT_3D('',#4206,#3322,#3323);
#2725=AXIS2_PLACEMENT_3D('',#4209,#3325,#3326);
#2726=AXIS2_PLACEMENT_3D('',#4214,#3329,#3330);
#2727=AXIS2_PLACEMENT_3D('',#4216,#3332,#3333);
#2728=AXIS2_PLACEMENT_3D('',#4217,#3334,#3335);
#2729=AXIS2_PLACEMENT_3D('',#4223,#3339,#3340);
#2730=AXIS2_PLACEMENT_3D('',#4230,#3342,#3343);
#2731=AXIS2_PLACEMENT_3D('',#4235,#3344,#3345);
#2732=AXIS2_PLACEMENT_3D('',#4239,#3348,#3349);
#2733=AXIS2_PLACEMENT_3D('',#4240,#3350,#3351);
#2734=AXIS2_PLACEMENT_3D('',#4246,#3355,#3356);
#2735=AXIS2_PLACEMENT_3D('',#4252,#3360,#3361);
#2736=AXIS2_PLACEMENT_3D('',#4253,#3362,#3363);
#2737=AXIS2_PLACEMENT_3D('',#4255,#3364,#3365);
#2738=AXIS2_PLACEMENT_3D('',#4257,#3366,#3367);
#2739=AXIS2_PLACEMENT_3D('',#4258,#3368,#3369);
#2740=AXIS2_PLACEMENT_3D('',#4259,#3370,#3371);
#2741=AXIS2_PLACEMENT_3D('',#4260,#3372,#3373);
#2742=AXIS2_PLACEMENT_3D('',#4261,#3374,#3375);
#2743=AXIS2_PLACEMENT_3D('',#4262,#3376,#3377);
#2744=AXIS2_PLACEMENT_3D('',#4264,#3378,#3379);
#2745=AXIS2_PLACEMENT_3D('',#4265,#3380,#3381);
#2746=AXIS2_PLACEMENT_3D('',#4266,#3382,#3383);
#2747=AXIS2_PLACEMENT_3D('',#4268,#3384,#3385);
#2748=AXIS2_PLACEMENT_3D('',#4269,#3386,#3387);
#2749=AXIS2_PLACEMENT_3D('',#4270,#3388,#3389);
#2750=AXIS2_PLACEMENT_3D('',#4280,#3390,#3391);
#2751=AXIS2_PLACEMENT_3D('',#4281,#3392,#3393);
#2752=AXIS2_PLACEMENT_3D('',#4287,#3394,#3395);
#2753=AXIS2_PLACEMENT_3D('',#4288,#3396,#3397);
#2754=AXIS2_PLACEMENT_3D('',#4292,#3399,#3400);
#2755=AXIS2_PLACEMENT_3D('',#4294,#3401,#3402);
#2756=AXIS2_PLACEMENT_3D('',#4295,#3403,#3404);
#2757=AXIS2_PLACEMENT_3D('',#4297,#3405,#3406);
#2758=AXIS2_PLACEMENT_3D('',#4298,#3407,#3408);
#2759=AXIS2_PLACEMENT_3D('',#4311,#3409,#3410);
#2760=AXIS2_PLACEMENT_3D('',#4312,#3411,#3412);
#2761=AXIS2_PLACEMENT_3D('',#4321,#3413,#3414);
#2762=AXIS2_PLACEMENT_3D('',#4354,#3415,#3416);
#2763=AXIS2_PLACEMENT_3D('',#4387,#3417,#3418);
#2764=AXIS2_PLACEMENT_3D('',#4397,#3419,#3420);
#2765=AXIS2_PLACEMENT_3D('',#4407,#3421,#3422);
#2766=AXIS2_PLACEMENT_3D('',#4417,#3423,#3424);
#2767=AXIS2_PLACEMENT_3D('',#4427,#3425,#3426);
#2768=AXIS2_PLACEMENT_3D('',#4433,#3427,#3428);
#2769=AXIS2_PLACEMENT_3D('',#4439,#3429,#3430);
#2770=AXIS2_PLACEMENT_3D('',#4440,#3431,#3432);
#2771=AXIS2_PLACEMENT_3D('',#4441,#3433,#3434);
#2772=AXIS2_PLACEMENT_3D('',#4442,#3435,#3436);
#2773=AXIS2_PLACEMENT_3D('',#4443,#3437,#3438);
#2774=AXIS2_PLACEMENT_3D('',#4444,#3439,#3440);
#2775=AXIS2_PLACEMENT_3D('',#4445,#3441,#3442);
#2776=AXIS2_PLACEMENT_3D('',#4446,#3443,#3444);
#2777=AXIS2_PLACEMENT_3D('',#4447,#3445,#3446);
#2778=AXIS2_PLACEMENT_3D('',#4448,#3447,#3448);
#2779=AXIS2_PLACEMENT_3D('',#4461,#3449,#3450);
#2780=AXIS2_PLACEMENT_3D('',#4462,#3451,#3452);
#2781=AXIS2_PLACEMENT_3D('',#4463,#3453,#3454);
#2782=AXIS2_PLACEMENT_3D('',#4464,#3455,#3456);
#2783=AXIS2_PLACEMENT_3D('',#4465,#3457,#3458);
#2784=AXIS2_PLACEMENT_3D('',#4466,#3459,#3460);
#2785=AXIS2_PLACEMENT_3D('',#4467,#3461,#3462);
#2786=AXIS2_PLACEMENT_3D('',#4485,#3463,#3464);
#2787=AXIS2_PLACEMENT_3D('',#4486,#3465,#3466);
#2788=AXIS2_PLACEMENT_3D('',#4487,#3467,#3468);
#2789=AXIS2_PLACEMENT_3D('',#4500,#3469,#3470);
#2790=AXIS2_PLACEMENT_3D('',#4501,#3471,#3472);
#2791=AXIS2_PLACEMENT_3D('',#4502,#3473,#3474);
#2792=AXIS2_PLACEMENT_3D('',#4503,#3475,#3476);
#2793=AXIS2_PLACEMENT_3D('',#4504,#3477,#3478);
#2794=AXIS2_PLACEMENT_3D('',#4505,#3479,#3480);
#2795=AXIS2_PLACEMENT_3D('',#4506,#3481,#3482);
#2796=AXIS2_PLACEMENT_3D('',#4539,#3483,#3484);
#2797=AXIS2_PLACEMENT_3D('',#4552,#3485,#3486);
#2798=AXIS2_PLACEMENT_3D('',#4553,#3487,#3488);
#2799=AXIS2_PLACEMENT_3D('',#4554,#3489,#3490);
#2800=AXIS2_PLACEMENT_3D('',#4555,#3491,#3492);
#2801=AXIS2_PLACEMENT_3D('',#4556,#3493,#3494);
#2802=AXIS2_PLACEMENT_3D('',#4557,#3495,#3496);
#2803=AXIS2_PLACEMENT_3D('',#4558,#3497,#3498);
#2804=AXIS2_PLACEMENT_3D('',#4559,#3499,#3500);
#2805=AXIS2_PLACEMENT_3D('',#4560,#3501,#3502);
#2806=AXIS2_PLACEMENT_3D('',#4573,#3503,#3504);
#2807=AXIS2_PLACEMENT_3D('',#4574,#3505,#3506);
#2808=AXIS2_PLACEMENT_3D('',#4575,#3507,#3508);
#2809=AXIS2_PLACEMENT_3D('',#4576,#3509,#3510);
#2810=AXIS2_PLACEMENT_3D('',#4577,#3511,#3512);
#2811=AXIS2_PLACEMENT_3D('',#4578,#3513,#3514);
#2812=AXIS2_PLACEMENT_3D('',#4579,#3515,#3516);
#2813=AXIS2_PLACEMENT_3D('',#4580,#3517,#3518);
#2814=AXIS2_PLACEMENT_3D('',#4581,#3519,#3520);
#2815=AXIS2_PLACEMENT_3D('',#4594,#3521,#3522);
#2816=AXIS2_PLACEMENT_3D('',#4595,#3523,#3524);
#2817=AXIS2_PLACEMENT_3D('',#4596,#3525,#3526);
#2818=AXIS2_PLACEMENT_3D('',#4597,#3527,#3528);
#2819=AXIS2_PLACEMENT_3D('',#4598,#3529,#3530);
#2820=AXIS2_PLACEMENT_3D('',#4599,#3531,#3532);
#2821=AXIS2_PLACEMENT_3D('',#4600,#3533,#3534);
#2822=AXIS2_PLACEMENT_3D('',#4601,#3535,#3536);
#2823=AXIS2_PLACEMENT_3D('',#4602,#3537,#3538);
#2824=AXIS2_PLACEMENT_3D('',#4603,#3539,#3540);
#2825=AXIS2_PLACEMENT_3D('',#4616,#3542,#3543);
#2826=AXIS2_PLACEMENT_3D('',#4619,#3545,#3546);
#2827=AXIS2_PLACEMENT_3D('',#4637,#3551,#3552);
#2828=AXIS2_PLACEMENT_3D('',#4640,#3554,#3555);
#2829=AXIS2_PLACEMENT_3D('',#4642,#3557,#3558);
#2830=AXIS2_PLACEMENT_3D('',#4644,#3560,#3561);
#2831=AXIS2_PLACEMENT_3D('',#4645,#3562,#3563);
#2832=AXIS2_PLACEMENT_3D('',#4646,#3564,#3565);
#2833=AXIS2_PLACEMENT_3D('',#4647,#3566,#3567);
#2834=AXIS2_PLACEMENT_3D('',#4648,#3568,#3569);
#2835=AXIS2_PLACEMENT_3D('',#4650,#3571,#3572);
#2836=DIRECTION('',(0.,0.,1.));
#2837=DIRECTION('',(1.,0.,0.));
#2838=DIRECTION('',(-0.25881904510252,3.86255231984838E-9,-0.965925826289068));
#2839=DIRECTION('',(-0.965925826289069,0.,0.25881904510252));
#2840=DIRECTION('',(1.45173804189047E-9,1.,7.54743493333139E-10));
#2841=DIRECTION('',(0.965925826289069,1.94138373546545E-9,-0.25881904510252));
#2842=DIRECTION('',(-2.56317582935643E-11,1.,4.00567642126209E-9));
#2843=DIRECTION('',(0.965925826289069,-1.2069292774265E-9,-0.25881904510252));
#2844=DIRECTION('',(-1.45173804189047E-9,-1.,-7.54743493333139E-10));
#2845=DIRECTION('',(1.,-1.45173804189047E-9,0.));
#2846=DIRECTION('',(-1.,1.45173804189047E-9,1.09568901963296E-18));
#2847=DIRECTION('',(-2.37932928256471E-25,7.54743493333139E-10,-1.));
#2848=DIRECTION('',(1.,-1.45173804189047E-9,-1.09569007907395E-18));
#2849=DIRECTION('',(0.965925826289069,1.94138373546545E-9,-0.25881904510252));
#2850=DIRECTION('',(-1.45173804189047E-9,-1.,-7.54743493333139E-10));
#2851=DIRECTION('',(1.,-1.45173804189047E-9,0.));
#2852=DIRECTION('',(-1.45173804189047E-9,-1.,-7.54743493333139E-10));
#2853=DIRECTION('',(1.,-1.45173804189047E-9,0.));
#2854=DIRECTION('',(1.,-1.45173804189047E-9,-4.94338501184772E-27));
#2855=DIRECTION('',(-1.45173804189047E-9,-1.,-7.54743493333139E-10));
#2856=DIRECTION('',(1.,-1.45173804189047E-9,0.));
#2857=DIRECTION('',(-1.45173804189047E-9,-1.,-7.54743493333139E-10));
#2858=DIRECTION('',(1.,-1.45173804189047E-9,0.));
#2859=DIRECTION('',(0.965925826289069,1.94138373546545E-9,-0.25881904510252));
#2860=DIRECTION('',(0.866025403784439,-8.7987257311616E-10,-0.5));
#2861=DIRECTION('',(-1.45173804189047E-9,-1.,-7.54743493333139E-10));
#2862=DIRECTION('',(1.,-1.45173804189047E-9,0.));
#2863=DIRECTION('',(7.21644966030294E-16,-3.91005293725039E-10,-1.));
#2864=DIRECTION('',(-1.45173804189047E-9,-1.,-7.54743493333139E-10));
#2865=DIRECTION('',(1.,-1.45173804189047E-9,0.));
#2866=DIRECTION('',(0.866025403784439,-8.7987257311616E-10,-0.5));
#2867=DIRECTION('',(-1.23802357875389E-8,1.,-6.56961294217057E-9));
#2868=DIRECTION('',(-1.,-1.23802357875389E-8,0.));
#2869=DIRECTION('',(1.45173804189047E-9,1.,-1.28848148375937E-9));
#2870=DIRECTION('',(-1.,1.45173804189047E-9,0.));
#2871=DIRECTION('',(-1.45173804189047E-9,-1.,-7.54743493333139E-10));
#2872=DIRECTION('',(1.,-1.45173804189047E-9,0.));
#2873=DIRECTION('',(1.45173804189047E-9,1.,-1.28848148375937E-9));
#2874=DIRECTION('',(1.45173804189047E-9,1.,-1.28848148375937E-9));
#2875=DIRECTION('',(-1.,1.45173804189047E-9,0.));
#2876=DIRECTION('',(-1.45173804189047E-9,-1.,-7.54743493333139E-10));
#2877=DIRECTION('',(1.,-1.45173804189047E-9,0.));
#2878=DIRECTION('',(-1.45173804189047E-9,-1.,-7.54743493333139E-10));
#2879=DIRECTION('',(1.,-1.45173804189047E-9,0.));
#2880=DIRECTION('',(-1.45173804189047E-9,-1.,1.28848148375937E-9));
#2881=DIRECTION('',(-1.45173804189047E-9,-1.,-7.54743493333139E-10));
#2882=DIRECTION('',(1.,-1.45173804189047E-9,0.));
#2883=DIRECTION('',(0.965925826289069,1.94138373546545E-9,-0.25881904510252));
#2884=DIRECTION('',(1.,-1.45173804189047E-9,-1.09569007907395E-18));
#2885=DIRECTION('',(-2.37932928462918E-25,7.54743493333139E-10,-1.));
#2886=DIRECTION('',(1.,-1.45173804189047E-9,-1.09568901963296E-18));
#2887=DIRECTION('',(0.965925826289069,1.94138373546545E-9,-0.25881904510252));
#2888=DIRECTION('',(-1.23802357875389E-8,1.,-6.56961294217057E-9));
#2889=DIRECTION('',(-1.,-1.23802357875389E-8,0.));
#2890=DIRECTION('',(0.866025403784439,-8.7987257311616E-10,-0.5));
#2891=DIRECTION('',(-1.45173804189047E-9,-1.,-7.54743493333139E-10));
#2892=DIRECTION('',(1.,-1.45173804189047E-9,0.));
#2893=DIRECTION('',(7.21644965749669E-16,4.19195252197808E-9,-1.));
#2894=DIRECTION('',(-1.45173804189047E-9,-1.,-7.54743493333139E-10));
#2895=DIRECTION('',(1.,-1.45173804189047E-9,0.));
#2896=DIRECTION('',(0.866025403784439,-8.7987257311616E-10,-0.5));
#2897=DIRECTION('',(0.965925826289069,1.94138373546545E-9,-0.25881904510252));
#2898=DIRECTION('',(-1.45173804189047E-9,-1.,-7.54743493333139E-10));
#2899=DIRECTION('',(1.,-1.45173804189047E-9,0.));
#2900=DIRECTION('',(-1.45173804189047E-9,-1.,-7.54743493333139E-10));
#2901=DIRECTION('',(1.,-1.45173804189047E-9,0.));
#2902=DIRECTION('',(1.,-1.45173804189047E-9,-4.94338501184772E-27));
#2903=DIRECTION('',(-1.45173804189047E-9,-1.,-7.54743493333139E-10));
#2904=DIRECTION('',(1.,-1.45173804189047E-9,0.));
#2905=DIRECTION('',(1.09568983619763E-18,7.54743493333139E-10,-1.));
#2906=DIRECTION('',(0.,1.,7.54743493333139E-10));
#2907=DIRECTION('',(1.09568983619763E-18,7.54743493333139E-10,-1.));
#2908=DIRECTION('',(0.,1.,7.54743493333139E-10));
#2909=DIRECTION('',(1.09568983619763E-18,7.54743493333139E-10,-1.));
#2910=DIRECTION('',(0.,1.,7.54743493333139E-10));
#2911=DIRECTION('',(1.09568983619763E-18,7.54743493333139E-10,-1.));
#2912=DIRECTION('',(0.,1.,7.54743493333139E-10));
#2913=DIRECTION('',(-0.25881904510252,1.1047636861752E-9,-0.965925826289069));
#2914=DIRECTION('',(0.965925826289069,-1.2069292774265E-9,-0.25881904510252));
#2915=DIRECTION('',(-0.25881904510252,1.1047636861752E-9,-0.965925826289069));
#2916=DIRECTION('',(0.965925826289069,-1.2069292774265E-9,-0.25881904510252));
#2917=DIRECTION('',(1.09568983619763E-18,7.54743493333139E-10,-1.));
#2918=DIRECTION('',(0.,1.,7.54743493333139E-10));
#2919=DIRECTION('',(-0.25881904510252,-8.68840088117339E-10,-0.965925826289069));
#2920=DIRECTION('',(-0.965925826289069,0.,0.25881904510252));
#2921=DIRECTION('',(0.965925826289069,1.94138373546545E-9,-0.25881904510252));
#2922=DIRECTION('',(1.45173804189047E-9,1.,7.54743493333139E-10));
#2923=DIRECTION('',(0.965925826289069,1.94138373546545E-9,-0.25881904510252));
#2924=DIRECTION('',(1.45173804189047E-9,1.,-1.28848148375937E-9));
#2925=DIRECTION('',(-1.45173804189047E-9,-1.,-7.54743493333139E-10));
#2926=DIRECTION('',(-0.25881904510252,-8.68840088117339E-10,-0.965925826289069));
#2927=DIRECTION('',(-0.965925826289069,0.,0.25881904510252));
#2928=DIRECTION('',(0.965925826289069,1.94138373546545E-9,-0.25881904510252));
#2929=DIRECTION('',(-1.45173804189047E-9,-1.,1.28848148375937E-9));
#2930=DIRECTION('',(1.82872896102552E-10,-1.,8.50488802985059E-10));
#2931=DIRECTION('',(-1.45173804189047E-9,-1.,-7.54743493333139E-10));
#2932=DIRECTION('',(1.,-1.45173804189047E-9,0.));
#2933=DIRECTION('',(8.21508057457957E-25,7.54743493333139E-10,-1.));
#2934=DIRECTION('',(0.965925826289069,-1.2069292774265E-9,-0.25881904510252));
#2935=DIRECTION('',(-1.45173804189047E-9,-1.,-7.54743493333139E-10));
#2936=DIRECTION('',(1.,-1.45173804189047E-9,0.));
#2937=DIRECTION('',(0.866025403784439,-8.79870277250852E-10,-0.5));
#2938=DIRECTION('',(2.19233819673326E-18,7.54743493333139E-10,-1.));
#2939=DIRECTION('',(-1.45173804189047E-9,-1.,-7.54743493333139E-10));
#2940=DIRECTION('',(1.,-1.45173804189047E-9,0.));
#2941=DIRECTION('',(0.866025403784439,-8.7987257311616E-10,-0.5));
#2942=DIRECTION('',(0.965925826289069,1.94138373546545E-9,-0.25881904510252));
#2943=DIRECTION('',(-1.45173804189047E-9,-1.,-7.54743493333139E-10));
#2944=DIRECTION('',(1.,-1.45173804189047E-9,0.));
#2945=DIRECTION('',(-1.45173804189047E-9,-1.,-7.54743493333139E-10));
#2946=DIRECTION('',(1.,-1.45173804189047E-9,0.));
#2947=DIRECTION('',(0.965925826289069,1.94138373546545E-9,-0.25881904510252));
#2948=DIRECTION('',(-1.45173804189047E-9,-1.,-7.54743493333139E-10));
#2949=DIRECTION('',(1.,-1.45173804189047E-9,0.));
#2950=DIRECTION('',(-1.45173804189047E-9,-1.,-7.54743493333139E-10));
#2951=DIRECTION('',(1.,-1.45173804189047E-9,0.));
#2952=DIRECTION('',(-1.45173804189047E-9,-1.,-7.54743493333139E-10));
#2953=DIRECTION('',(1.,-1.45173804189047E-9,0.));
#2954=DIRECTION('',(-1.45173804189047E-9,-1.,-7.54743493333139E-10));
#2955=DIRECTION('',(1.,-1.45173804189047E-9,0.));
#2956=DIRECTION('',(0.965925826289069,-1.2069292774265E-9,-0.25881904510252));
#2957=DIRECTION('',(-8.21508057593914E-25,-7.54743493333139E-10,1.));
#2958=DIRECTION('',(-1.45173804189047E-9,-1.,-7.54743493333139E-10));
#2959=DIRECTION('',(1.,-1.45173804189047E-9,0.));
#2960=DIRECTION('',(-1.45173804189047E-9,-1.,-7.54743493333139E-10));
#2961=DIRECTION('',(1.,-1.45173804189047E-9,0.));
#2962=DIRECTION('',(0.965925826289069,1.94138373546545E-9,-0.25881904510252));
#2963=DIRECTION('',(-1.45173804189047E-9,-1.,-7.54743493333139E-10));
#2964=DIRECTION('',(1.,-1.45173804189047E-9,0.));
#2965=DIRECTION('',(-1.45173804189047E-9,-1.,-7.54743493333139E-10));
#2966=DIRECTION('',(1.,-1.45173804189047E-9,0.));
#2967=DIRECTION('',(-1.45173804189047E-9,-1.,-7.54743493333139E-10));
#2968=DIRECTION('',(1.,-1.45173804189047E-9,0.));
#2969=DIRECTION('',(0.866025403784439,-8.7987257311616E-10,-0.5));
#2970=DIRECTION('',(-1.45173804189047E-9,-1.,-7.54743493333139E-10));
#2971=DIRECTION('',(1.,-1.45173804189047E-9,0.));
#2972=DIRECTION('',(2.19233819673326E-18,7.54743493333139E-10,-1.));
#2973=DIRECTION('',(1.,-1.45173804189047E-9,0.));
#2974=DIRECTION('',(7.21644965749669E-16,4.19195220040708E-9,-1.));
#2975=DIRECTION('',(-1.45173804189047E-9,-1.,-7.54743493333139E-10));
#2976=DIRECTION('',(1.,-1.45173804189047E-9,0.));
#2977=DIRECTION('',(0.866025403784439,-8.79870277250852E-10,-0.5));
#2978=DIRECTION('',(-1.45173804189047E-9,-1.,-7.54743493333139E-10));
#2979=DIRECTION('',(1.,-1.45173804189047E-9,0.));
#2980=DIRECTION('',(0.,0.,-1.));
#2981=DIRECTION('',(-1.,0.,0.));
#2982=DIRECTION('',(0.,0.,-1.));
#2983=DIRECTION('',(-1.,0.,0.));
#2984=DIRECTION('',(0.,0.,-1.));
#2985=DIRECTION('',(-1.,0.,0.));
#2986=DIRECTION('',(0.,0.,-1.));
#2987=DIRECTION('',(-1.,0.,0.));
#2988=DIRECTION('',(0.,0.,-1.));
#2989=DIRECTION('',(-1.,0.,0.));
#2990=DIRECTION('',(0.,0.,-1.));
#2991=DIRECTION('',(-1.,0.,0.));
#2992=DIRECTION('',(0.,0.,1.));
#2993=DIRECTION('',(1.,0.,0.));
#2994=DIRECTION('',(-4.19195220040708E-9,7.21644966006352E-16,-1.));
#2995=DIRECTION('',(0.,0.,1.));
#2996=DIRECTION('',(1.,0.,0.));
#2997=DIRECTION('',(0.,0.,1.));
#2998=DIRECTION('',(1.,0.,0.));
#2999=DIRECTION('',(5.47382212626882E-47,-5.82867087928207E-16,-1.));
#3000=DIRECTION('',(0.,1.,-5.82867087928207E-16));
#3001=DIRECTION('',(5.47382212626882E-47,-5.82867087928207E-16,-1.));
#3002=DIRECTION('',(0.,1.,-5.82867087928207E-16));
#3003=DIRECTION('',(5.47382212626882E-47,-5.82867087928207E-16,-1.));
#3004=DIRECTION('',(0.,1.,-5.82867087928207E-16));
#3005=DIRECTION('',(-1.,-6.30757719251224E-16,5.47382212626882E-47));
#3006=DIRECTION('',(6.30757719251224E-16,-1.,0.));
#3007=DIRECTION('',(-1.,-6.30757719251224E-16,5.47382212626882E-47));
#3008=DIRECTION('',(6.30757719251224E-16,-1.,0.));
#3009=DIRECTION('',(6.30757719251224E-16,-1.,5.82867087928207E-16));
#3010=DIRECTION('',(3.67647915008199E-31,-5.82867087928207E-16,-1.));
#3011=DIRECTION('',(6.30757719251224E-16,-1.,5.82867087928207E-16));
#3012=DIRECTION('',(3.67647915008199E-31,-5.82867087928207E-16,-1.));
#3013=DIRECTION('',(1.38777878078144E-15,-1.,5.82867087928207E-16));
#3014=DIRECTION('',(3.67647915008199E-31,-5.82867087928207E-16,-1.));
#3015=DIRECTION('',(-1.,-6.307577179156E-16,2.29147202737026E-9));
#3016=DIRECTION('',(2.29147202737026E-9,0.,1.));
#3017=DIRECTION('',(-1.14573546743292E-9,-0.866025403784439,-0.5));
#3018=DIRECTION('',(-1.03397576569128E-25,-6.10622663543836E-16,-1.));
#3019=DIRECTION('',(-1.,-6.30757719251224E-16,5.47382212626882E-47));
#3020=DIRECTION('',(6.30757719251224E-16,-1.,0.));
#3021=DIRECTION('',(5.46252208504693E-16,-0.866025403784439,-0.5));
#3022=DIRECTION('',(-2.2914795289391E-9,-5.82867089373576E-16,-1.));
#3023=DIRECTION('',(-1.,0.,2.2914795289391E-9));
#3024=DIRECTION('',(1.,6.30757717915596E-16,-2.2914795289391E-9));
#3025=DIRECTION('',(6.30757719251224E-16,-1.,5.82867087928207E-16));
#3026=DIRECTION('',(1.,6.30757717411541E-16,-2.2914795289391E-9));
#3027=DIRECTION('',(6.30757719251224E-16,-1.,5.82867087928207E-16));
#3028=DIRECTION('',(5.47382212626882E-47,-5.82867087928207E-16,-1.));
#3029=DIRECTION('',(0.,1.,-5.82867087928207E-16));
#3030=DIRECTION('',(1.,6.30757719251224E-16,-3.67647915008199E-31));
#3031=DIRECTION('',(6.30757719251224E-16,-1.,5.82867087928207E-16));
#3032=DIRECTION('',(1.,6.30757719251224E-16,-3.67647915008199E-31));
#3033=DIRECTION('',(1.,3.19051076257529E-62,5.47382212626882E-47));
#3034=DIRECTION('',(-1.,-6.30757719251224E-16,3.67647915008199E-31));
#3035=DIRECTION('',(6.30757719251224E-16,-1.,5.82867087928207E-16));
#3036=DIRECTION('',(-1.,-6.30757719251224E-16,3.67647915008199E-31));
#3037=DIRECTION('',(6.30757719251224E-16,-1.,5.82867087928207E-16));
#3038=DIRECTION('',(5.47382212626882E-47,-5.82867087928207E-16,-1.));
#3039=DIRECTION('',(0.,1.,-5.82867087928207E-16));
#3040=DIRECTION('',(-1.,-3.19051076257529E-62,-5.47382212626882E-47));
#3041=DIRECTION('',(5.47382212626882E-47,-5.82867087928207E-16,-1.));
#3042=DIRECTION('',(0.,1.,-5.82867087928207E-16));
#3043=DIRECTION('',(-1.,-6.307577179156E-16,2.29147202737026E-9));
#3044=DIRECTION('',(2.29147202737026E-9,0.,1.));
#3045=DIRECTION('',(-2.29147202737026E-9,-5.82867089373571E-16,-1.));
#3046=DIRECTION('',(-1.,-6.307577179156E-16,2.29147202737026E-9));
#3047=DIRECTION('',(2.29147202737026E-9,0.,1.));
#3048=DIRECTION('',(-1.14573546743292E-9,-0.866025403784439,-0.5));
#3049=DIRECTION('',(1.,6.307577179156E-16,-2.29147202737026E-9));
#3050=DIRECTION('',(-2.29147202737026E-9,0.,-1.));
#3051=DIRECTION('',(-2.29147202737026E-9,-6.10622663543836E-16,-1.));
#3052=DIRECTION('',(-1.14573546743292E-9,-0.866025403784439,-0.5));
#3053=DIRECTION('',(-1.,-6.307577179156E-16,2.29147202737026E-9));
#3054=DIRECTION('',(2.29147202737026E-9,0.,1.));
#3055=DIRECTION('',(-6.30757719251224E-16,1.,-5.82867087928207E-16));
#3056=DIRECTION('',(-1.,-6.30757719251224E-16,3.67647915008199E-31));
#3057=DIRECTION('',(-6.30757719251224E-16,1.,-5.82867087928207E-16));
#3058=DIRECTION('',(-1.,-6.30757719251224E-16,0.));
#3059=DIRECTION('',(-1.,-6.307577179156E-16,2.29147202737026E-9));
#3060=DIRECTION('',(2.29147202737026E-9,0.,1.));
#3061=DIRECTION('',(1.,-1.14573538292741E-9,-3.06999039606183E-10));
#3062=DIRECTION('',(-1.98447979969211E-9,0.5,-0.866025403784439));
#3063=DIRECTION('',(0.,0.866025403784439,0.5));
#3064=DIRECTION('',(1.,6.30757717411541E-16,-2.2914795289391E-9));
#3065=DIRECTION('',(5.4625220849821E-16,-0.866025403784439,-0.5));
#3066=DIRECTION('',(1.,6.30757717915596E-16,-2.2914795289391E-9));
#3067=DIRECTION('',(3.06998724227324E-10,0.5,-0.866025403784439));
#3068=DIRECTION('',(0.,0.866025403784439,0.5));
#3069=DIRECTION('',(1.,-1.14573538292741E-9,-3.06999039606183E-10));
#3070=DIRECTION('',(-1.,-6.30757720586855E-16,-2.29148546676185E-9));
#3071=DIRECTION('',(-2.29148546676185E-9,0.,1.));
#3072=DIRECTION('',(2.29148546676185E-9,-5.82867086482835E-16,-1.));
#3073=DIRECTION('',(6.30757719251224E-16,-1.,5.82867087928207E-16));
#3074=DIRECTION('',(-1.,-6.30757720586855E-16,-2.29148546676185E-9));
#3075=DIRECTION('',(-2.29148546676185E-9,0.,1.));
#3076=DIRECTION('',(1.14574327963314E-9,-0.866025403784439,-0.5));
#3077=DIRECTION('',(-1.,-6.30757720586855E-16,-2.29148546676185E-9));
#3078=DIRECTION('',(-2.29148546676185E-9,0.,1.));
#3079=DIRECTION('',(2.29148546676185E-9,-6.10622663543836E-16,-1.));
#3080=DIRECTION('',(-1.14573546743292E-9,-0.866025403784439,-0.5));
#3081=DIRECTION('',(-1.,-6.307577179156E-16,2.29147202737026E-9));
#3082=DIRECTION('',(2.29147202737026E-9,0.,1.));
#3083=DIRECTION('',(2.29148546676185E-9,-5.82867087928207E-16,-1.));
#3084=DIRECTION('',(6.30757719251224E-16,-1.,5.82867087928207E-16));
#3085=DIRECTION('',(2.29148546676185E-9,-5.82867087928207E-16,-1.));
#3086=DIRECTION('',(-5.47382212626882E-47,5.82867087928207E-16,1.));
#3087=DIRECTION('',(0.,-1.,5.82867087928207E-16));
#3088=DIRECTION('',(-1.,-6.30757719251224E-16,3.67647915008199E-31));
#3089=DIRECTION('',(6.30757719251224E-16,-1.,5.82867087928207E-16));
#3090=DIRECTION('',(-1.,-6.30757719251224E-16,3.67647915008199E-31));
#3091=DIRECTION('',(6.30757719251224E-16,-1.,5.82867087928207E-16));
#3092=DIRECTION('',(-1.,-6.30757720586855E-16,-2.29148578833286E-9));
#3093=DIRECTION('',(-2.29148578833286E-9,0.,1.));
#3094=DIRECTION('',(2.29148578833286E-9,-5.82867086482835E-16,-1.));
#3095=DIRECTION('',(-1.,-6.307577179156E-16,2.29147202737026E-9));
#3096=DIRECTION('',(2.29147202737026E-9,0.,1.));
#3097=DIRECTION('',(-1.14573546743292E-9,-0.866025403784439,-0.5));
#3098=DIRECTION('',(2.29148578833286E-9,-6.10622663543836E-16,-1.));
#3099=DIRECTION('',(1.,6.307577179156E-16,-2.29147202737026E-9));
#3100=DIRECTION('',(-2.29147202737026E-9,0.,-1.));
#3101=DIRECTION('',(-1.14573546743292E-9,-0.866025403784439,-0.5));
#3102=DIRECTION('',(-1.,-6.30757720586855E-16,-2.29148578833286E-9));
#3103=DIRECTION('',(-2.29148578833286E-9,0.,1.));
#3104=DIRECTION('',(-6.30757719251224E-16,1.,-5.82867087928207E-16));
#3105=DIRECTION('',(-1.,-6.30757719251224E-16,3.67647915008199E-31));
#3106=DIRECTION('',(-6.30757719251224E-16,1.,-5.82867087928207E-16));
#3107=DIRECTION('',(-1.,-6.30757719251224E-16,0.));
#3108=DIRECTION('',(-1.,-6.307577179156E-16,2.29147202737026E-9));
#3109=DIRECTION('',(2.29147202737026E-9,0.,1.));
#3110=DIRECTION('',(-1.,1.14573538292741E-9,3.06999039606183E-10));
#3111=DIRECTION('',(-3.06998724227324E-10,-0.5,0.866025403784439));
#3112=DIRECTION('',(0.,-0.866025403784439,-0.5));
#3113=DIRECTION('',(-1.,1.14573538292741E-9,3.06999039606183E-10));
#3114=DIRECTION('',(3.15378859625612E-16,-0.5,0.866025403784439));
#3115=DIRECTION('',(0.,-0.866025403784439,-0.5));
#3116=DIRECTION('',(-1.,-6.30757719251224E-16,3.67647915008199E-31));
#3117=DIRECTION('',(1.14574327963314E-9,-0.866025403784439,-0.5));
#3118=DIRECTION('',(-1.,-6.30757719251224E-16,3.88251592408099E-31));
#3119=DIRECTION('',(0.,1.,-5.82867087928207E-16));
#3120=DIRECTION('',(0.,5.82867087928207E-16,1.));
#3121=DIRECTION('',(1.,3.19051076257529E-62,5.47382212626882E-47));
#3122=DIRECTION('',(2.29148546676185E-9,-5.82867087928207E-16,-1.));
#3123=DIRECTION('',(3.67647915008199E-31,-5.82867087928207E-16,-1.));
#3124=DIRECTION('',(0.,-1.,5.82867087928207E-16));
#3125=DIRECTION('',(0.,-5.82867087928207E-16,-1.));
#3126=DIRECTION('',(2.29148546676185E-9,-5.82867087928207E-16,-1.));
#3127=DIRECTION('',(-1.,-3.19051076257529E-62,-5.47382212626882E-47));
#3128=DIRECTION('',(3.67647915008199E-31,-5.82867087928207E-16,-1.));
#3129=DIRECTION('',(5.47382212626882E-47,-5.82867087928207E-16,-1.));
#3130=DIRECTION('',(1.,3.19051076257529E-62,5.47382212626882E-47));
#3131=DIRECTION('',(-5.47382212626882E-47,5.82867087928207E-16,1.));
#3132=DIRECTION('',(0.,-1.,5.82867087928207E-16));
#3133=DIRECTION('',(5.47382212626882E-47,-5.82867087928207E-16,-1.));
#3134=DIRECTION('',(0.,1.,-5.82867087928207E-16));
#3135=DIRECTION('',(5.47382212626882E-47,-5.82867087928207E-16,-1.));
#3136=DIRECTION('',(0.,1.,-5.82867087928207E-16));
#3137=DIRECTION('',(5.47382212626882E-47,-5.82867087928207E-16,-1.));
#3138=DIRECTION('',(0.,1.,-5.82867087928207E-16));
#3139=DIRECTION('',(5.47382212626882E-47,-5.82867087928207E-16,-1.));
#3140=DIRECTION('',(0.,1.,-5.82867087928207E-16));
#3141=DIRECTION('',(-5.47382212626882E-47,5.82867087928207E-16,1.));
#3142=DIRECTION('',(0.,-1.,5.82867087928207E-16));
#3143=DIRECTION('',(-5.47382212626882E-47,5.82867087928207E-16,1.));
#3144=DIRECTION('',(0.,-1.,5.82867087928207E-16));
#3145=DIRECTION('',(-5.47382212626882E-47,5.82867087928207E-16,1.));
#3146=DIRECTION('',(1.,3.19051076257529E-62,5.47382212626882E-47));
#3147=DIRECTION('',(-2.29148546676185E-9,5.82867087928207E-16,1.));
#3148=DIRECTION('',(1.,0.,2.29148546676185E-9));
#3149=DIRECTION('',(3.67647915008199E-31,-5.82867087928207E-16,-1.));
#3150=DIRECTION('',(0.,1.,-5.82867087928207E-16));
#3151=DIRECTION('',(-2.29148546676185E-9,5.82867087928207E-16,1.));
#3152=DIRECTION('',(1.,0.,2.29148546676185E-9));
#3153=DIRECTION('',(3.67647915008199E-31,-5.82867087928207E-16,-1.));
#3154=DIRECTION('',(0.,1.,-5.82867087928207E-16));
#3155=DIRECTION('',(1.,6.307577179156E-16,-2.29147202737026E-9));
#3156=DIRECTION('',(-2.29147202737026E-9,0.,-1.));
#3157=DIRECTION('',(-1.,-1.14573664444285E-9,3.06999039606185E-10));
#3158=DIRECTION('',(1.,6.307577179156E-16,-2.29147202737026E-9));
#3159=DIRECTION('',(-2.29147202737026E-9,0.,-1.));
#3160=DIRECTION('',(1.,-3.12002670122669E-15,-2.29147852391944E-9));
#3161=DIRECTION('',(0.,0.,-1.));
#3162=DIRECTION('',(-1.,0.,0.));
#3163=DIRECTION('',(0.,0.,-1.));
#3164=DIRECTION('',(-1.,0.,0.));
#3165=DIRECTION('',(-1.,-3.96895398539003E-9,0.));
#3166=DIRECTION('',(0.,0.,-1.));
#3167=DIRECTION('',(-1.,0.,0.));
#3168=DIRECTION('',(0.,0.,-1.));
#3169=DIRECTION('',(-1.,0.,0.));
#3170=DIRECTION('',(1.03397651348837E-25,6.10622663543836E-16,-1.));
#3171=DIRECTION('',(0.,0.,-1.));
#3172=DIRECTION('',(-1.,0.,0.));
#3173=DIRECTION('',(0.,0.,-1.));
#3174=DIRECTION('',(-1.,0.,0.));
#3175=DIRECTION('',(0.,0.,-1.));
#3176=DIRECTION('',(-1.,0.,0.));
#3177=DIRECTION('',(0.,0.,-1.));
#3178=DIRECTION('',(-1.,0.,0.));
#3179=DIRECTION('',(-1.,1.14573550539209E-9,-3.06999039606183E-10));
#3180=DIRECTION('',(0.,0.,-1.));
#3181=DIRECTION('',(-1.,0.,0.));
#3182=DIRECTION('',(2.29147202737026E-9,6.10622663263212E-16,-1.));
#3183=DIRECTION('',(0.,0.,1.));
#3184=DIRECTION('',(1.,0.,0.));
#3185=DIRECTION('',(0.,0.,-1.));
#3186=DIRECTION('',(-1.,0.,0.));
#3187=DIRECTION('',(1.,-1.14573550539209E-9,3.06999039606183E-10));
#3188=DIRECTION('',(0.,0.,-1.));
#3189=DIRECTION('',(-1.,0.,0.));
#3190=DIRECTION('',(0.,0.,-1.));
#3191=DIRECTION('',(-1.,0.,0.));
#3192=DIRECTION('',(0.,0.,1.));
#3193=DIRECTION('',(1.,0.,0.));
#3194=DIRECTION('',(-2.29148546676185E-9,6.10622663824462E-16,-1.));
#3195=DIRECTION('',(0.,0.,1.));
#3196=DIRECTION('',(1.,0.,0.));
#3197=DIRECTION('',(1.,1.67747445645093E-9,0.));
#3198=DIRECTION('',(0.,0.,1.));
#3199=DIRECTION('',(1.,0.,0.));
#3200=DIRECTION('',(0.,0.,-1.));
#3201=DIRECTION('',(-1.,0.,0.));
#3202=DIRECTION('',(0.,0.,-1.));
#3203=DIRECTION('',(-1.,0.,0.));
#3204=DIRECTION('',(-2.29148578833286E-9,6.10622663824462E-16,-1.));
#3205=DIRECTION('',(1.,1.1457328193476E-9,3.07004423269582E-10));
#3206=DIRECTION('',(-1.1457328193476E-9,1.,0.));
#3207=DIRECTION('',(1.,1.1457328193476E-9,3.07004423269582E-10));
#3208=DIRECTION('',(-1.1457328193476E-9,1.,0.));
#3209=DIRECTION('',(1.,-8.38739653676041E-10,1.45273392325016E-9));
#3210=DIRECTION('',(1.,1.1457328193476E-9,3.07004423269582E-10));
#3211=DIRECTION('',(-1.1457328193476E-9,1.,0.));
#3212=DIRECTION('',(1.,1.1457328193476E-9,3.07004423269582E-10));
#3213=DIRECTION('',(-1.1457328193476E-9,1.,0.));
#3214=DIRECTION('',(1.,1.1457328193476E-9,3.07004423269582E-10));
#3215=DIRECTION('',(-1.1457328193476E-9,1.,0.));
#3216=DIRECTION('',(-8.38731515869798E-10,0.866025403784439,-0.5));
#3217=DIRECTION('',(1.,1.1457328193476E-9,3.07004423269582E-10));
#3218=DIRECTION('',(-1.1457328193476E-9,1.,0.));
#3219=DIRECTION('',(-1.1457328193476E-9,1.,0.));
#3220=DIRECTION('',(3.07004423269582E-10,3.87345989133079E-22,-1.));
#3221=DIRECTION('',(3.07000795184763E-10,0.866025403784439,-0.5));
#3222=DIRECTION('',(1.,1.1457328193476E-9,3.07004423269582E-10));
#3223=DIRECTION('',(-1.1457328193476E-9,1.,0.));
#3224=DIRECTION('',(3.07000795184763E-10,0.866025403784439,-0.5));
#3225=DIRECTION('',(-4.19195252197808E-9,7.21644966006352E-16,-1.));
#3226=DIRECTION('',(-1.,-3.96618156973625E-9,3.35221435625273E-9));
#3227=DIRECTION('',(3.96618156973625E-9,-1.,0.));
#3228=DIRECTION('',(3.07000795184763E-10,0.866025403784439,-0.5));
#3229=DIRECTION('',(1.,1.1457328193476E-9,3.07004423269582E-10));
#3230=DIRECTION('',(-1.1457328193476E-9,1.,0.));
#3231=DIRECTION('',(1.,1.1457328193476E-9,3.07004423269582E-10));
#3232=DIRECTION('',(-1.1457328193476E-9,1.,0.));
#3233=DIRECTION('',(3.07004423269582E-10,3.87345989133079E-22,-1.));
#3234=DIRECTION('',(1.,1.1457328193476E-9,3.07004423269582E-10));
#3235=DIRECTION('',(-1.1457328193476E-9,1.,0.));
#3236=DIRECTION('',(-8.38731515869798E-10,0.866025403784439,-0.5));
#3237=DIRECTION('',(1.,1.1457328193476E-9,3.07004423269582E-10));
#3238=DIRECTION('',(-1.1457328193476E-9,1.,0.));
#3239=DIRECTION('',(1.,1.1457328193476E-9,3.07004423269582E-10));
#3240=DIRECTION('',(-1.1457328193476E-9,1.,0.));
#3241=DIRECTION('',(3.07000795184763E-10,0.866025403784439,-0.5));
#3242=DIRECTION('',(1.,1.1457328193476E-9,3.07004423269582E-10));
#3243=DIRECTION('',(-1.1457328193476E-9,1.,0.));
#3244=DIRECTION('',(1.,1.1457328193476E-9,3.07004423269582E-10));
#3245=DIRECTION('',(-1.1457328193476E-9,1.,0.));
#3246=DIRECTION('',(-1.,8.38739653676041E-10,-1.45273392325016E-9));
#3247=DIRECTION('',(1.,1.1457328193476E-9,3.07004423269582E-10));
#3248=DIRECTION('',(-1.1457328193476E-9,1.,0.));
#3249=DIRECTION('',(1.,1.1457328193476E-9,3.07004423269582E-10));
#3250=DIRECTION('',(-1.1457328193476E-9,1.,0.));
#3251=DIRECTION('',(3.07000795184763E-10,0.866025403784439,-0.5));
#3252=DIRECTION('',(-1.,-3.96618156973625E-9,3.35221435625273E-9));
#3253=DIRECTION('',(3.96618156973625E-9,-1.,0.));
#3254=DIRECTION('',(3.91005293725039E-10,7.21644966006352E-16,-1.));
#3255=DIRECTION('',(3.07000795184763E-10,0.866025403784439,-0.5));
#3256=DIRECTION('',(1.98447699269502E-9,-0.5,-0.866025403784439));
#3257=DIRECTION('',(0.,0.866025403784439,-0.5));
#3258=DIRECTION('',(-1.,-3.96895398539003E-9,-3.87740912134231E-26));
#3259=DIRECTION('',(-8.38731515869798E-10,0.866025403784439,-0.5));
#3260=DIRECTION('',(-1.,3.24249138114142E-15,-2.29147852391944E-9));
#3261=DIRECTION('',(8.38734655636051E-10,-0.5,-0.866025403784439));
#3262=DIRECTION('',(0.,0.866025403784439,-0.5));
#3263=DIRECTION('',(-1.,8.38739653676041E-10,-1.45273392325016E-9));
#3264=DIRECTION('',(8.38734655636051E-10,-0.5,-0.866025403784439));
#3265=DIRECTION('',(-8.38722191091264E-10,0.866025403784439,-0.5));
#3266=DIRECTION('',(-8.38734655636051E-10,0.5,0.866025403784439));
#3267=DIRECTION('',(0.,-0.866025403784439,0.5));
#3268=DIRECTION('',(-8.38734655636051E-10,0.5,0.866025403784439));
#3269=DIRECTION('',(8.38722191091264E-10,-0.866025403784439,0.5));
#3270=DIRECTION('',(1.,-8.38739653676041E-10,1.45273392325016E-9));
#3271=DIRECTION('',(-8.38737228225465E-10,0.5,0.866025403784439));
#3272=DIRECTION('',(0.,-0.866025403784439,0.5));
#3273=DIRECTION('',(1.,1.14573652197817E-9,3.06999039606185E-10));
#3274=DIRECTION('',(-8.38731515869798E-10,0.866025403784439,-0.5));
#3275=DIRECTION('',(1.,1.67747445645093E-9,-1.93870456067116E-26));
#3276=DIRECTION('',(-1.,-3.96618156973625E-9,3.35221435625273E-9));
#3277=DIRECTION('',(3.96618156973625E-9,-1.,0.));
#3278=DIRECTION('',(1.,-3.0600218952972E-10,-1.59346512144962E-9));
#3279=DIRECTION('',(-1.,-3.96618156973625E-9,3.35221435625273E-9));
#3280=DIRECTION('',(3.96618156973625E-9,-1.,0.));
#3281=DIRECTION('',(-1.,2.29048167384297E-9,4.47725356980075E-10));
#3282=DIRECTION('',(0.,0.,-1.));
#3283=DIRECTION('',(-1.,0.,0.));
#3284=DIRECTION('',(0.,0.,-1.));
#3285=DIRECTION('',(-1.,0.,0.));
#3286=DIRECTION('',(3.06596467873704E-9,1.,0.));
#3287=DIRECTION('',(0.,0.,1.));
#3288=DIRECTION('',(1.,0.,0.));
#3289=DIRECTION('',(0.,0.,1.));
#3290=DIRECTION('',(1.,0.,0.));
#3291=DIRECTION('',(0.,0.,-1.));
#3292=DIRECTION('',(-1.,0.,0.));
#3293=DIRECTION('',(0.,0.,-1.));
#3294=DIRECTION('',(-1.,0.,0.));
#3295=DIRECTION('',(0.,0.,-1.));
#3296=DIRECTION('',(-1.,0.,0.));
#3297=DIRECTION('',(0.,0.,1.));
#3298=DIRECTION('',(1.,0.,0.));
#3299=DIRECTION('',(8.38739592443701E-10,1.,-1.45273392325016E-9));
#3300=DIRECTION('',(-2.90474607081584E-9,-1.,0.));
#3301=DIRECTION('',(-8.38739592443701E-10,-1.,1.45273392325016E-9));
#3302=DIRECTION('',(0.,0.,1.));
#3303=DIRECTION('',(1.,0.,0.));
#3304=DIRECTION('',(1.,1.26169514109228E-12,0.));
#3305=DIRECTION('',(0.,0.,1.));
#3306=DIRECTION('',(1.,0.,0.));
#3307=DIRECTION('',(0.,0.,1.));
#3308=DIRECTION('',(1.,0.,0.));
#3309=DIRECTION('',(0.,0.,1.));
#3310=DIRECTION('',(1.,0.,0.));
#3311=DIRECTION('',(0.,0.,1.));
#3312=DIRECTION('',(1.,0.,0.));
#3313=DIRECTION('',(-3.06596467873705E-9,-1.,0.));
#3314=DIRECTION('',(0.,0.,1.));
#3315=DIRECTION('',(1.,0.,0.));
#3316=DIRECTION('',(-1.45173804189047E-9,-1.,-7.54743493333139E-10));
#3317=DIRECTION('',(1.,-1.45173804189047E-9,0.));
#3318=DIRECTION('',(1.82872896102552E-10,-1.,8.50488802985059E-10));
#3319=DIRECTION('',(-1.45173804189047E-9,-1.,-7.54743493333139E-10));
#3320=DIRECTION('',(1.,-1.45173804189047E-9,0.));
#3321=DIRECTION('',(-1.82872896102552E-10,1.,-8.50488802985059E-10));
#3322=DIRECTION('',(-0.5,1.53298233936852E-9,-0.866025403784439));
#3323=DIRECTION('',(-0.866025403784439,0.,0.5));
#3324=DIRECTION('',(3.06596467873704E-9,1.,3.87740912134231E-26));
#3325=DIRECTION('',(-0.5,1.53298233936852E-9,-0.866025403784439));
#3326=DIRECTION('',(-0.866025403784439,1.14571631222579E-9,0.5));
#3327=DIRECTION('',(0.866025403784439,-8.79870277250852E-10,-0.5));
#3328=DIRECTION('',(2.29048161261064E-9,1.,4.47725356980075E-10));
#3329=DIRECTION('',(-0.5,-8.27981357070556E-10,-0.866025403784439));
#3330=DIRECTION('',(-0.866025403784439,0.,0.5));
#3331=DIRECTION('',(-1.82872896102552E-10,1.,-8.50488802985059E-10));
#3332=DIRECTION('',(0.5,8.27981357070556E-10,0.866025403784439));
#3333=DIRECTION('',(0.866025403784439,0.,-0.5));
#3334=DIRECTION('',(0.5,-1.53298233936852E-9,0.866025403784439));
#3335=DIRECTION('',(0.866025403784439,0.,-0.5));
#3336=DIRECTION('',(-3.0600212829738E-10,-1.,-1.59346512144962E-9));
#3337=DIRECTION('',(0.866025403784439,-8.79870277250852E-10,-0.5));
#3338=DIRECTION('',(-3.06596467873705E-9,-1.,0.));
#3339=DIRECTION('',(-1.23802357875389E-8,1.,-6.56961294217057E-9));
#3340=DIRECTION('',(-1.,-1.23802357875389E-8,0.));
#3341=DIRECTION('',(2.23903101570855E-9,-1.,-4.59875496481408E-9));
#3342=DIRECTION('',(-1.23802357875389E-8,1.,-6.56961294217057E-9));
#3343=DIRECTION('',(-1.,-1.23802357875389E-8,0.));
#3344=DIRECTION('',(-0.25881904510252,3.86255231984838E-9,-0.965925826289068));
#3345=DIRECTION('',(-0.965925826289069,0.,0.25881904510252));
#3346=DIRECTION('',(-1.45173804189047E-9,-1.,-7.54743493333139E-10));
#3347=DIRECTION('',(0.965925826289069,-1.2069292774265E-9,-0.25881904510252));
#3348=DIRECTION('',(-0.25881904510252,-8.68840088117339E-10,-0.965925826289069));
#3349=DIRECTION('',(-0.965925826289069,0.,0.25881904510252));
#3350=DIRECTION('',(1.,-2.90474607081584E-9,0.));
#3351=DIRECTION('',(2.90474607081584E-9,1.,0.));
#3352=DIRECTION('',(2.19233819673326E-18,7.54743493333139E-10,-1.));
#3353=DIRECTION('',(-2.90474607081584E-9,-1.,0.));
#3354=DIRECTION('',(2.19233819673326E-18,7.54743493333139E-10,-1.));
#3355=DIRECTION('',(-1.26169514109228E-12,1.,0.));
#3356=DIRECTION('',(-1.,-1.26169514109228E-12,0.));
#3357=DIRECTION('',(3.07004423269582E-10,3.87345989133068E-22,-1.));
#3358=DIRECTION('',(1.,1.26169514109228E-12,0.));
#3359=DIRECTION('',(3.07004423269582E-10,3.87345989133068E-22,-1.));
#3360=DIRECTION('',(0.,0.,-1.));
#3361=DIRECTION('',(1.,0.,0.));
#3362=DIRECTION('',(0.,0.,1.));
#3363=DIRECTION('',(1.,0.,0.));
#3364=DIRECTION('',(0.,0.,1.));
#3365=DIRECTION('',(1.,0.,0.));
#3366=DIRECTION('',(0.,0.,-1.));
#3367=DIRECTION('',(-1.,0.,0.));
#3368=DIRECTION('',(0.,0.,-1.));
#3369=DIRECTION('',(-1.,0.,0.));
#3370=DIRECTION('',(0.,0.,-1.));
#3371=DIRECTION('',(-1.,0.,0.));
#3372=DIRECTION('',(0.,0.,-1.));
#3373=DIRECTION('',(-1.,0.,0.));
#3374=DIRECTION('',(0.,0.,1.));
#3375=DIRECTION('',(1.,0.,0.));
#3376=DIRECTION('',(0.,0.,1.));
#3377=DIRECTION('',(1.,0.,0.));
#3378=DIRECTION('',(0.,0.,1.));
#3379=DIRECTION('',(1.,0.,0.));
#3380=DIRECTION('',(0.,0.,1.));
#3381=DIRECTION('',(1.,0.,0.));
#3382=DIRECTION('',(0.,0.,1.));
#3383=DIRECTION('',(1.,0.,0.));
#3384=DIRECTION('',(0.,0.,1.));
#3385=DIRECTION('',(1.,0.,0.));
#3386=DIRECTION('',(-3.07004423269582E-10,-3.87345989133068E-22,1.));
#3387=DIRECTION('',(1.,0.,3.07004423269582E-10));
#3388=DIRECTION('',(3.07004423269582E-10,3.87345989133068E-22,-1.));
#3389=DIRECTION('',(-1.,0.,-3.07004423269582E-10));
#3390=DIRECTION('',(-2.19233819673326E-18,-7.54743493333139E-10,1.));
#3391=DIRECTION('',(0.,-1.,-7.54743493333139E-10));
#3392=DIRECTION('',(0.654653670707976,-1.7218788044814E-9,0.755928946018456));
#3393=DIRECTION('',(-0.755928946018456,8.35364256908317E-10,0.654653670707976));
#3394=DIRECTION('',(2.19233819673326E-18,7.54743493333139E-10,-1.));
#3395=DIRECTION('',(0.,1.,7.54743493333139E-10));
#3396=DIRECTION('',(-1.,1.45173804189047E-9,1.09568901963296E-18));
#3397=DIRECTION('',(-1.45173804189047E-9,-1.,0.));
#3398=DIRECTION('',(1.45173804189047E-9,1.,5.31495591672014E-10));
#3399=DIRECTION('',(-1.,1.45173804189047E-9,1.09568901963296E-18));
#3400=DIRECTION('',(-1.45173804189047E-9,-1.,0.));
#3401=DIRECTION('',(-1.,1.45173804189047E-9,1.09568901963296E-18));
#3402=DIRECTION('',(8.21508058806108E-25,7.5474349333314E-10,-1.));
#3403=DIRECTION('',(-1.,1.45173804189047E-9,1.09568901963296E-18));
#3404=DIRECTION('',(-8.21508058806108E-25,-7.5474349333314E-10,1.));
#3405=DIRECTION('',(-1.,1.45173804189047E-9,1.09568901963296E-18));
#3406=DIRECTION('',(-1.45173804189047E-9,-1.,0.));
#3407=DIRECTION('',(-0.25881904510252,1.1047636861752E-9,-0.965925826289069));
#3408=DIRECTION('',(-0.965925826289069,0.,0.25881904510252));
#3409=DIRECTION('',(1.09568983619763E-18,7.54743493333139E-10,-1.));
#3410=DIRECTION('',(1.,-8.26964774581418E-28,1.09568983619763E-18));
#3411=DIRECTION('',(1.09568983619763E-18,7.54743493333139E-10,-1.));
#3412=DIRECTION('',(0.,1.,7.54743493333139E-10));
#3413=DIRECTION('',(1.45173804189047E-9,1.,-1.28848148375937E-9));
#3414=DIRECTION('',(-1.,1.45173804189047E-9,0.));
#3415=DIRECTION('',(1.45173804189047E-9,1.,-1.28848148375937E-9));
#3416=DIRECTION('',(-1.,1.45173804189047E-9,0.));
#3417=DIRECTION('',(3.06596467873705E-9,1.,0.));
#3418=DIRECTION('',(-1.,3.06596467873705E-9,0.));
#3419=DIRECTION('',(-3.06596467873704E-9,-1.,0.));
#3420=DIRECTION('',(1.,-3.06596467873704E-9,0.));
#3421=DIRECTION('',(-1.,-1.67747445645093E-9,0.));
#3422=DIRECTION('',(1.67747445645093E-9,-1.,0.));
#3423=DIRECTION('',(1.,3.96895398539003E-9,0.));
#3424=DIRECTION('',(-3.96895398539003E-9,1.,0.));
#3425=DIRECTION('',(-1.,-6.30757717411541E-16,2.2914795289391E-9));
#3426=DIRECTION('',(2.2914795289391E-9,0.,1.));
#3427=DIRECTION('',(1.,6.30757719251224E-16,-3.90800421740581E-31));
#3428=DIRECTION('',(-6.30757719251224E-16,1.,0.));
#3429=DIRECTION('',(6.30757719251224E-16,-1.,5.82867087928207E-16));
#3430=DIRECTION('',(1.,6.30757719251224E-16,0.));
#3431=DIRECTION('',(0.,1.,0.));
#3432=DIRECTION('',(0.,0.,1.));
#3433=DIRECTION('',(-1.,-6.30757719251224E-16,5.47382212626882E-47));
#3434=DIRECTION('',(6.30757719251224E-16,-1.,0.));
#3435=DIRECTION('',(-9.29635508958564E-16,0.866025403784439,0.5));
#3436=DIRECTION('',(0.,-0.5,0.86602540378444));
#3437=DIRECTION('',(5.46252208504693E-16,-0.866025403784439,-0.5));
#3438=DIRECTION('',(0.,0.5,-0.866025403784439));
#3439=DIRECTION('',(0.,0.866025403784439,0.5));
#3440=DIRECTION('',(0.,-0.5,0.86602540378444));
#3441=DIRECTION('',(-1.,-6.30757719251224E-16,5.47382212626882E-47));
#3442=DIRECTION('',(6.30757719251224E-16,-1.,0.));
#3443=DIRECTION('',(9.90395265798582E-10,1.,-1.55341020096235E-10));
#3444=DIRECTION('',(-1.,9.90395265798582E-10,0.));
#3445=DIRECTION('',(0.,0.,-1.));
#3446=DIRECTION('',(-1.,0.,0.));
#3447=DIRECTION('',(-0.421063018685004,-0.907031385507619,0.));
#3448=DIRECTION('',(0.90703138550762,-0.421063018685004,0.));
#3449=DIRECTION('',(1.07427646497831E-9,-0.973958526975149,0.226726239620381));
#3450=DIRECTION('',(0.,-0.226726239620381,-0.973958526975149));
#3451=DIRECTION('',(1.,1.1457328193476E-9,3.07004423269582E-10));
#3452=DIRECTION('',(-1.1457328193476E-9,1.,0.));
#3453=DIRECTION('',(8.38735446350405E-10,-0.86602540378444,0.5));
#3454=DIRECTION('',(0.,-0.5,-0.86602540378444));
#3455=DIRECTION('',(-8.38731515869798E-10,0.866025403784439,-0.5));
#3456=DIRECTION('',(0.,0.5,0.866025403784439));
#3457=DIRECTION('',(-7.11217431036236E-9,-0.86602540378444,0.5));
#3458=DIRECTION('',(0.,-0.5,-0.86602540378444));
#3459=DIRECTION('',(1.,1.1457328193476E-9,3.07004423269582E-10));
#3460=DIRECTION('',(-1.1457328193476E-9,1.,0.));
#3461=DIRECTION('',(9.91592433640934E-10,-0.94952315885748,0.313696941000885));
#3462=DIRECTION('',(0.,-0.313696941000885,-0.94952315885748));
#3463=DIRECTION('',(0.965925826289069,-1.2069292774265E-9,-0.25881904510252));
#3464=DIRECTION('',(-0.25881904510252,0.,-0.965925826289069));
#3465=DIRECTION('',(-1.,1.45173804189047E-9,1.09568901963296E-18));
#3466=DIRECTION('',(8.21508058806108E-25,7.5474349333314E-10,-1.));
#3467=DIRECTION('',(0.96592582664122,-1.20692927348439E-9,-0.258819043788272));
#3468=DIRECTION('',(-0.258819043788272,0.,-0.96592582664122));
#3469=DIRECTION('',(-9.9127650532449E-10,-1.,-7.95091075978741E-9));
#3470=DIRECTION('',(0.,7.95091075978741E-9,-1.));
#3471=DIRECTION('',(-1.45173804189047E-9,-1.,-7.54743493333139E-10));
#3472=DIRECTION('',(1.,-1.45173804189047E-9,0.));
#3473=DIRECTION('',(0.866025403784435,-8.79870273281162E-10,-0.500000000000006));
#3474=DIRECTION('',(-0.500000000000006,0.,-0.866025403784436));
#3475=DIRECTION('',(0.,0.,-1.));
#3476=DIRECTION('',(-1.,0.,0.));
#3477=DIRECTION('',(-0.993511167221486,-0.113734606018578,0.));
#3478=DIRECTION('',(0.113734606018578,-0.993511167221486,0.));
#3479=DIRECTION('',(0.866025403784439,-8.79870277250852E-10,-0.5));
#3480=DIRECTION('',(-0.5,0.,-0.866025403784439));
#3481=DIRECTION('',(0.866025403784442,-8.79870273281179E-10,-0.5));
#3482=DIRECTION('',(-0.5,0.,-0.866025403784442));
#3483=DIRECTION('',(0.86421494121576,0.0646275015254712,-0.498954728834206));
#3484=DIRECTION('',(-0.499999999914013,0.,-0.866025403834083));
#3485=DIRECTION('',(-0.965925826289069,1.2069292774265E-9,0.25881904510252));
#3486=DIRECTION('',(0.25881904510252,0.,0.965925826289069));
#3487=DIRECTION('',(0.965925826289069,-9.01121285708877E-9,-0.258819045102519));
#3488=DIRECTION('',(-0.258819045102519,0.,-0.965925826289069));
#3489=DIRECTION('',(-1.,1.45173804189047E-9,1.09568901963296E-18));
#3490=DIRECTION('',(-8.21508058806108E-25,-7.5474349333314E-10,1.));
#3491=DIRECTION('',(-1.45173804189047E-9,-1.,-7.54743493333139E-10));
#3492=DIRECTION('',(1.,-1.45173804189047E-9,0.));
#3493=DIRECTION('',(0.866025399882297,6.92441847101314E-9,-0.500000006758707));
#3494=DIRECTION('',(-0.500000006758707,0.,-0.866025399882297));
#3495=DIRECTION('',(0.866025403784439,-8.79870277250852E-10,-0.5));
#3496=DIRECTION('',(-0.5,0.,-0.866025403784439));
#3497=DIRECTION('',(0.86602540378444,-8.79869146545229E-10,-0.5));
#3498=DIRECTION('',(-0.5,0.,-0.86602540378444));
#3499=DIRECTION('',(-1.45173804189047E-9,-1.,-7.54743493333139E-10));
#3500=DIRECTION('',(1.,-1.45173804189047E-9,0.));
#3501=DIRECTION('',(0.973958527333184,-1.41393950327908E-9,-0.226726238082353));
#3502=DIRECTION('',(-0.226726238082353,0.,-0.973958527333184));
#3503=DIRECTION('',(0.90703138749502,0.421063014403854,9.83405400834641E-17));
#3504=DIRECTION('',(-0.421063014403854,0.90703138749502,0.));
#3505=DIRECTION('',(0.,0.,1.));
#3506=DIRECTION('',(1.,0.,0.));
#3507=DIRECTION('',(-9.38411154338681E-9,1.,0.));
#3508=DIRECTION('',(-1.,-9.38411154338681E-9,0.));
#3509=DIRECTION('',(1.,1.1457328193476E-9,3.07004423269582E-10));
#3510=DIRECTION('',(-1.1457328193476E-9,1.,0.));
#3511=DIRECTION('',(1.36499128818875E-9,0.866025404886302,-0.499999998091516));
#3512=DIRECTION('',(0.,0.499999998091516,0.866025404886302));
#3513=DIRECTION('',(-8.38731515869798E-10,0.866025403784439,-0.5));
#3514=DIRECTION('',(0.,0.5,0.866025403784439));
#3515=DIRECTION('',(-8.38727577820991E-10,0.86602540378444,-0.5));
#3516=DIRECTION('',(0.,0.5,0.866025403784439));
#3517=DIRECTION('',(1.,1.1457328193476E-9,3.07004423269582E-10));
#3518=DIRECTION('',(-1.1457328193476E-9,1.,0.));
#3519=DIRECTION('',(3.99078177000185E-16,0.973958527333182,-0.226726238082362));
#3520=DIRECTION('',(0.,0.226726238082362,0.973958527333182));
#3521=DIRECTION('',(0.11373460674622,0.993511167138187,0.));
#3522=DIRECTION('',(-0.993511167138187,0.11373460674622,0.));
#3523=DIRECTION('',(0.,0.,1.));
#3524=DIRECTION('',(1.,0.,0.));
#3525=DIRECTION('',(1.08358530481745E-8,-1.,0.));
#3526=DIRECTION('',(1.,1.08358530481745E-8,0.));
#3527=DIRECTION('',(-1.,-6.30757720586855E-16,-2.29148546676185E-9));
#3528=DIRECTION('',(-2.29148546676185E-9,0.,1.));
#3529=DIRECTION('',(-3.23403931815634E-10,-0.866025404519013,-0.499999998727681));
#3530=DIRECTION('',(0.,0.499999998727681,-0.866025404519013));
#3531=DIRECTION('',(1.14574327963314E-9,-0.866025403784439,-0.5));
#3532=DIRECTION('',(0.,0.5,-0.866025403784439));
#3533=DIRECTION('',(1.14574322251925E-9,-0.866025403784439,-0.5));
#3534=DIRECTION('',(0.,0.5,-0.86602540378444));
#3535=DIRECTION('',(-1.,-6.30757720586855E-16,-2.29148546676185E-9));
#3536=DIRECTION('',(-2.29148546676185E-9,0.,1.));
#3537=DIRECTION('',(0.,-1.,0.));
#3538=DIRECTION('',(0.,0.,-1.));
#3539=DIRECTION('',(6.30757719251224E-16,-1.,5.82867087928207E-16));
#3540=DIRECTION('',(1.,6.30757719251224E-16,0.));
#3541=DIRECTION('',(1.,-1.45173804189047E-9,-1.09568901963296E-18));
#3542=DIRECTION('',(-1.,1.45173804189047E-9,1.09568901963296E-18));
#3543=DIRECTION('',(8.21508058806108E-25,7.5474349333314E-10,-1.));
#3544=DIRECTION('',(1.,-1.45173804189047E-9,-1.09568901963296E-18));
#3545=DIRECTION('',(-3.24096650105618E-19,5.31495591672014E-10,-1.));
#3546=DIRECTION('',(0.,1.,5.31495591672014E-10));
#3547=DIRECTION('',(-1.,1.45173804189047E-9,1.09568901963296E-18));
#3548=DIRECTION('',(-1.45173804189047E-9,-1.,-5.31495591672014E-10));
#3549=DIRECTION('',(-1.,1.45173804189047E-9,1.09568901963296E-18));
#3550=DIRECTION('',(1.,-1.45173804189047E-9,-1.09568901963296E-18));
#3551=DIRECTION('',(-1.,1.45173804189047E-9,1.09568901963296E-18));
#3552=DIRECTION('',(-8.21508058806108E-25,-7.5474349333314E-10,1.));
#3553=DIRECTION('',(1.,-1.45173804189047E-9,-1.09568901963296E-18));
#3554=DIRECTION('',(8.21508057265364E-25,7.54743493333139E-10,-1.));
#3555=DIRECTION('',(0.,1.,7.54743493333139E-10));
#3556=DIRECTION('',(-1.45173804189047E-9,-1.,-7.54743493333139E-10));
#3557=DIRECTION('',(-8.21508057265364E-25,-7.54743493333139E-10,1.));
#3558=DIRECTION('',(0.,-1.,-7.54743493333139E-10));
#3559=DIRECTION('',(1.45173804189047E-9,1.,7.54743493333139E-10));
#3560=DIRECTION('',(1.,-1.45173804189047E-9,-1.09568901963296E-18));
#3561=DIRECTION('',(1.45173804189047E-9,1.,0.));
#3562=DIRECTION('',(-1.,1.45173804189047E-9,1.09569007907395E-18));
#3563=DIRECTION('',(-1.45173804189047E-9,-1.,0.));
#3564=DIRECTION('',(1.,-1.45173804189047E-9,-1.09568901963296E-18));
#3565=DIRECTION('',(1.45173804189047E-9,1.,0.));
#3566=DIRECTION('',(-1.,1.45173804189047E-9,1.09569007907395E-18));
#3567=DIRECTION('',(-1.45173804189047E-9,-1.,0.));
#3568=DIRECTION('',(2.37932928363612E-25,-7.54743493333139E-10,1.));
#3569=DIRECTION('',(0.,-1.,-7.54743493333139E-10));
#3570=DIRECTION('',(-1.45173804189047E-9,-1.,-7.54743493333139E-10));
#3571=DIRECTION('',(-1.,1.45173804189047E-9,1.09569007907395E-18));
#3572=DIRECTION('',(-1.45173804189047E-9,-1.,1.59065496991362E-27));
#3573=CARTESIAN_POINT('',(0.,0.,0.));
#3574=CARTESIAN_POINT('',(-0.0665387534390936,0.0405200851229112,0.186153703521012));
#3575=CARTESIAN_POINT('',(-0.0625387534667993,0.0147378955528905,0.185081906775284));
#3576=CARTESIAN_POINT('',(-0.0625387534334093,0.0377378955803595,0.185081906792643));
#3577=CARTESIAN_POINT('',(-0.0625387534305058,0.0397378955528905,0.185081906794152));
#3578=CARTESIAN_POINT('',(-0.0665387534334093,0.0377378953880517,0.186153703510736));
#3579=CARTESIAN_POINT('',(-0.0192083879452449,0.0377378954831795,0.173471570300713));
#3580=CARTESIAN_POINT('',(-0.0192083879509292,0.040520085218039,0.173471570310989));
#3581=CARTESIAN_POINT('',(-0.0192083879509092,0.039737895498749,0.173471570307855));
#3582=CARTESIAN_POINT('',(-0.0665387534407874,0.0397378955578886,0.186153703518338));
#3583=CARTESIAN_POINT('',(-0.00417323324743691,0.0377378955102379,0.161877459875986));
#3584=CARTESIAN_POINT('',(-0.00417323324743691,0.0377378954927245,0.185081906792643));
#3585=CARTESIAN_POINT('',(-0.0713387534334093,0.0377378955902313,0.185081906792643));
#3586=CARTESIAN_POINT('',(-0.0713387534334093,0.0377378955996615,0.172587401470566));
#3587=CARTESIAN_POINT('',(-0.0713387534334093,0.037737895530896,0.170882178984225));
#3588=CARTESIAN_POINT('',(-0.0685387534334093,0.0377378955268311,0.170882178984225));
#3589=CARTESIAN_POINT('',(-0.0665387534334093,0.0377378955239277,0.170882178984225));
#3590=CARTESIAN_POINT('',(-0.0703566345329039,0.0377378954462018,0.171905177141633));
#3591=CARTESIAN_POINT('',(-0.0609858391627942,0.0377378954650359,0.169394280089775));
#3592=CARTESIAN_POINT('',(-0.0625387534334093,0.0377378955936703,0.16359872513204));
#3593=CARTESIAN_POINT('',(-0.0567830185806143,0.0377378955840355,0.165293280030626));
#3594=CARTESIAN_POINT('',(-0.0548644402963493,0.037737895581978,0.165858131663488));
#3595=CARTESIAN_POINT('',(-0.0548644402963493,0.0377378955823335,0.163858131663488));
#3596=CARTESIAN_POINT('',(-0.0515387534334093,0.0377378955775054,0.163858131663488));
#3597=CARTESIAN_POINT('',(-0.0470732083888327,0.0377378955710226,0.163858131663488));
#3598=CARTESIAN_POINT('',(-0.0470732083888327,0.0377378955702678,0.164858131663488));
#3599=CARTESIAN_POINT('',(-0.046247893028044,0.0377378955694959,0.164293459585865));
#3600=CARTESIAN_POINT('',(-0.0448736934334093,0.0377378955682105,0.1633532466963));
#3601=CARTESIAN_POINT('',(-0.0444427441941709,0.0377378954982854,0.164961571152621));
#3602=CARTESIAN_POINT('',(-0.0703566345329039,0.0377378954462018,0.171905177141633));
#3603=CARTESIAN_POINT('',(-0.0230262690447395,0.0377378955413296,0.159223043931609));
#3604=CARTESIAN_POINT('',(-0.0230262690447395,0.0377378955413296,0.159223043931609));
#3605=CARTESIAN_POINT('',(-0.0100358879879729,0.0377378955281316,0.151723043931609));
#3606=CARTESIAN_POINT('',(-0.00266030804330081,0.0377378955077824,0.164497923197601));
#3607=CARTESIAN_POINT('',(-0.00266030801003416,0.0377378955189158,0.149746763250637));
#3608=CARTESIAN_POINT('',(-0.00266030804330083,0.0377378955031622,0.161472072789328));
#3609=CARTESIAN_POINT('',(-0.00266030804330084,0.0377378955045026,0.164900159713083));
#3610=CARTESIAN_POINT('',(0.000287133066244314,0.0377378954934827,0.175497923199111));
#3611=CARTESIAN_POINT('',(-0.00521286693260999,0.0377378955069387,0.165971643759466));
#3612=CARTESIAN_POINT('',(-0.0156506891000674,0.0377378955175433,0.171997923197601));
#3613=CARTESIAN_POINT('',(-0.0156506891000674,0.0377378955175433,0.171997923197601));
#3614=CARTESIAN_POINT('',(-0.0230262690447395,0.0377378953423059,0.159223043931609));
#3615=CARTESIAN_POINT('',(-0.0448736933971159,0.0627378955691761,0.163353246664088));
#3616=CARTESIAN_POINT('',(-0.046247893028044,0.0377378955694959,0.164293459585865));
#3617=CARTESIAN_POINT('',(-0.0462478930249438,0.0390712288964793,0.16429345958585));
#3618=CARTESIAN_POINT('',(-0.0462478930218436,0.0404045622234626,0.164293459585834));
#3619=CARTESIAN_POINT('',(-0.0462478930187434,0.041737895550446,0.164293459585818));
#3620=CARTESIAN_POINT('',(-0.0462478930187434,0.041737895550446,0.164293459585818));
#3621=CARTESIAN_POINT('',(-0.0448736934276023,0.0417378955491606,0.163353246691146));
#3622=CARTESIAN_POINT('',(-0.0444427441973513,0.0417378954782322,0.164961571113926));
#3623=CARTESIAN_POINT('',(-0.0444427441912674,0.0397378954882587,0.164961571150044));
#3624=CARTESIAN_POINT('',(-0.0625387534305058,0.0397378954141231,0.163598725129463));
#3625=CARTESIAN_POINT('',(-0.0625387534001426,0.0606529726161668,0.163598725102514));
#3626=CARTESIAN_POINT('',(-0.056783018557686,0.0606529726065321,0.165293280036216));
#3627=CARTESIAN_POINT('',(-0.0609858391104944,0.0606529724942643,0.169394280131281));
#3628=CARTESIAN_POINT('',(-0.056783018557686,0.0606529726065321,0.165293280036216));
#3629=CARTESIAN_POINT('',(-0.0567830185590201,0.0593196392731988,0.165293280035891));
#3630=CARTESIAN_POINT('',(-0.0567830185603542,0.0579863059398654,0.165293280035565));
#3631=CARTESIAN_POINT('',(-0.0567830185616883,0.0566529726065321,0.16529328003524));
#3632=CARTESIAN_POINT('',(-0.0567830185616883,0.0566529726255821,0.16529328003524));
#3633=CARTESIAN_POINT('',(-0.0625387534059495,0.0566529726352168,0.163598725107669));
#3634=CARTESIAN_POINT('',(-0.0609858391237298,0.0566529725143174,0.169394280108712));
#3635=CARTESIAN_POINT('',(-0.0609858391353344,0.0566529725312468,0.169394280065403));
#3636=CARTESIAN_POINT('',(-0.00417323320218875,0.0606529725327345,0.161877459914033));
#3637=CARTESIAN_POINT('',(-0.0703566345941279,0.0606529724754302,0.171905177213558));
#3638=CARTESIAN_POINT('',(-0.0665387534001426,0.0606529726188619,0.17088217900152));
#3639=CARTESIAN_POINT('',(-0.0685387534001426,0.0606529726217654,0.17088217900152));
#3640=CARTESIAN_POINT('',(-0.0713387534001426,0.0606529726258302,0.17088217900152));
#3641=CARTESIAN_POINT('',(-0.0713387534001426,0.0606529726302413,0.161877459914033));
#3642=CARTESIAN_POINT('',(-0.0713387534138725,0.0606529726098244,0.185081906809938));
#3643=CARTESIAN_POINT('',(-0.00417323320218875,0.0606529725152211,0.185081906809938));
#3644=CARTESIAN_POINT('',(-0.0625387533033339,0.0606529725059042,0.185081906809938));
#3645=CARTESIAN_POINT('',(-0.0665387534735819,0.0606529724038164,0.18615370362528));
#3646=CARTESIAN_POINT('',(-0.0192083879854176,0.0606529724989442,0.173471570415257));
#3647=CARTESIAN_POINT('',(-0.0230262693284335,0.0606529723580707,0.159223043781066));
#3648=CARTESIAN_POINT('',(-0.0156506890799281,0.0606529725333081,0.171997923240085));
#3649=CARTESIAN_POINT('',(-0.0156506890799281,0.0606529725333081,0.171997923240085));
#3650=CARTESIAN_POINT('',(-0.00521286690472263,0.0606529725227034,0.165971643797477));
#3651=CARTESIAN_POINT('',(0.000287133088264988,0.0606529725159793,0.175497923226959));
#3652=CARTESIAN_POINT('',(-0.00266030801003409,0.0606529725184238,0.164900159737805));
#3653=CARTESIAN_POINT('',(-0.00266030801003409,0.0606529725327942,0.161472072830587));
#3654=CARTESIAN_POINT('',(-0.00266030801003407,0.0606529725481441,0.149746763236567));
#3655=CARTESIAN_POINT('',(-0.00266030801003412,0.0606529725370107,0.164497923214896));
#3656=CARTESIAN_POINT('',(-0.0100358879991983,0.0606529725573599,0.151723043938375));
#3657=CARTESIAN_POINT('',(-0.0230262690559649,0.060652972570558,0.159223043938375));
#3658=CARTESIAN_POINT('',(-0.0230262691059636,0.060652972570558,0.159223044003535));
#3659=CARTESIAN_POINT('',(-0.0703566345941279,0.0606529724754302,0.171905177213558));
#3660=CARTESIAN_POINT('',(-0.044442744141871,0.0606529725275137,0.164961571194128));
#3661=CARTESIAN_POINT('',(-0.0448736934001426,0.0606529725907071,0.163353246666774));
#3662=CARTESIAN_POINT('',(-0.0462478929747632,0.0606529725919924,0.164293459585592));
#3663=CARTESIAN_POINT('',(-0.0470732083235318,0.0606529725939181,0.164858131680783));
#3664=CARTESIAN_POINT('',(-0.0470732083235318,0.0606529755710226,0.163858131680783));
#3665=CARTESIAN_POINT('',(-0.0515387534001426,0.0606529755775054,0.163858131680783));
#3666=CARTESIAN_POINT('',(-0.0548644402768671,0.0606529755823334,0.163858131680783));
#3667=CARTESIAN_POINT('',(-0.0548644402768672,0.060652975580824,0.165858131680783));
#3668=CARTESIAN_POINT('',(-0.0515387534001426,0.0491954355832546,0.165858131672136));
#3669=CARTESIAN_POINT('',(-0.0515387534001426,0.0491954355832546,0.165858131672136));
#3670=CARTESIAN_POINT('',(-0.0515387534001426,0.0514454355832546,0.165858131673834));
#3671=CARTESIAN_POINT('',(-0.0515387534001426,0.0491954355847641,0.163858131672136));
#3672=CARTESIAN_POINT('',(-0.0515387534001426,0.0514454355847641,0.163858131673834));
#3673=CARTESIAN_POINT('',(-0.0515387534001426,0.0491954355686276,0.185238181672135));
#3674=CARTESIAN_POINT('',(-0.0515387534001426,0.0491954355824962,0.166862941101949));
#3675=CARTESIAN_POINT('',(-0.0542937087208235,0.0517395898974341,0.167601129158219));
#3676=CARTESIAN_POINT('',(-0.0477887534001426,0.0491954355778106,0.165858131672136));
#3677=CARTESIAN_POINT('',(-0.0542937087208235,0.0517395898974341,0.167601129158219));
#3678=CARTESIAN_POINT('',(-0.0546090370253153,0.0513981344341816,0.167685621122368));
#3679=CARTESIAN_POINT('',(-0.0551134651982602,0.0505929052103849,0.167665779869581));
#3680=CARTESIAN_POINT('',(-0.0553761789487013,0.049195702079279,0.167584317602758));
#3681=CARTESIAN_POINT('',(-0.0551143392097976,0.0477998848685896,0.167665725369593));
#3682=CARTESIAN_POINT('',(-0.0546087767278112,0.0469924548657735,0.167685551370823));
#3683=CARTESIAN_POINT('',(-0.0542937087252092,0.0466512812711931,0.167601129153575));
#3684=CARTESIAN_POINT('',(-0.0542937087252092,0.0466512812711931,0.167601129153575));
#3685=CARTESIAN_POINT('',(-0.0515387534001426,0.0491954355824962,0.166862941101949));
#3686=CARTESIAN_POINT('',(-0.0515387534001426,0.0491954355832546,0.165858131672136));
#3687=CARTESIAN_POINT('',(-0.0703566345332696,0.0397378954361753,0.171905177139932));
#3688=CARTESIAN_POINT('',(-0.0703566345722228,0.0566529724954834,0.171905177181573));
#3689=CARTESIAN_POINT('',(-0.0625387533943449,0.0566529725111963,0.169810382233438));
#3690=CARTESIAN_POINT('',(-0.0625387534277256,0.0416529725708625,0.169810382225226));
#3691=CARTESIAN_POINT('',(-0.0625387534276023,0.0417378955641691,0.16981038222529));
#3692=CARTESIAN_POINT('',(-0.0703566345824248,0.0417378954261487,0.171905177115354));
#3693=CARTESIAN_POINT('',(-0.0609858391659746,0.0417378954449827,0.16939428005108));
#3694=CARTESIAN_POINT('',(-0.0609858391598907,0.0397378954550093,0.169394280087198));
#3695=CARTESIAN_POINT('',(-0.0665387533971158,0.0627378955239277,0.170882179003094));
#3696=CARTESIAN_POINT('',(-0.0703566345332696,0.0397378954361753,0.171905177139932));
#3697=CARTESIAN_POINT('',(-0.0703566345722228,0.0566529724954834,0.171905177181573));
#3698=CARTESIAN_POINT('',(-0.0444427441551065,0.0566529725475669,0.164961571171558));
#3699=CARTESIAN_POINT('',(-0.0230262690840584,0.0566529725906112,0.159223043971549));
#3700=CARTESIAN_POINT('',(-0.0444427441609042,0.0606529725897145,0.164961571123095));
#3701=CARTESIAN_POINT('',(-0.0230262690485643,0.0586529725805846,0.159223043913821));
#3702=CARTESIAN_POINT('',(-0.00355846256071539,0.0417378954894919,0.162942273933352));
#3703=CARTESIAN_POINT('',(-0.0625387534276023,0.0417378955751158,0.162942273933352));
#3704=CARTESIAN_POINT('',(-0.0625387534276023,0.0417378955599688,0.183011354386549));
#3705=CARTESIAN_POINT('',(-0.00249212277420015,0.0417378954849403,0.166921908194759));
#3706=CARTESIAN_POINT('',(-0.0197260260355822,0.0417378955064741,0.171539718656083));
#3707=CARTESIAN_POINT('',(-0.0230262690665965,0.0417378955205611,0.159223043919979));
#3708=CARTESIAN_POINT('',(-0.0166506890972371,0.0417378955029709,0.17026587239477));
#3709=CARTESIAN_POINT('',(-0.00366030803848606,0.0417378954897729,0.162765872391333));
#3710=CARTESIAN_POINT('',(-0.00666030803168182,0.0417378954928209,0.164497923194973));
#3711=CARTESIAN_POINT('',(-0.00666030803168182,0.0417378955039542,0.149746763229863));
#3712=CARTESIAN_POINT('',(-0.00666030803168183,0.0417378955042524,0.150299447177043));
#3713=CARTESIAN_POINT('',(-0.00266030803749385,0.0417378954877292,0.16449792320062));
#3714=CARTESIAN_POINT('',(-0.0100358880374938,0.0417378955080784,0.151723043905331));
#3715=CARTESIAN_POINT('',(-0.0230262690942604,0.0417378955212765,0.159223043905331));
#3716=CARTESIAN_POINT('',(-0.0230262690942604,0.0417378955212764,0.159223043905331));
#3717=CARTESIAN_POINT('',(-0.0703566345824248,0.0417378954261487,0.171905177115354));
#3718=CARTESIAN_POINT('',(-0.0470732083774339,0.0417378955523717,0.164858131666507));
#3719=CARTESIAN_POINT('',(-0.0462905491377689,0.0417378955515561,0.164235681255175));
#3720=CARTESIAN_POINT('',(-0.0471943705861647,0.0417378955525452,0.164663591046392));
#3721=CARTESIAN_POINT('',(-0.0469355515520928,0.041737895473222,0.165629516831515));
#3722=CARTESIAN_POINT('',(-0.0703566345824248,0.0417378954261487,0.171905177115354));
#3723=CARTESIAN_POINT('',(-0.0542937087404747,0.0417378954584331,0.167601129107923));
#3724=CARTESIAN_POINT('',(-0.0548113468196491,0.0417378954606425,0.165669277496512));
#3725=CARTESIAN_POINT('',(-0.0567609363217121,0.0417378954638096,0.165223070399475));
#3726=CARTESIAN_POINT('',(-0.0548644402929485,0.041737895461718,0.165858131666507));
#3727=CARTESIAN_POINT('',(-0.056783018576612,0.0417378955649856,0.165293280031601));
#3728=CARTESIAN_POINT('',(-0.0625387534276023,0.0417378955746204,0.163598725126887));
#3729=CARTESIAN_POINT('',(-0.00467323321143287,0.056652972553164,0.161011434501276));
#3730=CARTESIAN_POINT('',(-0.063056391494727,0.0566529726212121,0.183150055159669));
#3731=CARTESIAN_POINT('',(-0.019726026097019,0.0566529725670706,0.171539718743608));
#3732=CARTESIAN_POINT('',(-0.0625387534059495,0.0566529726205653,0.183011354451809));
#3733=CARTESIAN_POINT('',(-0.0625387534059495,0.0566529726214796,0.181799924035559));
#3734=CARTESIAN_POINT('',(-0.0548644402802679,0.0566529726044746,0.165858131677764));
#3735=CARTESIAN_POINT('',(-0.0567609363067747,0.0566529726266606,0.165223070403993));
#3736=CARTESIAN_POINT('',(-0.0548113468067937,0.0566529726234936,0.165669277510126));
#3737=CARTESIAN_POINT('',(-0.0542937087146459,0.0566529725277677,0.167601129169954));
#3738=CARTESIAN_POINT('',(-0.0703566345722228,0.0566529724954834,0.171905177181573));
#3739=CARTESIAN_POINT('',(-0.0469355515025207,0.0566529725425567,0.165629516887184));
#3740=CARTESIAN_POINT('',(-0.0471943705495659,0.0566529725436614,0.164663591053645));
#3741=CARTESIAN_POINT('',(-0.0462905491051704,0.0566529725426723,0.164235681253978));
#3742=CARTESIAN_POINT('',(-0.0470732083349305,0.0566529725444328,0.164858131677764));
#3743=CARTESIAN_POINT('',(-0.0462478929840638,0.0566529726110424,0.16429345958564));
#3744=CARTESIAN_POINT('',(-0.0448736934059496,0.0566529726097571,0.163353246671928));
#3745=CARTESIAN_POINT('',(-0.0230262690481986,0.0566529725906112,0.159223043915522));
#3746=CARTESIAN_POINT('',(-0.010035887991432,0.0566529725774131,0.151723043915522));
#3747=CARTESIAN_POINT('',(-0.00266030801584107,0.0566529725570639,0.164497923211877));
#3748=CARTESIAN_POINT('',(-0.00666030799998138,0.0566529725735871,0.15029944719719));
#3749=CARTESIAN_POINT('',(-0.00666030799998138,0.0566529725560487,0.161011434501276));
#3750=CARTESIAN_POINT('',(-0.00666030799998138,0.0566529725607769,0.154746763229863));
#3751=CARTESIAN_POINT('',(-0.00467323321143287,0.0566529725578922,0.154746763229863));
#3752=CARTESIAN_POINT('',(-0.00266030799416935,0.0566529725681972,0.154746763223159));
#3753=CARTESIAN_POINT('',(-0.00266030801584103,0.05665297255045,0.160472072820693));
#3754=CARTESIAN_POINT('',(-0.00266030801584103,0.0566529725405386,0.162836462370196));
#3755=CARTESIAN_POINT('',(0.000287133079229583,0.0566529725350293,0.17549792322545));
#3756=CARTESIAN_POINT('',(-0.00621286692077041,0.0566529725529627,0.164239592976252));
#3757=CARTESIAN_POINT('',(-0.00366030801538162,0.0566529725503693,0.162765872405104));
#3758=CARTESIAN_POINT('',(-0.0166506890907731,0.0566529725635674,0.170265872423954));
#3759=CARTESIAN_POINT('',(-0.0230262693065765,0.0566529725811576,0.159223043792696));
#3760=CARTESIAN_POINT('',(0.0125444749488709,0.0593549451757274,0.154746763229863));
#3761=CARTESIAN_POINT('',(0.0125444749488709,0.0593549451757274,0.149746763229863));
#3762=CARTESIAN_POINT('',(0.0102944749488709,0.0593549451757274,0.149746763229863));
#3763=CARTESIAN_POINT('',(0.0125444749488709,0.0593549451757274,0.150746763229863));
#3764=CARTESIAN_POINT('',(0.0102944749488709,0.0593549451757274,0.150746763229863));
#3765=CARTESIAN_POINT('',(0.00363771929746045,0.0504481895501775,0.154746763229863));
#3766=CARTESIAN_POINT('',(0.00363771929746045,0.0504481895501775,0.149746763229863));
#3767=CARTESIAN_POINT('',(0.00138771929746046,0.0504481895501775,0.149746763229863));
#3768=CARTESIAN_POINT('',(0.00363771929746045,0.0504481895501775,0.150746763229863));
#3769=CARTESIAN_POINT('',(0.00138771929746046,0.0504481895501775,0.150746763229863));
#3770=CARTESIAN_POINT('',(-0.00266030800277535,0.06565297252011,0.158127051195907));
#3771=CARTESIAN_POINT('',(0.00633969196688467,0.0656529725070443,0.160472072820693));
#3772=CARTESIAN_POINT('',(0.00633969197537694,0.0656529725070443,0.162497923226959));
#3773=CARTESIAN_POINT('',(0.00633969194288445,0.0656529725070443,0.154746763229863));
#3774=CARTESIAN_POINT('',(-0.00266030800277535,0.06565297252011,0.162497923226959));
#3775=CARTESIAN_POINT('',(0.00112925911293604,0.0574896900626476,0.162497923226959));
#3776=CARTESIAN_POINT('',(0.00112925911293604,0.0574896900626476,0.162497923226959));
#3777=CARTESIAN_POINT('',(-6.73220479454614E-5,0.0569342119639557,0.162497923226959));
#3778=CARTESIAN_POINT('',(-0.00136229741764113,0.0566529725512926,0.162601447639998));
#3779=CARTESIAN_POINT('',(-0.00266030801584103,0.056652972553177,0.162836462371628));
#3780=CARTESIAN_POINT('',(-0.00266030800277535,0.06565297252011,0.154746763223159));
#3781=CARTESIAN_POINT('',(0.0467123074645898,0.0632510487219132,0.137294201839373));
#3782=CARTESIAN_POINT('',(0.0467123074645898,0.0632510487219132,0.132294201839373));
#3783=CARTESIAN_POINT('',(0.0467123074645898,0.0655010487219132,0.132294201839373));
#3784=CARTESIAN_POINT('',(0.0467123074645898,0.0632510487219132,0.133294201839373));
#3785=CARTESIAN_POINT('',(0.0467123074645898,0.0655010487219132,0.133294201839373));
#3786=CARTESIAN_POINT('',(0.0392547689453926,0.0682510487219132,0.14524905279293));
#3787=CARTESIAN_POINT('',(0.0392547689453926,0.0653036076051709,0.158045361843956));
#3788=CARTESIAN_POINT('',(0.0392547689453926,0.0718036076051708,0.146787031594758));
#3789=CARTESIAN_POINT('',(0.0392547689453926,0.0653036076051709,0.145045361843956));
#3790=CARTESIAN_POINT('',(0.0392547689453926,0.0682510487219132,0.145045361843956));
#3791=CARTESIAN_POINT('',(0.0392547689453926,0.0432510487219132,0.145045361843956));
#3792=CARTESIAN_POINT('',(0.0392547689453926,0.0432510487219132,0.14524905279293));
#3793=CARTESIAN_POINT('',(0.0392547689299225,0.0432510487219132,0.132294201839373));
#3794=CARTESIAN_POINT('',(0.0392547689299224,0.0682510487219132,0.132294201839373));
#3795=CARTESIAN_POINT('',(0.0392547689299224,0.0542510487219132,0.132294201839373));
#3796=CARTESIAN_POINT('',(0.0392547689453926,0.0542510487219132,0.14524905279293));
#3797=CARTESIAN_POINT('',(0.0392547689299225,0.0542510487219132,0.137294201839373));
#3798=CARTESIAN_POINT('',(0.0392547689299224,0.0632510487219132,0.137294201839373));
#3799=CARTESIAN_POINT('',(0.0392547689299224,0.0722510487219132,0.137294201839373));
#3800=CARTESIAN_POINT('',(0.0392547689453926,0.0722510487219132,0.14524905279293));
#3801=CARTESIAN_POINT('',(0.0392547689311889,0.0722510487219132,0.132846885817611));
#3802=CARTESIAN_POINT('',(0.0392547689637243,0.0682510487219132,0.14704536183479));
#3803=CARTESIAN_POINT('',(0.039254768934451,0.0756266287196217,0.13427048254347));
#3804=CARTESIAN_POINT('',(0.0392547689481998,0.086018933565035,0.14027048254347));
#3805=CARTESIAN_POINT('',(0.0392547689481998,0.0860189335696179,0.140270482544698));
#3806=CARTESIAN_POINT('',(0.03925476896367,0.0860189335696179,0.153225333498255));
#3807=CARTESIAN_POINT('',(0.03925476896367,0.0860189335696179,0.153021642546989));
#3808=CARTESIAN_POINT('',(0.0392547689453925,0.0860189335696179,0.140270482540115));
#3809=CARTESIAN_POINT('',(0.0392547689453925,0.0796433535681652,0.151313311034934));
#3810=CARTESIAN_POINT('',(0.0392547689453926,0.068473224086295,0.14486423377363));
#3811=CARTESIAN_POINT('',(0.0380369586982987,0.0682510487219132,0.147045361842163));
#3812=CARTESIAN_POINT('',(0.0380369586982987,0.0432510487219132,0.147045361842163));
#3813=CARTESIAN_POINT('',(0.0352547689634392,0.0432510487219132,0.147045361843956));
#3814=CARTESIAN_POINT('',(0.0372547689499755,0.0432510487219132,0.147045361843956));
#3815=CARTESIAN_POINT('',(0.0372547689499755,0.0682510487219132,0.147045361843956));
#3816=CARTESIAN_POINT('',(0.0372547689493615,0.0653036076051709,0.147045361843956));
#3817=CARTESIAN_POINT('',(0.0352547689634392,0.0653036076051709,0.147045361848539));
#3818=CARTESIAN_POINT('',(0.0352547689634392,0.0653036076051709,0.147045361843956));
#3819=CARTESIAN_POINT('',(0.0352547689634392,0.0682510487219132,0.147045361843956));
#3820=CARTESIAN_POINT('',(0.037254768939949,0.0682510487219132,0.132294201839373));
#3821=CARTESIAN_POINT('',(0.037254768939949,0.0432510487219132,0.132294201839373));
#3822=CARTESIAN_POINT('',(0.0352547689499756,0.0432510487219132,0.132294201839373));
#3823=CARTESIAN_POINT('',(0.0352547689499756,0.0682510487219132,0.132294201839373));
#3824=CARTESIAN_POINT('',(0.0352547689499756,0.0682510487219132,0.132294201839373));
#3825=CARTESIAN_POINT('',(0.037254768939949,0.0682510487219132,0.132294201839373));
#3826=CARTESIAN_POINT('',(0.0432547689453925,0.0682510487219132,0.132294201839373));
#3827=CARTESIAN_POINT('',(0.0429835381972561,0.0682510487219132,0.132294201839373));
#3828=CARTESIAN_POINT('',(0.0501698460264698,0.0682510487219132,0.132294201839373));
#3829=CARTESIAN_POINT('',(0.0561698459892305,0.0682510487219132,0.132294201839373));
#3830=CARTESIAN_POINT('',(0.0581698459792039,0.0682510487219132,0.132294201839373));
#3831=CARTESIAN_POINT('',(0.0581698459792039,0.0682510487219132,0.132294201839373));
#3832=CARTESIAN_POINT('',(0.0581698459792039,0.0432510487219132,0.132294201839373));
#3833=CARTESIAN_POINT('',(0.0561698459892305,0.0432510487219132,0.132294201839373));
#3834=CARTESIAN_POINT('',(0.0541698459992571,0.0432510487219132,0.132294201839373));
#3835=CARTESIAN_POINT('',(0.0541698459992571,0.0682510487219132,0.132294201839373));
#3836=CARTESIAN_POINT('',(0.0541698459992571,0.0542510487219132,0.132294201839373));
#3837=CARTESIAN_POINT('',(0.0501698460264698,0.0542510487219132,0.132294201839373));
#3838=CARTESIAN_POINT('',(0.0501698460264698,0.0582510487219132,0.132294201839373));
#3839=CARTESIAN_POINT('',(0.0429835381972561,0.0582510487219132,0.132294201839373));
#3840=CARTESIAN_POINT('',(0.0432547689453925,0.0582510487219132,0.132294201839373));
#3841=CARTESIAN_POINT('',(0.0432547689453925,0.0542510487219132,0.132294201839373));
#3842=CARTESIAN_POINT('',(0.0352547689565055,0.0682510487219132,0.144019511435683));
#3843=CARTESIAN_POINT('',(0.0352547689565055,0.0432510487219132,0.144019511435683));
#3844=CARTESIAN_POINT('',(0.0352547689886454,0.0653036076051709,0.158045361848539));
#3845=CARTESIAN_POINT('',(0.0352547689668162,0.0708036076071553,0.148519082403473));
#3846=CARTESIAN_POINT('',(0.035254768977188,0.0786433535673265,0.153045361843956));
#3847=CARTESIAN_POINT('',(0.035254768977188,0.0786433535673265,0.153045361843956));
#3848=CARTESIAN_POINT('',(0.0352547689479147,0.0860189335696179,0.140270482544698));
#3849=CARTESIAN_POINT('',(0.0352547689817166,0.0860189335696179,0.155021642549281));
#3850=CARTESIAN_POINT('',(0.0352547689747829,0.0860189335696179,0.151995792141009));
#3851=CARTESIAN_POINT('',(0.035254768968253,0.0860189335696179,0.140270482544698));
#3852=CARTESIAN_POINT('',(0.035254768968253,0.0860189335696179,0.140270482544698));
#3853=CARTESIAN_POINT('',(0.0352547689545041,0.0756266287242046,0.134270482544698));
#3854=CARTESIAN_POINT('',(0.0352547689837774,0.0682510487219132,0.147045361843956));
#3855=CARTESIAN_POINT('',(0.0467123074645898,0.0432510487219132,0.14411746003123));
#3856=CARTESIAN_POINT('',(0.0372547689453925,0.0432510487219132,0.145045361843956));
#3857=CARTESIAN_POINT('',(0.0352547689634392,0.0682510487219132,0.147045361843956));
#3858=CARTESIAN_POINT('',(0.0372547689444776,0.0756266287219132,0.134270482544084));
#3859=CARTESIAN_POINT('',(0.0392547689453926,0.0722510487219132,0.132846885817611));
#3860=CARTESIAN_POINT('',(0.0392547689453926,0.0712267774795635,0.132558327738248));
#3861=CARTESIAN_POINT('',(0.0400951077133824,0.0691416017046904,0.132258166761311));
#3862=CARTESIAN_POINT('',(0.0421902768220773,0.0682510487219207,0.132294201828063));
#3863=CARTESIAN_POINT('',(0.0432547689453643,0.0682510487219132,0.132294201825624));
#3864=CARTESIAN_POINT('',(0.0380369587120475,0.0786433535673265,0.153045361842163));
#3865=CARTESIAN_POINT('',(0.0392547689487696,0.0708036076051708,0.148519082397744));
#3866=CARTESIAN_POINT('',(0.0372547689493615,0.0708036076051708,0.148519082402327));
#3867=CARTESIAN_POINT('',(0.0372547689493615,0.0786433535665503,0.153045361843508));
#3868=CARTESIAN_POINT('',(0.0372547689499754,0.0786433535673265,0.153045361843956));
#3869=CARTESIAN_POINT('',(0.0380369587120475,0.0786433535673265,0.153045361842163));
#3870=CARTESIAN_POINT('',(0.0372547689582264,0.0860189335673264,0.140270482544084));
#3871=CARTESIAN_POINT('',(0.0372547689582264,0.0860189335673264,0.140270482544084));
#3872=CARTESIAN_POINT('',(0.0541698460018929,0.0682510487219132,0.1430195114311));
#3873=CARTESIAN_POINT('',(0.0541698460018929,0.0432510487219132,0.1430195114311));
#3874=CARTESIAN_POINT('',(0.0541698459972507,0.0432510487219132,0.14504536183479));
#3875=CARTESIAN_POINT('',(0.0541698459972507,0.0682510487219132,0.14504536183479));
#3876=CARTESIAN_POINT('',(0.0541698459972507,0.0653036076051709,0.14504536183479));
#3877=CARTESIAN_POINT('',(0.0541698459674614,0.0653036076051709,0.15804536183479));
#3878=CARTESIAN_POINT('',(0.0541698459932597,0.0718036076051709,0.146787031585592));
#3879=CARTESIAN_POINT('',(0.054169845998943,0.0675078043611978,0.144306848426299));
#3880=CARTESIAN_POINT('',(0.0541698459828878,0.0796433535673265,0.151313311027221));
#3881=CARTESIAN_POINT('',(0.0541698460081923,0.0860189335696179,0.140270482492189));
#3882=CARTESIAN_POINT('',(0.0541698460155281,0.0860189335696179,0.153021642538891));
#3883=CARTESIAN_POINT('',(0.0541698460201703,0.0860189335696179,0.150995792136425));
#3884=CARTESIAN_POINT('',(0.0541698460175345,0.0860189335479462,0.140270482538891));
#3885=CARTESIAN_POINT('',(0.0541698460175345,0.0860189335479462,0.140270482538891));
#3886=CARTESIAN_POINT('',(0.0541698460037857,0.075626628702533,0.134270482538891));
#3887=CARTESIAN_POINT('',(0.054169846033059,0.0682510487219132,0.147045361800612));
#3888=CARTESIAN_POINT('',(0.0541698460005235,0.0722510487219132,0.132846885818942));
#3889=CARTESIAN_POINT('',(0.0541698460150124,0.0722510487219132,0.137294201839373));
#3890=CARTESIAN_POINT('',(0.0541698459992571,0.0722510487219132,0.137294201839373));
#3891=CARTESIAN_POINT('',(0.0541698459992571,0.0682510487219132,0.137294201839373));
#3892=CARTESIAN_POINT('',(0.0541698459992571,0.0542510487219132,0.137294201839373));
#3893=CARTESIAN_POINT('',(0.0541698460264698,0.0542510487219132,0.132294201839373));
#3894=CARTESIAN_POINT('',(0.0571698459882273,0.0682510487219132,0.147045361839373));
#3895=CARTESIAN_POINT('',(0.0541698459972507,0.0653036076051709,0.147045361839373));
#3896=CARTESIAN_POINT('',(0.0581698459792039,0.0653036076051709,0.147045361839373));
#3897=CARTESIAN_POINT('',(0.0561698459972507,0.0653036076051709,0.147045361839373));
#3898=CARTESIAN_POINT('',(0.0561698459972507,0.0682510487219132,0.147045361839373));
#3899=CARTESIAN_POINT('',(0.0561698459972507,0.0432510487219132,0.147045361839373));
#3900=CARTESIAN_POINT('',(0.0571698459882273,0.0432510487219132,0.147045361839373));
#3901=CARTESIAN_POINT('',(0.0581698459792039,0.0432510487219132,0.147045361839373));
#3902=CARTESIAN_POINT('',(0.0581698459792039,0.0682510487219132,0.147045361839373));
#3903=CARTESIAN_POINT('',(0.0581698459861376,0.0682510487219132,0.144019511433392));
#3904=CARTESIAN_POINT('',(0.0581698459861376,0.0432510487219132,0.144019511433392));
#3905=CARTESIAN_POINT('',(0.0581698460130058,0.0682510487219132,0.147045361791446));
#3906=CARTESIAN_POINT('',(0.0581698459837325,0.07562662869795,0.134270482537663));
#3907=CARTESIAN_POINT('',(0.0581698459974813,0.0860189335433633,0.140270482537663));
#3908=CARTESIAN_POINT('',(0.0581698459974813,0.0860189335696179,0.140270482544698));
#3909=CARTESIAN_POINT('',(0.058169846004415,0.0860189335696179,0.151995792138717));
#3910=CARTESIAN_POINT('',(0.0581698459974814,0.0860189335935811,0.155021642538277));
#3911=CARTESIAN_POINT('',(0.0581698459636795,0.0860189335696179,0.140270482492189));
#3912=CARTESIAN_POINT('',(0.0581698459929528,0.0786433535673265,0.153045361839373));
#3913=CARTESIAN_POINT('',(0.0581698459929528,0.0786433535673265,0.153045361839373));
#3914=CARTESIAN_POINT('',(0.0581698459825809,0.0708036076051709,0.148519082397744));
#3915=CARTESIAN_POINT('',(0.0581698459539976,0.0653036076051709,0.158045361839373));
#3916=CARTESIAN_POINT('',(0.0467123074645898,0.0432510487219132,0.14411746003123));
#3917=CARTESIAN_POINT('',(0.0561698459972507,0.0432510487219132,0.145045361839373));
#3918=CARTESIAN_POINT('',(0.0352547689634392,0.0682510487219132,0.147045361843956));
#3919=CARTESIAN_POINT('',(0.0561698459937591,0.0756266287002415,0.134270482538277));
#3920=CARTESIAN_POINT('',(0.0501698460264698,0.0682510487219132,0.132294201839373));
#3921=CARTESIAN_POINT('',(0.0512343869782083,0.0682510487219132,0.132294201836933));
#3922=CARTESIAN_POINT('',(0.05332508082714,0.0691372747291439,0.132257842582425));
#3923=CARTESIAN_POINT('',(0.0541698460256195,0.0712265242349375,0.132558256399425));
#3924=CARTESIAN_POINT('',(0.0541698460252033,0.0722510487209561,0.132846885823433));
#3925=CARTESIAN_POINT('',(0.0561698460075079,0.0860189335456548,0.140270482538277));
#3926=CARTESIAN_POINT('',(0.0561698460075079,0.0860189335456548,0.140270482538277));
#3927=CARTESIAN_POINT('',(0.0571698460019761,0.0786433535673265,0.153045361839373));
#3928=CARTESIAN_POINT('',(0.0571698460019761,0.0786433535673265,0.153045361839373));
#3929=CARTESIAN_POINT('',(0.0561698459868567,0.0786433535673265,0.153045361839373));
#3930=CARTESIAN_POINT('',(0.0561698459828878,0.0786433535663342,0.1530453618388));
#3931=CARTESIAN_POINT('',(0.0561698459932597,0.0708036076051709,0.148519082397744));
#3932=CARTESIAN_POINT('',(0.0581698459792039,0.0708036076051709,0.148519082397744));
#3933=CARTESIAN_POINT('',(0.0429835381972561,0.0682510487219132,0.137294201839373));
#3934=CARTESIAN_POINT('',(0.0429835381972561,0.0682510487219132,0.137294201839373));
#3935=CARTESIAN_POINT('',(0.0432547689453925,0.0682510487219132,0.137294201839373));
#3936=CARTESIAN_POINT('',(0.0501698460150124,0.0682510487219132,0.137294201839373));
#3937=CARTESIAN_POINT('',(0.0501698460264698,0.0682510487219132,0.132294201830207));
#3938=CARTESIAN_POINT('',(0.0432547689453925,0.0682510487219132,0.137294201839373));
#3939=CARTESIAN_POINT('',(0.0429835381972561,0.0582510487219132,0.137294201839373));
#3940=CARTESIAN_POINT('',(0.0501698460150124,0.0582510487219132,0.137294201830207));
#3941=CARTESIAN_POINT('',(0.0501698460150124,0.0582510487219132,0.137294201839373));
#3942=CARTESIAN_POINT('',(0.0429835381972561,0.0582510487219132,0.137294201839373));
#3943=CARTESIAN_POINT('',(0.0432547689453925,0.0582510487219132,0.137294201839373));
#3944=CARTESIAN_POINT('',(0.0432547689453925,0.0582510487219132,0.137294201839373));
#3945=CARTESIAN_POINT('',(0.0487123074545632,5.72941227190389E-13,0.137294201839373));
#3946=CARTESIAN_POINT('',(0.0467123074645898,0.0632510487219132,0.137294201839373));
#3947=CARTESIAN_POINT('',(0.0467123074645898,0.0595010487219132,0.137294201839373));
#3948=CARTESIAN_POINT('',(0.0432547689453925,0.0722510487219132,0.137294201839373));
#3949=CARTESIAN_POINT('',(0.0432547689453925,0.0542510487219132,0.137294201839373));
#3950=CARTESIAN_POINT('',(0.0501698460150124,0.0542510487219132,0.137294201839373));
#3951=CARTESIAN_POINT('',(0.0501698460150124,0.0722510487219132,0.137294201839373));
#3952=CARTESIAN_POINT('',(0.0467123074645898,0.0632510487219132,0.133294201839373));
#3953=CARTESIAN_POINT('',(0.0467123074645898,0.0632510487219132,0.133294201839373));
#3954=CARTESIAN_POINT('',(0.0467123074645898,0.0595010487219132,0.133294201839373));
#3955=CARTESIAN_POINT('',(0.0467123074645898,0.0632510487219132,0.133294201839373));
#3956=CARTESIAN_POINT('',(0.0501698460150124,0.0722510487219132,0.13729420185584));
#3957=CARTESIAN_POINT('',(0.0432547689453925,0.0722510487219132,0.14524905279293));
#3958=CARTESIAN_POINT('',(0.0501698460018929,0.0542510487219132,0.143019511421934));
#3959=CARTESIAN_POINT('',(0.0432547689453925,0.0542510487219132,0.137294201839373));
#3960=CARTESIAN_POINT('',(0.035254768968253,0.0860189335696179,0.140270482544698));
#3961=CARTESIAN_POINT('',(0.0571698460065047,0.0860189335924354,0.155021642538584));
#3962=CARTESIAN_POINT('',(0.0561698460165313,0.0860189335912896,0.155021642538891));
#3963=CARTESIAN_POINT('',(0.0561698459823281,0.0860189335912896,0.155021642538891));
#3964=CARTESIAN_POINT('',(0.0561698459823281,0.0847223665957234,0.155021642540796));
#3965=CARTESIAN_POINT('',(0.0561698459830941,0.0821841744180206,0.154687423944124));
#3966=CARTESIAN_POINT('',(0.0561698459853712,0.0797662135241477,0.153693645335506));
#3967=CARTESIAN_POINT('',(0.0561698459868567,0.0786433535673265,0.153045361839373));
#3968=CARTESIAN_POINT('',(0.035254768968253,0.0860189335696179,0.140270482544698));
#3969=CARTESIAN_POINT('',(0.0372547689499754,0.0786433535681652,0.153045361842503));
#3970=CARTESIAN_POINT('',(0.0372547689499754,0.0797662135214518,0.153693645338563));
#3971=CARTESIAN_POINT('',(0.0372547689499754,0.0821314617213057,0.154673299626096));
#3972=CARTESIAN_POINT('',(0.0372547689499754,0.0847223665794411,0.155021642547191));
#3973=CARTESIAN_POINT('',(0.0372547689499754,0.0860189335719094,0.155021642546989));
#3974=CARTESIAN_POINT('',(0.0372547689559349,0.0860189335719094,0.155021642548667));
#3975=CARTESIAN_POINT('',(0.0380369587165761,0.0860189335719094,0.155021642546875));
#3976=CARTESIAN_POINT('',(0.022472579246857,0.0860189335673264,0.155021642546989));
#3977=CARTESIAN_POINT('',(0.0302547689817166,0.0860189335696179,0.155021642546989));
#3978=CARTESIAN_POINT('',(0.0239055493065481,0.0889663746895572,0.155021642546989));
#3979=CARTESIAN_POINT('',(0.0252547689700183,0.0889663746949122,0.155021642546989));
#3980=CARTESIAN_POINT('',(0.0262158841368074,0.0889663746987268,0.155021642549281));
#3981=CARTESIAN_POINT('',(0.0302547689817166,0.0860189335696179,0.155021642549281));
#3982=CARTESIAN_POINT('',(0.0302547689817166,0.0860189335696179,0.15502164));
#3983=CARTESIAN_POINT('',(0.0212547689997632,0.0860189335696179,0.153225333498255));
#3984=CARTESIAN_POINT('',(0.0212547689997632,0.0860189335696179,0.15336018169681));
#3985=CARTESIAN_POINT('',(0.0212547690152333,0.0860189335696179,0.140270482544698));
#3986=CARTESIAN_POINT('',(0.0212547690074983,0.086018933569819,0.15336018169681));
#3987=CARTESIAN_POINT('',(0.0212547690075273,0.0873169441785104,0.153125166961365));
#3988=CARTESIAN_POINT('',(0.0215360084265607,0.0886119195586886,0.153021642546989));
#3989=CARTESIAN_POINT('',(0.0220914865355329,0.0898085007269272,0.153021642546989));
#3990=CARTESIAN_POINT('',(0.0220914865355329,0.0898085007269272,0.153021642546989));
#3991=CARTESIAN_POINT('',(0.0302547689817166,0.0860189335696179,0.153021642546989));
#3992=CARTESIAN_POINT('',(0.0302547689817166,0.0860189335696179,0.140270482544698));
#3993=CARTESIAN_POINT('',(0.0232547690052068,0.0860189335719093,0.140270482544698));
#3994=CARTESIAN_POINT('',(0.0302547689817166,0.0860189335696179,0.140270482544698));
#3995=CARTESIAN_POINT('',(0.0252547689951802,0.0860189335696179,0.140270482544698));
#3996=CARTESIAN_POINT('',(0.0232547690052068,0.0860189335719093,0.140270482544084));
#3997=CARTESIAN_POINT('',(0.0302547689817166,0.0860189335696179,0.15502164));
#3998=CARTESIAN_POINT('',(0.0252547689886502,0.0860189335696179,0.151995792141009));
#3999=CARTESIAN_POINT('',(0.0252547689807949,0.0860189335696179,0.155423879065342));
#4000=CARTESIAN_POINT('',(0.0262158841368074,0.0889663746987268,0.155021642546989));
#4001=CARTESIAN_POINT('',(0.0255834629899171,0.0880997666567377,0.155021642546989));
#4002=CARTESIAN_POINT('',(0.0252547689879492,0.0870524432435424,0.155136440218054));
#4003=CARTESIAN_POINT('',(0.0252547689884484,0.0860189335672026,0.155423879066014));
#4004=CARTESIAN_POINT('',(0.00433969195592528,0.086018933593581,0.140270482541794));
#4005=CARTESIAN_POINT('',(0.0302547689817166,0.0860189335696179,0.140270482538891));
#4006=CARTESIAN_POINT('',(0.00633969194589869,0.0860189335912896,0.140270482538891));
#4007=CARTESIAN_POINT('',(0.00433969195592528,0.086018933593581,0.140270482538277));
#4008=CARTESIAN_POINT('',(0.00233969196595186,0.0860189335696179,0.140270482544698));
#4009=CARTESIAN_POINT('',(0.0302547689817166,0.0860189335696179,0.140270482544698));
#4010=CARTESIAN_POINT('',(0.0302547689817166,0.0860189335696179,0.15502164));
#4011=CARTESIAN_POINT('',(0.0302547689817166,0.0860189335696179,0.153021642538891));
#4012=CARTESIAN_POINT('',(0.00649487288465818,0.0887389054514782,0.153021642538891));
#4013=CARTESIAN_POINT('',(0.00649487288465818,0.0887389054514782,0.153021642538891));
#4014=CARTESIAN_POINT('',(0.00638982148544885,0.087821245108476,0.153021642538891));
#4015=CARTESIAN_POINT('',(0.00633969194690188,0.0869144702872701,0.153134276896112));
#4016=CARTESIAN_POINT('',(0.00633969194690188,0.0860189335696179,0.153360181683559));
#4017=CARTESIAN_POINT('',(0.00633969194868084,0.0860189335696179,0.153360181684648));
#4018=CARTESIAN_POINT('',(0.00633969194326287,0.0860189335696179,0.150995792136425));
#4019=CARTESIAN_POINT('',(0.00333969195692846,0.0860189335468004,0.155021642538891));
#4020=CARTESIAN_POINT('',(0.00633969194296081,0.0889663746680435,0.155021642538891));
#4021=CARTESIAN_POINT('',(0.00249573233046733,0.0889663746615954,0.155021642538277));
#4022=CARTESIAN_POINT('',(0.00450785055038181,0.0889663746649706,0.155021642538891));
#4023=CARTESIAN_POINT('',(0.0302547689817166,0.0860189335696179,0.155021642538891));
#4024=CARTESIAN_POINT('',(0.0302547689817166,0.0860189335696179,0.155021642538277));
#4025=CARTESIAN_POINT('',(0.0302547689817166,0.0860189335696179,0.15502164));
#4026=CARTESIAN_POINT('',(0.00233969195901816,0.0860189335696179,0.151995792138717));
#4027=CARTESIAN_POINT('',(0.00233969196687358,0.0860189335696179,0.155423879047905));
#4028=CARTESIAN_POINT('',(0.00233969196687358,0.0860189335696179,0.155423879047905));
#4029=CARTESIAN_POINT('',(0.00233969196687358,0.0869857691800977,0.155154983538991));
#4030=CARTESIAN_POINT('',(0.00238977343962359,0.087968452517379,0.155021642538891));
#4031=CARTESIAN_POINT('',(0.00249573233046734,0.0889663746615953,0.155021642538891));
#4032=CARTESIAN_POINT('',(0.00433969195692846,0.0860189335479462,0.155021642538891));
#4033=CARTESIAN_POINT('',(0.00633969194137002,0.0860189335502376,0.155021642539505));
#4034=CARTESIAN_POINT('',(0.00633969195374241,0.0786433535854826,0.142246763223158));
#4035=CARTESIAN_POINT('',(0.00433969196376899,0.0786433535871601,0.142246763220253));
#4036=CARTESIAN_POINT('',(0.00233969197379558,0.0786433535696179,0.142246763236567));
#4037=CARTESIAN_POINT('',(0.00233969196142319,0.0860189335456547,0.155021642538277));
#4038=CARTESIAN_POINT('',(0.00633969194801419,0.0840060083654817,0.151535153808912));
#4039=CARTESIAN_POINT('',(0.00633969193788352,0.08896637466698,0.166021642539505));
#4040=CARTESIAN_POINT('',(0.00633969194878714,0.08246637466698,0.154763312290308));
#4041=CARTESIAN_POINT('',(0.00633969194631503,0.0850189335670214,0.153289591722246));
#4042=CARTESIAN_POINT('',(0.006339691958896,0.072028552493471,0.160789591731936));
#4043=CARTESIAN_POINT('',(0.00633969196959091,0.0656529725230751,0.149746763230477));
#4044=CARTESIAN_POINT('',(0.00633969194702821,0.0840060083654817,0.154746763229863));
#4045=CARTESIAN_POINT('',(0.00633969196347295,0.0696529724807948,0.154746763229863));
#4046=CARTESIAN_POINT('',(0.00633969196500798,0.0696529724807948,0.149746763223158));
#4047=CARTESIAN_POINT('',(0.00633969195813617,0.0696529724807948,0.147437362174067));
#4048=CARTESIAN_POINT('',(0.0063396919491374,0.065652972528716,0.149746763223158));
#4049=CARTESIAN_POINT('',(0.00233969196622542,0.0845060083666275,0.152401179212225));
#4050=CARTESIAN_POINT('',(0.00233969196919057,0.0656529725128513,0.149746763236567));
#4051=CARTESIAN_POINT('',(0.00233969196919057,0.0656529725128513,0.149746763236567));
#4052=CARTESIAN_POINT('',(0.00233969198454043,0.0656529725128513,0.161472072830587));
#4053=CARTESIAN_POINT('',(0.00233969199722464,0.0656529724888881,0.164497923230147));
#4054=CARTESIAN_POINT('',(0.00233969194777559,0.0656529725128513,0.149746763236567));
#4055=CARTESIAN_POINT('',(0.00233969196134684,0.0730285524888881,0.162521642538277));
#4056=CARTESIAN_POINT('',(0.00233969196134684,0.0730285524888881,0.162521642538277));
#4057=CARTESIAN_POINT('',(0.00233969196504699,0.0834663746613336,0.156495363097262));
#4058=CARTESIAN_POINT('',(0.00233969195693349,0.0889663746613336,0.166021642538891));
#4059=CARTESIAN_POINT('',(0.0212547690067406,0.0851207790463963,0.153465993276203));
#4060=CARTESIAN_POINT('',(0.0212547690244626,0.0696529724899694,0.153465993276203));
#4061=CARTESIAN_POINT('',(0.0212547690198901,0.0696529724899694,0.147437362184633));
#4062=CARTESIAN_POINT('',(0.0212547690218874,0.0696529724899694,0.161854284919145));
#4063=CARTESIAN_POINT('',(0.0212547690301873,0.0656529725935128,0.149746763165841));
#4064=CARTESIAN_POINT('',(0.0212547690194924,0.0720285525220397,0.160789591732533));
#4065=CARTESIAN_POINT('',(0.0212547690069115,0.0850189335704566,0.153289591737354));
#4066=CARTESIAN_POINT('',(0.0212547690093835,0.0824663746846828,0.154763312297177));
#4067=CARTESIAN_POINT('',(0.0212547689984799,0.0889663746846828,0.166021642546375));
#4068=CARTESIAN_POINT('',(0.0212547690107047,0.0860189335673263,0.155021642544084));
#4069=CARTESIAN_POINT('',(0.0212547690230771,0.0786433535696178,0.142246763248181));
#4070=CARTESIAN_POINT('',(0.0212547690184721,0.0656529725128512,0.149746763248181));
#4071=CARTESIAN_POINT('',(0.00433969195692846,0.0860189335479462,0.155021642538891));
#4072=CARTESIAN_POINT('',(0.0252547689906515,0.0860189335719093,0.155021642545312));
#4073=CARTESIAN_POINT('',(0.0252547690030239,0.0786433535696178,0.142246763250637));
#4074=CARTESIAN_POINT('',(0.0232547690130505,0.0786433535712953,0.142246763247732));
#4075=CARTESIAN_POINT('',(0.0252547689887219,0.0845060083677731,0.152401179228279));
#4076=CARTESIAN_POINT('',(0.02525476897943,0.0889663746949122,0.16602164254699));
#4077=CARTESIAN_POINT('',(0.0252547689808117,0.0834663746946051,0.156495363104829));
#4078=CARTESIAN_POINT('',(0.0252547689771116,0.0730285525151427,0.162521642549895));
#4079=CARTESIAN_POINT('',(0.0252547689771116,0.0730285525151427,0.162521642549895));
#4080=CARTESIAN_POINT('',(0.0252547689635403,0.0656529726037366,0.149746763159751));
#4081=CARTESIAN_POINT('',(0.0252547690129894,0.0656529724795845,0.164497923197601));
#4082=CARTESIAN_POINT('',(0.0252547690141725,0.0656529724795845,0.161472072789328));
#4083=CARTESIAN_POINT('',(0.0252547689984189,0.0656529725128512,0.149746763250637));
#4084=CARTESIAN_POINT('',(0.0252547689984189,0.0656529725128512,0.149746763250637));
#4085=CARTESIAN_POINT('',(0.022472579242252,0.0730285525105598,0.162521642546875));
#4086=CARTESIAN_POINT('',(0.0212547690098942,0.0834663746790364,0.15649536310536));
#4087=CARTESIAN_POINT('',(0.0232547690054146,0.0834663746869743,0.15649536310536));
#4088=CARTESIAN_POINT('',(0.0232547690155235,0.0730285525119041,0.162521642547891));
#4089=CARTESIAN_POINT('',(0.0232547690155235,0.0730285525105598,0.162521642548667));
#4090=CARTESIAN_POINT('',(0.022472579242252,0.0730285525105598,0.162521642546875));
#4091=CARTESIAN_POINT('',(0.0232547690084455,0.0656529725145287,0.149746763247731));
#4092=CARTESIAN_POINT('',(0.0232547690084455,0.0656529725145287,0.149746763247731));
#4093=CARTESIAN_POINT('',(0.0172547690256095,0.0656529725195611,0.149746763239015));
#4094=CARTESIAN_POINT('',(0.0172547690263134,0.0696529724853864,0.147437362181987));
#4095=CARTESIAN_POINT('',(0.00433969195916398,0.0656529725303935,0.149746763220253));
#4096=CARTESIAN_POINT('',(0.010339691965717,0.0696529724853777,0.147437362175295));
#4097=CARTESIAN_POINT('',(0.010339691965013,0.0656529724853777,0.149746763229863));
#4098=CARTESIAN_POINT('',(0.00433969195916398,0.0656529725303935,0.149746763220253));
#4099=CARTESIAN_POINT('',(0.00333969195232345,0.0730285524900338,0.162521642538584));
#4100=CARTESIAN_POINT('',(0.00333969195232345,0.0730285524900338,0.162521642538584));
#4101=CARTESIAN_POINT('',(0.00433969196073603,0.0730285524911796,0.162521642538891));
#4102=CARTESIAN_POINT('',(0.00433969195721853,0.0730285524911796,0.162521642538891));
#4103=CARTESIAN_POINT('',(0.00433969194710967,0.0834663746646885,0.156495363097262));
#4104=CARTESIAN_POINT('',(0.00233969197023371,0.0834663746613336,0.156495363097262));
#4105=CARTESIAN_POINT('',(0.00433969195916398,0.0656529725207836,0.149746763229863));
#4106=CARTESIAN_POINT('',(0.00333969198820126,0.0656529724885821,0.164497923228553));
#4107=CARTESIAN_POINT('',(0.00433969196415764,0.0656529724882761,0.164497923226959));
#4108=CARTESIAN_POINT('',(0.00433969196857974,0.0656529724882761,0.16449792322696));
#4109=CARTESIAN_POINT('',(0.00433969196709422,0.066949539479885,0.164497923229817));
#4110=CARTESIAN_POINT('',(0.00433969196428874,0.0694877316500864,0.164163704636029));
#4111=CARTESIAN_POINT('',(0.0043396919618235,0.0719056925373093,0.163169926032221));
#4112=CARTESIAN_POINT('',(0.00433969196073603,0.0730285524911796,0.162521642538891));
#4113=CARTESIAN_POINT('',(0.00433969195916398,0.0656529725207836,0.149746763229863));
#4114=CARTESIAN_POINT('',(0.023254769025765,0.0702803663742626,0.163753331237474));
#4115=CARTESIAN_POINT('',(0.0232547690265546,0.0697839283916755,0.163917341009201));
#4116=CARTESIAN_POINT('',(0.023209278458788,0.0692841194618656,0.1640532568536));
#4117=CARTESIAN_POINT('',(0.0231132546809764,0.0687817470423491,0.164162292736395));
#4118=CARTESIAN_POINT('',(0.0232547690261001,0.0702803663742626,0.163753331237474));
#4119=CARTESIAN_POINT('',(0.0231132546809764,0.0687817470423491,0.164162292736395));
#4120=CARTESIAN_POINT('',(0.0231132546809764,0.0687817470423491,0.164162292736395));
#4121=CARTESIAN_POINT('',(0.0232065829102234,0.0677528636279616,0.164385603584403));
#4122=CARTESIAN_POINT('',(0.0232547690317958,0.0667100321670548,0.164497923207515));
#4123=CARTESIAN_POINT('',(0.0232547690314585,0.0656529724785191,0.16449792319911));
#4124=CARTESIAN_POINT('',(0.0232547690247541,0.0656529724785191,0.16449792319911));
#4125=CARTESIAN_POINT('',(0.0224725792781298,0.0656529724803107,0.16449792319946));
#4126=CARTESIAN_POINT('',(0.0232547690233296,0.0730285525105598,0.162521642548667));
#4127=CARTESIAN_POINT('',(0.0232547690241759,0.0721546204979262,0.16302620742215));
#4128=CARTESIAN_POINT('',(0.0232547690250995,0.0712385584524938,0.163436770318418));
#4129=CARTESIAN_POINT('',(0.0232547690261001,0.0702803663742626,0.163753331237474));
#4130=CARTESIAN_POINT('',(-0.00266030804257466,0.0405200852392048,0.16449792319911));
#4131=CARTESIAN_POINT('',(-0.00266030800277535,0.06565297252011,0.16449792319911));
#4132=CARTESIAN_POINT('',(0.000287133072891812,0.0399060540938546,0.16449792319911));
#4133=CARTESIAN_POINT('',(0.000287133066244314,0.0377378954953085,0.16449792319911));
#4134=CARTESIAN_POINT('',(0.00028713306672273,0.0378939358664739,0.164497923197601));
#4135=CARTESIAN_POINT('',(-0.00266030800277535,0.06565297252011,0.164497923197601));
#4136=CARTESIAN_POINT('',(-0.00266030800277535,0.06565297252011,0.158127051195907));
#4137=CARTESIAN_POINT('',(-0.00550662450897311,0.0419078805729473,0.154746763229863));
#4138=CARTESIAN_POINT('',(-0.00550662450368934,0.0419078805723139,0.157694716605962));
#4139=CARTESIAN_POINT('',(-0.00550662449840556,0.0419078805716806,0.160642669982061));
#4140=CARTESIAN_POINT('',(-0.00550662449312179,0.0419078805710472,0.16359062335816));
#4141=CARTESIAN_POINT('',(-0.00550662450897311,0.0419078805729473,0.154746763229863));
#4142=CARTESIAN_POINT('',(-0.00550662449312181,0.0419078805710472,0.16359062335816));
#4143=CARTESIAN_POINT('',(-0.00550662449312256,0.041907880571047,0.16359062335816));
#4144=CARTESIAN_POINT('',(-0.00550662449290617,0.041907880571021,0.163711351883722));
#4145=CARTESIAN_POINT('',(-0.00548458284166752,0.0419051893026833,0.163831029543452));
#4146=CARTESIAN_POINT('',(-0.00543177271029741,0.0418990277401872,0.163939835466836));
#4147=CARTESIAN_POINT('',(-0.00543177271031988,0.0418990277401897,0.163939835466844));
#4148=CARTESIAN_POINT('',(-0.00543177271031983,0.0418990277401898,0.163939835466844));
#4149=CARTESIAN_POINT('',(-0.00459288234040382,0.0418011511527319,0.163471813072497));
#4150=CARTESIAN_POINT('',(-0.0027870027288564,0.0416841359592864,0.162742975431665));
#4151=CARTESIAN_POINT('',(-0.000900930444457243,0.0417831100600644,0.162497923199111));
#4152=CARTESIAN_POINT('',(5.9663860854668E-5,0.0418930764282975,0.162497923199111));
#4153=CARTESIAN_POINT('',(5.96638608546549E-5,0.0418930764282975,0.16249792319911));
#4154=CARTESIAN_POINT('',(-0.00266030800277535,0.06565297252011,0.16249792319911));
#4155=CARTESIAN_POINT('',(0.0212547690247541,0.0656529724964035,0.16249792319911));
#4156=CARTESIAN_POINT('',(0.0212547690247541,0.0656529724964035,0.16249792319911));
#4157=CARTESIAN_POINT('',(0.0212547690257145,0.06662191988663,0.162497923207459));
#4158=CARTESIAN_POINT('',(0.0211961326416449,0.0675703743753179,0.162370203129243));
#4159=CARTESIAN_POINT('',(0.0210847839506698,0.0684992889738978,0.162119267230663));
#4160=CARTESIAN_POINT('',(0.0210847839506698,0.0684992889738977,0.162119267230663));
#4161=CARTESIAN_POINT('',(0.0210847839506697,0.0684992889738976,0.162119267230663));
#4162=CARTESIAN_POINT('',(0.0210847839508845,0.068499288972106,0.159661765897063));
#4163=CARTESIAN_POINT('',(0.0210847839510993,0.0684992889703144,0.157204264563463));
#4164=CARTESIAN_POINT('',(0.0210847839513141,0.0684992889685227,0.154746763229863));
#4165=CARTESIAN_POINT('',(0.0210847839513141,0.0684992889685227,0.154746763229863));
#4166=CARTESIAN_POINT('',(-0.00266030800277534,0.06565297252011,0.154746763229863));
#4167=CARTESIAN_POINT('',(-0.00266030800835667,0.0397378955088892,0.149746763225628));
#4168=CARTESIAN_POINT('',(-0.00266030800277535,0.06565297252011,0.149746763250637));
#4169=CARTESIAN_POINT('',(-0.00266030800835667,0.0397378955088892,0.149746763247731));
#4170=CARTESIAN_POINT('',(-0.00266030802587487,0.0457378954923352,0.149746763229863));
#4171=CARTESIAN_POINT('',(-0.0026603080158316,0.0491954340335299,0.149746763229863));
#4172=CARTESIAN_POINT('',(-0.00266030799752427,0.0526529725529317,0.149746763228969));
#4173=CARTESIAN_POINT('',(-0.00266030799249183,0.0586529725581707,0.149746763220253));
#4174=CARTESIAN_POINT('',(-0.00266030800277535,0.06565297252011,0.149746763236567));
#4175=CARTESIAN_POINT('',(0.0137972304838047,0.0656529724853821,0.149746763229863));
#4176=CARTESIAN_POINT('',(-0.00266030800277535,0.06565297252011,0.158127051195907));
#4177=CARTESIAN_POINT('',(0.000287133066722728,0.0378939358664739,0.164497923199111));
#4178=CARTESIAN_POINT('',(-0.000710789084009296,0.0377879769757556,0.16449792319911));
#4179=CARTESIAN_POINT('',(-0.00169347242804041,0.0377378955102007,0.164631264201013));
#4180=CARTESIAN_POINT('',(-0.00266030804405768,0.0377378955116305,0.164900159713294));
#4181=CARTESIAN_POINT('',(-0.00266030800277535,0.06565297252011,0.158127051195907));
#4182=CARTESIAN_POINT('',(-0.00266030801003409,0.0606529725184238,0.164900159737805));
#4183=CARTESIAN_POINT('',(-0.00162677879020596,0.0606529725169234,0.164612715457516));
#4184=CARTESIAN_POINT('',(-0.000579457590474659,0.0609816791993014,0.164497923227313));
#4185=CARTESIAN_POINT('',(0.000287133086719995,0.0616140876636448,0.16449792322696));
#4186=CARTESIAN_POINT('',(0.000287133091211737,0.0616140876495701,0.164497923230147));
#4187=CARTESIAN_POINT('',(-0.00266030800277535,0.06565297252011,0.164497923230147));
#4188=CARTESIAN_POINT('',(-0.00266030803430324,0.0596529725291334,0.164497923226959));
#4189=CARTESIAN_POINT('',(0.00028713307600113,0.05665297252912,0.164497923226959));
#4190=CARTESIAN_POINT('',(0.000287133084128329,0.0593037528376377,0.164497923226959));
#4191=CARTESIAN_POINT('',(-0.00266030800277535,0.06565297252011,0.164497923226959));
#4192=CARTESIAN_POINT('',(-0.00266030804039733,0.039737895495322,0.16449792319911));
#4193=CARTESIAN_POINT('',(-0.0100358879917977,0.0586529725673865,0.151723043913821));
#4194=CARTESIAN_POINT('',(-0.00266030799752427,0.0526529725529317,0.149746763228969));
#4195=CARTESIAN_POINT('',(-0.00266030799443206,0.053717513508271,0.149746763229773));
#4196=CARTESIAN_POINT('',(-0.00354653401205403,0.0558082073594979,0.149710403954771));
#4197=CARTESIAN_POINT('',(-0.00563578351099869,0.0566529725625861,0.150010817779556));
#4198=CARTESIAN_POINT('',(-0.00666030799889644,0.0566529725641335,0.150299447202281));
#4199=CARTESIAN_POINT('',(-0.00266030804039733,0.039737895495322,0.16449792319911));
#4200=CARTESIAN_POINT('',(-0.0100358879883386,0.039737895518105,0.151723043929908));
#4201=CARTESIAN_POINT('',(-0.00666030803168182,0.0417378955035371,0.150299447177043));
#4202=CARTESIAN_POINT('',(-0.00563603678926032,0.0417378955022679,0.150010889098209));
#4203=CARTESIAN_POINT('',(-0.00355086101072326,0.042578234268742,0.149710728171442));
#4204=CARTESIAN_POINT('',(-0.00266030802746331,0.0446734033772676,0.149746763229354));
#4205=CARTESIAN_POINT('',(-0.00266030802587487,0.0457378954979854,0.149746763230157));
#4206=CARTESIAN_POINT('',(-0.0156506890993412,0.0405200852524029,0.171997923199461));
#4207=CARTESIAN_POINT('',(-0.00521286692149183,0.0417378954941247,0.165971643757481));
#4208=CARTESIAN_POINT('',(-0.00521286692757253,0.0397546023779964,0.165971643757481));
#4209=CARTESIAN_POINT('',(-0.00566030802587487,0.0457378954897549,0.166229974006624));
#4210=CARTESIAN_POINT('',(-0.00566030803458531,0.0397378954897549,0.166229974001032));
#4211=CARTESIAN_POINT('',(-0.0156506891005368,0.039737895499905,0.171997923198766));
#4212=CARTESIAN_POINT('',(-0.0156506891011329,0.0397378955215215,0.171997923199111));
#4213=CARTESIAN_POINT('',(-0.0156506890993412,0.0405200852524029,0.171997923199461));
#4214=CARTESIAN_POINT('',(-0.0230262690451052,0.0397378955313031,0.159223043929908));
#4215=CARTESIAN_POINT('',(-0.0230262690451052,0.0397378955313031,0.159223043929908));
#4216=CARTESIAN_POINT('',(-0.0230262690485643,0.0586529725805846,0.159223043913821));
#4217=CARTESIAN_POINT('',(-0.0156506890910698,0.0596529725423315,0.171997923228553));
#4218=CARTESIAN_POINT('',(-0.0156506890910698,0.0596529725423315,0.171997923228553));
#4219=CARTESIAN_POINT('',(-0.0156506890913759,0.0586529725873265,0.17199792322696));
#4220=CARTESIAN_POINT('',(-0.0156506890925983,0.0586529725605014,0.171997923227665));
#4221=CARTESIAN_POINT('',(-0.00521286691786693,0.0586529725498967,0.16597164378533));
#4222=CARTESIAN_POINT('',(-0.005212866911735,0.0606529725279361,0.16597164378533));
#4223=CARTESIAN_POINT('',(-0.0230262690694999,0.0397378955313031,0.15922304391847));
#4224=CARTESIAN_POINT('',(-0.0192083879910728,0.0596529725079676,0.173471570398254));
#4225=CARTESIAN_POINT('',(-0.0192083879888338,0.0586529725593454,0.173471570393655));
#4226=CARTESIAN_POINT('',(-0.0192083879870189,0.0586529725913792,0.173471570400428));
#4227=CARTESIAN_POINT('',(-0.0179578185778468,0.0586529725898166,0.173136481326701));
#4228=CARTESIAN_POINT('',(-0.0167719189436696,0.0586529725884656,0.172645265603769));
#4229=CARTESIAN_POINT('',(-0.0156506890878696,0.0586529725873265,0.171997923233032));
#4230=CARTESIAN_POINT('',(-0.0230262690694999,0.0397378955313031,0.15922304391847));
#4231=CARTESIAN_POINT('',(-0.0156506891001407,0.0397378955215215,0.171997923200829));
#4232=CARTESIAN_POINT('',(-0.0167719189425898,0.0397378955226607,0.172645265550156));
#4233=CARTESIAN_POINT('',(-0.0179578185596606,0.0397378955240115,0.17313648125327));
#4234=CARTESIAN_POINT('',(-0.0192083879503956,0.0397378955255741,0.173471570309772));
#4235=CARTESIAN_POINT('',(-0.0665387534390936,0.0405200851229112,0.186153703521012));
#4236=CARTESIAN_POINT('',(-0.0625387533667526,0.083652972613487,0.185081906827297));
#4237=CARTESIAN_POINT('',(-0.0625387534030461,0.058652972613487,0.185081906808429));
#4238=CARTESIAN_POINT('',(-0.0192083879800247,0.0586529725593454,0.173471570391295));
#4239=CARTESIAN_POINT('',(-0.0703566345332696,0.0397378954361753,0.171905177139932));
#4240=CARTESIAN_POINT('',(-0.0026603080158316,0.0491954340335299,0.154746763229863));
#4241=CARTESIAN_POINT('',(-0.00266030802587487,0.0457378954885615,0.154746763232882));
#4242=CARTESIAN_POINT('',(-0.00266030802587487,0.0457378954885615,0.154746763229863));
#4243=CARTESIAN_POINT('',(-0.0026603080158316,0.0491954340335299,0.154746763229863));
#4244=CARTESIAN_POINT('',(-0.00266030800578833,0.0526529725491579,0.154746763229863));
#4245=CARTESIAN_POINT('',(-0.00266030800578833,0.0526529725491579,0.154746763232472));
#4246=CARTESIAN_POINT('',(0.0137972304838047,0.0656529724853821,0.154746763229863));
#4247=CARTESIAN_POINT('',(0.010339691963478,0.0656529724853777,0.154746763231091));
#4248=CARTESIAN_POINT('',(0.010339691963478,0.0656529724853777,0.154746763229863));
#4249=CARTESIAN_POINT('',(0.0137972304838047,0.0656529724853821,0.154746763229863));
#4250=CARTESIAN_POINT('',(0.0172547690240745,0.0656529724853864,0.154746763229863));
#4251=CARTESIAN_POINT('',(0.0172547690240745,0.0656529724853864,0.154746763230925));
#4252=CARTESIAN_POINT('',(-0.00266030800277536,0.06565297252011,0.154746763229863));
#4253=CARTESIAN_POINT('',(0.0125444749488709,0.0593549451757274,0.154746763229863));
#4254=CARTESIAN_POINT('',(0.0162944749488709,0.0593549451757274,0.154746763229863));
#4255=CARTESIAN_POINT('',(0.00363771929746045,0.0504481895501775,0.154746763229863));
#4256=CARTESIAN_POINT('',(0.00738771929746045,0.0504481895501775,0.154746763229863));
#4257=CARTESIAN_POINT('',(0.0172547690240694,0.0696529724853864,0.154746763229863));
#4258=CARTESIAN_POINT('',(0.0103396919634729,0.0696529724853777,0.154746763229863));
#4259=CARTESIAN_POINT('',(-0.00666030800578833,0.0526529725607769,0.154746763229863));
#4260=CARTESIAN_POINT('',(-0.00666030802587487,0.0457378955001805,0.154746763229863));
#4261=CARTESIAN_POINT('',(0.00363771929746045,0.0504481895501775,0.150746763229863));
#4262=CARTESIAN_POINT('',(0.00363771929746045,0.0504481895501775,0.150746763229863));
#4263=CARTESIAN_POINT('',(0.00738771929746045,0.0504481895501775,0.150746763229863));
#4264=CARTESIAN_POINT('',(0.0092972304936301,0.0536954340106483,0.150746763229863));
#4265=CARTESIAN_POINT('',(0.0125444749488709,0.0593549451757274,0.150746763229863));
#4266=CARTESIAN_POINT('',(0.0125444749488709,0.0593549451757274,0.150746763229863));
#4267=CARTESIAN_POINT('',(0.0162944749488709,0.0593549451757274,0.150746763229863));
#4268=CARTESIAN_POINT('',(0.0092972304936301,0.0536954340106483,0.150746763229863));
#4269=CARTESIAN_POINT('',(0.0103396919644589,0.0696529724853777,0.15153515381014));
#4270=CARTESIAN_POINT('',(0.0172547690240694,0.0696529724853864,0.154746763230925));
#4271=CARTESIAN_POINT('',(0.0210847839506698,0.0684992889738977,0.162119267230663));
#4272=CARTESIAN_POINT('',(0.0210847839506647,0.0684992889739394,0.162176688197637));
#4273=CARTESIAN_POINT('',(0.0210864553080919,0.0685047867209757,0.162233501776789));
#4274=CARTESIAN_POINT('',(0.0210899389135981,0.0685165430328069,0.162289626648979));
#4275=CARTESIAN_POINT('',(0.0210899389135968,0.0685165430328024,0.162289626648979));
#4276=CARTESIAN_POINT('',(0.0210899389135968,0.0685165430328024,0.162289626648979));
#4277=CARTESIAN_POINT('',(0.0212040564859716,0.0689016617716581,0.162183911016094));
#4278=CARTESIAN_POINT('',(0.0212547690222569,0.0692810228928309,0.162038608149822));
#4279=CARTESIAN_POINT('',(0.0212547690218874,0.0696529724899694,0.161854284919145));
#4280=CARTESIAN_POINT('',(-0.00666030802587487,0.045737895493995,0.162942273936371));
#4281=CARTESIAN_POINT('',(-0.00666030802587487,0.0457378954928209,0.164497923199055));
#4282=CARTESIAN_POINT('',(-0.00636201396033996,0.0417490334183802,0.164239592951418));
#4283=CARTESIAN_POINT('',(-0.00636201396033996,0.0417490334183802,0.164239592951418));
#4284=CARTESIAN_POINT('',(-0.00608726611574681,0.0417695795417466,0.164001654338412));
#4285=CARTESIAN_POINT('',(-0.00580194279279098,0.0418189242962787,0.163784703971244));
#4286=CARTESIAN_POINT('',(-0.00550662449312257,0.041907880571047,0.16359062335816));
#4287=CARTESIAN_POINT('',(-0.00666030800578833,0.0526529725607769,0.154746763232472));
#4288=CARTESIAN_POINT('',(-0.0625387534277256,0.0416529726214796,0.181799924024238));
#4289=CARTESIAN_POINT('',(-0.0625387534167759,0.0491954340939875,0.178081906799626));
#4290=CARTESIAN_POINT('',(-0.0625387534203441,0.0467375471548529,0.178081906798319));
#4291=CARTESIAN_POINT('',(-0.0625387534132077,0.0516533210303454,0.178081906800932));
#4292=CARTESIAN_POINT('',(-0.0625387534203441,0.0467375471521955,0.183081906798319));
#4293=CARTESIAN_POINT('',(-0.0625387534276025,0.0417377910128806,0.183032525148054));
#4294=CARTESIAN_POINT('',(-0.0625387534305058,0.0397378955599689,0.183011354385039));
#4295=CARTESIAN_POINT('',(-0.0625387534030461,0.0586529726205653,0.183011354453318));
#4296=CARTESIAN_POINT('',(-0.0625387534059494,0.0566530771674586,0.183032525196809));
#4297=CARTESIAN_POINT('',(-0.0625387534132077,0.0516533210276879,0.183081906800932));
#4298=CARTESIAN_POINT('',(-0.0703566344966104,0.0627378954462018,0.171905177160501));
#4299=CARTESIAN_POINT('',(-0.0469355515410622,0.041737895473222,0.165629516872681));
#4300=CARTESIAN_POINT('',(-0.0469355515288626,0.0467095878296669,0.165629516875099));
#4301=CARTESIAN_POINT('',(-0.046935551516663,0.0516812801861118,0.165629516877517));
#4302=CARTESIAN_POINT('',(-0.0469355515044634,0.0566529725425567,0.165629516879934));
#4303=CARTESIAN_POINT('',(-0.0542937087165886,0.0566529725277677,0.167601129162704));
#4304=CARTESIAN_POINT('',(-0.0542937087180002,0.0550151783176565,0.167601129161209));
#4305=CARTESIAN_POINT('',(-0.054293708719412,0.0533773841075453,0.167601129159714));
#4306=CARTESIAN_POINT('',(-0.0542937087208236,0.0517395898974341,0.167601129158219));
#4307=CARTESIAN_POINT('',(-0.0542937087252093,0.0466512812711931,0.167601129153575));
#4308=CARTESIAN_POINT('',(-0.0542937087266209,0.0450134860002731,0.16760112915208));
#4309=CARTESIAN_POINT('',(-0.0542937087280325,0.0433756907293531,0.167601129150584));
#4310=CARTESIAN_POINT('',(-0.0542937087294441,0.0417378954584331,0.16760112914909));
#4311=CARTESIAN_POINT('',(-0.0515387534167759,0.0491954355723666,0.165858131672136));
#4312=CARTESIAN_POINT('',(-0.0515387533971158,0.0627378955775054,0.163858131682357));
#4313=CARTESIAN_POINT('',(-0.0470732083235318,0.0606529755710226,0.163858131680783));
#4314=CARTESIAN_POINT('',(-0.0470732083452988,0.0530146155710226,0.163858131675018));
#4315=CARTESIAN_POINT('',(-0.0470732083670657,0.0453762555710226,0.163858131669253));
#4316=CARTESIAN_POINT('',(-0.0470732083888327,0.0377378955710226,0.163858131663488));
#4317=CARTESIAN_POINT('',(-0.0548644402963493,0.0377378955823335,0.163858131663488));
#4318=CARTESIAN_POINT('',(-0.0548644402898552,0.0453762555823334,0.163858131669253));
#4319=CARTESIAN_POINT('',(-0.0548644402833612,0.0530146155823334,0.163858131675018));
#4320=CARTESIAN_POINT('',(-0.0548644402768671,0.0606529755823334,0.163858131680783));
#4321=CARTESIAN_POINT('',(-0.0625387534305058,0.0397378954141231,0.163598725129463));
#4322=CARTESIAN_POINT('',(-0.056783018576612,0.0417378955649856,0.165293280031602));
#4323=CARTESIAN_POINT('',(-0.0567830185779461,0.0404045622380023,0.165293280031276));
#4324=CARTESIAN_POINT('',(-0.0567830185792802,0.0390712289110189,0.165293280030951));
#4325=CARTESIAN_POINT('',(-0.0567830185806143,0.0377378955840355,0.165293280030626));
#4326=CARTESIAN_POINT('',(-0.0567609363067684,0.0566529726266606,0.165223070403965));
#4327=CARTESIAN_POINT('',(-0.0575019577616714,0.0566529726243439,0.168460776903452));
#4328=CARTESIAN_POINT('',(-0.0542937087165887,0.0566529726223634,0.167601129162704));
#4329=CARTESIAN_POINT('',(-0.0567609363131523,0.0516812802404597,0.165223070406455));
#4330=CARTESIAN_POINT('',(-0.0575019578289279,0.0516812803039148,0.168460777097229));
#4331=CARTESIAN_POINT('',(-0.0542937087208631,0.0516812802346885,0.167601129158163));
#4332=CARTESIAN_POINT('',(-0.0567609363151166,0.0467095878496232,0.165223070396061));
#4333=CARTESIAN_POINT('',(-0.0575019576920827,0.0467095877989473,0.168460776692304));
#4334=CARTESIAN_POINT('',(-0.0542937087251699,0.0467095878464098,0.167601129153631));
#4335=CARTESIAN_POINT('',(-0.0567609363214989,0.0417378954627302,0.165223070398543));
#4336=CARTESIAN_POINT('',(-0.0575019577592731,0.0417378954604136,0.16846077688575));
#4337=CARTESIAN_POINT('',(-0.0542937087294442,0.041737895458433,0.16760112914909));
#4338=CARTESIAN_POINT('',(-0.0567609363067747,0.0566529726266606,0.165223070403993));
#4339=CARTESIAN_POINT('',(-0.0567609363117539,0.0516812802390436,0.165223070402487));
#4340=CARTESIAN_POINT('',(-0.0567609363167329,0.0467095878514266,0.165223070400981));
#4341=CARTESIAN_POINT('',(-0.0567609363217121,0.0417378954638096,0.165223070399475));
#4342=CARTESIAN_POINT('',(-0.0548644402768672,0.0606529755823335,0.163858131680783));
#4343=CARTESIAN_POINT('',(-0.0563604942766241,0.0606529755836054,0.163858131680783));
#4344=CARTESIAN_POINT('',(-0.0567830185576861,0.0606529755828815,0.165293280036216));
#4345=CARTESIAN_POINT('',(-0.0548644402834129,0.0530146155823269,0.163858131675018));
#4346=CARTESIAN_POINT('',(-0.0563604942459452,0.0530146155401457,0.163858131557803));
#4347=CARTESIAN_POINT('',(-0.0567830185653222,0.0530146155828748,0.16529328003433));
#4348=CARTESIAN_POINT('',(-0.0548644402898302,0.0453762555823335,0.163858131669253));
#4349=CARTESIAN_POINT('',(-0.0563604943408338,0.0453762556138423,0.163858131801294));
#4350=CARTESIAN_POINT('',(-0.0567830185729782,0.0453762555828814,0.165293280032512));
#4351=CARTESIAN_POINT('',(-0.0548644402963494,0.0377378955823335,0.163858131663488));
#4352=CARTESIAN_POINT('',(-0.056360494305621,0.0377378955836054,0.163858131663488));
#4353=CARTESIAN_POINT('',(-0.0567830185806144,0.0377378955828814,0.165293280030626));
#4354=CARTESIAN_POINT('',(-0.0448736933971159,0.0627378955691761,0.163353246664088));
#4355=CARTESIAN_POINT('',(-0.0462478929840637,0.0566529726110424,0.16429345958564));
#4356=CARTESIAN_POINT('',(-0.0462478929809635,0.0579863059380257,0.164293459585624));
#4357=CARTESIAN_POINT('',(-0.0462478929778634,0.0593196392650091,0.164293459585608));
#4358=CARTESIAN_POINT('',(-0.0462478929747632,0.0606529725919924,0.164293459585592));
#4359=CARTESIAN_POINT('',(-0.0462905491377437,0.041737895472317,0.164235681255228));
#4360=CARTESIAN_POINT('',(-0.0457775479896635,0.0417378954705313,0.165319230756252));
#4361=CARTESIAN_POINT('',(-0.0469355515410621,0.041737895473222,0.165629516872682));
#4362=CARTESIAN_POINT('',(-0.0462905491210464,0.0467095878235817,0.164235681232499));
#4363=CARTESIAN_POINT('',(-0.0457775478690257,0.0467095877324652,0.165319230381784));
#4364=CARTESIAN_POINT('',(-0.0469355515288155,0.046709587830007,0.165629516875087));
#4365=CARTESIAN_POINT('',(-0.0462905491226927,0.0516812801934279,0.164235681275066));
#4366=CARTESIAN_POINT('',(-0.0457775480608724,0.051681280313388,0.165319231135211));
#4367=CARTESIAN_POINT('',(-0.0469355515166569,0.0516812801868094,0.165629516877515));
#4368=CARTESIAN_POINT('',(-0.0462905491058837,0.0566529725426723,0.164235681252471));
#4369=CARTESIAN_POINT('',(-0.0457775479400291,0.0566529725408866,0.165319230760011));
#4370=CARTESIAN_POINT('',(-0.0469355515044632,0.0566529725435772,0.165629516879934));
#4371=CARTESIAN_POINT('',(-0.0462905491377689,0.0417378955515561,0.164235681255175));
#4372=CARTESIAN_POINT('',(-0.0462905491269027,0.0467095878819282,0.164235681254776));
#4373=CARTESIAN_POINT('',(-0.0462905491160366,0.0516812802123002,0.164235681254377));
#4374=CARTESIAN_POINT('',(-0.0462905491051704,0.0566529725426723,0.164235681253978));
#4375=CARTESIAN_POINT('',(-0.0470732083888325,0.0377378955710226,0.163858131663488));
#4376=CARTESIAN_POINT('',(-0.0465457398076569,0.0377378955695195,0.163858131663488));
#4377=CARTESIAN_POINT('',(-0.0462478930280439,0.0377378955683422,0.164293459585866));
#4378=CARTESIAN_POINT('',(-0.0470732083670488,0.0453762555709829,0.163858131669253));
#4379=CARTESIAN_POINT('',(-0.0465457398786058,0.0453762556410696,0.163858131980001));
#4380=CARTESIAN_POINT('',(-0.0462478930101933,0.0453762555683024,0.164293459585907));
#4381=CARTESIAN_POINT('',(-0.0470732083452094,0.0530146155710491,0.163858131675018));
#4382=CARTESIAN_POINT('',(-0.0465457396862402,0.0530146154563135,0.163858131369423));
#4383=CARTESIAN_POINT('',(-0.0462478929924077,0.0530146155683687,0.164293459585852));
#4384=CARTESIAN_POINT('',(-0.0470732083235316,0.0606529755710226,0.163858131680783));
#4385=CARTESIAN_POINT('',(-0.0465457397559607,0.0606529755695195,0.163858131680783));
#4386=CARTESIAN_POINT('',(-0.0462478929747631,0.0606529755683421,0.164293459585592));
#4387=CARTESIAN_POINT('',(0.000287133085199024,0.0596529725200966,0.175497923226959));
#4388=CARTESIAN_POINT('',(-0.00521286691786694,0.0586529725507929,0.165971643785331));
#4389=CARTESIAN_POINT('',(-0.00426964048490154,0.0586529725498346,0.165427071750351));
#4390=CARTESIAN_POINT('',(-0.00326763669120347,0.0586529725486787,0.165031316964006));
#4391=CARTESIAN_POINT('',(-0.00220685553677285,0.0586529725473251,0.164784379426295));
#4392=CARTESIAN_POINT('',(-0.00220685553677283,0.0586529725473251,0.164784379426294));
#4393=CARTESIAN_POINT('',(-0.00220685553677284,0.0586529725517867,0.164784379426295));
#4394=CARTESIAN_POINT('',(-0.00134617345553927,0.0586529725507898,0.164584022629792));
#4395=CARTESIAN_POINT('',(-0.000487358972445077,0.0588788472769559,0.16449792322696));
#4396=CARTESIAN_POINT('',(0.000287133084128331,0.0593037528376377,0.16449792322696));
#4397=CARTESIAN_POINT('',(0.000287133074774409,0.0405200852035381,0.175497923199111));
#4398=CARTESIAN_POINT('',(0.000287133072891812,0.0399060540938546,0.16449792319911));
#4399=CARTESIAN_POINT('',(-0.00136470192568412,0.0396825748429179,0.16449792319911));
#4400=CARTESIAN_POINT('',(-0.00300391482568969,0.0396944513895242,0.164871926996009));
#4401=CARTESIAN_POINT('',(-0.00449533556455357,0.0398794098419682,0.165591965712192));
#4402=CARTESIAN_POINT('',(-0.00449533556455358,0.0398794098419682,0.165591965712192));
#4403=CARTESIAN_POINT('',(-0.00449533556455358,0.0398794098419682,0.165591965712192));
#4404=CARTESIAN_POINT('',(-0.00473622808683138,0.0398164587198527,0.165708265517977));
#4405=CARTESIAN_POINT('',(-0.0049756137328885,0.0397755704420698,0.165834665561702));
#4406=CARTESIAN_POINT('',(-0.00521286692757252,0.0397546023779964,0.165971643757481));
#4407=CARTESIAN_POINT('',(0.0033396919519842,0.0889663746630111,0.166021642538891));
#4408=CARTESIAN_POINT('',(0.00433969194741626,0.0834663746646886,0.156495363097262));
#4409=CARTESIAN_POINT('',(0.00433969194650276,0.084409601097654,0.155950791062283));
#4410=CARTESIAN_POINT('',(0.00433969194547623,0.085411604891352,0.155555036275937));
#4411=CARTESIAN_POINT('',(0.00433969194433666,0.0864723860457826,0.155308098738226));
#4412=CARTESIAN_POINT('',(0.00433969194433666,0.0864723860457826,0.155308098738226));
#4413=CARTESIAN_POINT('',(0.00433969194614122,0.0864723860457826,0.155308098738226));
#4414=CARTESIAN_POINT('',(0.00433969194639255,0.0872964292356283,0.155116271050283));
#4415=CARTESIAN_POINT('',(0.00439441835562014,0.0881279466336566,0.155021642538891));
#4416=CARTESIAN_POINT('',(0.00450785055038181,0.0889663746649706,0.155021642538891));
#4417=CARTESIAN_POINT('',(0.0224725791789956,0.0889663746838698,0.16602164254699));
#4418=CARTESIAN_POINT('',(0.0239055493065481,0.0889663746895572,0.155021642546989));
#4419=CARTESIAN_POINT('',(0.0234806437382673,0.0881918826288771,0.155021642546989));
#4420=CARTESIAN_POINT('',(0.0232547690066527,0.0873330681391522,0.155107741950751));
#4421=CARTESIAN_POINT('',(0.0232547690056986,0.0864723860511501,0.155308098750262));
#4422=CARTESIAN_POINT('',(0.0232547690056986,0.0864723860511501,0.155308098750262));
#4423=CARTESIAN_POINT('',(0.023254769002335,0.0864723860511501,0.155308098750262));
#4424=CARTESIAN_POINT('',(0.0232547690034746,0.0854116049028732,0.155555036288307));
#4425=CARTESIAN_POINT('',(0.0232547690045011,0.0844096011148146,0.15595079107334));
#4426=CARTESIAN_POINT('',(0.0232547690054146,0.0834663746869743,0.15649536310536));
#4427=CARTESIAN_POINT('',(0.0380369587235049,0.0653036076051709,0.158045361842164));
#4428=CARTESIAN_POINT('',(0.0372547689493615,0.0653036076051709,0.147045361843956));
#4429=CARTESIAN_POINT('',(0.0372547689493615,0.0662704628837053,0.147045361843956));
#4430=CARTESIAN_POINT('',(0.0372547689493614,0.0681632031068205,0.147294590012718));
#4431=CARTESIAN_POINT('',(0.0372547689493615,0.0699662863721771,0.14803565476306));
#4432=CARTESIAN_POINT('',(0.0372547689493615,0.0708036076051709,0.148519082402327));
#4433=CARTESIAN_POINT('',(0.0571698459882273,0.0653036076051709,0.158045361839373));
#4434=CARTESIAN_POINT('',(0.0561698459938737,0.0708036076051709,0.148519082397744));
#4435=CARTESIAN_POINT('',(0.0561698459949815,0.0699662863721771,0.148035654758477));
#4436=CARTESIAN_POINT('',(0.0561698459966555,0.0682025111718134,0.147305122572406));
#4437=CARTESIAN_POINT('',(0.0561698459972507,0.0662704628837053,0.147045361839373));
#4438=CARTESIAN_POINT('',(0.0561698459972507,0.0653036076051709,0.147045361839373));
#4439=CARTESIAN_POINT('',(0.0372547689453925,0.0682510487219132,0.145045361843956));
#4440=CARTESIAN_POINT('',(0.0372547689453925,0.0653036076051709,0.145045361843956));
#4441=CARTESIAN_POINT('',(0.0372547689453925,0.0653036076051709,0.158045361843956));
#4442=CARTESIAN_POINT('',(0.0372547689453925,0.0718036076051709,0.146787031594758));
#4443=CARTESIAN_POINT('',(0.0372547689453925,0.068473224086295,0.14486423377363));
#4444=CARTESIAN_POINT('',(0.0372547689453925,0.0796433535673265,0.151313311036387));
#4445=CARTESIAN_POINT('',(0.0372547689453925,0.0860189335696179,0.140270482540115));
#4446=CARTESIAN_POINT('',(0.0372547689453925,0.0860189335715987,0.153021642546989));
#4447=CARTESIAN_POINT('',(0.0302547689817166,0.0860189335696179,0.153021642546989));
#4448=CARTESIAN_POINT('',(0.0239055493065481,0.0889663746895572,0.153021642546989));
#4449=CARTESIAN_POINT('',(0.0232547690056986,0.0864723860492112,0.155308098750714));
#4450=CARTESIAN_POINT('',(0.0212547690074983,0.0864723860488031,0.155308098748961));
#4451=CARTESIAN_POINT('',(0.0212547690074983,0.0860189335696179,0.153360181696846));
#4452=CARTESIAN_POINT('',(0.0232547690075173,0.0873211345728908,0.155110519946294));
#4453=CARTESIAN_POINT('',(0.0213187079232963,0.087575080278866,0.15505140433382));
#4454=CARTESIAN_POINT('',(0.0212547690074983,0.0873085904189714,0.153126679475461));
#4455=CARTESIAN_POINT('',(0.0234718141677838,0.0881757886207188,0.15502164254699));
#4456=CARTESIAN_POINT('',(0.0215962189835413,0.0887416219081983,0.154962019876003));
#4457=CARTESIAN_POINT('',(0.0215338270697121,0.088607220596688,0.15302164254343));
#4458=CARTESIAN_POINT('',(0.0239055493065481,0.0889663746895572,0.155021642546989));
#4459=CARTESIAN_POINT('',(0.0220914865355329,0.0898085007269272,0.155021642546989));
#4460=CARTESIAN_POINT('',(0.0220914865355329,0.0898085007269272,0.153021642546989));
#4461=CARTESIAN_POINT('',(0.0232547690074983,0.0860189335719093,0.153360181696313));
#4462=CARTESIAN_POINT('',(0.02325476899848,0.0889663746869743,0.16602164254699));
#4463=CARTESIAN_POINT('',(0.0232547690093836,0.0824663746869743,0.154763312297791));
#4464=CARTESIAN_POINT('',(0.0232547690069115,0.085018933572748,0.153289591737968));
#4465=CARTESIAN_POINT('',(0.0232547690194925,0.0720285525105598,0.160789591741098));
#4466=CARTESIAN_POINT('',(0.0232547690301874,0.0656529725958043,0.149746763166455));
#4467=CARTESIAN_POINT('',(0.0232547690222225,0.0696529724922608,0.161854284919759));
#4468=CARTESIAN_POINT('',(0.0212547690218874,0.0696529724899693,0.161854284919145));
#4469=CARTESIAN_POINT('',(0.0212547690205855,0.0702803663735959,0.163753331241778));
#4470=CARTESIAN_POINT('',(0.023254769025765,0.0702803663742626,0.163753331237474));
#4471=CARTESIAN_POINT('',(0.0212547690222672,0.0692706259131031,0.162043760472641));
#4472=CARTESIAN_POINT('',(0.0213138536647576,0.0697965058544694,0.16391318575807));
#4473=CARTESIAN_POINT('',(0.0232547690266127,0.0696168907934193,0.163972525743893));
#4474=CARTESIAN_POINT('',(0.0212010261166334,0.0688889918347597,0.16218786164759));
#4475=CARTESIAN_POINT('',(0.0212900295213973,0.0693007513564815,0.164051475626181));
#4476=CARTESIAN_POINT('',(0.0231741546649454,0.0689546515921041,0.164139228965828));
#4477=CARTESIAN_POINT('',(0.0210879216316147,0.0685097572521465,0.162291485087536));
#4478=CARTESIAN_POINT('',(0.0211813052581798,0.0688228686275739,0.164163234876245));
#4479=CARTESIAN_POINT('',(0.0230044979417197,0.0682965761684636,0.164259105585194));
#4480=CARTESIAN_POINT('',(0.0210899389135968,0.0685165430328024,0.162289626648979));
#4481=CARTESIAN_POINT('',(0.0211210423556433,0.0686215095001784,0.162790738702688));
#4482=CARTESIAN_POINT('',(0.021591375762614,0.0687877399330651,0.163752577658768));
#4483=CARTESIAN_POINT('',(0.0226084790956736,0.0688091895347262,0.164156336565977));
#4484=CARTESIAN_POINT('',(0.0231132546809764,0.0687817470423491,0.164162292736395));
#4485=CARTESIAN_POINT('',(-0.00249212277710362,0.0397378954849402,0.16692190819325));
#4486=CARTESIAN_POINT('',(-0.0625387534305058,0.0397378955599689,0.183011354385039));
#4487=CARTESIAN_POINT('',(-0.0197260260384857,0.0397378955064741,0.171539718654573));
#4488=CARTESIAN_POINT('',(0.0232547690314585,0.0656529724785191,0.16449792319911));
#4489=CARTESIAN_POINT('',(0.0212547690247541,0.0656529724805016,0.164497923205815));
#4490=CARTESIAN_POINT('',(0.0212547690247541,0.0656529724964035,0.16249792319911));
#4491=CARTESIAN_POINT('',(0.0232547690312233,0.0668783274597887,0.164497923208853));
#4492=CARTESIAN_POINT('',(0.0212547690257554,0.0667965821379242,0.16449792321242));
#4493=CARTESIAN_POINT('',(0.021254769025723,0.0666304453890181,0.162497923205858));
#4494=CARTESIAN_POINT('',(0.0231901360694151,0.0680740432448006,0.164347622665638));
#4495=CARTESIAN_POINT('',(0.0211737367010459,0.0679231716738891,0.164365531253039));
#4496=CARTESIAN_POINT('',(0.0211951241222421,0.0675842749198911,0.162368000796018));
#4497=CARTESIAN_POINT('',(0.0230683961029323,0.0692420010034446,0.164054649013453));
#4498=CARTESIAN_POINT('',(0.0210232088930596,0.069009987017246,0.164112848028006));
#4499=CARTESIAN_POINT('',(0.02108277945722,0.0685159617096941,0.162114749261203));
#4500=CARTESIAN_POINT('',(0.0232547690247541,0.0656529724944209,0.16249792319911));
#4501=CARTESIAN_POINT('',(-0.0230262690694999,0.0397378955205612,0.15922304391847));
#4502=CARTESIAN_POINT('',(-0.0166506891001407,0.039737895502971,0.17026587239326));
#4503=CARTESIAN_POINT('',(-0.00266030800277535,0.06565297252011,0.16249792319911));
#4504=CARTESIAN_POINT('',(0.000287133072891811,0.0399060540938546,0.16249792319911));
#4505=CARTESIAN_POINT('',(-0.00366030804138954,0.0397378954897729,0.162765872389823));
#4506=CARTESIAN_POINT('',(-0.0066603080345853,0.0397378954928208,0.164497923193463));
#4507=CARTESIAN_POINT('',(5.96638608546548E-5,0.0418930764282975,0.16249792319911));
#4508=CARTESIAN_POINT('',(5.96638608546548E-5,0.0418930764282975,0.16449792319911));
#4509=CARTESIAN_POINT('',(0.000287133072891811,0.0399060540938546,0.16449792319911));
#4510=CARTESIAN_POINT('',(-0.000902491697924217,0.0417829313317785,0.162497923199955));
#4511=CARTESIAN_POINT('',(-0.000747846464306275,0.0418006347215129,0.164516250166356));
#4512=CARTESIAN_POINT('',(-0.000595083772734926,0.0397866976454224,0.16449792319911));
#4513=CARTESIAN_POINT('',(-0.00279836120902782,0.0416832443318159,0.162743670190812));
#4514=CARTESIAN_POINT('',(-0.00229804113058892,0.0416991416585128,0.164717595001833));
#4515=CARTESIAN_POINT('',(-0.00233343886953698,0.0396786738949492,0.164705862961639));
#4516=CARTESIAN_POINT('',(-0.00462205799304582,0.0418033664449315,0.163484501934729));
#4517=CARTESIAN_POINT('',(-0.00385580742297738,0.0417442616336903,0.165272826119729));
#4518=CARTESIAN_POINT('',(-0.00400561756180971,0.0398088417281413,0.165332720590864));
#4519=CARTESIAN_POINT('',(-0.00546546786530105,0.0419029833121474,0.163958707293815));
#4520=CARTESIAN_POINT('',(-0.00460359375082366,0.0418011855954701,0.165642984280491));
#4521=CARTESIAN_POINT('',(-0.00477895446151057,0.039916789480165,0.165733971279245));
#4522=CARTESIAN_POINT('',(-0.00543177271031988,0.0418990277401897,0.163939835466844));
#4523=CARTESIAN_POINT('',(-0.00520755202669725,0.0418728670448982,0.164401802477543));
#4524=CARTESIAN_POINT('',(-0.00474836193574112,0.0414072435846121,0.16527091945085));
#4525=CARTESIAN_POINT('',(-0.00451862653072611,0.0403855874749007,0.165603210291308));
#4526=CARTESIAN_POINT('',(-0.00449533556455349,0.039879409841968,0.165591965712192));
#4527=CARTESIAN_POINT('',(-0.00636201396034004,0.0417490334183802,0.164239592951418));
#4528=CARTESIAN_POINT('',(-0.00532905965136903,0.041826279542501,0.16603872766151));
#4529=CARTESIAN_POINT('',(-0.00521286692757263,0.0397546023779964,0.165971643757481));
#4530=CARTESIAN_POINT('',(-0.00646126058728821,0.0417416115823909,0.164325543051576));
#4531=CARTESIAN_POINT('',(-0.00543707736826512,0.0417925226443672,0.166101091719377));
#4532=CARTESIAN_POINT('',(-0.00536173686799598,0.0397434696240443,0.166057593857639));
#4533=CARTESIAN_POINT('',(-0.00656078428271302,0.0417378954927415,0.164411733100084));
#4534=CARTESIAN_POINT('',(-0.00554764301073906,0.0417629321620999,0.166164926822769));
#4535=CARTESIAN_POINT('',(-0.00551102241113119,0.0397378954896042,0.166143783906145));
#4536=CARTESIAN_POINT('',(-0.00666030803168197,0.0417378954928209,0.164497923194973));
#4537=CARTESIAN_POINT('',(-0.0056603080315285,0.0417378954900619,0.166229974002807));
#4538=CARTESIAN_POINT('',(-0.00566030803458552,0.0397378954897549,0.166229974001032));
#4539=CARTESIAN_POINT('',(-0.00621286692757251,0.0397546023810623,0.164239592949912));
#4540=CARTESIAN_POINT('',(-0.00521286692757254,0.0397546023779964,0.165971643757481));
#4541=CARTESIAN_POINT('',(-0.00532905965136897,0.041826279542501,0.16603872766151));
#4542=CARTESIAN_POINT('',(-0.00636201396033997,0.0417490334183802,0.164239592951418));
#4543=CARTESIAN_POINT('',(-0.00485121436926974,0.0397865646607741,0.165762843555649));
#4544=CARTESIAN_POINT('',(-0.0050832599008684,0.0419201615654827,0.165890830559327));
#4545=CARTESIAN_POINT('',(-0.00607707558067553,0.0417703416077459,0.163992829077731));
#4546=CARTESIAN_POINT('',(-0.00448631826332218,0.0398643946855459,0.165579583465298));
#4547=CARTESIAN_POINT('',(-0.00486819216458,0.0420336269918346,0.165770126360174));
#4548=CARTESIAN_POINT('',(-0.00578958167907008,0.0418222282877479,0.163776248968751));
#4549=CARTESIAN_POINT('',(-0.00412063737485991,0.03999520799531,0.165419651537882));
#4550=CARTESIAN_POINT('',(-0.00467090113735104,0.0421608424327678,0.165660311490474));
#4551=CARTESIAN_POINT('',(-0.00550146946435278,0.0419094371630142,0.163587238510013));
#4552=CARTESIAN_POINT('',(-0.0670563914900317,0.0586529726262101,0.184221851930423));
#4553=CARTESIAN_POINT('',(-0.0197260260790388,0.0586529725670706,0.171539718741077));
#4554=CARTESIAN_POINT('',(-0.0625387534030461,0.0586529726205653,0.183011354453318));
#4555=CARTESIAN_POINT('',(-0.0230262693036731,0.0586529725811576,0.159223043794206));
#4556=CARTESIAN_POINT('',(-0.0166506891013871,0.0586529725635674,0.170265872433267));
#4557=CARTESIAN_POINT('',(-0.0166506890925983,0.0586529725635674,0.170265872420096));
#4558=CARTESIAN_POINT('',(-0.00621286691786693,0.0586529725529627,0.164239592977762));
#4559=CARTESIAN_POINT('',(0.000287133082133059,0.0586529725350293,0.175497923226959));
#4560=CARTESIAN_POINT('',(-0.00266030801293754,0.0586529725487154,0.162836462371628));
#4561=CARTESIAN_POINT('',(-0.00266030801584103,0.056652972553177,0.162836462371628));
#4562=CARTESIAN_POINT('',(-0.00220685553984228,0.0566529725525187,0.164784379425581));
#4563=CARTESIAN_POINT('',(-0.00220685553677284,0.0586529725517867,0.164784379426294));
#4564=CARTESIAN_POINT('',(-0.00137065117683688,0.0566529725513047,0.162602960154168));
#4565=CARTESIAN_POINT('',(-0.0011041613181458,0.056716911465825,0.164527685014155));
#4566=CARTESIAN_POINT('',(-0.00135810702010455,0.0586529725520226,0.164586800625081));
#4567=CARTESIAN_POINT('',(-7.20210097425549E-5,0.0569320306072286,0.162497923223357));
#4568=CARTESIAN_POINT('',(6.23803012381162E-5,0.0569944225200389,0.164438300556989));
#4569=CARTESIAN_POINT('',(-0.000503452979495527,0.0588700177071958,0.164497923226959));
#4570=CARTESIAN_POINT('',(0.00112925911293604,0.0574896900626477,0.162497923226959));
#4571=CARTESIAN_POINT('',(0.00112925911293604,0.0574896900626477,0.164497923226959));
#4572=CARTESIAN_POINT('',(0.000287133084128332,0.0593037528376377,0.164497923226959));
#4573=CARTESIAN_POINT('',(0.00028713308412833,0.0593037528376377,0.162497923226959));
#4574=CARTESIAN_POINT('',(-0.00266030800277535,0.06565297252011,0.162497923226959));
#4575=CARTESIAN_POINT('',(0.00433969196415764,0.0656529724882761,0.162497923226959));
#4576=CARTESIAN_POINT('',(0.00433969196959091,0.0656529725207836,0.149746763229863));
#4577=CARTESIAN_POINT('',(0.004339691958896,0.0720285524949965,0.160789591729119));
#4578=CARTESIAN_POINT('',(0.004339691958896,0.0720285524911796,0.160789591731322));
#4579=CARTESIAN_POINT('',(0.00433969194878714,0.0824663746646885,0.154763312289694));
#4580=CARTESIAN_POINT('',(0.00433969193788352,0.0889663746646885,0.166021642538891));
#4581=CARTESIAN_POINT('',(0.00433969194509732,0.0860189335696179,0.153360181683559));
#4582=CARTESIAN_POINT('',(0.00633969194690189,0.0860189335696179,0.153360181683559));
#4583=CARTESIAN_POINT('',(0.00633969194690189,0.0864723860459551,0.155308098738967));
#4584=CARTESIAN_POINT('',(0.00433969194614123,0.0864723860457826,0.155308098738226));
#4585=CARTESIAN_POINT('',(0.00633969194690189,0.0869165040722692,0.153133763862103));
#4586=CARTESIAN_POINT('',(0.00635678345171778,0.0872273915230377,0.155132342230284));
#4587=CARTESIAN_POINT('',(0.00433969194615466,0.0872953837513467,0.155116514426886));
#4588=CARTESIAN_POINT('',(0.00639005853655115,0.0878233158319263,0.153021642539376));
#4589=CARTESIAN_POINT('',(0.00640692462829541,0.087970646977718,0.155039078659738));
#4590=CARTESIAN_POINT('',(0.00439427065694182,0.0881268549234605,0.155021642538891));
#4591=CARTESIAN_POINT('',(0.00649487288465818,0.0887389054514782,0.153021642538891));
#4592=CARTESIAN_POINT('',(0.00649487288465819,0.0887389054514782,0.155021642538891));
#4593=CARTESIAN_POINT('',(0.00450785055038181,0.0889663746649706,0.155021642538891));
#4594=CARTESIAN_POINT('',(0.00450785055038181,0.0889663746649706,0.153021642538891));
#4595=CARTESIAN_POINT('',(0.0302547689817166,0.0860189335696179,0.153021642538891));
#4596=CARTESIAN_POINT('',(0.0561698460165313,0.0860189335912896,0.153021642538891));
#4597=CARTESIAN_POINT('',(0.0561698460081923,0.0860189335696179,0.140270482496772));
#4598=CARTESIAN_POINT('',(0.0561698459828878,0.0796433535647818,0.151313311030335));
#4599=CARTESIAN_POINT('',(0.0561698459828878,0.0796433535663342,0.151313311031231));
#4600=CARTESIAN_POINT('',(0.0561698459932597,0.0718036076051709,0.146787031590175));
#4601=CARTESIAN_POINT('',(0.0561698459674614,0.0653036076051709,0.158045361839373));
#4602=CARTESIAN_POINT('',(0.0561698459972507,0.0653036076051709,0.145045361839373));
#4603=CARTESIAN_POINT('',(0.0561698459972507,0.0682510487219132,0.145045361839373));
#4604=CARTESIAN_POINT('',(-0.0713387534305058,0.0397378955598588,0.185081906745859));
#4605=CARTESIAN_POINT('',(-0.0625387534305058,0.0397378955470836,0.185081906745859));
#4606=CARTESIAN_POINT('',(-0.0713387534297507,0.0402580860470729,0.185081906749301));
#4607=CARTESIAN_POINT('',(-0.0625387534297506,0.0402580860342976,0.185081906749301));
#4608=CARTESIAN_POINT('',(-0.0713387534282461,0.0412944420665292,0.184639371644947));
#4609=CARTESIAN_POINT('',(-0.0625387534282461,0.0412944420537539,0.184639371644947));
#4610=CARTESIAN_POINT('',(-0.0713387534276102,0.0417324722373982,0.183571037817305));
#4611=CARTESIAN_POINT('',(-0.0625387534276102,0.0417324722246229,0.183571037817305));
#4612=CARTESIAN_POINT('',(-0.0713387534276025,0.0417377910256558,0.183032525148054));
#4613=CARTESIAN_POINT('',(-0.0625387534276025,0.0417377910128806,0.183032525148054));
#4614=CARTESIAN_POINT('',(-0.0625387534276025,0.0417377910128803,0.183032525148082));
#4615=CARTESIAN_POINT('',(-0.0713387534276025,0.0417377910256556,0.183032525148082));
#4616=CARTESIAN_POINT('',(-0.0713387534305058,0.0397378955727442,0.183011354385039));
#4617=CARTESIAN_POINT('',(-0.0713387534305058,0.0397378955598588,0.185081906794152));
#4618=CARTESIAN_POINT('',(-0.0875387534305058,0.039737895589184,0.185081906794152));
#4619=CARTESIAN_POINT('',(-0.0875387534167759,0.049195434130281,0.178081906799626));
#4620=CARTESIAN_POINT('',(-0.0665387534132077,0.0516533210361524,0.178081906800932));
#4621=CARTESIAN_POINT('',(-0.0713387534132077,0.0516533210431207,0.178081906800932));
#4622=CARTESIAN_POINT('',(-0.0713387533971158,0.0627378955967412,0.178081906806823));
#4623=CARTESIAN_POINT('',(-0.0713387534203441,0.0467375471676282,0.178081906798319));
#4624=CARTESIAN_POINT('',(-0.0625387534203441,0.0467375471548529,0.178081906798319));
#4625=CARTESIAN_POINT('',(-0.0713387534196792,0.0566530771802339,0.183032525196809));
#4626=CARTESIAN_POINT('',(-0.0625387534059494,0.0566530771674586,0.183032525196809));
#4627=CARTESIAN_POINT('',(-0.0713387534196715,0.0566583959635399,0.18357103786691));
#4628=CARTESIAN_POINT('',(-0.0625387534059417,0.0566583959507646,0.18357103786691));
#4629=CARTESIAN_POINT('',(-0.0713387534190356,0.0570964261259169,0.184639371700375));
#4630=CARTESIAN_POINT('',(-0.0625387534053057,0.0570964261131416,0.184639371700375));
#4631=CARTESIAN_POINT('',(-0.0713387534175311,0.0581327821437936,0.185081906813746));
#4632=CARTESIAN_POINT('',(-0.0625387534038012,0.0581327821310183,0.185081906813746));
#4633=CARTESIAN_POINT('',(-0.0713387534167759,0.0586529726317778,0.185081906814139));
#4634=CARTESIAN_POINT('',(-0.0625387534030461,0.0586529726190025,0.185081906814139));
#4635=CARTESIAN_POINT('',(-0.0875387534030461,0.0586529726497804,0.185081906808429));
#4636=CARTESIAN_POINT('',(-0.0713387534167759,0.0586529726262623,0.185081906808429));
#4637=CARTESIAN_POINT('',(-0.0713387534030461,0.0586529726333406,0.183011354453318));
#4638=CARTESIAN_POINT('',(-0.0713387534059494,0.0566530771802339,0.183032525196809));
#4639=CARTESIAN_POINT('',(-0.0665387534059494,0.0566530771732655,0.183032525196809));
#4640=CARTESIAN_POINT('',(-0.0875387533667526,0.0836529726497804,0.185081906827297));
#4641=CARTESIAN_POINT('',(-0.0713387533804825,0.0836529726262623,0.185081906827297));
#4642=CARTESIAN_POINT('',(-0.0875387534667993,0.014737895589184,0.185081906775284));
#4643=CARTESIAN_POINT('',(-0.0713387534667993,0.0147378955598589,0.185081906775284));
#4644=CARTESIAN_POINT('',(-0.0645387534149309,0.0467375471550989,0.183081906798319));
#4645=CARTESIAN_POINT('',(-0.0713387534203441,0.0467375471649707,0.183081906798319));
#4646=CARTESIAN_POINT('',(-0.0645387534132077,0.0516533210305914,0.183081906800932));
#4647=CARTESIAN_POINT('',(-0.0713387534132077,0.0516533210404632,0.183081906800932));
#4648=CARTESIAN_POINT('',(-0.0685387533971158,0.0627378955268312,0.170882179003094));
#4649=CARTESIAN_POINT('',(-0.0713387533971158,0.0627378955308961,0.170882179003094));
#4650=CARTESIAN_POINT('',(-0.0713387534167759,0.0491954341000278,0.102540953404969));
#4651=MECHANICAL_DESIGN_GEOMETRIC_PRESENTATION_REPRESENTATION('',(#2545),
#4652);
#4652=(
GEOMETRIC_REPRESENTATION_CONTEXT(3)
GLOBAL_UNCERTAINTY_ASSIGNED_CONTEXT((#4653))
GLOBAL_UNIT_ASSIGNED_CONTEXT((#4656,#4655,#4654))
REPRESENTATION_CONTEXT('Part 4','TOP_LEVEL_ASSEMBLY_PART')
);
#4653=UNCERTAINTY_MEASURE_WITH_UNIT(LENGTH_MEASURE(2.E-5),#4656,
'DISTANCE_ACCURACY_VALUE','Maximum Tolerance applied to model');
#4654=(
NAMED_UNIT(*)
SI_UNIT($,.STERADIAN.)
SOLID_ANGLE_UNIT()
);
#4655=(
NAMED_UNIT(*)
PLANE_ANGLE_UNIT()
SI_UNIT($,.RADIAN.)
);
#4656=(
LENGTH_UNIT()
NAMED_UNIT(*)
SI_UNIT($,.METRE.)
);
#4657=PRODUCT_DEFINITION_SHAPE('','',#4658);
#4658=PRODUCT_DEFINITION('','',#4660,#4659);
#4659=PRODUCT_DEFINITION_CONTEXT('',#4666,'design');
#4660=PRODUCT_DEFINITION_FORMATION_WITH_SPECIFIED_SOURCE('','',#4662,
 .NOT_KNOWN.);
#4661=PRODUCT_RELATED_PRODUCT_CATEGORY('','',(#4662));
#4662=PRODUCT('Part 4','Part 4','Part 4',(#4664));
#4663=PRODUCT_CATEGORY('','');
#4664=PRODUCT_CONTEXT('',#4666,'mechanical');
#4665=APPLICATION_PROTOCOL_DEFINITION('international standard',
'ap242_managed_model_based_3d_engineering',2020,#4666);
#4666=APPLICATION_CONTEXT('managed model based 3d engineering');
ENDSEC;
END-ISO-10303-21;
