ISO-10303-21;
HEADER;
/* Generated by software containing ST-Developer
 * from STEP Tools, Inc. (www.steptools.com) 
 */
/* OPTION: using custom renumber hook */

FILE_DESCRIPTION(
/* description */ ('STEP AP242 Edition 2',
'CAx-IF Rec.Pracs.---Representation and Presentation of Product Manufa
cturing Information (PMI)---4.0---2014-10-13',
'CAx-IF Rec.Pracs.---3D Tessellated Geometry---0.4---2014-09-14','2;1',
'CAx-IF Rec.Pracs.---User Defined Attributes---1.5---2016-08-15'),
/* implementation_level */ '2;1');

FILE_NAME(
/* name */ 'Assembly 1 - Part 18',
/* time_stamp */ '2026-07-25T03:56:15Z',
/* author */ (''),
/* organization */ (''),
/* preprocessor_version */ 'ST-DEVELOPER v20',
/* originating_system */ 'ONSHAPE BY PTC INC, 1.218',
/* authorisation */ '  ');

FILE_SCHEMA (('AP242_MANAGED_MODEL_BASED_3D_ENGINEERING_MIM_LF { 1 0 10303 442 3 1 4 }'));
ENDSEC;

DATA;
#10=SHAPE_REPRESENTATION_RELATIONSHIP('','',#6962,#11);
#11=ADVANCED_BREP_SHAPE_REPRESENTATION('',(#6960),#12362);
#12=(
BOUNDED_SURFACE()
B_SPLINE_SURFACE(3,2,((#11181,#11182,#11183),(#11184,#11185,#11186),(#11187,
#11188,#11189),(#11190,#11191,#11192),(#11193,#11194,#11195)),
 .UNSPECIFIED.,.F.,.F.,.F.)
B_SPLINE_SURFACE_WITH_KNOTS((4,1,4),(3,3),(-4.64038529823796E-17,0.00281863394338123,
0.00563726788676251),(0.,1.),.UNSPECIFIED.)
GEOMETRIC_REPRESENTATION_ITEM()
RATIONAL_B_SPLINE_SURFACE(((1.,0.70710678113367,1.),(1.,0.714657124767981,
1.),(1.,0.721686467462775,1.),(1.,0.713812078648216,1.),(1.,0.70710678118655,
1.)))
REPRESENTATION_ITEM('')
SURFACE()
);
#13=(
BOUNDED_SURFACE()
B_SPLINE_SURFACE(3,2,((#11264,#11265,#11266),(#11267,#11268,#11269),(#11270,
#11271,#11272),(#11273,#11274,#11275)),.UNSPECIFIED.,.F.,.F.,.F.)
B_SPLINE_SURFACE_WITH_KNOTS((4,4),(3,3),(-3.45426812153882E-16,0.000327507352958895),
(0.,1.),.PIECEWISE_BEZIER_KNOTS.)
GEOMETRIC_REPRESENTATION_ITEM()
RATIONAL_B_SPLINE_SURFACE(((1.,0.707106780394443,1.),(1.,0.707081708691228,
1.),(1.,0.707081708467549,1.),(1.,0.707106780376472,1.)))
REPRESENTATION_ITEM('')
SURFACE()
);
#14=(
BOUNDED_SURFACE()
B_SPLINE_SURFACE(3,2,((#11315,#11316,#11317),(#11318,#11319,#11320),(#11321,
#11322,#11323),(#11324,#11325,#11326),(#11327,#11328,#11329),(#11330,#11331,
#11332),(#11333,#11334,#11335),(#11336,#11337,#11338),(#11339,#11340,#11341),
(#11342,#11343,#11344)),.UNSPECIFIED.,.F.,.F.,.F.)
B_SPLINE_SURFACE_WITH_KNOTS((4,1,1,1,1,1,1,4),(3,3),(6.24500451351651E-17,
0.00195363463655481,0.00390726927310956,0.00586090390966431,0.00781453854621906,
0.00976817318277381,0.0117218078193286,0.0156290770924381),(0.,1.),
 .UNSPECIFIED.)
GEOMETRIC_REPRESENTATION_ITEM()
RATIONAL_B_SPLINE_SURFACE(((1.,0.707106781186546,1.),(1.,0.707106781186546,
1.),(1.,0.707106781186551,1.),(1.,0.707106781186546,1.),(1.,0.707106781186549,
1.),(1.,0.707106781186547,1.),(1.,0.707106781186547,1.),(1.,0.707106781186549,
1.),(1.,0.707106781186547,1.),(1.,0.707106781186547,1.)))
REPRESENTATION_ITEM('')
SURFACE()
);
#15=(
BOUNDED_SURFACE()
B_SPLINE_SURFACE(3,2,((#11393,#11394,#11395),(#11396,#11397,#11398),(#11399,
#11400,#11401),(#11402,#11403,#11404),(#11405,#11406,#11407),(#11408,#11409,
#11410),(#11411,#11412,#11413),(#11414,#11415,#11416),(#11417,#11418,#11419),
(#11420,#11421,#11422)),.UNSPECIFIED.,.F.,.F.,.F.)
B_SPLINE_SURFACE_WITH_KNOTS((4,1,1,1,1,1,1,4),(3,3),(-1.06337993965866E-11,
0.00370734551587006,0.00741469104237392,0.0111220365688778,0.0148293820953816,
0.0185367276218855,0.0222440731483893,0.0296587642013971),(0.,1.),
 .UNSPECIFIED.)
GEOMETRIC_REPRESENTATION_ITEM()
RATIONAL_B_SPLINE_SURFACE(((1.,0.707106781186548,1.),(1.,0.707106781186547,
1.),(1.,0.707106781186548,1.),(1.,0.707106781186547,1.),(1.,0.707106781186547,
1.),(1.,0.707106781186548,1.),(1.,0.707106781186547,1.),(1.,0.707106781186549,
1.),(1.,0.707106781186548,1.),(1.,0.707106781186548,1.)))
REPRESENTATION_ITEM('')
SURFACE()
);
#16=(
BOUNDED_SURFACE()
B_SPLINE_SURFACE(3,2,((#11467,#11468,#11469),(#11470,#11471,#11472),(#11473,
#11474,#11475),(#11476,#11477,#11478),(#11479,#11480,#11481),(#11482,#11483,
#11484),(#11485,#11486,#11487),(#11488,#11489,#11490),(#11491,#11492,#11493),
(#11494,#11495,#11496),(#11497,#11498,#11499),(#11500,#11501,#11502),(#11503,
#11504,#11505),(#11506,#11507,#11508),(#11509,#11510,#11511),(#11512,#11513,
#11514),(#11515,#11516,#11517),(#11518,#11519,#11520),(#11521,#11522,#11523),
(#11524,#11525,#11526),(#11527,#11528,#11529),(#11530,#11531,#11532)),
 .UNSPECIFIED.,.F.,.F.,.F.)
B_SPLINE_SURFACE_WITH_KNOTS((4,1,1,1,1,1,1,1,1,1,1,1,1,1,1,1,1,1,1,4),(3,
3),(-2.08166817117217E-17,0.0046721322894785,0.00934426457895702,0.0140163968684355,
0.0186885291579141,0.0233606614473926,0.0256967275921318,0.0280327937368711,
0.0303688598816104,0.0327049260263496,0.0373770583158281,0.0420491906053067,
0.0467213228947852,0.0513934551842637,0.0560655874737422,0.0584016536184815,
0.0607377197632207,0.0654098520526993,0.0700819843421778,0.0747541166316563),
(0.,1.),.UNSPECIFIED.)
GEOMETRIC_REPRESENTATION_ITEM()
RATIONAL_B_SPLINE_SURFACE(((1.,0.707106781186547,1.),(1.,0.707106781186547,
1.),(1.,0.707106781186546,1.),(1.,0.707106781186548,1.),(1.,0.707106781186546,
1.),(1.,0.70710678118655,1.),(1.,0.707106781186549,1.),(1.,0.707106781186546,
1.),(1.,0.707106781186549,1.),(1.,0.707106781186543,1.),(1.,0.707106781186549,
1.),(1.,0.707106781186546,1.),(1.,0.707106781186544,1.),(1.,0.707106781186548,
1.),(1.,0.707106781186548,1.),(1.,0.707106781186544,1.),(1.,0.707106781186552,
1.),(1.,0.707106781186544,1.),(1.,0.707106781186551,1.),(1.,0.707106781186548,
1.),(1.,0.707106781186547,1.),(1.,0.707106781186547,1.)))
REPRESENTATION_ITEM('')
SURFACE()
);
#17=(
BOUNDED_SURFACE()
B_SPLINE_SURFACE(3,2,((#11602,#11603,#11604),(#11605,#11606,#11607),(#11608,
#11609,#11610),(#11611,#11612,#11613)),.UNSPECIFIED.,.F.,.F.,.F.)
B_SPLINE_SURFACE_WITH_KNOTS((4,4),(3,3),(-2.99239799605999E-17,0.000327774133261189),
(0.,1.),.PIECEWISE_BEZIER_KNOTS.)
GEOMETRIC_REPRESENTATION_ITEM()
RATIONAL_B_SPLINE_SURFACE(((1.,0.707106781970051,1.),(1.,0.707250646027461,
1.),(1.,0.707250178962785,1.),(1.,0.707106781993986,1.)))
REPRESENTATION_ITEM('')
SURFACE()
);
#18=(
BOUNDED_SURFACE()
B_SPLINE_SURFACE(3,2,((#11670,#11671,#11672),(#11673,#11674,#11675),(#11676,
#11677,#11678),(#11679,#11680,#11681)),.UNSPECIFIED.,.F.,.F.,.F.)
B_SPLINE_SURFACE_WITH_KNOTS((4,4),(3,3),(-2.60208521396521E-18,0.00542212898475505),
(0.,1.),.PIECEWISE_BEZIER_KNOTS.)
GEOMETRIC_REPRESENTATION_ITEM()
RATIONAL_B_SPLINE_SURFACE(((1.,0.707106781239425,1.),(1.,0.701921509398627,
1.),(1.,0.701849683545693,1.),(1.,0.707106781186548,1.)))
REPRESENTATION_ITEM('')
SURFACE()
);
#19=B_SPLINE_CURVE_WITH_KNOTS('',3,(#11074,#11075,#11076,#11077,#11078,
#11079),.UNSPECIFIED.,.F.,.F.,(4,1,1,4),(0.,0.000922926873976543,0.00184585374795309,
0.00369170749590617),.UNSPECIFIED.);
#20=B_SPLINE_CURVE_WITH_KNOTS('',3,(#11084,#11085,#11086,#11087,#11088,
#11089),.UNSPECIFIED.,.F.,.F.,(4,1,1,4),(0.,0.00092292686533658,0.00184585373067316,
0.00369170746134632),.UNSPECIFIED.);
#21=B_SPLINE_CURVE_WITH_KNOTS('',3,(#11093,#11094,#11095,#11096,#11097),
 .UNSPECIFIED.,.F.,.F.,(4,1,4),(0.,0.00156703069596879,0.00313406139193758),
 .UNSPECIFIED.);
#22=B_SPLINE_CURVE_WITH_KNOTS('',3,(#11103,#11104,#11105,#11106,#11107),
 .UNSPECIFIED.,.F.,.F.,(4,1,4),(0.,0.00156709303351269,0.00313418606702538),
 .UNSPECIFIED.);
#23=B_SPLINE_CURVE_WITH_KNOTS('',3,(#11199,#11200,#11201,#11202),
 .UNSPECIFIED.,.F.,.F.,(4,4),(0.,0.00673423602558742),.UNSPECIFIED.);
#24=B_SPLINE_CURVE_WITH_KNOTS('',3,(#11203,#11204,#11205,#11206),
 .UNSPECIFIED.,.F.,.F.,(4,4),(0.,0.00516633931690626),.UNSPECIFIED.);
#25=B_SPLINE_CURVE_WITH_KNOTS('',3,(#11212,#11213,#11214,#11215),
 .UNSPECIFIED.,.F.,.F.,(4,4),(0.,0.00553286228846373),.UNSPECIFIED.);
#26=B_SPLINE_CURVE_WITH_KNOTS('',3,(#11227,#11228,#11229,#11230,#11231),
 .UNSPECIFIED.,.F.,.F.,(4,1,4),(0.,0.00519890285020593,0.0103978057004119),
 .UNSPECIFIED.);
#27=B_SPLINE_CURVE_WITH_KNOTS('',3,(#11242,#11243,#11244,#11245,#11246,
#11247,#11248,#11249,#11250,#11251,#11252,#11253,#11254,#11255,#11256,#11257,
#11258,#11259,#11260,#11261,#11262),.UNSPECIFIED.,.F.,.F.,(4,1,1,1,1,1,
1,1,1,1,1,1,1,1,1,1,1,1,4),(6.92467953378744E-12,0.00406758027243003,0.00813516053793539,
0.0122027408034407,0.0162703210689461,0.0203379013344515,0.0223716914672041,
0.0244054815999568,0.0264392717327095,0.0284730618654622,0.0325406421309675,
0.0366082223964729,0.0406758026619782,0.0447433829274836,0.0488109631929889,
0.0508447533257416,0.0528785434584943,0.0569461237239997,0.0650812842550104),
 .UNSPECIFIED.);
#28=B_SPLINE_CURVE_WITH_KNOTS('',3,(#11279,#11280,#11281,#11282),
 .UNSPECIFIED.,.F.,.F.,(4,4),(0.,0.000298924569615903),.UNSPECIFIED.);
#29=B_SPLINE_CURVE_WITH_KNOTS('',3,(#11283,#11284,#11285,#11286),
 .UNSPECIFIED.,.F.,.F.,(4,4),(1.17961196366423E-16,0.00029773555350937),
 .UNSPECIFIED.);
#30=B_SPLINE_CURVE_WITH_KNOTS('',3,(#11292,#11293,#11294,#11295,#11296),
 .UNSPECIFIED.,.F.,.F.,(4,1,4),(0.,0.00408678978431524,0.00817357956863049),
 .UNSPECIFIED.);
#31=B_SPLINE_CURVE_WITH_KNOTS('',3,(#11348,#11349,#11350,#11351,#11352,
#11353,#11354,#11355),.UNSPECIFIED.,.F.,.F.,(4,1,1,1,1,4),(-5.99999998857032E-8,
0.00547012075389056,0.010940301507781,0.0136753918847262,0.0164104822616715,
0.0218806630155619),.UNSPECIFIED.);
#32=B_SPLINE_CURVE_WITH_KNOTS('',3,(#11356,#11357,#11358,#11359,#11360,
#11361,#11362),.UNSPECIFIED.,.F.,.F.,(4,1,1,1,4),(0.,0.00395803646366805,
0.00791607292733611,0.0118741093910042,0.0158321458546722),
 .UNSPECIFIED.);
#33=B_SPLINE_CURVE_WITH_KNOTS('',3,(#11426,#11427,#11428,#11429,#11430,
#11431,#11432,#11433,#11434,#11435),.UNSPECIFIED.,.F.,.F.,(4,1,1,1,1,1,
1,4),(-5.9999999996661E-8,0.00292328919820099,0.00584663839640198,0.00876998759460297,
0.011693336792804,0.014616685991005,0.0175400351892059,0.0233867335856079),
 .UNSPECIFIED.);
#34=B_SPLINE_CURVE_WITH_KNOTS('',3,(#11536,#11537,#11538,#11539,#11540,
#11541,#11542,#11543,#11544,#11545,#11546,#11547,#11548,#11549,#11550,#11551,
#11552,#11553,#11554,#11555),.UNSPECIFIED.,.F.,.F.,(4,1,1,1,1,1,1,1,1,1,
1,1,1,1,1,1,1,4),(-5.99999998852082E-8,0.00214064315304056,0.00428134630608101,
0.0085627526121619,0.0128441589182428,0.0171255652243237,0.0214069715304046,
0.023547674683445,0.0256883778364855,0.0299697841425664,0.0342511904486473,
0.0385325967547282,0.042814003060809,0.0470954093668899,0.0513768156729708,
0.0556582219790517,0.0599396282851326,0.0685024408972944),.UNSPECIFIED.);
#35=B_SPLINE_CURVE_WITH_KNOTS('',3,(#11556,#11557,#11558,#11559,#11560,
#11561,#11562,#11563,#11564,#11565,#11566,#11567,#11568,#11569,#11570,#11571,
#11572,#11573,#11574,#11575,#11576,#11577),.UNSPECIFIED.,.F.,.F.,(4,1,1,
1,1,1,1,1,1,1,1,1,1,1,1,1,1,1,1,4),(0.,0.00473283735502181,0.00946567471004362,
0.0141985120650654,0.0165649307425763,0.0189313494200872,0.0236641867751091,
0.0283970241301309,0.0331298614851527,0.0378626988401745,0.0425955361951963,
0.0449619548727072,0.0473283735502181,0.049694792227729,0.0520612109052399,
0.0567940482602617,0.0615268856152836,0.0662597229703054,0.0709925603253272,
0.075725397680349),.UNSPECIFIED.);
#36=B_SPLINE_CURVE_WITH_KNOTS('',3,(#11617,#11618,#11619,#11620),
 .UNSPECIFIED.,.F.,.F.,(4,4),(0.,0.000491653644958531),.UNSPECIFIED.);
#37=B_SPLINE_CURVE_WITH_KNOTS('',3,(#11621,#11622,#11623,#11624),
 .UNSPECIFIED.,.F.,.F.,(4,4),(0.,0.000298028996062359),.UNSPECIFIED.);
#38=B_SPLINE_CURVE_WITH_KNOTS('',3,(#11629,#11630,#11631,#11632,#11633,
#11634,#11635,#11636,#11637),.UNSPECIFIED.,.F.,.F.,(4,1,1,1,1,1,4),(0.,
0.00228422483482205,0.0045684496696441,0.00913689933928821,0.0137053490089323,
0.0159895738437544,0.0182737986785764),.UNSPECIFIED.);
#39=B_SPLINE_CURVE_WITH_KNOTS('',3,(#11650,#11651,#11652,#11653,#11654),
 .UNSPECIFIED.,.F.,.F.,(4,1,4),(0.,0.00519890285020595,0.0103978057004119),
 .UNSPECIFIED.);
#40=B_SPLINE_CURVE_WITH_KNOTS('',3,(#11666,#11667,#11668,#11669),
 .UNSPECIFIED.,.F.,.F.,(4,4),(0.,0.00553286227540255),.UNSPECIFIED.);
#41=B_SPLINE_CURVE_WITH_KNOTS('',3,(#11685,#11686,#11687,#11688),
 .UNSPECIFIED.,.F.,.F.,(4,4),(1.911883362347E-12,0.00505969301590491),
 .UNSPECIFIED.);
#42=B_SPLINE_CURVE_WITH_KNOTS('',3,(#11689,#11690,#11691,#11692),
 .UNSPECIFIED.,.F.,.F.,(4,4),(0.,0.00493346017276885),.UNSPECIFIED.);
#43=B_SPLINE_CURVE_WITH_KNOTS('',3,(#11763,#11764,#11765,#11766),
 .UNSPECIFIED.,.F.,.F.,(4,4),(0.,0.000328611463363462),.UNSPECIFIED.);
#44=B_SPLINE_CURVE_WITH_KNOTS('',3,(#11770,#11771,#11772,#11773),
 .UNSPECIFIED.,.F.,.F.,(4,4),(0.,0.000327507973819209),.UNSPECIFIED.);
#45=B_SPLINE_CURVE_WITH_KNOTS('',3,(#11870,#11871,#11872,#11873),
 .UNSPECIFIED.,.F.,.F.,(4,4),(1.39857877853494E-17,0.00542816794947783),
 .UNSPECIFIED.);
#46=B_SPLINE_CURVE_WITH_KNOTS('',3,(#11877,#11878,#11879,#11880),
 .UNSPECIFIED.,.F.,.F.,(4,4),(0.,0.0058265753797906),.UNSPECIFIED.);
#47=TOROIDAL_SURFACE('',#7346,0.01145754,0.002);
#48=TOROIDAL_SURFACE('',#7388,0.0105424614673391,0.002);
#49=TOROIDAL_SURFACE('',#7393,0.022,0.002);
#50=TOROIDAL_SURFACE('',#7398,0.018,0.002);
#51=TOROIDAL_SURFACE('',#7403,0.0229150771235999,0.002);
#52=TOROIDAL_SURFACE('',#7407,0.022,0.002);
#53=TOROIDAL_SURFACE('',#7412,0.018,0.002);
#54=TOROIDAL_SURFACE('',#7421,0.017,0.002);
#55=TOROIDAL_SURFACE('',#7427,0.013,0.002);
#56=TOROIDAL_SURFACE('',#7437,0.013,0.002);
#57=TOROIDAL_SURFACE('',#7443,0.017,0.002);
#58=TOROIDAL_SURFACE('',#7452,0.018,0.002);
#59=TOROIDAL_SURFACE('',#7458,0.022,0.002);
#60=TOROIDAL_SURFACE('',#7463,0.00400000003354972,0.002);
#61=TOROIDAL_SURFACE('',#7468,0.018,0.002);
#62=TOROIDAL_SURFACE('',#7473,0.022,0.002);
#63=TOROIDAL_SURFACE('',#7477,0.0294575385326611,0.002);
#64=TOROIDAL_SURFACE('',#7795,0.0148874002616855,0.01);
#65=PLANE('',#6970);
#66=PLANE('',#7129);
#67=PLANE('',#7131);
#68=PLANE('',#7133);
#69=PLANE('',#7290);
#70=PLANE('',#7293);
#71=PLANE('',#7302);
#72=PLANE('',#7308);
#73=PLANE('',#7313);
#74=PLANE('',#7318);
#75=PLANE('',#7321);
#76=PLANE('',#7338);
#77=PLANE('',#7342);
#78=PLANE('',#7353);
#79=PLANE('',#7355);
#80=PLANE('',#7359);
#81=PLANE('',#7363);
#82=PLANE('',#7367);
#83=PLANE('',#7379);
#84=PLANE('',#7384);
#85=PLANE('',#7386);
#86=PLANE('',#7480);
#87=PLANE('',#7481);
#88=PLANE('',#7491);
#89=PLANE('',#7492);
#90=PLANE('',#7508);
#91=PLANE('',#7509);
#92=PLANE('',#7510);
#93=PLANE('',#7511);
#94=PLANE('',#7512);
#95=PLANE('',#7513);
#96=PLANE('',#7522);
#97=PLANE('',#7523);
#98=PLANE('',#7524);
#99=PLANE('',#7525);
#100=PLANE('',#7538);
#101=PLANE('',#7539);
#102=PLANE('',#7540);
#103=PLANE('',#7541);
#104=PLANE('',#7542);
#105=PLANE('',#7543);
#106=PLANE('',#7548);
#107=PLANE('',#7551);
#108=PLANE('',#7554);
#109=PLANE('',#7555);
#110=PLANE('',#7556);
#111=PLANE('',#7557);
#112=PLANE('',#7558);
#113=PLANE('',#7559);
#114=PLANE('',#7560);
#115=PLANE('',#7561);
#116=PLANE('',#7562);
#117=PLANE('',#7574);
#118=PLANE('',#7579);
#119=PLANE('',#7582);
#120=PLANE('',#7587);
#121=PLANE('',#7592);
#122=PLANE('',#7594);
#123=PLANE('',#7595);
#124=PLANE('',#7597);
#125=PLANE('',#7598);
#126=PLANE('',#7599);
#127=PLANE('',#7600);
#128=PLANE('',#7602);
#129=PLANE('',#7603);
#130=PLANE('',#7604);
#131=PLANE('',#7605);
#132=PLANE('',#7606);
#133=PLANE('',#7607);
#134=PLANE('',#7608);
#135=PLANE('',#7610);
#136=PLANE('',#7611);
#137=PLANE('',#7612);
#138=PLANE('',#7613);
#139=PLANE('',#7615);
#140=PLANE('',#7616);
#141=PLANE('',#7617);
#142=PLANE('',#7618);
#143=PLANE('',#7619);
#144=PLANE('',#7620);
#145=PLANE('',#7621);
#146=PLANE('',#7622);
#147=PLANE('',#7623);
#148=PLANE('',#7624);
#149=PLANE('',#7625);
#150=PLANE('',#7626);
#151=PLANE('',#7627);
#152=PLANE('',#7628);
#153=PLANE('',#7630);
#154=PLANE('',#7632);
#155=PLANE('',#7634);
#156=PLANE('',#7636);
#157=PLANE('',#7638);
#158=PLANE('',#7640);
#159=PLANE('',#7642);
#160=PLANE('',#7643);
#161=PLANE('',#7645);
#162=PLANE('',#7647);
#163=PLANE('',#7649);
#164=PLANE('',#7650);
#165=PLANE('',#7651);
#166=PLANE('',#7653);
#167=PLANE('',#7655);
#168=PLANE('',#7656);
#169=PLANE('',#7657);
#170=PLANE('',#7659);
#171=PLANE('',#7660);
#172=PLANE('',#7661);
#173=PLANE('',#7662);
#174=PLANE('',#7663);
#175=PLANE('',#7664);
#176=PLANE('',#7666);
#177=PLANE('',#7667);
#178=PLANE('',#7668);
#179=PLANE('',#7669);
#180=PLANE('',#7670);
#181=PLANE('',#7671);
#182=PLANE('',#7672);
#183=PLANE('',#7674);
#184=PLANE('',#7675);
#185=PLANE('',#7677);
#186=PLANE('',#7679);
#187=PLANE('',#7680);
#188=PLANE('',#7682);
#189=PLANE('',#7683);
#190=PLANE('',#7684);
#191=PLANE('',#7685);
#192=PLANE('',#7686);
#193=PLANE('',#7688);
#194=PLANE('',#7690);
#195=PLANE('',#7691);
#196=PLANE('',#7794);
#197=CIRCLE('',#6965,0.003);
#198=CIRCLE('',#6966,0.003);
#199=CIRCLE('',#6968,0.003);
#200=CIRCLE('',#6969,0.003);
#201=CIRCLE('',#6971,0.0023662029807374);
#202=CIRCLE('',#6972,0.003);
#203=CIRCLE('',#6973,0.0075);
#204=CIRCLE('',#6974,0.003);
#205=CIRCLE('',#6975,0.003);
#206=CIRCLE('',#6976,0.00239503919552671);
#207=CIRCLE('',#6977,0.0075);
#208=CIRCLE('',#6978,0.003);
#209=CIRCLE('',#6979,0.003);
#210=CIRCLE('',#6980,0.003);
#211=CIRCLE('',#6981,0.0259150771336972);
#212=CIRCLE('',#6982,0.003);
#213=CIRCLE('',#6983,0.0034028947705065);
#214=CIRCLE('',#6984,0.0075);
#215=CIRCLE('',#6985,0.003);
#216=CIRCLE('',#6986,0.003);
#217=CIRCLE('',#6987,0.0075);
#218=CIRCLE('',#6988,0.003);
#219=CIRCLE('',#6989,0.0035);
#220=CIRCLE('',#6990,0.003);
#221=CIRCLE('',#6991,0.01);
#222=CIRCLE('',#6992,0.003);
#223=CIRCLE('',#6993,0.0035);
#224=CIRCLE('',#6994,0.003);
#225=CIRCLE('',#6995,0.0075);
#226=CIRCLE('',#6996,0.003);
#227=CIRCLE('',#6997,0.003);
#228=CIRCLE('',#6998,0.0075);
#229=CIRCLE('',#6999,0.003);
#230=CIRCLE('',#7000,0.003);
#231=CIRCLE('',#7001,0.0075);
#232=CIRCLE('',#7002,0.003);
#233=CIRCLE('',#7003,0.003);
#234=CIRCLE('',#7004,0.0075);
#235=CIRCLE('',#7005,0.003);
#236=CIRCLE('',#7006,0.003);
#237=CIRCLE('',#7007,0.00749999999999971);
#238=CIRCLE('',#7008,0.0075);
#239=CIRCLE('',#7009,0.003);
#240=CIRCLE('',#7010,0.003);
#241=CIRCLE('',#7011,0.0075);
#242=CIRCLE('',#7012,0.003);
#243=CIRCLE('',#7013,0.003);
#244=CIRCLE('',#7014,0.0075);
#245=CIRCLE('',#7015,0.003);
#246=CIRCLE('',#7016,0.003);
#247=CIRCLE('',#7017,0.0075);
#248=CIRCLE('',#7018,0.003);
#249=CIRCLE('',#7019,0.003);
#250=CIRCLE('',#7020,0.0249150771235999);
#251=CIRCLE('',#7021,0.00854246146733913);
#252=CIRCLE('',#7022,0.0314575385191972);
#253=CIRCLE('',#7023,0.002);
#254=CIRCLE('',#7024,0.0249150771235999);
#255=CIRCLE('',#7025,0.003);
#256=CIRCLE('',#7026,0.003);
#257=CIRCLE('',#7027,0.003);
#258=CIRCLE('',#7028,0.0075);
#259=CIRCLE('',#7029,0.003);
#260=CIRCLE('',#7030,0.003);
#261=CIRCLE('',#7031,0.003);
#262=CIRCLE('',#7032,0.00375);
#263=CIRCLE('',#7033,0.002);
#264=CIRCLE('',#7034,0.003);
#265=CIRCLE('',#7035,0.003);
#266=CIRCLE('',#7036,0.003);
#267=CIRCLE('',#7037,0.003);
#268=CIRCLE('',#7038,0.003);
#269=CIRCLE('',#7039,0.003);
#270=CIRCLE('',#7040,0.003);
#271=CIRCLE('',#7041,0.003);
#272=CIRCLE('',#7042,0.003);
#273=CIRCLE('',#7043,0.003);
#274=CIRCLE('',#7044,0.003);
#275=CIRCLE('',#7045,0.003);
#276=CIRCLE('',#7046,0.003);
#277=CIRCLE('',#7047,0.00238404324617123);
#278=CIRCLE('',#7048,0.003);
#279=CIRCLE('',#7049,0.003);
#280=CIRCLE('',#7050,0.003);
#281=CIRCLE('',#7051,0.0075);
#282=CIRCLE('',#7052,0.003);
#283=CIRCLE('',#7053,0.00188440328284746);
#284=CIRCLE('',#7054,0.003);
#285=CIRCLE('',#7055,0.00749999999999981);
#286=CIRCLE('',#7056,0.003);
#287=CIRCLE('',#7057,0.003);
#288=CIRCLE('',#7058,0.003);
#289=CIRCLE('',#7059,0.0021);
#290=CIRCLE('',#7060,0.0021);
#291=CIRCLE('',#7061,0.003);
#292=CIRCLE('',#7062,0.003);
#293=CIRCLE('',#7063,0.00749999999999973);
#294=CIRCLE('',#7064,0.003);
#295=CIRCLE('',#7065,0.003);
#296=CIRCLE('',#7066,0.003);
#297=CIRCLE('',#7067,0.003);
#298=CIRCLE('',#7068,0.003);
#299=CIRCLE('',#7069,0.003);
#300=CIRCLE('',#7070,0.0075);
#301=CIRCLE('',#7071,0.003);
#302=CIRCLE('',#7072,0.003);
#303=CIRCLE('',#7073,0.003);
#304=CIRCLE('',#7074,0.00240104639222322);
#305=CIRCLE('',#7075,0.003);
#306=CIRCLE('',#7076,0.003);
#307=CIRCLE('',#7077,0.003);
#308=CIRCLE('',#7078,0.0075);
#309=CIRCLE('',#7079,0.003);
#310=CIRCLE('',#7080,0.003);
#311=CIRCLE('',#7081,0.003);
#312=CIRCLE('',#7082,0.003);
#313=CIRCLE('',#7083,0.003);
#314=CIRCLE('',#7084,0.00749999999999992);
#315=CIRCLE('',#7085,0.003);
#316=CIRCLE('',#7086,0.003);
#317=CIRCLE('',#7087,0.003);
#318=CIRCLE('',#7088,0.003);
#319=CIRCLE('',#7089,0.003);
#320=CIRCLE('',#7090,0.003);
#321=CIRCLE('',#7091,0.0075);
#322=CIRCLE('',#7092,0.003);
#323=CIRCLE('',#7093,0.003);
#324=CIRCLE('',#7094,0.003);
#325=CIRCLE('',#7095,0.0075);
#326=CIRCLE('',#7096,0.003);
#327=CIRCLE('',#7097,0.003);
#328=CIRCLE('',#7098,0.0075);
#329=CIRCLE('',#7099,0.003);
#330=CIRCLE('',#7100,0.003);
#331=CIRCLE('',#7101,0.003);
#332=CIRCLE('',#7102,0.0075);
#333=CIRCLE('',#7103,0.003);
#334=CIRCLE('',#7104,0.003);
#335=CIRCLE('',#7105,0.005);
#336=CIRCLE('',#7106,0.003);
#337=CIRCLE('',#7107,0.011457538588672);
#338=CIRCLE('',#7108,0.003);
#339=CIRCLE('',#7109,0.0249150771235999);
#340=CIRCLE('',#7110,0.003);
#341=CIRCLE('',#7111,0.0075);
#342=CIRCLE('',#7112,0.003);
#343=CIRCLE('',#7113,0.003);
#344=CIRCLE('',#7114,0.002);
#345=CIRCLE('',#7115,0.002);
#346=CIRCLE('',#7116,0.002);
#347=CIRCLE('',#7117,0.002);
#348=CIRCLE('',#7118,0.00375);
#349=CIRCLE('',#7119,0.00375);
#350=CIRCLE('',#7120,0.00375);
#351=CIRCLE('',#7121,0.002);
#352=CIRCLE('',#7122,0.002);
#353=CIRCLE('',#7123,0.00375);
#354=CIRCLE('',#7124,0.002);
#355=CIRCLE('',#7125,0.002);
#356=CIRCLE('',#7126,0.002);
#357=CIRCLE('',#7128,0.003);
#358=CIRCLE('',#7130,0.0148874002616855);
#359=CIRCLE('',#7132,0.0148874002616855);
#360=CIRCLE('',#7134,0.003);
#361=CIRCLE('',#7135,0.005);
#362=CIRCLE('',#7136,0.003);
#363=CIRCLE('',#7137,0.003);
#364=CIRCLE('',#7138,0.003);
#365=CIRCLE('',#7139,0.0075);
#366=CIRCLE('',#7140,0.003);
#367=CIRCLE('',#7141,0.0249150771235999);
#368=CIRCLE('',#7142,0.003);
#369=CIRCLE('',#7143,0.003);
#370=CIRCLE('',#7144,0.003);
#371=CIRCLE('',#7145,0.0075);
#372=CIRCLE('',#7146,0.003);
#373=CIRCLE('',#7147,0.003);
#374=CIRCLE('',#7148,0.003);
#375=CIRCLE('',#7149,0.0249150771235999);
#376=CIRCLE('',#7150,0.003);
#377=CIRCLE('',#7151,0.003);
#378=CIRCLE('',#7152,0.0075);
#379=CIRCLE('',#7153,0.003);
#380=CIRCLE('',#7154,0.003);
#381=CIRCLE('',#7155,0.0075);
#382=CIRCLE('',#7156,0.003);
#383=CIRCLE('',#7157,0.003);
#384=CIRCLE('',#7158,0.0075);
#385=CIRCLE('',#7159,0.003);
#386=CIRCLE('',#7160,0.003);
#387=CIRCLE('',#7161,0.0075);
#388=CIRCLE('',#7162,0.00749999999999971);
#389=CIRCLE('',#7163,0.003);
#390=CIRCLE('',#7164,0.003);
#391=CIRCLE('',#7165,0.0075);
#392=CIRCLE('',#7166,0.003);
#393=CIRCLE('',#7167,0.003);
#394=CIRCLE('',#7168,0.0075);
#395=CIRCLE('',#7169,0.003);
#396=CIRCLE('',#7170,0.003);
#397=CIRCLE('',#7171,0.0075);
#398=CIRCLE('',#7172,0.003);
#399=CIRCLE('',#7173,0.003);
#400=CIRCLE('',#7174,0.0075);
#401=CIRCLE('',#7175,0.003);
#402=CIRCLE('',#7176,0.0035);
#403=CIRCLE('',#7177,0.003);
#404=CIRCLE('',#7178,0.003);
#405=CIRCLE('',#7179,0.0035);
#406=CIRCLE('',#7180,0.003);
#407=CIRCLE('',#7181,0.0075);
#408=CIRCLE('',#7182,0.003);
#409=CIRCLE('',#7183,0.003);
#410=CIRCLE('',#7184,0.0075);
#411=CIRCLE('',#7185,0.0034028947705065);
#412=CIRCLE('',#7186,0.0259150771336972);
#413=CIRCLE('',#7187,0.005);
#414=CIRCLE('',#7188,0.005);
#415=CIRCLE('',#7189,0.005);
#416=CIRCLE('',#7190,0.005);
#417=CIRCLE('',#7191,0.005);
#418=CIRCLE('',#7192,0.005);
#419=CIRCLE('',#7193,0.005);
#420=CIRCLE('',#7194,0.005);
#421=CIRCLE('',#7195,0.005);
#422=CIRCLE('',#7196,0.005);
#423=CIRCLE('',#7197,0.005);
#424=CIRCLE('',#7198,0.005);
#425=CIRCLE('',#7199,0.0021);
#426=CIRCLE('',#7200,0.0021);
#427=CIRCLE('',#7201,0.005);
#428=CIRCLE('',#7202,0.002);
#429=CIRCLE('',#7203,0.002);
#430=CIRCLE('',#7204,0.005);
#431=CIRCLE('',#7205,0.002);
#432=CIRCLE('',#7206,0.002);
#433=CIRCLE('',#7207,0.005);
#434=CIRCLE('',#7208,0.005);
#435=CIRCLE('',#7209,0.005);
#436=CIRCLE('',#7210,0.004);
#437=CIRCLE('',#7211,0.00390183602790189);
#438=CIRCLE('',#7212,0.003);
#439=CIRCLE('',#7213,0.0075);
#440=CIRCLE('',#7214,0.003);
#441=CIRCLE('',#7215,0.003);
#442=CIRCLE('',#7216,0.003);
#443=CIRCLE('',#7217,0.00749999999999981);
#444=CIRCLE('',#7218,0.003);
#445=CIRCLE('',#7219,0.00188440328284746);
#446=CIRCLE('',#7220,0.003);
#447=CIRCLE('',#7221,0.003);
#448=CIRCLE('',#7222,0.003);
#449=CIRCLE('',#7223,0.00749999999999973);
#450=CIRCLE('',#7224,0.003);
#451=CIRCLE('',#7225,0.003);
#452=CIRCLE('',#7226,0.003);
#453=CIRCLE('',#7227,0.003);
#454=CIRCLE('',#7228,0.003);
#455=CIRCLE('',#7229,0.003);
#456=CIRCLE('',#7230,0.003);
#457=CIRCLE('',#7231,0.003);
#458=CIRCLE('',#7232,0.0075);
#459=CIRCLE('',#7233,0.00239503919552671);
#460=CIRCLE('',#7234,0.003);
#461=CIRCLE('',#7235,0.003);
#462=CIRCLE('',#7236,0.003);
#463=CIRCLE('',#7237,0.0075);
#464=CIRCLE('',#7238,0.003);
#465=CIRCLE('',#7239,0.00240104639222322);
#466=CIRCLE('',#7240,0.003);
#467=CIRCLE('',#7241,0.003);
#468=CIRCLE('',#7242,0.003);
#469=CIRCLE('',#7243,0.00238404324617123);
#470=CIRCLE('',#7244,0.003);
#471=CIRCLE('',#7245,0.003);
#472=CIRCLE('',#7246,0.003);
#473=CIRCLE('',#7247,0.003);
#474=CIRCLE('',#7248,0.003);
#475=CIRCLE('',#7249,0.003);
#476=CIRCLE('',#7250,0.003);
#477=CIRCLE('',#7251,0.003);
#478=CIRCLE('',#7252,0.003);
#479=CIRCLE('',#7253,0.0075);
#480=CIRCLE('',#7254,0.003);
#481=CIRCLE('',#7255,0.003);
#482=CIRCLE('',#7256,0.003);
#483=CIRCLE('',#7257,0.003);
#484=CIRCLE('',#7258,0.003);
#485=CIRCLE('',#7259,0.003);
#486=CIRCLE('',#7260,0.003);
#487=CIRCLE('',#7261,0.00749999999999992);
#488=CIRCLE('',#7262,0.003);
#489=CIRCLE('',#7263,0.003);
#490=CIRCLE('',#7264,0.003);
#491=CIRCLE('',#7265,0.003);
#492=CIRCLE('',#7266,0.003);
#493=CIRCLE('',#7267,0.003);
#494=CIRCLE('',#7268,0.003);
#495=CIRCLE('',#7269,0.003);
#496=CIRCLE('',#7270,0.003);
#497=CIRCLE('',#7271,0.0075);
#498=CIRCLE('',#7272,0.003);
#499=CIRCLE('',#7273,0.003);
#500=CIRCLE('',#7274,0.0075);
#501=CIRCLE('',#7275,0.003);
#502=CIRCLE('',#7276,0.003);
#503=CIRCLE('',#7277,0.003);
#504=CIRCLE('',#7278,0.0075);
#505=CIRCLE('',#7279,0.003);
#506=CIRCLE('',#7280,0.003);
#507=CIRCLE('',#7281,0.0023662029807374);
#508=CIRCLE('',#7282,0.003);
#509=CIRCLE('',#7283,0.003);
#510=CIRCLE('',#7284,0.0075);
#511=CIRCLE('',#7285,0.003);
#512=CIRCLE('',#7286,0.003);
#513=CIRCLE('',#7287,0.0075);
#514=CIRCLE('',#7288,0.003);
#515=CIRCLE('',#7289,0.003);
#516=CIRCLE('',#7291,0.002);
#517=CIRCLE('',#7292,0.002);
#518=CIRCLE('',#7294,0.00225);
#519=CIRCLE('',#7295,0.00390183602790189);
#520=CIRCLE('',#7298,0.00225);
#521=CIRCLE('',#7300,0.002);
#522=CIRCLE('',#7301,0.002);
#523=CIRCLE('',#7303,0.005);
#524=CIRCLE('',#7306,0.002);
#525=CIRCLE('',#7307,0.002);
#526=CIRCLE('',#7309,0.005);
#527=CIRCLE('',#7312,0.005);
#528=CIRCLE('',#7315,0.005);
#529=CIRCLE('',#7317,0.002);
#530=CIRCLE('',#7320,0.002);
#531=CIRCLE('',#7322,0.002);
#532=CIRCLE('',#7323,0.002);
#533=CIRCLE('',#7324,0.002);
#534=CIRCLE('',#7325,0.002);
#535=CIRCLE('',#7333,0.01);
#536=CIRCLE('',#7334,0.01);
#537=CIRCLE('',#7336,0.007);
#538=CIRCLE('',#7337,0.007);
#539=CIRCLE('',#7339,0.00375);
#540=CIRCLE('',#7340,0.002);
#541=CIRCLE('',#7343,0.00375);
#542=CIRCLE('',#7344,0.002);
#543=CIRCLE('',#7347,0.011457538588672);
#544=CIRCLE('',#7348,0.00945754);
#545=CIRCLE('',#7352,0.005);
#546=CIRCLE('',#7354,0.002);
#547=CIRCLE('',#7356,0.005);
#548=CIRCLE('',#7357,0.002);
#549=CIRCLE('',#7360,0.005);
#550=CIRCLE('',#7361,0.002);
#551=CIRCLE('',#7364,0.005);
#552=CIRCLE('',#7365,0.002);
#553=CIRCLE('',#7368,0.005);
#554=CIRCLE('',#7369,0.002);
#555=CIRCLE('',#7372,0.005);
#556=CIRCLE('',#7374,0.005);
#557=CIRCLE('',#7376,0.005);
#558=CIRCLE('',#7378,0.005);
#559=CIRCLE('',#7380,0.005);
#560=CIRCLE('',#7381,0.005);
#561=CIRCLE('',#7382,0.002);
#562=CIRCLE('',#7383,0.002);
#563=CIRCLE('',#7389,0.002);
#564=CIRCLE('',#7390,0.0125424614673391);
#565=CIRCLE('',#7391,0.0105424614673391);
#566=CIRCLE('',#7392,0.002);
#567=CIRCLE('',#7394,0.002);
#568=CIRCLE('',#7395,0.022);
#569=CIRCLE('',#7397,0.002);
#570=CIRCLE('',#7399,0.002);
#571=CIRCLE('',#7400,0.018);
#572=CIRCLE('',#7402,0.002);
#573=CIRCLE('',#7404,0.002);
#574=CIRCLE('',#7405,0.0229150771235999);
#575=CIRCLE('',#7406,0.002);
#576=CIRCLE('',#7408,0.002);
#577=CIRCLE('',#7409,0.022);
#578=CIRCLE('',#7411,0.002);
#579=CIRCLE('',#7413,0.002);
#580=CIRCLE('',#7414,0.018);
#581=CIRCLE('',#7415,0.02);
#582=CIRCLE('',#7417,0.002);
#583=CIRCLE('',#7418,0.002);
#584=CIRCLE('',#7420,0.002);
#585=CIRCLE('',#7422,0.002);
#586=CIRCLE('',#7423,0.017);
#587=CIRCLE('',#7424,0.015);
#588=CIRCLE('',#7426,0.002);
#589=CIRCLE('',#7428,0.002);
#590=CIRCLE('',#7429,0.013);
#591=CIRCLE('',#7430,0.015);
#592=CIRCLE('',#7432,0.002);
#593=CIRCLE('',#7433,0.002);
#594=CIRCLE('',#7434,0.00945754);
#595=CIRCLE('',#7436,0.002);
#596=CIRCLE('',#7438,0.002);
#597=CIRCLE('',#7439,0.013);
#598=CIRCLE('',#7440,0.015);
#599=CIRCLE('',#7442,0.002);
#600=CIRCLE('',#7444,0.002);
#601=CIRCLE('',#7445,0.017);
#602=CIRCLE('',#7446,0.015);
#603=CIRCLE('',#7448,0.002);
#604=CIRCLE('',#7449,0.002);
#605=CIRCLE('',#7451,0.002);
#606=CIRCLE('',#7453,0.002);
#607=CIRCLE('',#7454,0.018);
#608=CIRCLE('',#7455,0.02);
#609=CIRCLE('',#7457,0.002);
#610=CIRCLE('',#7459,0.002);
#611=CIRCLE('',#7460,0.022);
#612=CIRCLE('',#7461,0.02);
#613=CIRCLE('',#7462,0.002);
#614=CIRCLE('',#7464,0.002);
#615=CIRCLE('',#7465,0.00400000003354972);
#616=CIRCLE('',#7467,0.002);
#617=CIRCLE('',#7469,0.002);
#618=CIRCLE('',#7470,0.018);
#619=CIRCLE('',#7472,0.002);
#620=CIRCLE('',#7474,0.002);
#621=CIRCLE('',#7475,0.022);
#622=CIRCLE('',#7476,0.002);
#623=CIRCLE('',#7478,0.0274575385326611);
#624=CIRCLE('',#7479,0.0294575385326611);
#625=CIRCLE('',#7484,0.015);
#626=CIRCLE('',#7486,0.015);
#627=CIRCLE('',#7488,0.015);
#628=CIRCLE('',#7490,0.015);
#629=CIRCLE('',#7495,0.00745753854502512);
#630=CIRCLE('',#7497,0.02);
#631=CIRCLE('',#7499,0.02);
#632=CIRCLE('',#7501,0.02);
#633=CIRCLE('',#7503,0.02);
#634=CIRCLE('',#7505,0.02);
#635=CIRCLE('',#7507,0.02);
#636=CIRCLE('',#7515,0.0259150771336972);
#637=CIRCLE('',#7517,0.0219150770900502);
#638=CIRCLE('',#7519,0.00700000000000003);
#639=CIRCLE('',#7521,0.003);
#640=CIRCLE('',#7527,0.0249150771235999);
#641=CIRCLE('',#7529,0.0209150771236);
#642=CIRCLE('',#7531,0.002);
#643=CIRCLE('',#7533,0.00600000003354972);
#644=CIRCLE('',#7535,0.02);
#645=CIRCLE('',#7537,0.02);
#646=CIRCLE('',#7545,0.00854246148080284);
#647=CIRCLE('',#7547,0.0125424614673391);
#648=CIRCLE('',#7550,0.0314575385191972);
#649=CIRCLE('',#7553,0.0274575385326611);
#650=CIRCLE('',#7563,0.00375);
#651=CIRCLE('',#7573,0.005);
#652=CIRCLE('',#7575,0.002);
#653=CIRCLE('',#7578,0.00375);
#654=CIRCLE('',#7581,0.004);
#655=CIRCLE('',#7583,0.002);
#656=CIRCLE('',#7586,0.00375);
#657=CIRCLE('',#7589,0.005);
#658=CIRCLE('',#7591,0.002);
#659=ORIENTED_EDGE('',*,*,#2659,.F.);
#660=ORIENTED_EDGE('',*,*,#2660,.F.);
#661=ORIENTED_EDGE('',*,*,#2661,.F.);
#662=ORIENTED_EDGE('',*,*,#2662,.F.);
#663=ORIENTED_EDGE('',*,*,#2663,.F.);
#664=ORIENTED_EDGE('',*,*,#2664,.F.);
#665=ORIENTED_EDGE('',*,*,#2665,.F.);
#666=ORIENTED_EDGE('',*,*,#2666,.F.);
#667=ORIENTED_EDGE('',*,*,#2660,.T.);
#668=ORIENTED_EDGE('',*,*,#2667,.T.);
#669=ORIENTED_EDGE('',*,*,#2668,.F.);
#670=ORIENTED_EDGE('',*,*,#2669,.T.);
#671=ORIENTED_EDGE('',*,*,#2670,.T.);
#672=ORIENTED_EDGE('',*,*,#2671,.F.);
#673=ORIENTED_EDGE('',*,*,#2672,.T.);
#674=ORIENTED_EDGE('',*,*,#2673,.F.);
#675=ORIENTED_EDGE('',*,*,#2674,.T.);
#676=ORIENTED_EDGE('',*,*,#2675,.T.);
#677=ORIENTED_EDGE('',*,*,#2664,.T.);
#678=ORIENTED_EDGE('',*,*,#2676,.T.);
#679=ORIENTED_EDGE('',*,*,#2677,.F.);
#680=ORIENTED_EDGE('',*,*,#2678,.T.);
#681=ORIENTED_EDGE('',*,*,#2679,.T.);
#682=ORIENTED_EDGE('',*,*,#2680,.T.);
#683=ORIENTED_EDGE('',*,*,#2681,.T.);
#684=ORIENTED_EDGE('',*,*,#2682,.T.);
#685=ORIENTED_EDGE('',*,*,#2683,.T.);
#686=ORIENTED_EDGE('',*,*,#2684,.F.);
#687=ORIENTED_EDGE('',*,*,#2685,.T.);
#688=ORIENTED_EDGE('',*,*,#2686,.T.);
#689=ORIENTED_EDGE('',*,*,#2687,.F.);
#690=ORIENTED_EDGE('',*,*,#2688,.T.);
#691=ORIENTED_EDGE('',*,*,#2689,.T.);
#692=ORIENTED_EDGE('',*,*,#2690,.T.);
#693=ORIENTED_EDGE('',*,*,#2691,.F.);
#694=ORIENTED_EDGE('',*,*,#2692,.T.);
#695=ORIENTED_EDGE('',*,*,#2693,.F.);
#696=ORIENTED_EDGE('',*,*,#2694,.T.);
#697=ORIENTED_EDGE('',*,*,#2695,.T.);
#698=ORIENTED_EDGE('',*,*,#2696,.F.);
#699=ORIENTED_EDGE('',*,*,#2697,.T.);
#700=ORIENTED_EDGE('',*,*,#2698,.T.);
#701=ORIENTED_EDGE('',*,*,#2699,.T.);
#702=ORIENTED_EDGE('',*,*,#2700,.T.);
#703=ORIENTED_EDGE('',*,*,#2701,.F.);
#704=ORIENTED_EDGE('',*,*,#2702,.T.);
#705=ORIENTED_EDGE('',*,*,#2703,.F.);
#706=ORIENTED_EDGE('',*,*,#2704,.T.);
#707=ORIENTED_EDGE('',*,*,#2705,.T.);
#708=ORIENTED_EDGE('',*,*,#2706,.T.);
#709=ORIENTED_EDGE('',*,*,#2707,.F.);
#710=ORIENTED_EDGE('',*,*,#2708,.T.);
#711=ORIENTED_EDGE('',*,*,#2709,.F.);
#712=ORIENTED_EDGE('',*,*,#2710,.T.);
#713=ORIENTED_EDGE('',*,*,#2711,.T.);
#714=ORIENTED_EDGE('',*,*,#2712,.F.);
#715=ORIENTED_EDGE('',*,*,#2713,.T.);
#716=ORIENTED_EDGE('',*,*,#2714,.F.);
#717=ORIENTED_EDGE('',*,*,#2715,.T.);
#718=ORIENTED_EDGE('',*,*,#2716,.F.);
#719=ORIENTED_EDGE('',*,*,#2717,.T.);
#720=ORIENTED_EDGE('',*,*,#2718,.F.);
#721=ORIENTED_EDGE('',*,*,#2719,.T.);
#722=ORIENTED_EDGE('',*,*,#2720,.F.);
#723=ORIENTED_EDGE('',*,*,#2721,.T.);
#724=ORIENTED_EDGE('',*,*,#2722,.F.);
#725=ORIENTED_EDGE('',*,*,#2723,.T.);
#726=ORIENTED_EDGE('',*,*,#2724,.T.);
#727=ORIENTED_EDGE('',*,*,#2725,.T.);
#728=ORIENTED_EDGE('',*,*,#2726,.F.);
#729=ORIENTED_EDGE('',*,*,#2727,.T.);
#730=ORIENTED_EDGE('',*,*,#2728,.T.);
#731=ORIENTED_EDGE('',*,*,#2729,.T.);
#732=ORIENTED_EDGE('',*,*,#2730,.F.);
#733=ORIENTED_EDGE('',*,*,#2731,.T.);
#734=ORIENTED_EDGE('',*,*,#2732,.T.);
#735=ORIENTED_EDGE('',*,*,#2733,.T.);
#736=ORIENTED_EDGE('',*,*,#2734,.F.);
#737=ORIENTED_EDGE('',*,*,#2735,.T.);
#738=ORIENTED_EDGE('',*,*,#2736,.F.);
#739=ORIENTED_EDGE('',*,*,#2737,.T.);
#740=ORIENTED_EDGE('',*,*,#2738,.F.);
#741=ORIENTED_EDGE('',*,*,#2739,.T.);
#742=ORIENTED_EDGE('',*,*,#2740,.T.);
#743=ORIENTED_EDGE('',*,*,#2741,.F.);
#744=ORIENTED_EDGE('',*,*,#2742,.F.);
#745=ORIENTED_EDGE('',*,*,#2743,.F.);
#746=ORIENTED_EDGE('',*,*,#2744,.T.);
#747=ORIENTED_EDGE('',*,*,#2745,.F.);
#748=ORIENTED_EDGE('',*,*,#2746,.F.);
#749=ORIENTED_EDGE('',*,*,#2747,.T.);
#750=ORIENTED_EDGE('',*,*,#2748,.T.);
#751=ORIENTED_EDGE('',*,*,#2749,.T.);
#752=ORIENTED_EDGE('',*,*,#2750,.F.);
#753=ORIENTED_EDGE('',*,*,#2751,.T.);
#754=ORIENTED_EDGE('',*,*,#2752,.F.);
#755=ORIENTED_EDGE('',*,*,#2753,.T.);
#756=ORIENTED_EDGE('',*,*,#2754,.T.);
#757=ORIENTED_EDGE('',*,*,#2755,.T.);
#758=ORIENTED_EDGE('',*,*,#2756,.T.);
#759=ORIENTED_EDGE('',*,*,#2757,.T.);
#760=ORIENTED_EDGE('',*,*,#2758,.F.);
#761=ORIENTED_EDGE('',*,*,#2759,.F.);
#762=ORIENTED_EDGE('',*,*,#2760,.F.);
#763=ORIENTED_EDGE('',*,*,#2761,.T.);
#764=ORIENTED_EDGE('',*,*,#2762,.T.);
#765=ORIENTED_EDGE('',*,*,#2763,.T.);
#766=ORIENTED_EDGE('',*,*,#2764,.T.);
#767=ORIENTED_EDGE('',*,*,#2765,.T.);
#768=ORIENTED_EDGE('',*,*,#2766,.T.);
#769=ORIENTED_EDGE('',*,*,#2767,.F.);
#770=ORIENTED_EDGE('',*,*,#2768,.T.);
#771=ORIENTED_EDGE('',*,*,#2769,.F.);
#772=ORIENTED_EDGE('',*,*,#2770,.T.);
#773=ORIENTED_EDGE('',*,*,#2771,.F.);
#774=ORIENTED_EDGE('',*,*,#2772,.T.);
#775=ORIENTED_EDGE('',*,*,#2773,.F.);
#776=ORIENTED_EDGE('',*,*,#2774,.T.);
#777=ORIENTED_EDGE('',*,*,#2775,.T.);
#778=ORIENTED_EDGE('',*,*,#2776,.T.);
#779=ORIENTED_EDGE('',*,*,#2777,.T.);
#780=ORIENTED_EDGE('',*,*,#2778,.T.);
#781=ORIENTED_EDGE('',*,*,#2779,.T.);
#782=ORIENTED_EDGE('',*,*,#2780,.T.);
#783=ORIENTED_EDGE('',*,*,#2781,.F.);
#784=ORIENTED_EDGE('',*,*,#2782,.T.);
#785=ORIENTED_EDGE('',*,*,#2783,.T.);
#786=ORIENTED_EDGE('',*,*,#2784,.T.);
#787=ORIENTED_EDGE('',*,*,#2785,.F.);
#788=ORIENTED_EDGE('',*,*,#2786,.T.);
#789=ORIENTED_EDGE('',*,*,#2787,.F.);
#790=ORIENTED_EDGE('',*,*,#2788,.T.);
#791=ORIENTED_EDGE('',*,*,#2789,.T.);
#792=ORIENTED_EDGE('',*,*,#2790,.T.);
#793=ORIENTED_EDGE('',*,*,#2791,.T.);
#794=ORIENTED_EDGE('',*,*,#2792,.T.);
#795=ORIENTED_EDGE('',*,*,#2793,.F.);
#796=ORIENTED_EDGE('',*,*,#2794,.T.);
#797=ORIENTED_EDGE('',*,*,#2795,.T.);
#798=ORIENTED_EDGE('',*,*,#2796,.T.);
#799=ORIENTED_EDGE('',*,*,#2797,.F.);
#800=ORIENTED_EDGE('',*,*,#2798,.T.);
#801=ORIENTED_EDGE('',*,*,#2799,.F.);
#802=ORIENTED_EDGE('',*,*,#2800,.T.);
#803=ORIENTED_EDGE('',*,*,#2801,.T.);
#804=ORIENTED_EDGE('',*,*,#2802,.T.);
#805=ORIENTED_EDGE('',*,*,#2803,.T.);
#806=ORIENTED_EDGE('',*,*,#2804,.T.);
#807=ORIENTED_EDGE('',*,*,#2805,.T.);
#808=ORIENTED_EDGE('',*,*,#2806,.T.);
#809=ORIENTED_EDGE('',*,*,#2807,.F.);
#810=ORIENTED_EDGE('',*,*,#2808,.T.);
#811=ORIENTED_EDGE('',*,*,#2809,.T.);
#812=ORIENTED_EDGE('',*,*,#2810,.T.);
#813=ORIENTED_EDGE('',*,*,#2811,.F.);
#814=ORIENTED_EDGE('',*,*,#2812,.T.);
#815=ORIENTED_EDGE('',*,*,#2813,.F.);
#816=ORIENTED_EDGE('',*,*,#2814,.T.);
#817=ORIENTED_EDGE('',*,*,#2815,.F.);
#818=ORIENTED_EDGE('',*,*,#2816,.T.);
#819=ORIENTED_EDGE('',*,*,#2817,.T.);
#820=ORIENTED_EDGE('',*,*,#2818,.T.);
#821=ORIENTED_EDGE('',*,*,#2819,.T.);
#822=ORIENTED_EDGE('',*,*,#2820,.T.);
#823=ORIENTED_EDGE('',*,*,#2821,.F.);
#824=ORIENTED_EDGE('',*,*,#2822,.T.);
#825=ORIENTED_EDGE('',*,*,#2823,.F.);
#826=ORIENTED_EDGE('',*,*,#2824,.T.);
#827=ORIENTED_EDGE('',*,*,#2825,.F.);
#828=ORIENTED_EDGE('',*,*,#2826,.T.);
#829=ORIENTED_EDGE('',*,*,#2827,.T.);
#830=ORIENTED_EDGE('',*,*,#2828,.T.);
#831=ORIENTED_EDGE('',*,*,#2829,.F.);
#832=ORIENTED_EDGE('',*,*,#2830,.T.);
#833=ORIENTED_EDGE('',*,*,#2831,.F.);
#834=ORIENTED_EDGE('',*,*,#2832,.T.);
#835=ORIENTED_EDGE('',*,*,#2833,.F.);
#836=ORIENTED_EDGE('',*,*,#2834,.T.);
#837=ORIENTED_EDGE('',*,*,#2835,.T.);
#838=ORIENTED_EDGE('',*,*,#2836,.T.);
#839=ORIENTED_EDGE('',*,*,#2837,.F.);
#840=ORIENTED_EDGE('',*,*,#2838,.T.);
#841=ORIENTED_EDGE('',*,*,#2839,.T.);
#842=ORIENTED_EDGE('',*,*,#2840,.T.);
#843=ORIENTED_EDGE('',*,*,#2841,.F.);
#844=ORIENTED_EDGE('',*,*,#2842,.T.);
#845=ORIENTED_EDGE('',*,*,#2843,.F.);
#846=ORIENTED_EDGE('',*,*,#2844,.T.);
#847=ORIENTED_EDGE('',*,*,#2845,.F.);
#848=ORIENTED_EDGE('',*,*,#2846,.T.);
#849=ORIENTED_EDGE('',*,*,#2847,.F.);
#850=ORIENTED_EDGE('',*,*,#2848,.T.);
#851=ORIENTED_EDGE('',*,*,#2849,.F.);
#852=ORIENTED_EDGE('',*,*,#2850,.T.);
#853=ORIENTED_EDGE('',*,*,#2851,.F.);
#854=ORIENTED_EDGE('',*,*,#2852,.T.);
#855=ORIENTED_EDGE('',*,*,#2853,.T.);
#856=ORIENTED_EDGE('',*,*,#2854,.F.);
#857=ORIENTED_EDGE('',*,*,#2855,.T.);
#858=ORIENTED_EDGE('',*,*,#2856,.T.);
#859=ORIENTED_EDGE('',*,*,#2857,.T.);
#860=ORIENTED_EDGE('',*,*,#2858,.F.);
#861=ORIENTED_EDGE('',*,*,#2859,.T.);
#862=ORIENTED_EDGE('',*,*,#2860,.T.);
#863=ORIENTED_EDGE('',*,*,#2861,.T.);
#864=ORIENTED_EDGE('',*,*,#2862,.T.);
#865=ORIENTED_EDGE('',*,*,#2863,.T.);
#866=ORIENTED_EDGE('',*,*,#2864,.F.);
#867=ORIENTED_EDGE('',*,*,#2865,.T.);
#868=ORIENTED_EDGE('',*,*,#2866,.T.);
#869=ORIENTED_EDGE('',*,*,#2867,.T.);
#870=ORIENTED_EDGE('',*,*,#2868,.F.);
#871=ORIENTED_EDGE('',*,*,#2869,.F.);
#872=ORIENTED_EDGE('',*,*,#2870,.T.);
#873=ORIENTED_EDGE('',*,*,#2871,.T.);
#874=ORIENTED_EDGE('',*,*,#2872,.T.);
#875=ORIENTED_EDGE('',*,*,#2873,.T.);
#876=ORIENTED_EDGE('',*,*,#2874,.T.);
#877=ORIENTED_EDGE('',*,*,#2875,.F.);
#878=ORIENTED_EDGE('',*,*,#2876,.T.);
#879=ORIENTED_EDGE('',*,*,#2877,.T.);
#880=ORIENTED_EDGE('',*,*,#2878,.T.);
#881=ORIENTED_EDGE('',*,*,#2879,.T.);
#882=ORIENTED_EDGE('',*,*,#2880,.F.);
#883=ORIENTED_EDGE('',*,*,#2881,.F.);
#884=ORIENTED_EDGE('',*,*,#2882,.T.);
#885=ORIENTED_EDGE('',*,*,#2883,.T.);
#886=ORIENTED_EDGE('',*,*,#2884,.T.);
#887=ORIENTED_EDGE('',*,*,#2885,.F.);
#888=ORIENTED_EDGE('',*,*,#2886,.T.);
#889=ORIENTED_EDGE('',*,*,#2887,.F.);
#890=ORIENTED_EDGE('',*,*,#2888,.F.);
#891=ORIENTED_EDGE('',*,*,#2889,.T.);
#892=ORIENTED_EDGE('',*,*,#2890,.T.);
#893=ORIENTED_EDGE('',*,*,#2891,.T.);
#894=ORIENTED_EDGE('',*,*,#2892,.F.);
#895=ORIENTED_EDGE('',*,*,#2893,.T.);
#896=ORIENTED_EDGE('',*,*,#2894,.T.);
#897=ORIENTED_EDGE('',*,*,#2895,.T.);
#898=ORIENTED_EDGE('',*,*,#2896,.T.);
#899=ORIENTED_EDGE('',*,*,#2897,.F.);
#900=ORIENTED_EDGE('',*,*,#2898,.F.);
#901=ORIENTED_EDGE('',*,*,#2899,.F.);
#902=ORIENTED_EDGE('',*,*,#2900,.T.);
#903=ORIENTED_EDGE('',*,*,#2901,.T.);
#904=ORIENTED_EDGE('',*,*,#2902,.F.);
#905=ORIENTED_EDGE('',*,*,#2903,.T.);
#906=ORIENTED_EDGE('',*,*,#2904,.T.);
#907=ORIENTED_EDGE('',*,*,#2905,.T.);
#908=ORIENTED_EDGE('',*,*,#2906,.F.);
#909=ORIENTED_EDGE('',*,*,#2685,.F.);
#910=ORIENTED_EDGE('',*,*,#2907,.F.);
#911=ORIENTED_EDGE('',*,*,#2908,.F.);
#912=ORIENTED_EDGE('',*,*,#2909,.T.);
#913=ORIENTED_EDGE('',*,*,#2698,.F.);
#914=ORIENTED_EDGE('',*,*,#2910,.T.);
#915=ORIENTED_EDGE('',*,*,#2911,.T.);
#916=ORIENTED_EDGE('',*,*,#2912,.T.);
#917=ORIENTED_EDGE('',*,*,#2913,.T.);
#918=ORIENTED_EDGE('',*,*,#2914,.F.);
#919=ORIENTED_EDGE('',*,*,#2915,.F.);
#920=ORIENTED_EDGE('',*,*,#2916,.F.);
#921=ORIENTED_EDGE('',*,*,#2917,.F.);
#922=ORIENTED_EDGE('',*,*,#2918,.F.);
#923=ORIENTED_EDGE('',*,*,#2696,.T.);
#924=ORIENTED_EDGE('',*,*,#2919,.T.);
#925=ORIENTED_EDGE('',*,*,#2920,.T.);
#926=ORIENTED_EDGE('',*,*,#2921,.T.);
#927=ORIENTED_EDGE('',*,*,#2922,.T.);
#928=ORIENTED_EDGE('',*,*,#2923,.T.);
#929=ORIENTED_EDGE('',*,*,#2924,.T.);
#930=ORIENTED_EDGE('',*,*,#2925,.F.);
#931=ORIENTED_EDGE('',*,*,#2926,.T.);
#932=ORIENTED_EDGE('',*,*,#2927,.T.);
#933=ORIENTED_EDGE('',*,*,#2928,.T.);
#934=ORIENTED_EDGE('',*,*,#2929,.T.);
#935=ORIENTED_EDGE('',*,*,#2930,.F.);
#936=ORIENTED_EDGE('',*,*,#2931,.T.);
#937=ORIENTED_EDGE('',*,*,#2932,.F.);
#938=ORIENTED_EDGE('',*,*,#2933,.T.);
#939=ORIENTED_EDGE('',*,*,#2934,.F.);
#940=ORIENTED_EDGE('',*,*,#2935,.T.);
#941=ORIENTED_EDGE('',*,*,#2936,.T.);
#942=ORIENTED_EDGE('',*,*,#2937,.T.);
#943=ORIENTED_EDGE('',*,*,#2938,.T.);
#944=ORIENTED_EDGE('',*,*,#2939,.T.);
#945=ORIENTED_EDGE('',*,*,#2940,.F.);
#946=ORIENTED_EDGE('',*,*,#2941,.T.);
#947=ORIENTED_EDGE('',*,*,#2942,.F.);
#948=ORIENTED_EDGE('',*,*,#2943,.T.);
#949=ORIENTED_EDGE('',*,*,#2944,.T.);
#950=ORIENTED_EDGE('',*,*,#2945,.T.);
#951=ORIENTED_EDGE('',*,*,#2946,.T.);
#952=ORIENTED_EDGE('',*,*,#2947,.T.);
#953=ORIENTED_EDGE('',*,*,#2948,.F.);
#954=ORIENTED_EDGE('',*,*,#2949,.T.);
#955=ORIENTED_EDGE('',*,*,#2950,.T.);
#956=ORIENTED_EDGE('',*,*,#2951,.T.);
#957=ORIENTED_EDGE('',*,*,#2952,.F.);
#958=ORIENTED_EDGE('',*,*,#2953,.T.);
#959=ORIENTED_EDGE('',*,*,#2954,.T.);
#960=ORIENTED_EDGE('',*,*,#2955,.T.);
#961=ORIENTED_EDGE('',*,*,#2956,.F.);
#962=ORIENTED_EDGE('',*,*,#2957,.T.);
#963=ORIENTED_EDGE('',*,*,#2958,.T.);
#964=ORIENTED_EDGE('',*,*,#2959,.F.);
#965=ORIENTED_EDGE('',*,*,#2960,.T.);
#966=ORIENTED_EDGE('',*,*,#2961,.T.);
#967=ORIENTED_EDGE('',*,*,#2962,.T.);
#968=ORIENTED_EDGE('',*,*,#2963,.T.);
#969=ORIENTED_EDGE('',*,*,#2964,.T.);
#970=ORIENTED_EDGE('',*,*,#2965,.T.);
#971=ORIENTED_EDGE('',*,*,#2966,.T.);
#972=ORIENTED_EDGE('',*,*,#2967,.T.);
#973=ORIENTED_EDGE('',*,*,#2968,.T.);
#974=ORIENTED_EDGE('',*,*,#2969,.F.);
#975=ORIENTED_EDGE('',*,*,#2970,.T.);
#976=ORIENTED_EDGE('',*,*,#2971,.T.);
#977=ORIENTED_EDGE('',*,*,#2972,.T.);
#978=ORIENTED_EDGE('',*,*,#2973,.T.);
#979=ORIENTED_EDGE('',*,*,#2974,.T.);
#980=ORIENTED_EDGE('',*,*,#2975,.F.);
#981=ORIENTED_EDGE('',*,*,#2976,.T.);
#982=ORIENTED_EDGE('',*,*,#2977,.T.);
#983=ORIENTED_EDGE('',*,*,#2978,.T.);
#984=ORIENTED_EDGE('',*,*,#2979,.T.);
#985=ORIENTED_EDGE('',*,*,#2980,.F.);
#986=ORIENTED_EDGE('',*,*,#2981,.T.);
#987=ORIENTED_EDGE('',*,*,#2913,.F.);
#988=ORIENTED_EDGE('',*,*,#2982,.F.);
#989=ORIENTED_EDGE('',*,*,#2914,.T.);
#990=ORIENTED_EDGE('',*,*,#2983,.T.);
#991=ORIENTED_EDGE('',*,*,#2984,.F.);
#992=ORIENTED_EDGE('',*,*,#2985,.T.);
#993=ORIENTED_EDGE('',*,*,#2986,.T.);
#994=ORIENTED_EDGE('',*,*,#2987,.T.);
#995=ORIENTED_EDGE('',*,*,#2988,.T.);
#996=ORIENTED_EDGE('',*,*,#2989,.F.);
#997=ORIENTED_EDGE('',*,*,#2990,.T.);
#998=ORIENTED_EDGE('',*,*,#2991,.T.);
#999=ORIENTED_EDGE('',*,*,#2992,.F.);
#1000=ORIENTED_EDGE('',*,*,#2908,.T.);
#1001=ORIENTED_EDGE('',*,*,#2993,.F.);
#1002=ORIENTED_EDGE('',*,*,#2994,.F.);
#1003=ORIENTED_EDGE('',*,*,#2995,.T.);
#1004=ORIENTED_EDGE('',*,*,#2996,.T.);
#1005=ORIENTED_EDGE('',*,*,#2997,.T.);
#1006=ORIENTED_EDGE('',*,*,#2998,.F.);
#1007=ORIENTED_EDGE('',*,*,#2999,.T.);
#1008=ORIENTED_EDGE('',*,*,#3000,.F.);
#1009=ORIENTED_EDGE('',*,*,#3001,.T.);
#1010=ORIENTED_EDGE('',*,*,#3002,.F.);
#1011=ORIENTED_EDGE('',*,*,#3003,.T.);
#1012=ORIENTED_EDGE('',*,*,#3004,.F.);
#1013=ORIENTED_EDGE('',*,*,#3005,.F.);
#1014=ORIENTED_EDGE('',*,*,#3006,.F.);
#1015=ORIENTED_EDGE('',*,*,#3007,.F.);
#1016=ORIENTED_EDGE('',*,*,#3008,.F.);
#1017=ORIENTED_EDGE('',*,*,#3009,.F.);
#1018=ORIENTED_EDGE('',*,*,#3010,.F.);
#1019=ORIENTED_EDGE('',*,*,#3011,.T.);
#1020=ORIENTED_EDGE('',*,*,#3012,.T.);
#1021=ORIENTED_EDGE('',*,*,#3013,.F.);
#1022=ORIENTED_EDGE('',*,*,#3014,.T.);
#1023=ORIENTED_EDGE('',*,*,#3015,.T.);
#1024=ORIENTED_EDGE('',*,*,#3016,.T.);
#1025=ORIENTED_EDGE('',*,*,#3017,.T.);
#1026=ORIENTED_EDGE('',*,*,#3018,.T.);
#1027=ORIENTED_EDGE('',*,*,#3019,.T.);
#1028=ORIENTED_EDGE('',*,*,#3020,.T.);
#1029=ORIENTED_EDGE('',*,*,#3021,.T.);
#1030=ORIENTED_EDGE('',*,*,#3022,.T.);
#1031=ORIENTED_EDGE('',*,*,#3023,.T.);
#1032=ORIENTED_EDGE('',*,*,#3024,.F.);
#1033=ORIENTED_EDGE('',*,*,#3025,.T.);
#1034=ORIENTED_EDGE('',*,*,#3026,.T.);
#1035=ORIENTED_EDGE('',*,*,#3027,.T.);
#1036=ORIENTED_EDGE('',*,*,#3028,.F.);
#1037=ORIENTED_EDGE('',*,*,#3029,.T.);
#1038=ORIENTED_EDGE('',*,*,#3030,.F.);
#1039=ORIENTED_EDGE('',*,*,#3031,.T.);
#1040=ORIENTED_EDGE('',*,*,#3032,.T.);
#1041=ORIENTED_EDGE('',*,*,#3033,.T.);
#1042=ORIENTED_EDGE('',*,*,#3034,.T.);
#1043=ORIENTED_EDGE('',*,*,#3035,.F.);
#1044=ORIENTED_EDGE('',*,*,#3036,.F.);
#1045=ORIENTED_EDGE('',*,*,#3037,.T.);
#1046=ORIENTED_EDGE('',*,*,#3038,.T.);
#1047=ORIENTED_EDGE('',*,*,#3039,.T.);
#1048=ORIENTED_EDGE('',*,*,#3040,.T.);
#1049=ORIENTED_EDGE('',*,*,#3041,.T.);
#1050=ORIENTED_EDGE('',*,*,#3042,.T.);
#1051=ORIENTED_EDGE('',*,*,#3043,.T.);
#1052=ORIENTED_EDGE('',*,*,#3044,.F.);
#1053=ORIENTED_EDGE('',*,*,#3045,.T.);
#1054=ORIENTED_EDGE('',*,*,#3046,.T.);
#1055=ORIENTED_EDGE('',*,*,#3047,.T.);
#1056=ORIENTED_EDGE('',*,*,#3048,.F.);
#1057=ORIENTED_EDGE('',*,*,#3049,.T.);
#1058=ORIENTED_EDGE('',*,*,#3050,.F.);
#1059=ORIENTED_EDGE('',*,*,#3051,.T.);
#1060=ORIENTED_EDGE('',*,*,#3052,.T.);
#1061=ORIENTED_EDGE('',*,*,#3053,.T.);
#1062=ORIENTED_EDGE('',*,*,#3054,.F.);
#1063=ORIENTED_EDGE('',*,*,#3055,.T.);
#1064=ORIENTED_EDGE('',*,*,#3056,.F.);
#1065=ORIENTED_EDGE('',*,*,#3057,.T.);
#1066=ORIENTED_EDGE('',*,*,#3058,.T.);
#1067=ORIENTED_EDGE('',*,*,#3059,.F.);
#1068=ORIENTED_EDGE('',*,*,#2666,.T.);
#1069=ORIENTED_EDGE('',*,*,#3060,.F.);
#1070=ORIENTED_EDGE('',*,*,#3061,.T.);
#1071=ORIENTED_EDGE('',*,*,#3062,.F.);
#1072=ORIENTED_EDGE('',*,*,#3063,.T.);
#1073=ORIENTED_EDGE('',*,*,#3064,.T.);
#1074=ORIENTED_EDGE('',*,*,#3065,.T.);
#1075=ORIENTED_EDGE('',*,*,#3066,.T.);
#1076=ORIENTED_EDGE('',*,*,#3067,.T.);
#1077=ORIENTED_EDGE('',*,*,#3068,.T.);
#1078=ORIENTED_EDGE('',*,*,#3069,.F.);
#1079=ORIENTED_EDGE('',*,*,#3070,.T.);
#1080=ORIENTED_EDGE('',*,*,#3071,.T.);
#1081=ORIENTED_EDGE('',*,*,#3072,.F.);
#1082=ORIENTED_EDGE('',*,*,#3073,.T.);
#1083=ORIENTED_EDGE('',*,*,#3074,.F.);
#1084=ORIENTED_EDGE('',*,*,#3075,.T.);
#1085=ORIENTED_EDGE('',*,*,#3076,.T.);
#1086=ORIENTED_EDGE('',*,*,#3077,.F.);
#1087=ORIENTED_EDGE('',*,*,#3078,.T.);
#1088=ORIENTED_EDGE('',*,*,#3079,.T.);
#1089=ORIENTED_EDGE('',*,*,#3080,.F.);
#1090=ORIENTED_EDGE('',*,*,#3081,.T.);
#1091=ORIENTED_EDGE('',*,*,#3082,.T.);
#1092=ORIENTED_EDGE('',*,*,#3083,.T.);
#1093=ORIENTED_EDGE('',*,*,#3084,.T.);
#1094=ORIENTED_EDGE('',*,*,#3085,.T.);
#1095=ORIENTED_EDGE('',*,*,#3086,.F.);
#1096=ORIENTED_EDGE('',*,*,#3087,.T.);
#1097=ORIENTED_EDGE('',*,*,#3088,.T.);
#1098=ORIENTED_EDGE('',*,*,#3089,.T.);
#1099=ORIENTED_EDGE('',*,*,#3090,.F.);
#1100=ORIENTED_EDGE('',*,*,#3091,.T.);
#1101=ORIENTED_EDGE('',*,*,#3092,.F.);
#1102=ORIENTED_EDGE('',*,*,#3093,.T.);
#1103=ORIENTED_EDGE('',*,*,#3094,.F.);
#1104=ORIENTED_EDGE('',*,*,#3095,.T.);
#1105=ORIENTED_EDGE('',*,*,#3096,.T.);
#1106=ORIENTED_EDGE('',*,*,#3097,.T.);
#1107=ORIENTED_EDGE('',*,*,#3098,.T.);
#1108=ORIENTED_EDGE('',*,*,#3099,.T.);
#1109=ORIENTED_EDGE('',*,*,#3100,.T.);
#1110=ORIENTED_EDGE('',*,*,#3101,.T.);
#1111=ORIENTED_EDGE('',*,*,#3102,.T.);
#1112=ORIENTED_EDGE('',*,*,#3103,.T.);
#1113=ORIENTED_EDGE('',*,*,#3104,.T.);
#1114=ORIENTED_EDGE('',*,*,#3105,.T.);
#1115=ORIENTED_EDGE('',*,*,#3106,.T.);
#1116=ORIENTED_EDGE('',*,*,#3107,.T.);
#1117=ORIENTED_EDGE('',*,*,#3108,.T.);
#1118=ORIENTED_EDGE('',*,*,#3109,.T.);
#1119=ORIENTED_EDGE('',*,*,#3110,.T.);
#1120=ORIENTED_EDGE('',*,*,#3111,.T.);
#1121=ORIENTED_EDGE('',*,*,#3112,.T.);
#1122=ORIENTED_EDGE('',*,*,#3113,.T.);
#1123=ORIENTED_EDGE('',*,*,#3114,.T.);
#1124=ORIENTED_EDGE('',*,*,#3115,.T.);
#1125=ORIENTED_EDGE('',*,*,#3116,.T.);
#1126=ORIENTED_EDGE('',*,*,#3117,.F.);
#1127=ORIENTED_EDGE('',*,*,#3118,.T.);
#1128=ORIENTED_EDGE('',*,*,#3119,.T.);
#1129=ORIENTED_EDGE('',*,*,#3120,.T.);
#1130=ORIENTED_EDGE('',*,*,#3121,.F.);
#1131=ORIENTED_EDGE('',*,*,#3122,.T.);
#1132=ORIENTED_EDGE('',*,*,#3123,.T.);
#1133=ORIENTED_EDGE('',*,*,#3124,.F.);
#1134=ORIENTED_EDGE('',*,*,#3125,.T.);
#1135=ORIENTED_EDGE('',*,*,#3126,.T.);
#1136=ORIENTED_EDGE('',*,*,#3127,.T.);
#1137=ORIENTED_EDGE('',*,*,#3128,.T.);
#1138=ORIENTED_EDGE('',*,*,#3129,.F.);
#1139=ORIENTED_EDGE('',*,*,#3130,.T.);
#1140=ORIENTED_EDGE('',*,*,#3131,.T.);
#1141=ORIENTED_EDGE('',*,*,#3132,.T.);
#1142=ORIENTED_EDGE('',*,*,#3133,.F.);
#1143=ORIENTED_EDGE('',*,*,#3134,.T.);
#1144=ORIENTED_EDGE('',*,*,#3135,.F.);
#1145=ORIENTED_EDGE('',*,*,#3136,.T.);
#1146=ORIENTED_EDGE('',*,*,#3137,.T.);
#1147=ORIENTED_EDGE('',*,*,#3138,.T.);
#1148=ORIENTED_EDGE('',*,*,#3139,.F.);
#1149=ORIENTED_EDGE('',*,*,#3140,.T.);
#1150=ORIENTED_EDGE('',*,*,#3141,.T.);
#1151=ORIENTED_EDGE('',*,*,#3142,.F.);
#1152=ORIENTED_EDGE('',*,*,#2662,.T.);
#1153=ORIENTED_EDGE('',*,*,#3143,.F.);
#1154=ORIENTED_EDGE('',*,*,#3144,.T.);
#1155=ORIENTED_EDGE('',*,*,#3145,.T.);
#1156=ORIENTED_EDGE('',*,*,#3146,.T.);
#1157=ORIENTED_EDGE('',*,*,#3147,.T.);
#1158=ORIENTED_EDGE('',*,*,#3148,.F.);
#1159=ORIENTED_EDGE('',*,*,#3149,.T.);
#1160=ORIENTED_EDGE('',*,*,#3150,.T.);
#1161=ORIENTED_EDGE('',*,*,#3151,.T.);
#1162=ORIENTED_EDGE('',*,*,#3152,.T.);
#1163=ORIENTED_EDGE('',*,*,#3153,.T.);
#1164=ORIENTED_EDGE('',*,*,#3154,.F.);
#1165=ORIENTED_EDGE('',*,*,#3155,.T.);
#1166=ORIENTED_EDGE('',*,*,#2741,.T.);
#1167=ORIENTED_EDGE('',*,*,#3156,.F.);
#1168=ORIENTED_EDGE('',*,*,#3157,.F.);
#1169=ORIENTED_EDGE('',*,*,#3158,.T.);
#1170=ORIENTED_EDGE('',*,*,#3159,.T.);
#1171=ORIENTED_EDGE('',*,*,#3160,.F.);
#1172=ORIENTED_EDGE('',*,*,#3161,.F.);
#1173=ORIENTED_EDGE('',*,*,#3162,.T.);
#1174=ORIENTED_EDGE('',*,*,#3163,.F.);
#1175=ORIENTED_EDGE('',*,*,#3164,.T.);
#1176=ORIENTED_EDGE('',*,*,#3165,.T.);
#1177=ORIENTED_EDGE('',*,*,#3166,.T.);
#1178=ORIENTED_EDGE('',*,*,#3166,.F.);
#1179=ORIENTED_EDGE('',*,*,#3023,.F.);
#1180=ORIENTED_EDGE('',*,*,#3167,.F.);
#1181=ORIENTED_EDGE('',*,*,#3165,.F.);
#1182=ORIENTED_EDGE('',*,*,#3168,.F.);
#1183=ORIENTED_EDGE('',*,*,#3169,.T.);
#1184=ORIENTED_EDGE('',*,*,#3170,.F.);
#1185=ORIENTED_EDGE('',*,*,#3168,.T.);
#1186=ORIENTED_EDGE('',*,*,#3021,.F.);
#1187=ORIENTED_EDGE('',*,*,#3170,.T.);
#1188=ORIENTED_EDGE('',*,*,#3171,.T.);
#1189=ORIENTED_EDGE('',*,*,#3172,.F.);
#1190=ORIENTED_EDGE('',*,*,#3171,.F.);
#1191=ORIENTED_EDGE('',*,*,#3173,.F.);
#1192=ORIENTED_EDGE('',*,*,#3019,.F.);
#1193=ORIENTED_EDGE('',*,*,#3173,.T.);
#1194=ORIENTED_EDGE('',*,*,#3011,.F.);
#1195=ORIENTED_EDGE('',*,*,#3174,.T.);
#1196=ORIENTED_EDGE('',*,*,#3175,.T.);
#1197=ORIENTED_EDGE('',*,*,#3176,.T.);
#1198=ORIENTED_EDGE('',*,*,#3013,.T.);
#1199=ORIENTED_EDGE('',*,*,#3177,.T.);
#1200=ORIENTED_EDGE('',*,*,#3178,.F.);
#1201=ORIENTED_EDGE('',*,*,#3179,.T.);
#1202=ORIENTED_EDGE('',*,*,#3180,.T.);
#1203=ORIENTED_EDGE('',*,*,#3181,.T.);
#1204=ORIENTED_EDGE('',*,*,#3015,.F.);
#1205=ORIENTED_EDGE('',*,*,#3182,.T.);
#1206=ORIENTED_EDGE('',*,*,#3183,.T.);
#1207=ORIENTED_EDGE('',*,*,#2896,.F.);
#1208=ORIENTED_EDGE('',*,*,#3017,.F.);
#1209=ORIENTED_EDGE('',*,*,#3184,.T.);
#1210=ORIENTED_EDGE('',*,*,#3185,.T.);
#1211=ORIENTED_EDGE('',*,*,#3186,.T.);
#1212=ORIENTED_EDGE('',*,*,#3187,.F.);
#1213=ORIENTED_EDGE('',*,*,#2895,.F.);
#1214=ORIENTED_EDGE('',*,*,#3175,.F.);
#1215=ORIENTED_EDGE('',*,*,#3188,.T.);
#1216=ORIENTED_EDGE('',*,*,#3185,.F.);
#1217=ORIENTED_EDGE('',*,*,#3189,.T.);
#1218=ORIENTED_EDGE('',*,*,#3180,.F.);
#1219=ORIENTED_EDGE('',*,*,#3190,.T.);
#1220=ORIENTED_EDGE('',*,*,#3178,.T.);
#1221=ORIENTED_EDGE('',*,*,#3191,.T.);
#1222=ORIENTED_EDGE('',*,*,#3183,.F.);
#1223=ORIENTED_EDGE('',*,*,#3187,.T.);
#1224=ORIENTED_EDGE('',*,*,#3016,.F.);
#1225=ORIENTED_EDGE('',*,*,#3181,.F.);
#1226=ORIENTED_EDGE('',*,*,#3189,.F.);
#1227=ORIENTED_EDGE('',*,*,#3184,.F.);
#1228=ORIENTED_EDGE('',*,*,#3018,.F.);
#1229=ORIENTED_EDGE('',*,*,#3186,.F.);
#1230=ORIENTED_EDGE('',*,*,#3188,.F.);
#1231=ORIENTED_EDGE('',*,*,#3174,.F.);
#1232=ORIENTED_EDGE('',*,*,#3012,.F.);
#1233=ORIENTED_EDGE('',*,*,#3176,.F.);
#1234=ORIENTED_EDGE('',*,*,#3191,.F.);
#1235=ORIENTED_EDGE('',*,*,#3177,.F.);
#1236=ORIENTED_EDGE('',*,*,#3014,.F.);
#1237=ORIENTED_EDGE('',*,*,#3179,.F.);
#1238=ORIENTED_EDGE('',*,*,#3190,.F.);
#1239=ORIENTED_EDGE('',*,*,#3182,.F.);
#1240=ORIENTED_EDGE('',*,*,#3010,.T.);
#1241=ORIENTED_EDGE('',*,*,#2805,.F.);
#1242=ORIENTED_EDGE('',*,*,#3009,.T.);
#1243=ORIENTED_EDGE('',*,*,#2806,.F.);
#1244=ORIENTED_EDGE('',*,*,#3192,.F.);
#1245=ORIENTED_EDGE('',*,*,#2917,.T.);
#1246=ORIENTED_EDGE('',*,*,#3193,.T.);
#1247=ORIENTED_EDGE('',*,*,#2911,.F.);
#1248=ORIENTED_EDGE('',*,*,#3194,.F.);
#1249=ORIENTED_EDGE('',*,*,#3195,.T.);
#1250=ORIENTED_EDGE('',*,*,#3196,.T.);
#1251=ORIENTED_EDGE('',*,*,#3197,.T.);
#1252=ORIENTED_EDGE('',*,*,#3196,.F.);
#1253=ORIENTED_EDGE('',*,*,#2758,.T.);
#1254=ORIENTED_EDGE('',*,*,#3198,.T.);
#1255=ORIENTED_EDGE('',*,*,#3199,.T.);
#1256=ORIENTED_EDGE('',*,*,#3198,.F.);
#1257=ORIENTED_EDGE('',*,*,#2902,.T.);
#1258=ORIENTED_EDGE('',*,*,#3200,.T.);
#1259=ORIENTED_EDGE('',*,*,#3201,.T.);
#1260=ORIENTED_EDGE('',*,*,#3202,.T.);
#1261=ORIENTED_EDGE('',*,*,#3203,.F.);
#1262=ORIENTED_EDGE('',*,*,#3204,.F.);
#1263=ORIENTED_EDGE('',*,*,#3205,.F.);
#1264=ORIENTED_EDGE('',*,*,#3202,.F.);
#1265=ORIENTED_EDGE('',*,*,#3206,.F.);
#1266=ORIENTED_EDGE('',*,*,#3207,.F.);
#1267=ORIENTED_EDGE('',*,*,#3200,.F.);
#1268=ORIENTED_EDGE('',*,*,#3008,.T.);
#1269=ORIENTED_EDGE('',*,*,#3208,.F.);
#1270=ORIENTED_EDGE('',*,*,#3208,.T.);
#1271=ORIENTED_EDGE('',*,*,#3209,.F.);
#1272=ORIENTED_EDGE('',*,*,#3210,.T.);
#1273=ORIENTED_EDGE('',*,*,#3211,.F.);
#1274=ORIENTED_EDGE('',*,*,#3007,.T.);
#1275=ORIENTED_EDGE('',*,*,#3210,.F.);
#1276=ORIENTED_EDGE('',*,*,#3212,.T.);
#1277=ORIENTED_EDGE('',*,*,#3213,.F.);
#1278=ORIENTED_EDGE('',*,*,#3212,.F.);
#1279=ORIENTED_EDGE('',*,*,#3006,.T.);
#1280=ORIENTED_EDGE('',*,*,#3214,.T.);
#1281=ORIENTED_EDGE('',*,*,#3215,.F.);
#1282=ORIENTED_EDGE('',*,*,#3214,.F.);
#1283=ORIENTED_EDGE('',*,*,#3004,.T.);
#1284=ORIENTED_EDGE('',*,*,#3216,.T.);
#1285=ORIENTED_EDGE('',*,*,#3217,.F.);
#1286=ORIENTED_EDGE('',*,*,#3216,.F.);
#1287=ORIENTED_EDGE('',*,*,#3005,.T.);
#1288=ORIENTED_EDGE('',*,*,#3218,.F.);
#1289=ORIENTED_EDGE('',*,*,#3219,.F.);
#1290=ORIENTED_EDGE('',*,*,#3001,.F.);
#1291=ORIENTED_EDGE('',*,*,#3220,.F.);
#1292=ORIENTED_EDGE('',*,*,#3221,.F.);
#1293=ORIENTED_EDGE('',*,*,#3222,.F.);
#1294=ORIENTED_EDGE('',*,*,#2999,.F.);
#1295=ORIENTED_EDGE('',*,*,#3223,.F.);
#1296=ORIENTED_EDGE('',*,*,#3224,.F.);
#1297=ORIENTED_EDGE('',*,*,#3225,.F.);
#1298=ORIENTED_EDGE('',*,*,#3003,.F.);
#1299=ORIENTED_EDGE('',*,*,#3226,.F.);
#1300=ORIENTED_EDGE('',*,*,#3227,.F.);
#1301=ORIENTED_EDGE('',*,*,#3228,.F.);
#1302=ORIENTED_EDGE('',*,*,#2997,.F.);
#1303=ORIENTED_EDGE('',*,*,#3229,.F.);
#1304=ORIENTED_EDGE('',*,*,#3230,.F.);
#1305=ORIENTED_EDGE('',*,*,#3224,.T.);
#1306=ORIENTED_EDGE('',*,*,#3231,.T.);
#1307=ORIENTED_EDGE('',*,*,#3218,.T.);
#1308=ORIENTED_EDGE('',*,*,#3232,.T.);
#1309=ORIENTED_EDGE('',*,*,#3221,.T.);
#1310=ORIENTED_EDGE('',*,*,#3233,.T.);
#1311=ORIENTED_EDGE('',*,*,#3227,.T.);
#1312=ORIENTED_EDGE('',*,*,#3234,.F.);
#1313=ORIENTED_EDGE('',*,*,#3235,.F.);
#1314=ORIENTED_EDGE('',*,*,#3230,.T.);
#1315=ORIENTED_EDGE('',*,*,#3229,.T.);
#1316=ORIENTED_EDGE('',*,*,#2996,.F.);
#1317=ORIENTED_EDGE('',*,*,#3225,.T.);
#1318=ORIENTED_EDGE('',*,*,#2998,.T.);
#1319=ORIENTED_EDGE('',*,*,#3228,.T.);
#1320=ORIENTED_EDGE('',*,*,#3233,.F.);
#1321=ORIENTED_EDGE('',*,*,#3223,.T.);
#1322=ORIENTED_EDGE('',*,*,#3000,.T.);
#1323=ORIENTED_EDGE('',*,*,#3222,.T.);
#1324=ORIENTED_EDGE('',*,*,#3232,.F.);
#1325=ORIENTED_EDGE('',*,*,#3220,.T.);
#1326=ORIENTED_EDGE('',*,*,#3231,.F.);
#1327=ORIENTED_EDGE('',*,*,#3226,.T.);
#1328=ORIENTED_EDGE('',*,*,#3002,.T.);
#1329=ORIENTED_EDGE('',*,*,#3219,.T.);
#1330=ORIENTED_EDGE('',*,*,#3236,.T.);
#1331=ORIENTED_EDGE('',*,*,#3237,.F.);
#1332=ORIENTED_EDGE('',*,*,#3158,.F.);
#1333=ORIENTED_EDGE('',*,*,#3238,.F.);
#1334=ORIENTED_EDGE('',*,*,#3239,.T.);
#1335=ORIENTED_EDGE('',*,*,#3240,.F.);
#1336=ORIENTED_EDGE('',*,*,#3236,.F.);
#1337=ORIENTED_EDGE('',*,*,#3241,.F.);
#1338=ORIENTED_EDGE('',*,*,#3242,.T.);
#1339=ORIENTED_EDGE('',*,*,#3243,.F.);
#1340=ORIENTED_EDGE('',*,*,#3239,.F.);
#1341=ORIENTED_EDGE('',*,*,#3244,.F.);
#1342=ORIENTED_EDGE('',*,*,#3245,.T.);
#1343=ORIENTED_EDGE('',*,*,#3246,.F.);
#1344=ORIENTED_EDGE('',*,*,#3242,.F.);
#1345=ORIENTED_EDGE('',*,*,#3247,.F.);
#1346=ORIENTED_EDGE('',*,*,#3248,.T.);
#1347=ORIENTED_EDGE('',*,*,#3249,.F.);
#1348=ORIENTED_EDGE('',*,*,#3245,.F.);
#1349=ORIENTED_EDGE('',*,*,#3250,.F.);
#1350=ORIENTED_EDGE('',*,*,#3251,.T.);
#1351=ORIENTED_EDGE('',*,*,#3252,.F.);
#1352=ORIENTED_EDGE('',*,*,#3248,.F.);
#1353=ORIENTED_EDGE('',*,*,#3253,.F.);
#1354=ORIENTED_EDGE('',*,*,#3254,.T.);
#1355=ORIENTED_EDGE('',*,*,#3255,.F.);
#1356=ORIENTED_EDGE('',*,*,#3251,.F.);
#1357=ORIENTED_EDGE('',*,*,#3256,.F.);
#1358=ORIENTED_EDGE('',*,*,#3257,.T.);
#1359=ORIENTED_EDGE('',*,*,#3258,.F.);
#1360=ORIENTED_EDGE('',*,*,#3254,.F.);
#1361=ORIENTED_EDGE('',*,*,#3259,.F.);
#1362=ORIENTED_EDGE('',*,*,#3260,.T.);
#1363=ORIENTED_EDGE('',*,*,#3261,.F.);
#1364=ORIENTED_EDGE('',*,*,#3257,.F.);
#1365=ORIENTED_EDGE('',*,*,#3262,.F.);
#1366=ORIENTED_EDGE('',*,*,#3263,.T.);
#1367=ORIENTED_EDGE('',*,*,#3264,.F.);
#1368=ORIENTED_EDGE('',*,*,#3260,.F.);
#1369=ORIENTED_EDGE('',*,*,#3265,.F.);
#1370=ORIENTED_EDGE('',*,*,#3266,.T.);
#1371=ORIENTED_EDGE('',*,*,#3267,.F.);
#1372=ORIENTED_EDGE('',*,*,#3263,.F.);
#1373=ORIENTED_EDGE('',*,*,#3268,.F.);
#1374=ORIENTED_EDGE('',*,*,#3269,.T.);
#1375=ORIENTED_EDGE('',*,*,#3270,.F.);
#1376=ORIENTED_EDGE('',*,*,#3266,.F.);
#1377=ORIENTED_EDGE('',*,*,#3271,.F.);
#1378=ORIENTED_EDGE('',*,*,#3272,.T.);
#1379=ORIENTED_EDGE('',*,*,#3273,.F.);
#1380=ORIENTED_EDGE('',*,*,#3269,.F.);
#1381=ORIENTED_EDGE('',*,*,#3274,.F.);
#1382=ORIENTED_EDGE('',*,*,#3275,.T.);
#1383=ORIENTED_EDGE('',*,*,#3276,.F.);
#1384=ORIENTED_EDGE('',*,*,#3272,.F.);
#1385=ORIENTED_EDGE('',*,*,#3277,.F.);
#1386=ORIENTED_EDGE('',*,*,#3278,.T.);
#1387=ORIENTED_EDGE('',*,*,#3279,.F.);
#1388=ORIENTED_EDGE('',*,*,#3275,.F.);
#1389=ORIENTED_EDGE('',*,*,#3280,.F.);
#1390=ORIENTED_EDGE('',*,*,#3281,.T.);
#1391=ORIENTED_EDGE('',*,*,#3282,.F.);
#1392=ORIENTED_EDGE('',*,*,#3278,.F.);
#1393=ORIENTED_EDGE('',*,*,#3283,.F.);
#1394=ORIENTED_EDGE('',*,*,#3284,.T.);
#1395=ORIENTED_EDGE('',*,*,#3285,.F.);
#1396=ORIENTED_EDGE('',*,*,#3281,.F.);
#1397=ORIENTED_EDGE('',*,*,#3286,.F.);
#1398=ORIENTED_EDGE('',*,*,#3287,.T.);
#1399=ORIENTED_EDGE('',*,*,#3288,.F.);
#1400=ORIENTED_EDGE('',*,*,#3284,.F.);
#1401=ORIENTED_EDGE('',*,*,#3289,.F.);
#1402=ORIENTED_EDGE('',*,*,#3290,.T.);
#1403=ORIENTED_EDGE('',*,*,#3291,.F.);
#1404=ORIENTED_EDGE('',*,*,#3287,.F.);
#1405=ORIENTED_EDGE('',*,*,#3292,.T.);
#1406=ORIENTED_EDGE('',*,*,#3293,.T.);
#1407=ORIENTED_EDGE('',*,*,#3294,.F.);
#1408=ORIENTED_EDGE('',*,*,#3290,.F.);
#1409=ORIENTED_EDGE('',*,*,#3295,.F.);
#1410=ORIENTED_EDGE('',*,*,#3296,.T.);
#1411=ORIENTED_EDGE('',*,*,#3297,.F.);
#1412=ORIENTED_EDGE('',*,*,#3293,.F.);
#1413=ORIENTED_EDGE('',*,*,#3298,.F.);
#1414=ORIENTED_EDGE('',*,*,#3299,.T.);
#1415=ORIENTED_EDGE('',*,*,#3300,.F.);
#1416=ORIENTED_EDGE('',*,*,#3296,.F.);
#1417=ORIENTED_EDGE('',*,*,#3301,.F.);
#1418=ORIENTED_EDGE('',*,*,#3302,.T.);
#1419=ORIENTED_EDGE('',*,*,#3303,.F.);
#1420=ORIENTED_EDGE('',*,*,#3299,.F.);
#1421=ORIENTED_EDGE('',*,*,#3304,.F.);
#1422=ORIENTED_EDGE('',*,*,#3305,.T.);
#1423=ORIENTED_EDGE('',*,*,#3306,.F.);
#1424=ORIENTED_EDGE('',*,*,#3302,.F.);
#1425=ORIENTED_EDGE('',*,*,#3307,.F.);
#1426=ORIENTED_EDGE('',*,*,#3308,.T.);
#1427=ORIENTED_EDGE('',*,*,#3309,.F.);
#1428=ORIENTED_EDGE('',*,*,#3305,.F.);
#1429=ORIENTED_EDGE('',*,*,#3310,.F.);
#1430=ORIENTED_EDGE('',*,*,#3311,.T.);
#1431=ORIENTED_EDGE('',*,*,#3312,.F.);
#1432=ORIENTED_EDGE('',*,*,#3308,.F.);
#1433=ORIENTED_EDGE('',*,*,#3313,.F.);
#1434=ORIENTED_EDGE('',*,*,#3314,.T.);
#1435=ORIENTED_EDGE('',*,*,#3315,.F.);
#1436=ORIENTED_EDGE('',*,*,#3311,.F.);
#1437=ORIENTED_EDGE('',*,*,#3316,.F.);
#1438=ORIENTED_EDGE('',*,*,#3317,.T.);
#1439=ORIENTED_EDGE('',*,*,#3318,.F.);
#1440=ORIENTED_EDGE('',*,*,#3314,.F.);
#1441=ORIENTED_EDGE('',*,*,#3319,.F.);
#1442=ORIENTED_EDGE('',*,*,#3320,.T.);
#1443=ORIENTED_EDGE('',*,*,#3321,.F.);
#1444=ORIENTED_EDGE('',*,*,#3317,.F.);
#1445=ORIENTED_EDGE('',*,*,#3322,.F.);
#1446=ORIENTED_EDGE('',*,*,#3323,.T.);
#1447=ORIENTED_EDGE('',*,*,#3324,.F.);
#1448=ORIENTED_EDGE('',*,*,#3320,.F.);
#1449=ORIENTED_EDGE('',*,*,#3325,.F.);
#1450=ORIENTED_EDGE('',*,*,#3326,.T.);
#1451=ORIENTED_EDGE('',*,*,#3327,.F.);
#1452=ORIENTED_EDGE('',*,*,#3323,.F.);
#1453=ORIENTED_EDGE('',*,*,#3328,.F.);
#1454=ORIENTED_EDGE('',*,*,#3329,.T.);
#1455=ORIENTED_EDGE('',*,*,#3330,.F.);
#1456=ORIENTED_EDGE('',*,*,#3326,.F.);
#1457=ORIENTED_EDGE('',*,*,#3331,.F.);
#1458=ORIENTED_EDGE('',*,*,#3332,.T.);
#1459=ORIENTED_EDGE('',*,*,#3333,.F.);
#1460=ORIENTED_EDGE('',*,*,#3329,.F.);
#1461=ORIENTED_EDGE('',*,*,#3334,.F.);
#1462=ORIENTED_EDGE('',*,*,#3335,.T.);
#1463=ORIENTED_EDGE('',*,*,#3336,.F.);
#1464=ORIENTED_EDGE('',*,*,#3332,.F.);
#1465=ORIENTED_EDGE('',*,*,#3337,.F.);
#1466=ORIENTED_EDGE('',*,*,#3338,.T.);
#1467=ORIENTED_EDGE('',*,*,#3339,.F.);
#1468=ORIENTED_EDGE('',*,*,#3335,.F.);
#1469=ORIENTED_EDGE('',*,*,#3340,.F.);
#1470=ORIENTED_EDGE('',*,*,#3341,.T.);
#1471=ORIENTED_EDGE('',*,*,#3342,.F.);
#1472=ORIENTED_EDGE('',*,*,#3338,.F.);
#1473=ORIENTED_EDGE('',*,*,#3343,.F.);
#1474=ORIENTED_EDGE('',*,*,#3162,.F.);
#1475=ORIENTED_EDGE('',*,*,#3344,.F.);
#1476=ORIENTED_EDGE('',*,*,#3341,.F.);
#1477=ORIENTED_EDGE('',*,*,#3345,.F.);
#1478=ORIENTED_EDGE('',*,*,#3346,.F.);
#1479=ORIENTED_EDGE('',*,*,#3205,.T.);
#1480=ORIENTED_EDGE('',*,*,#3347,.T.);
#1481=ORIENTED_EDGE('',*,*,#3348,.F.);
#1482=ORIENTED_EDGE('',*,*,#3349,.F.);
#1483=ORIENTED_EDGE('',*,*,#3206,.T.);
#1484=ORIENTED_EDGE('',*,*,#3350,.T.);
#1485=ORIENTED_EDGE('',*,*,#3351,.T.);
#1486=ORIENTED_EDGE('',*,*,#3350,.F.);
#1487=ORIENTED_EDGE('',*,*,#3203,.T.);
#1488=ORIENTED_EDGE('',*,*,#3346,.T.);
#1489=ORIENTED_EDGE('',*,*,#3292,.F.);
#1490=ORIENTED_EDGE('',*,*,#3352,.F.);
#1491=ORIENTED_EDGE('',*,*,#3280,.T.);
#1492=ORIENTED_EDGE('',*,*,#3353,.F.);
#1493=ORIENTED_EDGE('',*,*,#3354,.F.);
#1494=ORIENTED_EDGE('',*,*,#3355,.F.);
#1495=ORIENTED_EDGE('',*,*,#3304,.T.);
#1496=ORIENTED_EDGE('',*,*,#3356,.F.);
#1497=ORIENTED_EDGE('',*,*,#3357,.F.);
#1498=ORIENTED_EDGE('',*,*,#3358,.F.);
#1499=ORIENTED_EDGE('',*,*,#3298,.T.);
#1500=ORIENTED_EDGE('',*,*,#3359,.F.);
#1501=ORIENTED_EDGE('',*,*,#3360,.F.);
#1502=ORIENTED_EDGE('',*,*,#3361,.F.);
#1503=ORIENTED_EDGE('',*,*,#3286,.T.);
#1504=ORIENTED_EDGE('',*,*,#3362,.F.);
#1505=ORIENTED_EDGE('',*,*,#3363,.F.);
#1506=ORIENTED_EDGE('',*,*,#3362,.T.);
#1507=ORIENTED_EDGE('',*,*,#3283,.T.);
#1508=ORIENTED_EDGE('',*,*,#3352,.T.);
#1509=ORIENTED_EDGE('',*,*,#3364,.F.);
#1510=ORIENTED_EDGE('',*,*,#3356,.T.);
#1511=ORIENTED_EDGE('',*,*,#3301,.T.);
#1512=ORIENTED_EDGE('',*,*,#3358,.T.);
#1513=ORIENTED_EDGE('',*,*,#3365,.T.);
#1514=ORIENTED_EDGE('',*,*,#3201,.F.);
#1515=ORIENTED_EDGE('',*,*,#3207,.T.);
#1516=ORIENTED_EDGE('',*,*,#3349,.T.);
#1517=ORIENTED_EDGE('',*,*,#3366,.T.);
#1518=ORIENTED_EDGE('',*,*,#2881,.T.);
#1519=ORIENTED_EDGE('',*,*,#3367,.F.);
#1520=ORIENTED_EDGE('',*,*,#3347,.F.);
#1521=ORIENTED_EDGE('',*,*,#3204,.T.);
#1522=ORIENTED_EDGE('',*,*,#3368,.F.);
#1523=ORIENTED_EDGE('',*,*,#3291,.T.);
#1524=ORIENTED_EDGE('',*,*,#3369,.T.);
#1525=ORIENTED_EDGE('',*,*,#3370,.F.);
#1526=ORIENTED_EDGE('',*,*,#3371,.F.);
#1527=ORIENTED_EDGE('',*,*,#3250,.T.);
#1528=ORIENTED_EDGE('',*,*,#3372,.F.);
#1529=ORIENTED_EDGE('',*,*,#3373,.F.);
#1530=ORIENTED_EDGE('',*,*,#3374,.F.);
#1531=ORIENTED_EDGE('',*,*,#3334,.T.);
#1532=ORIENTED_EDGE('',*,*,#3375,.F.);
#1533=ORIENTED_EDGE('',*,*,#3376,.F.);
#1534=ORIENTED_EDGE('',*,*,#3377,.F.);
#1535=ORIENTED_EDGE('',*,*,#3325,.T.);
#1536=ORIENTED_EDGE('',*,*,#3322,.T.);
#1537=ORIENTED_EDGE('',*,*,#3378,.F.);
#1538=ORIENTED_EDGE('',*,*,#3379,.F.);
#1539=ORIENTED_EDGE('',*,*,#3380,.F.);
#1540=ORIENTED_EDGE('',*,*,#3262,.T.);
#1541=ORIENTED_EDGE('',*,*,#3259,.T.);
#1542=ORIENTED_EDGE('',*,*,#3381,.F.);
#1543=ORIENTED_EDGE('',*,*,#3382,.F.);
#1544=ORIENTED_EDGE('',*,*,#3383,.F.);
#1545=ORIENTED_EDGE('',*,*,#3384,.F.);
#1546=ORIENTED_EDGE('',*,*,#3385,.F.);
#1547=ORIENTED_EDGE('',*,*,#3268,.T.);
#1548=ORIENTED_EDGE('',*,*,#3386,.F.);
#1549=ORIENTED_EDGE('',*,*,#3387,.F.);
#1550=ORIENTED_EDGE('',*,*,#3388,.F.);
#1551=ORIENTED_EDGE('',*,*,#3316,.T.);
#1552=ORIENTED_EDGE('',*,*,#3389,.F.);
#1553=ORIENTED_EDGE('',*,*,#3390,.F.);
#1554=ORIENTED_EDGE('',*,*,#3391,.F.);
#1555=ORIENTED_EDGE('',*,*,#3363,.T.);
#1556=ORIENTED_EDGE('',*,*,#3364,.T.);
#1557=ORIENTED_EDGE('',*,*,#3354,.T.);
#1558=ORIENTED_EDGE('',*,*,#3392,.T.);
#1559=ORIENTED_EDGE('',*,*,#3393,.T.);
#1560=ORIENTED_EDGE('',*,*,#2882,.F.);
#1561=ORIENTED_EDGE('',*,*,#3366,.F.);
#1562=ORIENTED_EDGE('',*,*,#3394,.F.);
#1563=ORIENTED_EDGE('',*,*,#3276,.T.);
#1564=ORIENTED_EDGE('',*,*,#3279,.T.);
#1565=ORIENTED_EDGE('',*,*,#3282,.T.);
#1566=ORIENTED_EDGE('',*,*,#3285,.T.);
#1567=ORIENTED_EDGE('',*,*,#3288,.T.);
#1568=ORIENTED_EDGE('',*,*,#3368,.T.);
#1569=ORIENTED_EDGE('',*,*,#3395,.T.);
#1570=ORIENTED_EDGE('',*,*,#3303,.T.);
#1571=ORIENTED_EDGE('',*,*,#3306,.T.);
#1572=ORIENTED_EDGE('',*,*,#3396,.T.);
#1573=ORIENTED_EDGE('',*,*,#3397,.F.);
#1574=ORIENTED_EDGE('',*,*,#3369,.F.);
#1575=ORIENTED_EDGE('',*,*,#3294,.T.);
#1576=ORIENTED_EDGE('',*,*,#3297,.T.);
#1577=ORIENTED_EDGE('',*,*,#3300,.T.);
#1578=ORIENTED_EDGE('',*,*,#2880,.T.);
#1579=ORIENTED_EDGE('',*,*,#3398,.T.);
#1580=ORIENTED_EDGE('',*,*,#2994,.T.);
#1581=ORIENTED_EDGE('',*,*,#3399,.F.);
#1582=ORIENTED_EDGE('',*,*,#3400,.F.);
#1583=ORIENTED_EDGE('',*,*,#3357,.T.);
#1584=ORIENTED_EDGE('',*,*,#3365,.F.);
#1585=ORIENTED_EDGE('',*,*,#3360,.T.);
#1586=ORIENTED_EDGE('',*,*,#3401,.F.);
#1587=ORIENTED_EDGE('',*,*,#3367,.T.);
#1588=ORIENTED_EDGE('',*,*,#3386,.T.);
#1589=ORIENTED_EDGE('',*,*,#3265,.T.);
#1590=ORIENTED_EDGE('',*,*,#3384,.T.);
#1591=ORIENTED_EDGE('',*,*,#3402,.T.);
#1592=ORIENTED_EDGE('',*,*,#3378,.T.);
#1593=ORIENTED_EDGE('',*,*,#3319,.T.);
#1594=ORIENTED_EDGE('',*,*,#3388,.T.);
#1595=ORIENTED_EDGE('',*,*,#3403,.F.);
#1596=ORIENTED_EDGE('',*,*,#3399,.T.);
#1597=ORIENTED_EDGE('',*,*,#2993,.T.);
#1598=ORIENTED_EDGE('',*,*,#2907,.T.);
#1599=ORIENTED_EDGE('',*,*,#2684,.T.);
#1600=ORIENTED_EDGE('',*,*,#3404,.F.);
#1601=ORIENTED_EDGE('',*,*,#3405,.F.);
#1602=ORIENTED_EDGE('',*,*,#3396,.F.);
#1603=ORIENTED_EDGE('',*,*,#3309,.T.);
#1604=ORIENTED_EDGE('',*,*,#3406,.T.);
#1605=ORIENTED_EDGE('',*,*,#3407,.F.);
#1606=ORIENTED_EDGE('',*,*,#3408,.F.);
#1607=ORIENTED_EDGE('',*,*,#3273,.T.);
#1608=ORIENTED_EDGE('',*,*,#3394,.T.);
#1609=ORIENTED_EDGE('',*,*,#3409,.T.);
#1610=ORIENTED_EDGE('',*,*,#3410,.T.);
#1611=ORIENTED_EDGE('',*,*,#2883,.F.);
#1612=ORIENTED_EDGE('',*,*,#3393,.F.);
#1613=ORIENTED_EDGE('',*,*,#3411,.T.);
#1614=ORIENTED_EDGE('',*,*,#3318,.T.);
#1615=ORIENTED_EDGE('',*,*,#3321,.T.);
#1616=ORIENTED_EDGE('',*,*,#3412,.T.);
#1617=ORIENTED_EDGE('',*,*,#3413,.F.);
#1618=ORIENTED_EDGE('',*,*,#3406,.F.);
#1619=ORIENTED_EDGE('',*,*,#3312,.T.);
#1620=ORIENTED_EDGE('',*,*,#3315,.T.);
#1621=ORIENTED_EDGE('',*,*,#2745,.T.);
#1622=ORIENTED_EDGE('',*,*,#3414,.F.);
#1623=ORIENTED_EDGE('',*,*,#3379,.T.);
#1624=ORIENTED_EDGE('',*,*,#3403,.T.);
#1625=ORIENTED_EDGE('',*,*,#3390,.T.);
#1626=ORIENTED_EDGE('',*,*,#3415,.F.);
#1627=ORIENTED_EDGE('',*,*,#3404,.T.);
#1628=ORIENTED_EDGE('',*,*,#3416,.T.);
#1629=ORIENTED_EDGE('',*,*,#3387,.T.);
#1630=ORIENTED_EDGE('',*,*,#3402,.F.);
#1631=ORIENTED_EDGE('',*,*,#3383,.T.);
#1632=ORIENTED_EDGE('',*,*,#3417,.T.);
#1633=ORIENTED_EDGE('',*,*,#2884,.F.);
#1634=ORIENTED_EDGE('',*,*,#3410,.F.);
#1635=ORIENTED_EDGE('',*,*,#3418,.F.);
#1636=ORIENTED_EDGE('',*,*,#3261,.T.);
#1637=ORIENTED_EDGE('',*,*,#3264,.T.);
#1638=ORIENTED_EDGE('',*,*,#3267,.T.);
#1639=ORIENTED_EDGE('',*,*,#3270,.T.);
#1640=ORIENTED_EDGE('',*,*,#3408,.T.);
#1641=ORIENTED_EDGE('',*,*,#3419,.T.);
#1642=ORIENTED_EDGE('',*,*,#2942,.T.);
#1643=ORIENTED_EDGE('',*,*,#3420,.T.);
#1644=ORIENTED_EDGE('',*,*,#2746,.T.);
#1645=ORIENTED_EDGE('',*,*,#3421,.T.);
#1646=ORIENTED_EDGE('',*,*,#2930,.T.);
#1647=ORIENTED_EDGE('',*,*,#3422,.T.);
#1648=ORIENTED_EDGE('',*,*,#2885,.T.);
#1649=ORIENTED_EDGE('',*,*,#3417,.F.);
#1650=ORIENTED_EDGE('',*,*,#3382,.T.);
#1651=ORIENTED_EDGE('',*,*,#3423,.F.);
#1652=ORIENTED_EDGE('',*,*,#3424,.T.);
#1653=ORIENTED_EDGE('',*,*,#2738,.T.);
#1654=ORIENTED_EDGE('',*,*,#3425,.T.);
#1655=ORIENTED_EDGE('',*,*,#3426,.F.);
#1656=ORIENTED_EDGE('',*,*,#3255,.T.);
#1657=ORIENTED_EDGE('',*,*,#3258,.T.);
#1658=ORIENTED_EDGE('',*,*,#3418,.T.);
#1659=ORIENTED_EDGE('',*,*,#3427,.F.);
#1660=ORIENTED_EDGE('',*,*,#3414,.T.);
#1661=ORIENTED_EDGE('',*,*,#2744,.F.);
#1662=ORIENTED_EDGE('',*,*,#3428,.F.);
#1663=ORIENTED_EDGE('',*,*,#3429,.T.);
#1664=ORIENTED_EDGE('',*,*,#3380,.T.);
#1665=ORIENTED_EDGE('',*,*,#3324,.T.);
#1666=ORIENTED_EDGE('',*,*,#3327,.T.);
#1667=ORIENTED_EDGE('',*,*,#3430,.T.);
#1668=ORIENTED_EDGE('',*,*,#3431,.T.);
#1669=ORIENTED_EDGE('',*,*,#3412,.F.);
#1670=ORIENTED_EDGE('',*,*,#3432,.F.);
#1671=ORIENTED_EDGE('',*,*,#3343,.T.);
#1672=ORIENTED_EDGE('',*,*,#3340,.T.);
#1673=ORIENTED_EDGE('',*,*,#3433,.F.);
#1674=ORIENTED_EDGE('',*,*,#3434,.F.);
#1675=ORIENTED_EDGE('',*,*,#3435,.F.);
#1676=ORIENTED_EDGE('',*,*,#3244,.T.);
#1677=ORIENTED_EDGE('',*,*,#3241,.T.);
#1678=ORIENTED_EDGE('',*,*,#3436,.F.);
#1679=ORIENTED_EDGE('',*,*,#3437,.F.);
#1680=ORIENTED_EDGE('',*,*,#3438,.F.);
#1681=ORIENTED_EDGE('',*,*,#3439,.F.);
#1682=ORIENTED_EDGE('',*,*,#3336,.T.);
#1683=ORIENTED_EDGE('',*,*,#3339,.T.);
#1684=ORIENTED_EDGE('',*,*,#3440,.T.);
#1685=ORIENTED_EDGE('',*,*,#3441,.F.);
#1686=ORIENTED_EDGE('',*,*,#3430,.F.);
#1687=ORIENTED_EDGE('',*,*,#3330,.T.);
#1688=ORIENTED_EDGE('',*,*,#3333,.T.);
#1689=ORIENTED_EDGE('',*,*,#3442,.F.);
#1690=ORIENTED_EDGE('',*,*,#3376,.T.);
#1691=ORIENTED_EDGE('',*,*,#3443,.T.);
#1692=ORIENTED_EDGE('',*,*,#3428,.T.);
#1693=ORIENTED_EDGE('',*,*,#2743,.T.);
#1694=ORIENTED_EDGE('',*,*,#3444,.F.);
#1695=ORIENTED_EDGE('',*,*,#3434,.T.);
#1696=ORIENTED_EDGE('',*,*,#3433,.T.);
#1697=ORIENTED_EDGE('',*,*,#3337,.T.);
#1698=ORIENTED_EDGE('',*,*,#3374,.T.);
#1699=ORIENTED_EDGE('',*,*,#3442,.T.);
#1700=ORIENTED_EDGE('',*,*,#3445,.T.);
#1701=ORIENTED_EDGE('',*,*,#3373,.T.);
#1702=ORIENTED_EDGE('',*,*,#3446,.T.);
#1703=ORIENTED_EDGE('',*,*,#3438,.T.);
#1704=ORIENTED_EDGE('',*,*,#3447,.T.);
#1705=ORIENTED_EDGE('',*,*,#2739,.F.);
#1706=ORIENTED_EDGE('',*,*,#3424,.F.);
#1707=ORIENTED_EDGE('',*,*,#3448,.F.);
#1708=ORIENTED_EDGE('',*,*,#3243,.T.);
#1709=ORIENTED_EDGE('',*,*,#3246,.T.);
#1710=ORIENTED_EDGE('',*,*,#3249,.T.);
#1711=ORIENTED_EDGE('',*,*,#3252,.T.);
#1712=ORIENTED_EDGE('',*,*,#3426,.T.);
#1713=ORIENTED_EDGE('',*,*,#3449,.T.);
#1714=ORIENTED_EDGE('',*,*,#3372,.T.);
#1715=ORIENTED_EDGE('',*,*,#3247,.T.);
#1716=ORIENTED_EDGE('',*,*,#3439,.T.);
#1717=ORIENTED_EDGE('',*,*,#3446,.F.);
#1718=ORIENTED_EDGE('',*,*,#3156,.T.);
#1719=ORIENTED_EDGE('',*,*,#2740,.F.);
#1720=ORIENTED_EDGE('',*,*,#3447,.F.);
#1721=ORIENTED_EDGE('',*,*,#3437,.T.);
#1722=ORIENTED_EDGE('',*,*,#3450,.T.);
#1723=ORIENTED_EDGE('',*,*,#3159,.F.);
#1724=ORIENTED_EDGE('',*,*,#3237,.T.);
#1725=ORIENTED_EDGE('',*,*,#3240,.T.);
#1726=ORIENTED_EDGE('',*,*,#3448,.T.);
#1727=ORIENTED_EDGE('',*,*,#3451,.T.);
#1728=ORIENTED_EDGE('',*,*,#3436,.T.);
#1729=ORIENTED_EDGE('',*,*,#3238,.T.);
#1730=ORIENTED_EDGE('',*,*,#3157,.T.);
#1731=ORIENTED_EDGE('',*,*,#3450,.F.);
#1732=ORIENTED_EDGE('',*,*,#3444,.T.);
#1733=ORIENTED_EDGE('',*,*,#2742,.T.);
#1734=ORIENTED_EDGE('',*,*,#3164,.F.);
#1735=ORIENTED_EDGE('',*,*,#3452,.F.);
#1736=ORIENTED_EDGE('',*,*,#3435,.T.);
#1737=ORIENTED_EDGE('',*,*,#3163,.T.);
#1738=ORIENTED_EDGE('',*,*,#3345,.T.);
#1739=ORIENTED_EDGE('',*,*,#3432,.T.);
#1740=ORIENTED_EDGE('',*,*,#3452,.T.);
#1741=ORIENTED_EDGE('',*,*,#3342,.T.);
#1742=ORIENTED_EDGE('',*,*,#3344,.T.);
#1743=ORIENTED_EDGE('',*,*,#3161,.T.);
#1744=ORIENTED_EDGE('',*,*,#3453,.F.);
#1745=ORIENTED_EDGE('',*,*,#3440,.F.);
#1746=ORIENTED_EDGE('',*,*,#3375,.T.);
#1747=ORIENTED_EDGE('',*,*,#3331,.T.);
#1748=ORIENTED_EDGE('',*,*,#3328,.T.);
#1749=ORIENTED_EDGE('',*,*,#3377,.T.);
#1750=ORIENTED_EDGE('',*,*,#3429,.F.);
#1751=ORIENTED_EDGE('',*,*,#3443,.F.);
#1752=ORIENTED_EDGE('',*,*,#3256,.T.);
#1753=ORIENTED_EDGE('',*,*,#3253,.T.);
#1754=ORIENTED_EDGE('',*,*,#3371,.T.);
#1755=ORIENTED_EDGE('',*,*,#3445,.F.);
#1756=ORIENTED_EDGE('',*,*,#3423,.T.);
#1757=ORIENTED_EDGE('',*,*,#3381,.T.);
#1758=ORIENTED_EDGE('',*,*,#3370,.T.);
#1759=ORIENTED_EDGE('',*,*,#3397,.T.);
#1760=ORIENTED_EDGE('',*,*,#3407,.T.);
#1761=ORIENTED_EDGE('',*,*,#3413,.T.);
#1762=ORIENTED_EDGE('',*,*,#3431,.F.);
#1763=ORIENTED_EDGE('',*,*,#3441,.T.);
#1764=ORIENTED_EDGE('',*,*,#3453,.T.);
#1765=ORIENTED_EDGE('',*,*,#3160,.T.);
#1766=ORIENTED_EDGE('',*,*,#3451,.F.);
#1767=ORIENTED_EDGE('',*,*,#3449,.F.);
#1768=ORIENTED_EDGE('',*,*,#3427,.T.);
#1769=ORIENTED_EDGE('',*,*,#3419,.F.);
#1770=ORIENTED_EDGE('',*,*,#3409,.F.);
#1771=ORIENTED_EDGE('',*,*,#3395,.F.);
#1772=ORIENTED_EDGE('',*,*,#3389,.T.);
#1773=ORIENTED_EDGE('',*,*,#3313,.T.);
#1774=ORIENTED_EDGE('',*,*,#3310,.T.);
#1775=ORIENTED_EDGE('',*,*,#3307,.T.);
#1776=ORIENTED_EDGE('',*,*,#3355,.T.);
#1777=ORIENTED_EDGE('',*,*,#3400,.T.);
#1778=ORIENTED_EDGE('',*,*,#3405,.T.);
#1779=ORIENTED_EDGE('',*,*,#3415,.T.);
#1780=ORIENTED_EDGE('',*,*,#3274,.T.);
#1781=ORIENTED_EDGE('',*,*,#3271,.T.);
#1782=ORIENTED_EDGE('',*,*,#3385,.T.);
#1783=ORIENTED_EDGE('',*,*,#3416,.F.);
#1784=ORIENTED_EDGE('',*,*,#3411,.F.);
#1785=ORIENTED_EDGE('',*,*,#3392,.F.);
#1786=ORIENTED_EDGE('',*,*,#3353,.T.);
#1787=ORIENTED_EDGE('',*,*,#3277,.T.);
#1788=ORIENTED_EDGE('',*,*,#3359,.T.);
#1789=ORIENTED_EDGE('',*,*,#3295,.T.);
#1790=ORIENTED_EDGE('',*,*,#3348,.T.);
#1791=ORIENTED_EDGE('',*,*,#3401,.T.);
#1792=ORIENTED_EDGE('',*,*,#3351,.F.);
#1793=ORIENTED_EDGE('',*,*,#3289,.T.);
#1794=ORIENTED_EDGE('',*,*,#3361,.T.);
#1795=ORIENTED_EDGE('',*,*,#3391,.T.);
#1796=ORIENTED_EDGE('',*,*,#2916,.T.);
#1797=ORIENTED_EDGE('',*,*,#2915,.T.);
#1798=ORIENTED_EDGE('',*,*,#2982,.T.);
#1799=ORIENTED_EDGE('',*,*,#2912,.F.);
#1800=ORIENTED_EDGE('',*,*,#3193,.F.);
#1801=ORIENTED_EDGE('',*,*,#3194,.T.);
#1802=ORIENTED_EDGE('',*,*,#3454,.T.);
#1803=ORIENTED_EDGE('',*,*,#3172,.T.);
#1804=ORIENTED_EDGE('',*,*,#3454,.F.);
#1805=ORIENTED_EDGE('',*,*,#2897,.T.);
#1806=ORIENTED_EDGE('',*,*,#3199,.F.);
#1807=ORIENTED_EDGE('',*,*,#3211,.T.);
#1808=ORIENTED_EDGE('',*,*,#3197,.F.);
#1809=ORIENTED_EDGE('',*,*,#3209,.T.);
#1810=ORIENTED_EDGE('',*,*,#2905,.F.);
#1811=ORIENTED_EDGE('',*,*,#3215,.T.);
#1812=ORIENTED_EDGE('',*,*,#2904,.F.);
#1813=ORIENTED_EDGE('',*,*,#3217,.T.);
#1814=ORIENTED_EDGE('',*,*,#2903,.F.);
#1815=ORIENTED_EDGE('',*,*,#3213,.T.);
#1816=ORIENTED_EDGE('',*,*,#2893,.F.);
#1817=ORIENTED_EDGE('',*,*,#3234,.T.);
#1818=ORIENTED_EDGE('',*,*,#2894,.F.);
#1819=ORIENTED_EDGE('',*,*,#3235,.T.);
#1820=ORIENTED_EDGE('',*,*,#3020,.F.);
#1821=ORIENTED_EDGE('',*,*,#3455,.T.);
#1822=ORIENTED_EDGE('',*,*,#3455,.F.);
#1823=ORIENTED_EDGE('',*,*,#3456,.F.);
#1824=ORIENTED_EDGE('',*,*,#2901,.F.);
#1825=ORIENTED_EDGE('',*,*,#3456,.T.);
#1826=ORIENTED_EDGE('',*,*,#3457,.F.);
#1827=ORIENTED_EDGE('',*,*,#2898,.T.);
#1828=ORIENTED_EDGE('',*,*,#3169,.F.);
#1829=ORIENTED_EDGE('',*,*,#3457,.T.);
#1830=ORIENTED_EDGE('',*,*,#3022,.F.);
#1831=ORIENTED_EDGE('',*,*,#3458,.T.);
#1832=ORIENTED_EDGE('',*,*,#3458,.F.);
#1833=ORIENTED_EDGE('',*,*,#3459,.F.);
#1834=ORIENTED_EDGE('',*,*,#2900,.F.);
#1835=ORIENTED_EDGE('',*,*,#3459,.T.);
#1836=ORIENTED_EDGE('',*,*,#3460,.F.);
#1837=ORIENTED_EDGE('',*,*,#2899,.T.);
#1838=ORIENTED_EDGE('',*,*,#3167,.T.);
#1839=ORIENTED_EDGE('',*,*,#3460,.T.);
#1840=ORIENTED_EDGE('',*,*,#2995,.F.);
#1841=ORIENTED_EDGE('',*,*,#3461,.T.);
#1842=ORIENTED_EDGE('',*,*,#3462,.F.);
#1843=ORIENTED_EDGE('',*,*,#2759,.T.);
#1844=ORIENTED_EDGE('',*,*,#3461,.F.);
#1845=ORIENTED_EDGE('',*,*,#3462,.T.);
#1846=ORIENTED_EDGE('',*,*,#2793,.T.);
#1847=ORIENTED_EDGE('',*,*,#3463,.T.);
#1848=ORIENTED_EDGE('',*,*,#3026,.F.);
#1849=ORIENTED_EDGE('',*,*,#3464,.T.);
#1850=ORIENTED_EDGE('',*,*,#2795,.F.);
#1851=ORIENTED_EDGE('',*,*,#3465,.T.);
#1852=ORIENTED_EDGE('',*,*,#3024,.T.);
#1853=ORIENTED_EDGE('',*,*,#3466,.T.);
#1854=ORIENTED_EDGE('',*,*,#3034,.F.);
#1855=ORIENTED_EDGE('',*,*,#3467,.T.);
#1856=ORIENTED_EDGE('',*,*,#2797,.T.);
#1857=ORIENTED_EDGE('',*,*,#3468,.T.);
#1858=ORIENTED_EDGE('',*,*,#3032,.F.);
#1859=ORIENTED_EDGE('',*,*,#3469,.T.);
#1860=ORIENTED_EDGE('',*,*,#2799,.T.);
#1861=ORIENTED_EDGE('',*,*,#3470,.T.);
#1862=ORIENTED_EDGE('',*,*,#2801,.F.);
#1863=ORIENTED_EDGE('',*,*,#3471,.T.);
#1864=ORIENTED_EDGE('',*,*,#3030,.T.);
#1865=ORIENTED_EDGE('',*,*,#3472,.T.);
#1866=ORIENTED_EDGE('',*,*,#2803,.F.);
#1867=ORIENTED_EDGE('',*,*,#3473,.T.);
#1868=ORIENTED_EDGE('',*,*,#3028,.T.);
#1869=ORIENTED_EDGE('',*,*,#3474,.T.);
#1870=ORIENTED_EDGE('',*,*,#2807,.T.);
#1871=ORIENTED_EDGE('',*,*,#3475,.T.);
#1872=ORIENTED_EDGE('',*,*,#3038,.F.);
#1873=ORIENTED_EDGE('',*,*,#3476,.T.);
#1874=ORIENTED_EDGE('',*,*,#3036,.T.);
#1875=ORIENTED_EDGE('',*,*,#3477,.T.);
#1876=ORIENTED_EDGE('',*,*,#2809,.F.);
#1877=ORIENTED_EDGE('',*,*,#3478,.T.);
#1878=ORIENTED_EDGE('',*,*,#3042,.F.);
#1879=ORIENTED_EDGE('',*,*,#3479,.T.);
#1880=ORIENTED_EDGE('',*,*,#2811,.T.);
#1881=ORIENTED_EDGE('',*,*,#3480,.T.);
#1882=ORIENTED_EDGE('',*,*,#3040,.F.);
#1883=ORIENTED_EDGE('',*,*,#3481,.T.);
#1884=ORIENTED_EDGE('',*,*,#2813,.T.);
#1885=ORIENTED_EDGE('',*,*,#3482,.T.);
#1886=ORIENTED_EDGE('',*,*,#2787,.T.);
#1887=ORIENTED_EDGE('',*,*,#3483,.T.);
#1888=ORIENTED_EDGE('',*,*,#3046,.F.);
#1889=ORIENTED_EDGE('',*,*,#3484,.T.);
#1890=ORIENTED_EDGE('',*,*,#3044,.T.);
#1891=ORIENTED_EDGE('',*,*,#3485,.T.);
#1892=ORIENTED_EDGE('',*,*,#2789,.F.);
#1893=ORIENTED_EDGE('',*,*,#3486,.T.);
#1894=ORIENTED_EDGE('',*,*,#3048,.T.);
#1895=ORIENTED_EDGE('',*,*,#3487,.T.);
#1896=ORIENTED_EDGE('',*,*,#2791,.F.);
#1897=ORIENTED_EDGE('',*,*,#3488,.T.);
#1898=ORIENTED_EDGE('',*,*,#2815,.T.);
#1899=ORIENTED_EDGE('',*,*,#3489,.T.);
#1900=ORIENTED_EDGE('',*,*,#3052,.F.);
#1901=ORIENTED_EDGE('',*,*,#3490,.T.);
#1902=ORIENTED_EDGE('',*,*,#3050,.T.);
#1903=ORIENTED_EDGE('',*,*,#3491,.T.);
#1904=ORIENTED_EDGE('',*,*,#2817,.F.);
#1905=ORIENTED_EDGE('',*,*,#3492,.T.);
#1906=ORIENTED_EDGE('',*,*,#3054,.T.);
#1907=ORIENTED_EDGE('',*,*,#3493,.T.);
#1908=ORIENTED_EDGE('',*,*,#2819,.F.);
#1909=ORIENTED_EDGE('',*,*,#3494,.T.);
#1910=ORIENTED_EDGE('',*,*,#2677,.T.);
#1911=ORIENTED_EDGE('',*,*,#3495,.T.);
#1912=ORIENTED_EDGE('',*,*,#3058,.F.);
#1913=ORIENTED_EDGE('',*,*,#3496,.T.);
#1914=ORIENTED_EDGE('',*,*,#3056,.T.);
#1915=ORIENTED_EDGE('',*,*,#3497,.T.);
#1916=ORIENTED_EDGE('',*,*,#2679,.F.);
#1917=ORIENTED_EDGE('',*,*,#3498,.T.);
#1918=ORIENTED_EDGE('',*,*,#2681,.F.);
#1919=ORIENTED_EDGE('',*,*,#3499,.T.);
#1920=ORIENTED_EDGE('',*,*,#3062,.T.);
#1921=ORIENTED_EDGE('',*,*,#3500,.T.);
#1922=ORIENTED_EDGE('',*,*,#2683,.F.);
#1923=ORIENTED_EDGE('',*,*,#3501,.T.);
#1924=ORIENTED_EDGE('',*,*,#3060,.T.);
#1925=ORIENTED_EDGE('',*,*,#2665,.T.);
#1926=ORIENTED_EDGE('',*,*,#3068,.F.);
#1927=ORIENTED_EDGE('',*,*,#3502,.T.);
#1928=ORIENTED_EDGE('',*,*,#2821,.T.);
#1929=ORIENTED_EDGE('',*,*,#3503,.T.);
#1930=ORIENTED_EDGE('',*,*,#3066,.F.);
#1931=ORIENTED_EDGE('',*,*,#3504,.T.);
#1932=ORIENTED_EDGE('',*,*,#2823,.T.);
#1933=ORIENTED_EDGE('',*,*,#3505,.T.);
#1934=ORIENTED_EDGE('',*,*,#3064,.F.);
#1935=ORIENTED_EDGE('',*,*,#3506,.T.);
#1936=ORIENTED_EDGE('',*,*,#2825,.T.);
#1937=ORIENTED_EDGE('',*,*,#3507,.T.);
#1938=ORIENTED_EDGE('',*,*,#3072,.T.);
#1939=ORIENTED_EDGE('',*,*,#3508,.T.);
#1940=ORIENTED_EDGE('',*,*,#2827,.F.);
#1941=ORIENTED_EDGE('',*,*,#3509,.T.);
#1942=ORIENTED_EDGE('',*,*,#2829,.T.);
#1943=ORIENTED_EDGE('',*,*,#3510,.T.);
#1944=ORIENTED_EDGE('',*,*,#3070,.F.);
#1945=ORIENTED_EDGE('',*,*,#3511,.T.);
#1946=ORIENTED_EDGE('',*,*,#2781,.T.);
#1947=ORIENTED_EDGE('',*,*,#3512,.T.);
#1948=ORIENTED_EDGE('',*,*,#3076,.F.);
#1949=ORIENTED_EDGE('',*,*,#3513,.T.);
#1950=ORIENTED_EDGE('',*,*,#2783,.F.);
#1951=ORIENTED_EDGE('',*,*,#3514,.T.);
#1952=ORIENTED_EDGE('',*,*,#3074,.T.);
#1953=ORIENTED_EDGE('',*,*,#3515,.T.);
#1954=ORIENTED_EDGE('',*,*,#3078,.F.);
#1955=ORIENTED_EDGE('',*,*,#3516,.T.);
#1956=ORIENTED_EDGE('',*,*,#2785,.T.);
#1957=ORIENTED_EDGE('',*,*,#3517,.T.);
#1958=ORIENTED_EDGE('',*,*,#2831,.T.);
#1959=ORIENTED_EDGE('',*,*,#3518,.T.);
#1960=ORIENTED_EDGE('',*,*,#3084,.F.);
#1961=ORIENTED_EDGE('',*,*,#3519,.T.);
#1962=ORIENTED_EDGE('',*,*,#2833,.T.);
#1963=ORIENTED_EDGE('',*,*,#3520,.T.);
#1964=ORIENTED_EDGE('',*,*,#3082,.F.);
#1965=ORIENTED_EDGE('',*,*,#3521,.T.);
#1966=ORIENTED_EDGE('',*,*,#3080,.T.);
#1967=ORIENTED_EDGE('',*,*,#3522,.T.);
#1968=ORIENTED_EDGE('',*,*,#2835,.F.);
#1969=ORIENTED_EDGE('',*,*,#3523,.T.);
#1970=ORIENTED_EDGE('',*,*,#2775,.F.);
#1971=ORIENTED_EDGE('',*,*,#3524,.T.);
#1972=ORIENTED_EDGE('',*,*,#3086,.T.);
#1973=ORIENTED_EDGE('',*,*,#3525,.T.);
#1974=ORIENTED_EDGE('',*,*,#3092,.T.);
#1975=ORIENTED_EDGE('',*,*,#3526,.T.);
#1976=ORIENTED_EDGE('',*,*,#2777,.F.);
#1977=ORIENTED_EDGE('',*,*,#3527,.T.);
#1978=ORIENTED_EDGE('',*,*,#3090,.T.);
#1979=ORIENTED_EDGE('',*,*,#3528,.T.);
#1980=ORIENTED_EDGE('',*,*,#2779,.F.);
#1981=ORIENTED_EDGE('',*,*,#3529,.T.);
#1982=ORIENTED_EDGE('',*,*,#2773,.T.);
#1983=ORIENTED_EDGE('',*,*,#3530,.T.);
#1984=ORIENTED_EDGE('',*,*,#3088,.F.);
#1985=ORIENTED_EDGE('',*,*,#3531,.T.);
#1986=ORIENTED_EDGE('',*,*,#2711,.F.);
#1987=ORIENTED_EDGE('',*,*,#3532,.T.);
#1988=ORIENTED_EDGE('',*,*,#2969,.T.);
#1989=ORIENTED_EDGE('',*,*,#3533,.F.);
#1990=ORIENTED_EDGE('',*,*,#2968,.F.);
#1991=ORIENTED_EDGE('',*,*,#3534,.T.);
#1992=ORIENTED_EDGE('',*,*,#2712,.T.);
#1993=ORIENTED_EDGE('',*,*,#3533,.T.);
#1994=ORIENTED_EDGE('',*,*,#2714,.T.);
#1995=ORIENTED_EDGE('',*,*,#3535,.T.);
#1996=ORIENTED_EDGE('',*,*,#2966,.F.);
#1997=ORIENTED_EDGE('',*,*,#3536,.T.);
#1998=ORIENTED_EDGE('',*,*,#2716,.T.);
#1999=ORIENTED_EDGE('',*,*,#3537,.T.);
#2000=ORIENTED_EDGE('',*,*,#2964,.F.);
#2001=ORIENTED_EDGE('',*,*,#3538,.T.);
#2002=ORIENTED_EDGE('',*,*,#2718,.T.);
#2003=ORIENTED_EDGE('',*,*,#3539,.T.);
#2004=ORIENTED_EDGE('',*,*,#2962,.F.);
#2005=ORIENTED_EDGE('',*,*,#3540,.T.);
#2006=ORIENTED_EDGE('',*,*,#2720,.T.);
#2007=ORIENTED_EDGE('',*,*,#3541,.T.);
#2008=ORIENTED_EDGE('',*,*,#2960,.F.);
#2009=ORIENTED_EDGE('',*,*,#3542,.F.);
#2010=ORIENTED_EDGE('',*,*,#3542,.T.);
#2011=ORIENTED_EDGE('',*,*,#2959,.T.);
#2012=ORIENTED_EDGE('',*,*,#3543,.F.);
#2013=ORIENTED_EDGE('',*,*,#2721,.F.);
#2014=ORIENTED_EDGE('',*,*,#2958,.F.);
#2015=ORIENTED_EDGE('',*,*,#3544,.T.);
#2016=ORIENTED_EDGE('',*,*,#2722,.T.);
#2017=ORIENTED_EDGE('',*,*,#3543,.T.);
#2018=ORIENTED_EDGE('',*,*,#2724,.F.);
#2019=ORIENTED_EDGE('',*,*,#3545,.T.);
#2020=ORIENTED_EDGE('',*,*,#2956,.T.);
#2021=ORIENTED_EDGE('',*,*,#3546,.T.);
#2022=ORIENTED_EDGE('',*,*,#2726,.T.);
#2023=ORIENTED_EDGE('',*,*,#3547,.T.);
#2024=ORIENTED_EDGE('',*,*,#2954,.F.);
#2025=ORIENTED_EDGE('',*,*,#3548,.T.);
#2026=ORIENTED_EDGE('',*,*,#2728,.F.);
#2027=ORIENTED_EDGE('',*,*,#3549,.T.);
#2028=ORIENTED_EDGE('',*,*,#2952,.T.);
#2029=ORIENTED_EDGE('',*,*,#3550,.T.);
#2030=ORIENTED_EDGE('',*,*,#2730,.T.);
#2031=ORIENTED_EDGE('',*,*,#3551,.T.);
#2032=ORIENTED_EDGE('',*,*,#2950,.F.);
#2033=ORIENTED_EDGE('',*,*,#3552,.T.);
#2034=ORIENTED_EDGE('',*,*,#2732,.F.);
#2035=ORIENTED_EDGE('',*,*,#3553,.T.);
#2036=ORIENTED_EDGE('',*,*,#2948,.T.);
#2037=ORIENTED_EDGE('',*,*,#3554,.T.);
#2038=ORIENTED_EDGE('',*,*,#2734,.T.);
#2039=ORIENTED_EDGE('',*,*,#3555,.T.);
#2040=ORIENTED_EDGE('',*,*,#2946,.F.);
#2041=ORIENTED_EDGE('',*,*,#3556,.T.);
#2042=ORIENTED_EDGE('',*,*,#2736,.T.);
#2043=ORIENTED_EDGE('',*,*,#3557,.T.);
#2044=ORIENTED_EDGE('',*,*,#2944,.F.);
#2045=ORIENTED_EDGE('',*,*,#3558,.T.);
#2046=ORIENTED_EDGE('',*,*,#2979,.F.);
#2047=ORIENTED_EDGE('',*,*,#3559,.T.);
#2048=ORIENTED_EDGE('',*,*,#2701,.T.);
#2049=ORIENTED_EDGE('',*,*,#3560,.T.);
#2050=ORIENTED_EDGE('',*,*,#2703,.T.);
#2051=ORIENTED_EDGE('',*,*,#3561,.T.);
#2052=ORIENTED_EDGE('',*,*,#2977,.F.);
#2053=ORIENTED_EDGE('',*,*,#3562,.T.);
#2054=ORIENTED_EDGE('',*,*,#2705,.F.);
#2055=ORIENTED_EDGE('',*,*,#3563,.T.);
#2056=ORIENTED_EDGE('',*,*,#2975,.T.);
#2057=ORIENTED_EDGE('',*,*,#3564,.T.);
#2058=ORIENTED_EDGE('',*,*,#2707,.T.);
#2059=ORIENTED_EDGE('',*,*,#3565,.T.);
#2060=ORIENTED_EDGE('',*,*,#2973,.F.);
#2061=ORIENTED_EDGE('',*,*,#3566,.T.);
#2062=ORIENTED_EDGE('',*,*,#2709,.T.);
#2063=ORIENTED_EDGE('',*,*,#3567,.T.);
#2064=ORIENTED_EDGE('',*,*,#2971,.F.);
#2065=ORIENTED_EDGE('',*,*,#3568,.T.);
#2066=ORIENTED_EDGE('',*,*,#2837,.T.);
#2067=ORIENTED_EDGE('',*,*,#3569,.T.);
#2068=ORIENTED_EDGE('',*,*,#3096,.F.);
#2069=ORIENTED_EDGE('',*,*,#3570,.T.);
#2070=ORIENTED_EDGE('',*,*,#2839,.F.);
#2071=ORIENTED_EDGE('',*,*,#3571,.T.);
#2072=ORIENTED_EDGE('',*,*,#3094,.T.);
#2073=ORIENTED_EDGE('',*,*,#3572,.T.);
#2074=ORIENTED_EDGE('',*,*,#3100,.F.);
#2075=ORIENTED_EDGE('',*,*,#3573,.T.);
#2076=ORIENTED_EDGE('',*,*,#2841,.T.);
#2077=ORIENTED_EDGE('',*,*,#3574,.T.);
#2078=ORIENTED_EDGE('',*,*,#2843,.T.);
#2079=ORIENTED_EDGE('',*,*,#3575,.T.);
#2080=ORIENTED_EDGE('',*,*,#3098,.F.);
#2081=ORIENTED_EDGE('',*,*,#3576,.T.);
#2082=ORIENTED_EDGE('',*,*,#2687,.T.);
#2083=ORIENTED_EDGE('',*,*,#3577,.T.);
#2084=ORIENTED_EDGE('',*,*,#2991,.F.);
#2085=ORIENTED_EDGE('',*,*,#3578,.T.);
#2086=ORIENTED_EDGE('',*,*,#2689,.F.);
#2087=ORIENTED_EDGE('',*,*,#3579,.T.);
#2088=ORIENTED_EDGE('',*,*,#2989,.T.);
#2089=ORIENTED_EDGE('',*,*,#3580,.T.);
#2090=ORIENTED_EDGE('',*,*,#2691,.T.);
#2091=ORIENTED_EDGE('',*,*,#3581,.T.);
#2092=ORIENTED_EDGE('',*,*,#2987,.F.);
#2093=ORIENTED_EDGE('',*,*,#3582,.T.);
#2094=ORIENTED_EDGE('',*,*,#2693,.T.);
#2095=ORIENTED_EDGE('',*,*,#3583,.T.);
#2096=ORIENTED_EDGE('',*,*,#2985,.F.);
#2097=ORIENTED_EDGE('',*,*,#3584,.F.);
#2098=ORIENTED_EDGE('',*,*,#2748,.F.);
#2099=ORIENTED_EDGE('',*,*,#3585,.T.);
#2100=ORIENTED_EDGE('',*,*,#2940,.T.);
#2101=ORIENTED_EDGE('',*,*,#3586,.T.);
#2102=ORIENTED_EDGE('',*,*,#2750,.T.);
#2103=ORIENTED_EDGE('',*,*,#3587,.T.);
#2104=ORIENTED_EDGE('',*,*,#2938,.F.);
#2105=ORIENTED_EDGE('',*,*,#3588,.T.);
#2106=ORIENTED_EDGE('',*,*,#2752,.T.);
#2107=ORIENTED_EDGE('',*,*,#3589,.T.);
#2108=ORIENTED_EDGE('',*,*,#2936,.F.);
#2109=ORIENTED_EDGE('',*,*,#3590,.T.);
#2110=ORIENTED_EDGE('',*,*,#2754,.F.);
#2111=ORIENTED_EDGE('',*,*,#3591,.T.);
#2112=ORIENTED_EDGE('',*,*,#2934,.T.);
#2113=ORIENTED_EDGE('',*,*,#3592,.T.);
#2114=ORIENTED_EDGE('',*,*,#2932,.T.);
#2115=ORIENTED_EDGE('',*,*,#3593,.T.);
#2116=ORIENTED_EDGE('',*,*,#2756,.F.);
#2117=ORIENTED_EDGE('',*,*,#3594,.T.);
#2118=ORIENTED_EDGE('',*,*,#2767,.T.);
#2119=ORIENTED_EDGE('',*,*,#3595,.T.);
#2120=ORIENTED_EDGE('',*,*,#3106,.F.);
#2121=ORIENTED_EDGE('',*,*,#3596,.T.);
#2122=ORIENTED_EDGE('',*,*,#3104,.F.);
#2123=ORIENTED_EDGE('',*,*,#3597,.T.);
#2124=ORIENTED_EDGE('',*,*,#2769,.T.);
#2125=ORIENTED_EDGE('',*,*,#3598,.T.);
#2126=ORIENTED_EDGE('',*,*,#2771,.T.);
#2127=ORIENTED_EDGE('',*,*,#3599,.T.);
#2128=ORIENTED_EDGE('',*,*,#3102,.F.);
#2129=ORIENTED_EDGE('',*,*,#3600,.T.);
#2130=ORIENTED_EDGE('',*,*,#3112,.F.);
#2131=ORIENTED_EDGE('',*,*,#3601,.T.);
#2132=ORIENTED_EDGE('',*,*,#2845,.T.);
#2133=ORIENTED_EDGE('',*,*,#3602,.T.);
#2134=ORIENTED_EDGE('',*,*,#3110,.F.);
#2135=ORIENTED_EDGE('',*,*,#3603,.T.);
#2136=ORIENTED_EDGE('',*,*,#2847,.T.);
#2137=ORIENTED_EDGE('',*,*,#3604,.T.);
#2138=ORIENTED_EDGE('',*,*,#3108,.F.);
#2139=ORIENTED_EDGE('',*,*,#3605,.T.);
#2140=ORIENTED_EDGE('',*,*,#2849,.T.);
#2141=ORIENTED_EDGE('',*,*,#3606,.T.);
#2142=ORIENTED_EDGE('',*,*,#2851,.T.);
#2143=ORIENTED_EDGE('',*,*,#3607,.T.);
#2144=ORIENTED_EDGE('',*,*,#3115,.F.);
#2145=ORIENTED_EDGE('',*,*,#3608,.T.);
#2146=ORIENTED_EDGE('',*,*,#2760,.T.);
#2147=ORIENTED_EDGE('',*,*,#3609,.T.);
#2148=ORIENTED_EDGE('',*,*,#3119,.F.);
#2149=ORIENTED_EDGE('',*,*,#3610,.T.);
#2150=ORIENTED_EDGE('',*,*,#2762,.F.);
#2151=ORIENTED_EDGE('',*,*,#3611,.T.);
#2152=ORIENTED_EDGE('',*,*,#3117,.T.);
#2153=ORIENTED_EDGE('',*,*,#3612,.T.);
#2154=ORIENTED_EDGE('',*,*,#3121,.T.);
#2155=ORIENTED_EDGE('',*,*,#3613,.T.);
#2156=ORIENTED_EDGE('',*,*,#2765,.F.);
#2157=ORIENTED_EDGE('',*,*,#3614,.T.);
#2158=ORIENTED_EDGE('',*,*,#3126,.F.);
#2159=ORIENTED_EDGE('',*,*,#3615,.T.);
#2160=ORIENTED_EDGE('',*,*,#2854,.T.);
#2161=ORIENTED_EDGE('',*,*,#3616,.T.);
#2162=ORIENTED_EDGE('',*,*,#3124,.T.);
#2163=ORIENTED_EDGE('',*,*,#3617,.T.);
#2164=ORIENTED_EDGE('',*,*,#2856,.F.);
#2165=ORIENTED_EDGE('',*,*,#3618,.T.);
#2166=ORIENTED_EDGE('',*,*,#3137,.F.);
#2167=ORIENTED_EDGE('',*,*,#3619,.T.);
#2168=ORIENTED_EDGE('',*,*,#2858,.T.);
#2169=ORIENTED_EDGE('',*,*,#3620,.T.);
#2170=ORIENTED_EDGE('',*,*,#3135,.T.);
#2171=ORIENTED_EDGE('',*,*,#3621,.T.);
#2172=ORIENTED_EDGE('',*,*,#2860,.F.);
#2173=ORIENTED_EDGE('',*,*,#3622,.T.);
#2174=ORIENTED_EDGE('',*,*,#2862,.F.);
#2175=ORIENTED_EDGE('',*,*,#3623,.T.);
#2176=ORIENTED_EDGE('',*,*,#3133,.T.);
#2177=ORIENTED_EDGE('',*,*,#3624,.T.);
#2178=ORIENTED_EDGE('',*,*,#2864,.T.);
#2179=ORIENTED_EDGE('',*,*,#3625,.T.);
#2180=ORIENTED_EDGE('',*,*,#3131,.F.);
#2181=ORIENTED_EDGE('',*,*,#3626,.T.);
#2182=ORIENTED_EDGE('',*,*,#2866,.F.);
#2183=ORIENTED_EDGE('',*,*,#3627,.T.);
#2184=ORIENTED_EDGE('',*,*,#3129,.T.);
#2185=ORIENTED_EDGE('',*,*,#3628,.T.);
#2186=ORIENTED_EDGE('',*,*,#2868,.T.);
#2187=ORIENTED_EDGE('',*,*,#3629,.T.);
#2188=ORIENTED_EDGE('',*,*,#3127,.F.);
#2189=ORIENTED_EDGE('',*,*,#3616,.F.);
#2190=ORIENTED_EDGE('',*,*,#2668,.T.);
#2191=ORIENTED_EDGE('',*,*,#3630,.T.);
#2192=ORIENTED_EDGE('',*,*,#3141,.F.);
#2193=ORIENTED_EDGE('',*,*,#3631,.T.);
#2194=ORIENTED_EDGE('',*,*,#2670,.F.);
#2195=ORIENTED_EDGE('',*,*,#3632,.T.);
#2196=ORIENTED_EDGE('',*,*,#3139,.T.);
#2197=ORIENTED_EDGE('',*,*,#3633,.F.);
#2198=ORIENTED_EDGE('',*,*,#3147,.F.);
#2199=ORIENTED_EDGE('',*,*,#3634,.T.);
#2200=ORIENTED_EDGE('',*,*,#2671,.T.);
#2201=ORIENTED_EDGE('',*,*,#3633,.T.);
#2202=ORIENTED_EDGE('',*,*,#3145,.F.);
#2203=ORIENTED_EDGE('',*,*,#3635,.T.);
#2204=ORIENTED_EDGE('',*,*,#2673,.T.);
#2205=ORIENTED_EDGE('',*,*,#3636,.T.);
#2206=ORIENTED_EDGE('',*,*,#2675,.F.);
#2207=ORIENTED_EDGE('',*,*,#3637,.T.);
#2208=ORIENTED_EDGE('',*,*,#3143,.T.);
#2209=ORIENTED_EDGE('',*,*,#2661,.T.);
#2210=ORIENTED_EDGE('',*,*,#2869,.T.);
#2211=ORIENTED_EDGE('',*,*,#3638,.T.);
#2212=ORIENTED_EDGE('',*,*,#3150,.F.);
#2213=ORIENTED_EDGE('',*,*,#3639,.T.);
#2214=ORIENTED_EDGE('',*,*,#3148,.T.);
#2215=ORIENTED_EDGE('',*,*,#3640,.T.);
#2216=ORIENTED_EDGE('',*,*,#2871,.F.);
#2217=ORIENTED_EDGE('',*,*,#3641,.T.);
#2218=ORIENTED_EDGE('',*,*,#2873,.F.);
#2219=ORIENTED_EDGE('',*,*,#3642,.T.);
#2220=ORIENTED_EDGE('',*,*,#3154,.T.);
#2221=ORIENTED_EDGE('',*,*,#3643,.T.);
#2222=ORIENTED_EDGE('',*,*,#2875,.T.);
#2223=ORIENTED_EDGE('',*,*,#3644,.T.);
#2224=ORIENTED_EDGE('',*,*,#3152,.F.);
#2225=ORIENTED_EDGE('',*,*,#3645,.T.);
#2226=ORIENTED_EDGE('',*,*,#2887,.T.);
#2227=ORIENTED_EDGE('',*,*,#3646,.T.);
#2228=ORIENTED_EDGE('',*,*,#2928,.F.);
#2229=ORIENTED_EDGE('',*,*,#3647,.F.);
#2230=ORIENTED_EDGE('',*,*,#2927,.F.);
#2231=ORIENTED_EDGE('',*,*,#3648,.T.);
#2232=ORIENTED_EDGE('',*,*,#2888,.T.);
#2233=ORIENTED_EDGE('',*,*,#3647,.T.);
#2234=ORIENTED_EDGE('',*,*,#2925,.T.);
#2235=ORIENTED_EDGE('',*,*,#3649,.T.);
#2236=ORIENTED_EDGE('',*,*,#2890,.F.);
#2237=ORIENTED_EDGE('',*,*,#3650,.T.);
#2238=ORIENTED_EDGE('',*,*,#2923,.F.);
#2239=ORIENTED_EDGE('',*,*,#3651,.T.);
#2240=ORIENTED_EDGE('',*,*,#2892,.T.);
#2241=ORIENTED_EDGE('',*,*,#3652,.T.);
#2242=ORIENTED_EDGE('',*,*,#2984,.T.);
#2243=ORIENTED_EDGE('',*,*,#3653,.T.);
#2244=ORIENTED_EDGE('',*,*,#2694,.F.);
#2245=ORIENTED_EDGE('',*,*,#3584,.T.);
#2246=ORIENTED_EDGE('',*,*,#2700,.F.);
#2247=ORIENTED_EDGE('',*,*,#3654,.T.);
#2248=ORIENTED_EDGE('',*,*,#2980,.T.);
#2249=ORIENTED_EDGE('',*,*,#3560,.F.);
#2250=ORIENTED_EDGE('',*,*,#2702,.F.);
#2251=ORIENTED_EDGE('',*,*,#3559,.F.);
#2252=ORIENTED_EDGE('',*,*,#2978,.F.);
#2253=ORIENTED_EDGE('',*,*,#3561,.F.);
#2254=ORIENTED_EDGE('',*,*,#2704,.F.);
#2255=ORIENTED_EDGE('',*,*,#3562,.F.);
#2256=ORIENTED_EDGE('',*,*,#2976,.F.);
#2257=ORIENTED_EDGE('',*,*,#3563,.F.);
#2258=ORIENTED_EDGE('',*,*,#2706,.F.);
#2259=ORIENTED_EDGE('',*,*,#3564,.F.);
#2260=ORIENTED_EDGE('',*,*,#2974,.F.);
#2261=ORIENTED_EDGE('',*,*,#3565,.F.);
#2262=ORIENTED_EDGE('',*,*,#2708,.F.);
#2263=ORIENTED_EDGE('',*,*,#3566,.F.);
#2264=ORIENTED_EDGE('',*,*,#2972,.F.);
#2265=ORIENTED_EDGE('',*,*,#3567,.F.);
#2266=ORIENTED_EDGE('',*,*,#2710,.F.);
#2267=ORIENTED_EDGE('',*,*,#3568,.F.);
#2268=ORIENTED_EDGE('',*,*,#2970,.F.);
#2269=ORIENTED_EDGE('',*,*,#3532,.F.);
#2270=ORIENTED_EDGE('',*,*,#2713,.F.);
#2271=ORIENTED_EDGE('',*,*,#3534,.F.);
#2272=ORIENTED_EDGE('',*,*,#2967,.F.);
#2273=ORIENTED_EDGE('',*,*,#3535,.F.);
#2274=ORIENTED_EDGE('',*,*,#2715,.F.);
#2275=ORIENTED_EDGE('',*,*,#3536,.F.);
#2276=ORIENTED_EDGE('',*,*,#2965,.F.);
#2277=ORIENTED_EDGE('',*,*,#3537,.F.);
#2278=ORIENTED_EDGE('',*,*,#2717,.F.);
#2279=ORIENTED_EDGE('',*,*,#3538,.F.);
#2280=ORIENTED_EDGE('',*,*,#2963,.F.);
#2281=ORIENTED_EDGE('',*,*,#3539,.F.);
#2282=ORIENTED_EDGE('',*,*,#2719,.F.);
#2283=ORIENTED_EDGE('',*,*,#3540,.F.);
#2284=ORIENTED_EDGE('',*,*,#2961,.F.);
#2285=ORIENTED_EDGE('',*,*,#3541,.F.);
#2286=ORIENTED_EDGE('',*,*,#2723,.F.);
#2287=ORIENTED_EDGE('',*,*,#3544,.F.);
#2288=ORIENTED_EDGE('',*,*,#2957,.F.);
#2289=ORIENTED_EDGE('',*,*,#3545,.F.);
#2290=ORIENTED_EDGE('',*,*,#2725,.F.);
#2291=ORIENTED_EDGE('',*,*,#3546,.F.);
#2292=ORIENTED_EDGE('',*,*,#2955,.F.);
#2293=ORIENTED_EDGE('',*,*,#3547,.F.);
#2294=ORIENTED_EDGE('',*,*,#2727,.F.);
#2295=ORIENTED_EDGE('',*,*,#3548,.F.);
#2296=ORIENTED_EDGE('',*,*,#2953,.F.);
#2297=ORIENTED_EDGE('',*,*,#3549,.F.);
#2298=ORIENTED_EDGE('',*,*,#2729,.F.);
#2299=ORIENTED_EDGE('',*,*,#3550,.F.);
#2300=ORIENTED_EDGE('',*,*,#2951,.F.);
#2301=ORIENTED_EDGE('',*,*,#3551,.F.);
#2302=ORIENTED_EDGE('',*,*,#2731,.F.);
#2303=ORIENTED_EDGE('',*,*,#3552,.F.);
#2304=ORIENTED_EDGE('',*,*,#2949,.F.);
#2305=ORIENTED_EDGE('',*,*,#3553,.F.);
#2306=ORIENTED_EDGE('',*,*,#2814,.F.);
#2307=ORIENTED_EDGE('',*,*,#3481,.F.);
#2308=ORIENTED_EDGE('',*,*,#3039,.F.);
#2309=ORIENTED_EDGE('',*,*,#3475,.F.);
#2310=ORIENTED_EDGE('',*,*,#2812,.F.);
#2311=ORIENTED_EDGE('',*,*,#3479,.F.);
#2312=ORIENTED_EDGE('',*,*,#3041,.F.);
#2313=ORIENTED_EDGE('',*,*,#3482,.F.);
#2314=ORIENTED_EDGE('',*,*,#2810,.F.);
#2315=ORIENTED_EDGE('',*,*,#3477,.F.);
#2316=ORIENTED_EDGE('',*,*,#3043,.F.);
#2317=ORIENTED_EDGE('',*,*,#3480,.F.);
#2318=ORIENTED_EDGE('',*,*,#2808,.F.);
#2319=ORIENTED_EDGE('',*,*,#3476,.F.);
#2320=ORIENTED_EDGE('',*,*,#3037,.F.);
#2321=ORIENTED_EDGE('',*,*,#3478,.F.);
#2322=ORIENTED_EDGE('',*,*,#2733,.F.);
#2323=ORIENTED_EDGE('',*,*,#3554,.F.);
#2324=ORIENTED_EDGE('',*,*,#2947,.F.);
#2325=ORIENTED_EDGE('',*,*,#3555,.F.);
#2326=ORIENTED_EDGE('',*,*,#2735,.F.);
#2327=ORIENTED_EDGE('',*,*,#3556,.F.);
#2328=ORIENTED_EDGE('',*,*,#2945,.F.);
#2329=ORIENTED_EDGE('',*,*,#3557,.F.);
#2330=ORIENTED_EDGE('',*,*,#2749,.F.);
#2331=ORIENTED_EDGE('',*,*,#3586,.F.);
#2332=ORIENTED_EDGE('',*,*,#2939,.F.);
#2333=ORIENTED_EDGE('',*,*,#3587,.F.);
#2334=ORIENTED_EDGE('',*,*,#2751,.F.);
#2335=ORIENTED_EDGE('',*,*,#3588,.F.);
#2336=ORIENTED_EDGE('',*,*,#2937,.F.);
#2337=ORIENTED_EDGE('',*,*,#3589,.F.);
#2338=ORIENTED_EDGE('',*,*,#2753,.F.);
#2339=ORIENTED_EDGE('',*,*,#3590,.F.);
#2340=ORIENTED_EDGE('',*,*,#2935,.F.);
#2341=ORIENTED_EDGE('',*,*,#3591,.F.);
#2342=ORIENTED_EDGE('',*,*,#2757,.F.);
#2343=ORIENTED_EDGE('',*,*,#3593,.F.);
#2344=ORIENTED_EDGE('',*,*,#2931,.F.);
#2345=ORIENTED_EDGE('',*,*,#3421,.F.);
#2346=ORIENTED_EDGE('',*,*,#2755,.F.);
#2347=ORIENTED_EDGE('',*,*,#3592,.F.);
#2348=ORIENTED_EDGE('',*,*,#2933,.F.);
#2349=ORIENTED_EDGE('',*,*,#3594,.F.);
#2350=ORIENTED_EDGE('',*,*,#2737,.F.);
#2351=ORIENTED_EDGE('',*,*,#3558,.F.);
#2352=ORIENTED_EDGE('',*,*,#2943,.F.);
#2353=ORIENTED_EDGE('',*,*,#3425,.F.);
#2354=ORIENTED_EDGE('',*,*,#2688,.F.);
#2355=ORIENTED_EDGE('',*,*,#3578,.F.);
#2356=ORIENTED_EDGE('',*,*,#2990,.F.);
#2357=ORIENTED_EDGE('',*,*,#3579,.F.);
#2358=ORIENTED_EDGE('',*,*,#2690,.F.);
#2359=ORIENTED_EDGE('',*,*,#3580,.F.);
#2360=ORIENTED_EDGE('',*,*,#2988,.F.);
#2361=ORIENTED_EDGE('',*,*,#3581,.F.);
#2362=ORIENTED_EDGE('',*,*,#2692,.F.);
#2363=ORIENTED_EDGE('',*,*,#3582,.F.);
#2364=ORIENTED_EDGE('',*,*,#2986,.F.);
#2365=ORIENTED_EDGE('',*,*,#3583,.F.);
#2366=ORIENTED_EDGE('',*,*,#2695,.F.);
#2367=ORIENTED_EDGE('',*,*,#3653,.F.);
#2368=ORIENTED_EDGE('',*,*,#2983,.F.);
#2369=ORIENTED_EDGE('',*,*,#2919,.F.);
#2370=ORIENTED_EDGE('',*,*,#2699,.F.);
#2371=ORIENTED_EDGE('',*,*,#2909,.F.);
#2372=ORIENTED_EDGE('',*,*,#2981,.F.);
#2373=ORIENTED_EDGE('',*,*,#3654,.F.);
#2374=ORIENTED_EDGE('',*,*,#2906,.T.);
#2375=ORIENTED_EDGE('',*,*,#2992,.T.);
#2376=ORIENTED_EDGE('',*,*,#3577,.F.);
#2377=ORIENTED_EDGE('',*,*,#2686,.F.);
#2378=ORIENTED_EDGE('',*,*,#3655,.T.);
#2379=ORIENTED_EDGE('',*,*,#2877,.F.);
#2380=ORIENTED_EDGE('',*,*,#3651,.F.);
#2381=ORIENTED_EDGE('',*,*,#2922,.F.);
#2382=ORIENTED_EDGE('',*,*,#3398,.F.);
#2383=ORIENTED_EDGE('',*,*,#2879,.F.);
#2384=ORIENTED_EDGE('',*,*,#3656,.T.);
#2385=ORIENTED_EDGE('',*,*,#2920,.F.);
#2386=ORIENTED_EDGE('',*,*,#2891,.F.);
#2387=ORIENTED_EDGE('',*,*,#3649,.F.);
#2388=ORIENTED_EDGE('',*,*,#2924,.F.);
#2389=ORIENTED_EDGE('',*,*,#3652,.F.);
#2390=ORIENTED_EDGE('',*,*,#2889,.F.);
#2391=ORIENTED_EDGE('',*,*,#3648,.F.);
#2392=ORIENTED_EDGE('',*,*,#2926,.F.);
#2393=ORIENTED_EDGE('',*,*,#3650,.F.);
#2394=ORIENTED_EDGE('',*,*,#2886,.F.);
#2395=ORIENTED_EDGE('',*,*,#3422,.F.);
#2396=ORIENTED_EDGE('',*,*,#2929,.F.);
#2397=ORIENTED_EDGE('',*,*,#3646,.F.);
#2398=ORIENTED_EDGE('',*,*,#2878,.F.);
#2399=ORIENTED_EDGE('',*,*,#3655,.F.);
#2400=ORIENTED_EDGE('',*,*,#2921,.F.);
#2401=ORIENTED_EDGE('',*,*,#3656,.F.);
#2402=ORIENTED_EDGE('',*,*,#2792,.F.);
#2403=ORIENTED_EDGE('',*,*,#3487,.F.);
#2404=ORIENTED_EDGE('',*,*,#3047,.F.);
#2405=ORIENTED_EDGE('',*,*,#3483,.F.);
#2406=ORIENTED_EDGE('',*,*,#2790,.F.);
#2407=ORIENTED_EDGE('',*,*,#3485,.F.);
#2408=ORIENTED_EDGE('',*,*,#3049,.F.);
#2409=ORIENTED_EDGE('',*,*,#3488,.F.);
#2410=ORIENTED_EDGE('',*,*,#2788,.F.);
#2411=ORIENTED_EDGE('',*,*,#3484,.F.);
#2412=ORIENTED_EDGE('',*,*,#3045,.F.);
#2413=ORIENTED_EDGE('',*,*,#3486,.F.);
#2414=ORIENTED_EDGE('',*,*,#2820,.F.);
#2415=ORIENTED_EDGE('',*,*,#3493,.F.);
#2416=ORIENTED_EDGE('',*,*,#3053,.F.);
#2417=ORIENTED_EDGE('',*,*,#3489,.F.);
#2418=ORIENTED_EDGE('',*,*,#2818,.F.);
#2419=ORIENTED_EDGE('',*,*,#3491,.F.);
#2420=ORIENTED_EDGE('',*,*,#3055,.F.);
#2421=ORIENTED_EDGE('',*,*,#3494,.F.);
#2422=ORIENTED_EDGE('',*,*,#2816,.F.);
#2423=ORIENTED_EDGE('',*,*,#3490,.F.);
#2424=ORIENTED_EDGE('',*,*,#3051,.F.);
#2425=ORIENTED_EDGE('',*,*,#3492,.F.);
#2426=ORIENTED_EDGE('',*,*,#2770,.F.);
#2427=ORIENTED_EDGE('',*,*,#3597,.F.);
#2428=ORIENTED_EDGE('',*,*,#3103,.F.);
#2429=ORIENTED_EDGE('',*,*,#3599,.F.);
#2430=ORIENTED_EDGE('',*,*,#2772,.F.);
#2431=ORIENTED_EDGE('',*,*,#3600,.F.);
#2432=ORIENTED_EDGE('',*,*,#3107,.F.);
#2433=ORIENTED_EDGE('',*,*,#3595,.F.);
#2434=ORIENTED_EDGE('',*,*,#2768,.F.);
#2435=ORIENTED_EDGE('',*,*,#3596,.F.);
#2436=ORIENTED_EDGE('',*,*,#3105,.F.);
#2437=ORIENTED_EDGE('',*,*,#3598,.F.);
#2438=ORIENTED_EDGE('',*,*,#2836,.F.);
#2439=ORIENTED_EDGE('',*,*,#3522,.F.);
#2440=ORIENTED_EDGE('',*,*,#3085,.F.);
#2441=ORIENTED_EDGE('',*,*,#3518,.F.);
#2442=ORIENTED_EDGE('',*,*,#2832,.F.);
#2443=ORIENTED_EDGE('',*,*,#3519,.F.);
#2444=ORIENTED_EDGE('',*,*,#3083,.F.);
#2445=ORIENTED_EDGE('',*,*,#3520,.F.);
#2446=ORIENTED_EDGE('',*,*,#2834,.F.);
#2447=ORIENTED_EDGE('',*,*,#3521,.F.);
#2448=ORIENTED_EDGE('',*,*,#3081,.F.);
#2449=ORIENTED_EDGE('',*,*,#3523,.F.);
#2450=ORIENTED_EDGE('',*,*,#2844,.F.);
#2451=ORIENTED_EDGE('',*,*,#3576,.F.);
#2452=ORIENTED_EDGE('',*,*,#3097,.F.);
#2453=ORIENTED_EDGE('',*,*,#3569,.F.);
#2454=ORIENTED_EDGE('',*,*,#2838,.F.);
#2455=ORIENTED_EDGE('',*,*,#3570,.F.);
#2456=ORIENTED_EDGE('',*,*,#3095,.F.);
#2457=ORIENTED_EDGE('',*,*,#3571,.F.);
#2458=ORIENTED_EDGE('',*,*,#2840,.F.);
#2459=ORIENTED_EDGE('',*,*,#3572,.F.);
#2460=ORIENTED_EDGE('',*,*,#3101,.F.);
#2461=ORIENTED_EDGE('',*,*,#3574,.F.);
#2462=ORIENTED_EDGE('',*,*,#2828,.F.);
#2463=ORIENTED_EDGE('',*,*,#3508,.F.);
#2464=ORIENTED_EDGE('',*,*,#3071,.F.);
#2465=ORIENTED_EDGE('',*,*,#3510,.F.);
#2466=ORIENTED_EDGE('',*,*,#2826,.F.);
#2467=ORIENTED_EDGE('',*,*,#3506,.F.);
#2468=ORIENTED_EDGE('',*,*,#3073,.F.);
#2469=ORIENTED_EDGE('',*,*,#3509,.F.);
#2470=ORIENTED_EDGE('',*,*,#2824,.F.);
#2471=ORIENTED_EDGE('',*,*,#3504,.F.);
#2472=ORIENTED_EDGE('',*,*,#3065,.F.);
#2473=ORIENTED_EDGE('',*,*,#3507,.F.);
#2474=ORIENTED_EDGE('',*,*,#2822,.F.);
#2475=ORIENTED_EDGE('',*,*,#3502,.F.);
#2476=ORIENTED_EDGE('',*,*,#3067,.F.);
#2477=ORIENTED_EDGE('',*,*,#3505,.F.);
#2478=ORIENTED_EDGE('',*,*,#2800,.F.);
#2479=ORIENTED_EDGE('',*,*,#3469,.F.);
#2480=ORIENTED_EDGE('',*,*,#3031,.F.);
#2481=ORIENTED_EDGE('',*,*,#3471,.F.);
#2482=ORIENTED_EDGE('',*,*,#2798,.F.);
#2483=ORIENTED_EDGE('',*,*,#3467,.F.);
#2484=ORIENTED_EDGE('',*,*,#3033,.F.);
#2485=ORIENTED_EDGE('',*,*,#3470,.F.);
#2486=ORIENTED_EDGE('',*,*,#2802,.F.);
#2487=ORIENTED_EDGE('',*,*,#3472,.F.);
#2488=ORIENTED_EDGE('',*,*,#3029,.F.);
#2489=ORIENTED_EDGE('',*,*,#3473,.F.);
#2490=ORIENTED_EDGE('',*,*,#2804,.F.);
#2491=ORIENTED_EDGE('',*,*,#3474,.F.);
#2492=ORIENTED_EDGE('',*,*,#3027,.F.);
#2493=ORIENTED_EDGE('',*,*,#3463,.F.);
#2494=ORIENTED_EDGE('',*,*,#2794,.F.);
#2495=ORIENTED_EDGE('',*,*,#3464,.F.);
#2496=ORIENTED_EDGE('',*,*,#3025,.F.);
#2497=ORIENTED_EDGE('',*,*,#3465,.F.);
#2498=ORIENTED_EDGE('',*,*,#3035,.T.);
#2499=ORIENTED_EDGE('',*,*,#3468,.F.);
#2500=ORIENTED_EDGE('',*,*,#2796,.F.);
#2501=ORIENTED_EDGE('',*,*,#3466,.F.);
#2502=ORIENTED_EDGE('',*,*,#3069,.T.);
#2503=ORIENTED_EDGE('',*,*,#3503,.F.);
#2504=ORIENTED_EDGE('',*,*,#2830,.F.);
#2505=ORIENTED_EDGE('',*,*,#3511,.F.);
#2506=ORIENTED_EDGE('',*,*,#3099,.F.);
#2507=ORIENTED_EDGE('',*,*,#3575,.F.);
#2508=ORIENTED_EDGE('',*,*,#2842,.F.);
#2509=ORIENTED_EDGE('',*,*,#3573,.F.);
#2510=ORIENTED_EDGE('',*,*,#2870,.F.);
#2511=ORIENTED_EDGE('',*,*,#3639,.F.);
#2512=ORIENTED_EDGE('',*,*,#3149,.F.);
#2513=ORIENTED_EDGE('',*,*,#3641,.F.);
#2514=ORIENTED_EDGE('',*,*,#2782,.F.);
#2515=ORIENTED_EDGE('',*,*,#3513,.F.);
#2516=ORIENTED_EDGE('',*,*,#3075,.F.);
#2517=ORIENTED_EDGE('',*,*,#3514,.F.);
#2518=ORIENTED_EDGE('',*,*,#2784,.F.);
#2519=ORIENTED_EDGE('',*,*,#3515,.F.);
#2520=ORIENTED_EDGE('',*,*,#3079,.F.);
#2521=ORIENTED_EDGE('',*,*,#3517,.F.);
#2522=ORIENTED_EDGE('',*,*,#2680,.F.);
#2523=ORIENTED_EDGE('',*,*,#3497,.F.);
#2524=ORIENTED_EDGE('',*,*,#3063,.F.);
#2525=ORIENTED_EDGE('',*,*,#3499,.F.);
#2526=ORIENTED_EDGE('',*,*,#2682,.F.);
#2527=ORIENTED_EDGE('',*,*,#3500,.F.);
#2528=ORIENTED_EDGE('',*,*,#3061,.F.);
#2529=ORIENTED_EDGE('',*,*,#3501,.F.);
#2530=ORIENTED_EDGE('',*,*,#2678,.F.);
#2531=ORIENTED_EDGE('',*,*,#3496,.F.);
#2532=ORIENTED_EDGE('',*,*,#3057,.F.);
#2533=ORIENTED_EDGE('',*,*,#3498,.F.);
#2534=ORIENTED_EDGE('',*,*,#3059,.T.);
#2535=ORIENTED_EDGE('',*,*,#3495,.F.);
#2536=ORIENTED_EDGE('',*,*,#2676,.F.);
#2537=ORIENTED_EDGE('',*,*,#2663,.T.);
#2538=ORIENTED_EDGE('',*,*,#3077,.T.);
#2539=ORIENTED_EDGE('',*,*,#3512,.F.);
#2540=ORIENTED_EDGE('',*,*,#2786,.F.);
#2541=ORIENTED_EDGE('',*,*,#3516,.F.);
#2542=ORIENTED_EDGE('',*,*,#2761,.F.);
#2543=ORIENTED_EDGE('',*,*,#3610,.F.);
#2544=ORIENTED_EDGE('',*,*,#3118,.F.);
#2545=ORIENTED_EDGE('',*,*,#3611,.F.);
#2546=ORIENTED_EDGE('',*,*,#3614,.F.);
#2547=ORIENTED_EDGE('',*,*,#2764,.F.);
#2548=ORIENTED_EDGE('',*,*,#3657,.F.);
#2549=ORIENTED_EDGE('',*,*,#3122,.F.);
#2550=ORIENTED_EDGE('',*,*,#2763,.F.);
#2551=ORIENTED_EDGE('',*,*,#3612,.F.);
#2552=ORIENTED_EDGE('',*,*,#3123,.F.);
#2553=ORIENTED_EDGE('',*,*,#3657,.T.);
#2554=ORIENTED_EDGE('',*,*,#2850,.F.);
#2555=ORIENTED_EDGE('',*,*,#3605,.F.);
#2556=ORIENTED_EDGE('',*,*,#3116,.F.);
#2557=ORIENTED_EDGE('',*,*,#3607,.F.);
#2558=ORIENTED_EDGE('',*,*,#2848,.F.);
#2559=ORIENTED_EDGE('',*,*,#3603,.F.);
#2560=ORIENTED_EDGE('',*,*,#3109,.F.);
#2561=ORIENTED_EDGE('',*,*,#3606,.F.);
#2562=ORIENTED_EDGE('',*,*,#2846,.F.);
#2563=ORIENTED_EDGE('',*,*,#3601,.F.);
#2564=ORIENTED_EDGE('',*,*,#3111,.F.);
#2565=ORIENTED_EDGE('',*,*,#3604,.F.);
#2566=ORIENTED_EDGE('',*,*,#3602,.F.);
#2567=ORIENTED_EDGE('',*,*,#2853,.F.);
#2568=ORIENTED_EDGE('',*,*,#3658,.F.);
#2569=ORIENTED_EDGE('',*,*,#3113,.F.);
#2570=ORIENTED_EDGE('',*,*,#2852,.F.);
#2571=ORIENTED_EDGE('',*,*,#3608,.F.);
#2572=ORIENTED_EDGE('',*,*,#3114,.F.);
#2573=ORIENTED_EDGE('',*,*,#3658,.T.);
#2574=ORIENTED_EDGE('',*,*,#2874,.F.);
#2575=ORIENTED_EDGE('',*,*,#3643,.F.);
#2576=ORIENTED_EDGE('',*,*,#3153,.F.);
#2577=ORIENTED_EDGE('',*,*,#3644,.F.);
#2578=ORIENTED_EDGE('',*,*,#2876,.F.);
#2579=ORIENTED_EDGE('',*,*,#3645,.F.);
#2580=ORIENTED_EDGE('',*,*,#3151,.F.);
#2581=ORIENTED_EDGE('',*,*,#3638,.F.);
#2582=ORIENTED_EDGE('',*,*,#2669,.F.);
#2583=ORIENTED_EDGE('',*,*,#3631,.F.);
#2584=ORIENTED_EDGE('',*,*,#3140,.F.);
#2585=ORIENTED_EDGE('',*,*,#3632,.F.);
#2586=ORIENTED_EDGE('',*,*,#2672,.F.);
#2587=ORIENTED_EDGE('',*,*,#3634,.F.);
#2588=ORIENTED_EDGE('',*,*,#3146,.F.);
#2589=ORIENTED_EDGE('',*,*,#3636,.F.);
#2590=ORIENTED_EDGE('',*,*,#2863,.F.);
#2591=ORIENTED_EDGE('',*,*,#3624,.F.);
#2592=ORIENTED_EDGE('',*,*,#3132,.F.);
#2593=ORIENTED_EDGE('',*,*,#3625,.F.);
#2594=ORIENTED_EDGE('',*,*,#2865,.F.);
#2595=ORIENTED_EDGE('',*,*,#3626,.F.);
#2596=ORIENTED_EDGE('',*,*,#3130,.F.);
#2597=ORIENTED_EDGE('',*,*,#3627,.F.);
#2598=ORIENTED_EDGE('',*,*,#2867,.F.);
#2599=ORIENTED_EDGE('',*,*,#3628,.F.);
#2600=ORIENTED_EDGE('',*,*,#3128,.F.);
#2601=ORIENTED_EDGE('',*,*,#3629,.F.);
#2602=ORIENTED_EDGE('',*,*,#2859,.F.);
#2603=ORIENTED_EDGE('',*,*,#3619,.F.);
#2604=ORIENTED_EDGE('',*,*,#3136,.F.);
#2605=ORIENTED_EDGE('',*,*,#3622,.F.);
#2606=ORIENTED_EDGE('',*,*,#2857,.F.);
#2607=ORIENTED_EDGE('',*,*,#3617,.F.);
#2608=ORIENTED_EDGE('',*,*,#3138,.F.);
#2609=ORIENTED_EDGE('',*,*,#3620,.F.);
#2610=ORIENTED_EDGE('',*,*,#2855,.F.);
#2611=ORIENTED_EDGE('',*,*,#3615,.F.);
#2612=ORIENTED_EDGE('',*,*,#3125,.F.);
#2613=ORIENTED_EDGE('',*,*,#3618,.F.);
#2614=ORIENTED_EDGE('',*,*,#2766,.F.);
#2615=ORIENTED_EDGE('',*,*,#3613,.F.);
#2616=ORIENTED_EDGE('',*,*,#3120,.F.);
#2617=ORIENTED_EDGE('',*,*,#3609,.F.);
#2618=ORIENTED_EDGE('',*,*,#2872,.F.);
#2619=ORIENTED_EDGE('',*,*,#3640,.F.);
#2620=ORIENTED_EDGE('',*,*,#3155,.F.);
#2621=ORIENTED_EDGE('',*,*,#3642,.F.);
#2622=ORIENTED_EDGE('',*,*,#2674,.F.);
#2623=ORIENTED_EDGE('',*,*,#3635,.F.);
#2624=ORIENTED_EDGE('',*,*,#3144,.F.);
#2625=ORIENTED_EDGE('',*,*,#3637,.F.);
#2626=ORIENTED_EDGE('',*,*,#3142,.T.);
#2627=ORIENTED_EDGE('',*,*,#3630,.F.);
#2628=ORIENTED_EDGE('',*,*,#2667,.F.);
#2629=ORIENTED_EDGE('',*,*,#2659,.T.);
#2630=ORIENTED_EDGE('',*,*,#3134,.F.);
#2631=ORIENTED_EDGE('',*,*,#3623,.F.);
#2632=ORIENTED_EDGE('',*,*,#2861,.F.);
#2633=ORIENTED_EDGE('',*,*,#3621,.F.);
#2634=ORIENTED_EDGE('',*,*,#2778,.F.);
#2635=ORIENTED_EDGE('',*,*,#3526,.F.);
#2636=ORIENTED_EDGE('',*,*,#3091,.F.);
#2637=ORIENTED_EDGE('',*,*,#3529,.F.);
#2638=ORIENTED_EDGE('',*,*,#2776,.F.);
#2639=ORIENTED_EDGE('',*,*,#3525,.F.);
#2640=ORIENTED_EDGE('',*,*,#3093,.F.);
#2641=ORIENTED_EDGE('',*,*,#3527,.F.);
#2642=ORIENTED_EDGE('',*,*,#2780,.F.);
#2643=ORIENTED_EDGE('',*,*,#3528,.F.);
#2644=ORIENTED_EDGE('',*,*,#3089,.F.);
#2645=ORIENTED_EDGE('',*,*,#3530,.F.);
#2646=ORIENTED_EDGE('',*,*,#3087,.F.);
#2647=ORIENTED_EDGE('',*,*,#3524,.F.);
#2648=ORIENTED_EDGE('',*,*,#2774,.F.);
#2649=ORIENTED_EDGE('',*,*,#3531,.F.);
#2650=ORIENTED_EDGE('',*,*,#3195,.F.);
#2651=ORIENTED_EDGE('',*,*,#2910,.F.);
#2652=ORIENTED_EDGE('',*,*,#2697,.F.);
#2653=ORIENTED_EDGE('',*,*,#2918,.T.);
#2654=ORIENTED_EDGE('',*,*,#3192,.T.);
#2655=ORIENTED_EDGE('',*,*,#2747,.F.);
#2656=ORIENTED_EDGE('',*,*,#3420,.F.);
#2657=ORIENTED_EDGE('',*,*,#2941,.F.);
#2658=ORIENTED_EDGE('',*,*,#3585,.F.);
#2659=EDGE_CURVE('',#3659,#3660,#4334,.T.);
#2660=EDGE_CURVE('',#3661,#3659,#197,.T.);
#2661=EDGE_CURVE('',#3662,#3661,#4335,.F.);
#2662=EDGE_CURVE('',#3660,#3662,#198,.F.);
#2663=EDGE_CURVE('',#3663,#3664,#4336,.T.);
#2664=EDGE_CURVE('',#3665,#3663,#199,.T.);
#2665=EDGE_CURVE('',#3666,#3665,#4337,.F.);
#2666=EDGE_CURVE('',#3664,#3666,#200,.F.);
#2667=EDGE_CURVE('',#3659,#3667,#201,.T.);
#2668=EDGE_CURVE('',#3668,#3667,#4338,.T.);
#2669=EDGE_CURVE('',#3668,#3669,#202,.T.);
#2670=EDGE_CURVE('',#3669,#3670,#4339,.T.);
#2671=EDGE_CURVE('',#3671,#3670,#203,.T.);
#2672=EDGE_CURVE('',#3671,#3672,#204,.T.);
#2673=EDGE_CURVE('',#3673,#3672,#4340,.T.);
#2674=EDGE_CURVE('',#3673,#3674,#205,.T.);
#2675=EDGE_CURVE('',#3674,#3661,#4341,.T.);
#2676=EDGE_CURVE('',#3663,#3675,#206,.T.);
#2677=EDGE_CURVE('',#3676,#3675,#207,.T.);
#2678=EDGE_CURVE('',#3676,#3677,#208,.T.);
#2679=EDGE_CURVE('',#3677,#3678,#4342,.T.);
#2680=EDGE_CURVE('',#3678,#3679,#209,.T.);
#2681=EDGE_CURVE('',#3679,#3680,#4343,.T.);
#2682=EDGE_CURVE('',#3680,#3681,#210,.T.);
#2683=EDGE_CURVE('',#3681,#3665,#4344,.T.);
#2684=EDGE_CURVE('',#3682,#3683,#211,.T.);
#2685=EDGE_CURVE('',#3682,#3684,#212,.T.);
#2686=EDGE_CURVE('',#3684,#3685,#213,.T.);
#2687=EDGE_CURVE('',#3686,#3685,#214,.T.);
#2688=EDGE_CURVE('',#3686,#3687,#215,.T.);
#2689=EDGE_CURVE('',#3687,#3688,#4345,.T.);
#2690=EDGE_CURVE('',#3688,#3689,#216,.T.);
#2691=EDGE_CURVE('',#3690,#3689,#217,.T.);
#2692=EDGE_CURVE('',#3690,#3691,#218,.T.);
#2693=EDGE_CURVE('',#3692,#3691,#4346,.T.);
#2694=EDGE_CURVE('',#3692,#3693,#219,.T.);
#2695=EDGE_CURVE('',#3693,#3694,#220,.T.);
#2696=EDGE_CURVE('',#3695,#3694,#4347,.T.);
#2697=EDGE_CURVE('',#3695,#3696,#221,.T.);
#2698=EDGE_CURVE('',#3696,#3697,#4348,.T.);
#2699=EDGE_CURVE('',#3697,#3698,#222,.T.);
#2700=EDGE_CURVE('',#3698,#3699,#223,.T.);
#2701=EDGE_CURVE('',#3700,#3699,#4349,.T.);
#2702=EDGE_CURVE('',#3700,#3701,#224,.T.);
#2703=EDGE_CURVE('',#3702,#3701,#225,.T.);
#2704=EDGE_CURVE('',#3702,#3703,#226,.T.);
#2705=EDGE_CURVE('',#3703,#3704,#4350,.T.);
#2706=EDGE_CURVE('',#3704,#3705,#227,.T.);
#2707=EDGE_CURVE('',#3706,#3705,#228,.T.);
#2708=EDGE_CURVE('',#3706,#3707,#229,.T.);
#2709=EDGE_CURVE('',#3708,#3707,#4351,.T.);
#2710=EDGE_CURVE('',#3708,#3709,#230,.T.);
#2711=EDGE_CURVE('',#3709,#3710,#4352,.T.);
#2712=EDGE_CURVE('',#3711,#3710,#231,.T.);
#2713=EDGE_CURVE('',#3711,#3712,#232,.T.);
#2714=EDGE_CURVE('',#3713,#3712,#4353,.T.);
#2715=EDGE_CURVE('',#3713,#3714,#233,.T.);
#2716=EDGE_CURVE('',#3715,#3714,#234,.T.);
#2717=EDGE_CURVE('',#3715,#3716,#235,.T.);
#2718=EDGE_CURVE('',#3717,#3716,#4354,.T.);
#2719=EDGE_CURVE('',#3717,#3718,#236,.T.);
#2720=EDGE_CURVE('',#3719,#3718,#237,.T.);
#2721=EDGE_CURVE('',#3719,#3720,#4355,.T.);
#2722=EDGE_CURVE('',#3721,#3720,#238,.T.);
#2723=EDGE_CURVE('',#3721,#3722,#239,.T.);
#2724=EDGE_CURVE('',#3722,#3723,#4356,.T.);
#2725=EDGE_CURVE('',#3723,#3724,#240,.T.);
#2726=EDGE_CURVE('',#3725,#3724,#241,.T.);
#2727=EDGE_CURVE('',#3725,#3726,#242,.T.);
#2728=EDGE_CURVE('',#3726,#3727,#4357,.T.);
#2729=EDGE_CURVE('',#3727,#3728,#243,.T.);
#2730=EDGE_CURVE('',#3729,#3728,#244,.T.);
#2731=EDGE_CURVE('',#3729,#3730,#245,.T.);
#2732=EDGE_CURVE('',#3730,#3731,#4358,.T.);
#2733=EDGE_CURVE('',#3731,#3732,#246,.T.);
#2734=EDGE_CURVE('',#3733,#3732,#247,.T.);
#2735=EDGE_CURVE('',#3733,#3734,#248,.T.);
#2736=EDGE_CURVE('',#3735,#3734,#4359,.T.);
#2737=EDGE_CURVE('',#3735,#3736,#249,.T.);
#2738=EDGE_CURVE('',#3737,#3736,#250,.T.);
#2739=EDGE_CURVE('',#3737,#3738,#4360,.T.);
#2740=EDGE_CURVE('',#3738,#3739,#251,.T.);
#2741=EDGE_CURVE('',#3740,#3739,#4361,.T.);
#2742=EDGE_CURVE('',#3741,#3740,#252,.T.);
#2743=EDGE_CURVE('',#3742,#3741,#4362,.T.);
#2744=EDGE_CURVE('',#3742,#3743,#253,.T.);
#2745=EDGE_CURVE('',#3683,#3743,#4363,.T.);
#2746=EDGE_CURVE('',#3744,#3745,#254,.T.);
#2747=EDGE_CURVE('',#3744,#3746,#255,.T.);
#2748=EDGE_CURVE('',#3746,#3747,#4364,.T.);
#2749=EDGE_CURVE('',#3747,#3748,#256,.T.);
#2750=EDGE_CURVE('',#3749,#3748,#4365,.T.);
#2751=EDGE_CURVE('',#3749,#3750,#257,.T.);
#2752=EDGE_CURVE('',#3751,#3750,#258,.T.);
#2753=EDGE_CURVE('',#3751,#3752,#259,.T.);
#2754=EDGE_CURVE('',#3752,#3753,#4366,.T.);
#2755=EDGE_CURVE('',#3753,#3754,#260,.T.);
#2756=EDGE_CURVE('',#3754,#3755,#4367,.T.);
#2757=EDGE_CURVE('',#3755,#3745,#261,.T.);
#2758=EDGE_CURVE('',#3756,#3756,#262,.T.);
#2759=EDGE_CURVE('',#3757,#3757,#263,.F.);
#2760=EDGE_CURVE('',#3758,#3759,#4368,.T.);
#2761=EDGE_CURVE('',#3758,#3760,#264,.T.);
#2762=EDGE_CURVE('',#3760,#3761,#4369,.T.);
#2763=EDGE_CURVE('',#3761,#3762,#265,.T.);
#2764=EDGE_CURVE('',#3762,#3763,#266,.T.);
#2765=EDGE_CURVE('',#3763,#3764,#4370,.T.);
#2766=EDGE_CURVE('',#3764,#3759,#267,.T.);
#2767=EDGE_CURVE('',#3765,#3766,#4371,.T.);
#2768=EDGE_CURVE('',#3765,#3767,#268,.T.);
#2769=EDGE_CURVE('',#3768,#3767,#4372,.T.);
#2770=EDGE_CURVE('',#3768,#3769,#269,.T.);
#2771=EDGE_CURVE('',#3770,#3769,#4373,.T.);
#2772=EDGE_CURVE('',#3770,#3766,#270,.T.);
#2773=EDGE_CURVE('',#3771,#3772,#4374,.T.);
#2774=EDGE_CURVE('',#3771,#3773,#271,.T.);
#2775=EDGE_CURVE('',#3773,#3774,#4375,.T.);
#2776=EDGE_CURVE('',#3774,#3775,#272,.T.);
#2777=EDGE_CURVE('',#3775,#3776,#4376,.T.);
#2778=EDGE_CURVE('',#3776,#3777,#273,.T.);
#2779=EDGE_CURVE('',#3777,#3778,#4377,.T.);
#2780=EDGE_CURVE('',#3778,#3772,#274,.T.);
#2781=EDGE_CURVE('',#3779,#3780,#4378,.T.);
#2782=EDGE_CURVE('',#3779,#3781,#275,.T.);
#2783=EDGE_CURVE('',#3781,#3782,#4379,.T.);
#2784=EDGE_CURVE('',#3782,#3783,#276,.T.);
#2785=EDGE_CURVE('',#3784,#3783,#4380,.T.);
#2786=EDGE_CURVE('',#3784,#3780,#277,.T.);
#2787=EDGE_CURVE('',#3785,#3786,#4381,.T.);
#2788=EDGE_CURVE('',#3785,#3787,#278,.T.);
#2789=EDGE_CURVE('',#3787,#3788,#4382,.T.);
#2790=EDGE_CURVE('',#3788,#3789,#279,.T.);
#2791=EDGE_CURVE('',#3789,#3790,#4383,.T.);
#2792=EDGE_CURVE('',#3790,#3786,#280,.T.);
#2793=EDGE_CURVE('',#3791,#3792,#281,.T.);
#2794=EDGE_CURVE('',#3791,#3793,#282,.T.);
#2795=EDGE_CURVE('',#3793,#3794,#4384,.T.);
#2796=EDGE_CURVE('',#3794,#3795,#283,.T.);
#2797=EDGE_CURVE('',#3796,#3795,#4385,.T.);
#2798=EDGE_CURVE('',#3796,#3797,#284,.T.);
#2799=EDGE_CURVE('',#3798,#3797,#285,.T.);
#2800=EDGE_CURVE('',#3798,#3799,#286,.T.);
#2801=EDGE_CURVE('',#3799,#3800,#4386,.T.);
#2802=EDGE_CURVE('',#3800,#3801,#287,.T.);
#2803=EDGE_CURVE('',#3801,#3802,#4387,.T.);
#2804=EDGE_CURVE('',#3802,#3792,#288,.T.);
#2805=EDGE_CURVE('',#3803,#3803,#289,.T.);
#2806=EDGE_CURVE('',#3804,#3804,#290,.T.);
#2807=EDGE_CURVE('',#3805,#3806,#4388,.T.);
#2808=EDGE_CURVE('',#3805,#3807,#291,.T.);
#2809=EDGE_CURVE('',#3807,#3808,#4389,.T.);
#2810=EDGE_CURVE('',#3808,#3809,#292,.T.);
#2811=EDGE_CURVE('',#3810,#3809,#293,.T.);
#2812=EDGE_CURVE('',#3810,#3811,#294,.T.);
#2813=EDGE_CURVE('',#3812,#3811,#4390,.T.);
#2814=EDGE_CURVE('',#3812,#3806,#295,.T.);
#2815=EDGE_CURVE('',#3813,#3814,#4391,.T.);
#2816=EDGE_CURVE('',#3813,#3815,#296,.T.);
#2817=EDGE_CURVE('',#3815,#3816,#4392,.T.);
#2818=EDGE_CURVE('',#3816,#3817,#297,.T.);
#2819=EDGE_CURVE('',#3817,#3818,#4393,.T.);
#2820=EDGE_CURVE('',#3818,#3814,#298,.T.);
#2821=EDGE_CURVE('',#3819,#3820,#4394,.T.);
#2822=EDGE_CURVE('',#3819,#3821,#299,.T.);
#2823=EDGE_CURVE('',#3822,#3821,#300,.T.);
#2824=EDGE_CURVE('',#3822,#3823,#301,.T.);
#2825=EDGE_CURVE('',#3824,#3823,#4395,.T.);
#2826=EDGE_CURVE('',#3824,#3825,#302,.T.);
#2827=EDGE_CURVE('',#3825,#3826,#4396,.T.);
#2828=EDGE_CURVE('',#3826,#3827,#303,.T.);
#2829=EDGE_CURVE('',#3828,#3827,#4397,.T.);
#2830=EDGE_CURVE('',#3828,#3820,#304,.T.);
#2831=EDGE_CURVE('',#3829,#3830,#4398,.T.);
#2832=EDGE_CURVE('',#3829,#3831,#305,.T.);
#2833=EDGE_CURVE('',#3832,#3831,#4399,.T.);
#2834=EDGE_CURVE('',#3832,#3833,#306,.T.);
#2835=EDGE_CURVE('',#3833,#3834,#4400,.T.);
#2836=EDGE_CURVE('',#3834,#3830,#307,.T.);
#2837=EDGE_CURVE('',#3835,#3836,#308,.T.);
#2838=EDGE_CURVE('',#3835,#3837,#309,.T.);
#2839=EDGE_CURVE('',#3837,#3838,#4401,.T.);
#2840=EDGE_CURVE('',#3838,#3839,#310,.T.);
#2841=EDGE_CURVE('',#3840,#3839,#4402,.T.);
#2842=EDGE_CURVE('',#3840,#3841,#311,.T.);
#2843=EDGE_CURVE('',#3842,#3841,#4403,.T.);
#2844=EDGE_CURVE('',#3842,#3836,#312,.T.);
#2845=EDGE_CURVE('',#3843,#3844,#4404,.T.);
#2846=EDGE_CURVE('',#3843,#3845,#313,.T.);
#2847=EDGE_CURVE('',#3846,#3845,#314,.T.);
#2848=EDGE_CURVE('',#3846,#3847,#315,.T.);
#2849=EDGE_CURVE('',#3848,#3847,#4405,.T.);
#2850=EDGE_CURVE('',#3848,#3849,#316,.T.);
#2851=EDGE_CURVE('',#3850,#3849,#4406,.T.);
#2852=EDGE_CURVE('',#3850,#3851,#317,.T.);
#2853=EDGE_CURVE('',#3851,#3844,#318,.T.);
#2854=EDGE_CURVE('',#3852,#3853,#4407,.T.);
#2855=EDGE_CURVE('',#3852,#3854,#319,.T.);
#2856=EDGE_CURVE('',#3854,#3855,#4408,.T.);
#2857=EDGE_CURVE('',#3855,#3856,#320,.T.);
#2858=EDGE_CURVE('',#3857,#3856,#321,.T.);
#2859=EDGE_CURVE('',#3857,#3858,#322,.T.);
#2860=EDGE_CURVE('',#3858,#3859,#4409,.T.);
#2861=EDGE_CURVE('',#3859,#3860,#323,.T.);
#2862=EDGE_CURVE('',#3860,#3861,#4410,.T.);
#2863=EDGE_CURVE('',#3861,#3862,#324,.T.);
#2864=EDGE_CURVE('',#3863,#3862,#325,.T.);
#2865=EDGE_CURVE('',#3863,#3864,#326,.T.);
#2866=EDGE_CURVE('',#3864,#3865,#4411,.T.);
#2867=EDGE_CURVE('',#3865,#3866,#327,.T.);
#2868=EDGE_CURVE('',#3853,#3866,#328,.T.);
#2869=EDGE_CURVE('',#3867,#3868,#4412,.T.);
#2870=EDGE_CURVE('',#3867,#3869,#329,.T.);
#2871=EDGE_CURVE('',#3869,#3870,#4413,.T.);
#2872=EDGE_CURVE('',#3870,#3871,#330,.T.);
#2873=EDGE_CURVE('',#3871,#3872,#4414,.T.);
#2874=EDGE_CURVE('',#3872,#3873,#331,.T.);
#2875=EDGE_CURVE('',#3874,#3873,#332,.T.);
#2876=EDGE_CURVE('',#3874,#3868,#333,.T.);
#2877=EDGE_CURVE('',#3875,#3876,#334,.T.);
#2878=EDGE_CURVE('',#3876,#3877,#335,.T.);
#2879=EDGE_CURVE('',#3877,#3878,#336,.T.);
#2880=EDGE_CURVE('',#3879,#3878,#4415,.T.);
#2881=EDGE_CURVE('',#3880,#3879,#337,.T.);
#2882=EDGE_CURVE('',#3880,#3881,#4416,.T.);
#2883=EDGE_CURVE('',#3881,#3882,#338,.T.);
#2884=EDGE_CURVE('',#3882,#3883,#4417,.T.);
#2885=EDGE_CURVE('',#3884,#3883,#339,.T.);
#2886=EDGE_CURVE('',#3884,#3885,#340,.T.);
#2887=EDGE_CURVE('',#3886,#3885,#4418,.T.);
#2888=EDGE_CURVE('',#3887,#3886,#341,.T.);
#2889=EDGE_CURVE('',#3887,#3888,#342,.T.);
#2890=EDGE_CURVE('',#3888,#3889,#4419,.T.);
#2891=EDGE_CURVE('',#3889,#3890,#343,.T.);
#2892=EDGE_CURVE('',#3875,#3890,#4420,.T.);
#2893=EDGE_CURVE('',#3891,#3891,#344,.T.);
#2894=EDGE_CURVE('',#3892,#3892,#345,.T.);
#2895=EDGE_CURVE('',#3893,#3893,#346,.T.);
#2896=EDGE_CURVE('',#3894,#3894,#347,.T.);
#2897=EDGE_CURVE('',#3895,#3895,#348,.T.);
#2898=EDGE_CURVE('',#3896,#3896,#349,.T.);
#2899=EDGE_CURVE('',#3897,#3897,#350,.T.);
#2900=EDGE_CURVE('',#3898,#3898,#351,.T.);
#2901=EDGE_CURVE('',#3899,#3899,#352,.T.);
#2902=EDGE_CURVE('',#3900,#3900,#353,.T.);
#2903=EDGE_CURVE('',#3901,#3901,#354,.T.);
#2904=EDGE_CURVE('',#3902,#3902,#355,.T.);
#2905=EDGE_CURVE('',#3903,#3903,#356,.T.);
#2906=EDGE_CURVE('',#3684,#3904,#4421,.T.);
#2907=EDGE_CURVE('',#3905,#3682,#4422,.T.);
#2908=EDGE_CURVE('',#3904,#3905,#357,.F.);
#2909=EDGE_CURVE('',#3906,#3697,#4423,.T.);
#2910=EDGE_CURVE('',#3696,#3907,#358,.T.);
#2911=EDGE_CURVE('',#3907,#3908,#4424,.T.);
#2912=EDGE_CURVE('',#3908,#3909,#4425,.T.);
#2913=EDGE_CURVE('',#3909,#3906,#4426,.T.);
#2914=EDGE_CURVE('',#3910,#3911,#4427,.T.);
#2915=EDGE_CURVE('',#3912,#3910,#4428,.T.);
#2916=EDGE_CURVE('',#3913,#3912,#4429,.T.);
#2917=EDGE_CURVE('',#3914,#3913,#4430,.T.);
#2918=EDGE_CURVE('',#3695,#3914,#359,.T.);
#2919=EDGE_CURVE('',#3694,#3911,#4431,.T.);
#2920=EDGE_CURVE('',#3915,#3916,#360,.F.);
#2921=EDGE_CURVE('',#3916,#3917,#361,.F.);
#2922=EDGE_CURVE('',#3917,#3918,#362,.F.);
#2923=EDGE_CURVE('',#3918,#3919,#4432,.T.);
#2924=EDGE_CURVE('',#3919,#3920,#363,.F.);
#2925=EDGE_CURVE('',#3921,#3920,#4433,.T.);
#2926=EDGE_CURVE('',#3921,#3922,#364,.F.);
#2927=EDGE_CURVE('',#3922,#3923,#365,.T.);
#2928=EDGE_CURVE('',#3923,#3924,#4434,.T.);
#2929=EDGE_CURVE('',#3924,#3925,#366,.F.);
#2930=EDGE_CURVE('',#3926,#3925,#367,.T.);
#2931=EDGE_CURVE('',#3926,#3927,#368,.F.);
#2932=EDGE_CURVE('',#3928,#3927,#4435,.T.);
#2933=EDGE_CURVE('',#3928,#3929,#369,.F.);
#2934=EDGE_CURVE('',#3930,#3929,#4436,.T.);
#2935=EDGE_CURVE('',#3930,#3931,#370,.F.);
#2936=EDGE_CURVE('',#3931,#3932,#371,.T.);
#2937=EDGE_CURVE('',#3932,#3933,#372,.F.);
#2938=EDGE_CURVE('',#3933,#3934,#4437,.T.);
#2939=EDGE_CURVE('',#3934,#3935,#373,.F.);
#2940=EDGE_CURVE('',#3936,#3935,#4438,.T.);
#2941=EDGE_CURVE('',#3936,#3937,#374,.F.);
#2942=EDGE_CURVE('',#3938,#3937,#375,.T.);
#2943=EDGE_CURVE('',#3938,#3939,#376,.F.);
#2944=EDGE_CURVE('',#3939,#3940,#4439,.T.);
#2945=EDGE_CURVE('',#3940,#3941,#377,.F.);
#2946=EDGE_CURVE('',#3941,#3942,#378,.T.);
#2947=EDGE_CURVE('',#3942,#3943,#379,.F.);
#2948=EDGE_CURVE('',#3944,#3943,#4440,.T.);
#2949=EDGE_CURVE('',#3944,#3945,#380,.F.);
#2950=EDGE_CURVE('',#3945,#3946,#381,.T.);
#2951=EDGE_CURVE('',#3946,#3947,#382,.F.);
#2952=EDGE_CURVE('',#3948,#3947,#4441,.T.);
#2953=EDGE_CURVE('',#3948,#3949,#383,.F.);
#2954=EDGE_CURVE('',#3949,#3950,#384,.T.);
#2955=EDGE_CURVE('',#3950,#3951,#385,.F.);
#2956=EDGE_CURVE('',#3952,#3951,#4442,.T.);
#2957=EDGE_CURVE('',#3952,#3953,#386,.F.);
#2958=EDGE_CURVE('',#3953,#3954,#387,.T.);
#2959=EDGE_CURVE('',#3955,#3954,#4443,.T.);
#2960=EDGE_CURVE('',#3955,#3956,#388,.T.);
#2961=EDGE_CURVE('',#3956,#3957,#389,.F.);
#2962=EDGE_CURVE('',#3957,#3958,#4444,.T.);
#2963=EDGE_CURVE('',#3958,#3959,#390,.F.);
#2964=EDGE_CURVE('',#3959,#3960,#391,.T.);
#2965=EDGE_CURVE('',#3960,#3961,#392,.F.);
#2966=EDGE_CURVE('',#3961,#3962,#4445,.T.);
#2967=EDGE_CURVE('',#3962,#3963,#393,.F.);
#2968=EDGE_CURVE('',#3963,#3964,#394,.T.);
#2969=EDGE_CURVE('',#3965,#3964,#4446,.T.);
#2970=EDGE_CURVE('',#3965,#3966,#395,.F.);
#2971=EDGE_CURVE('',#3966,#3967,#4447,.T.);
#2972=EDGE_CURVE('',#3967,#3968,#396,.F.);
#2973=EDGE_CURVE('',#3968,#3969,#397,.T.);
#2974=EDGE_CURVE('',#3969,#3970,#398,.F.);
#2975=EDGE_CURVE('',#3971,#3970,#4448,.T.);
#2976=EDGE_CURVE('',#3971,#3972,#399,.F.);
#2977=EDGE_CURVE('',#3972,#3973,#400,.T.);
#2978=EDGE_CURVE('',#3973,#3974,#401,.F.);
#2979=EDGE_CURVE('',#3974,#3975,#4449,.T.);
#2980=EDGE_CURVE('',#3976,#3975,#402,.T.);
#2981=EDGE_CURVE('',#3976,#3906,#403,.F.);
#2982=EDGE_CURVE('',#3910,#3909,#4450,.T.);
#2983=EDGE_CURVE('',#3911,#3977,#404,.F.);
#2984=EDGE_CURVE('',#3978,#3977,#405,.T.);
#2985=EDGE_CURVE('',#3978,#3979,#4451,.T.);
#2986=EDGE_CURVE('',#3979,#3980,#406,.F.);
#2987=EDGE_CURVE('',#3980,#3981,#407,.T.);
#2988=EDGE_CURVE('',#3981,#3982,#408,.F.);
#2989=EDGE_CURVE('',#3983,#3982,#4452,.T.);
#2990=EDGE_CURVE('',#3983,#3984,#409,.F.);
#2991=EDGE_CURVE('',#3984,#3985,#410,.T.);
#2992=EDGE_CURVE('',#3904,#3985,#411,.T.);
#2993=EDGE_CURVE('',#3986,#3905,#412,.T.);
#2994=EDGE_CURVE('',#3915,#3986,#4453,.T.);
#2995=EDGE_CURVE('',#3987,#3987,#413,.T.);
#2996=EDGE_CURVE('',#3988,#3989,#4454,.T.);
#2997=EDGE_CURVE('',#3989,#3990,#414,.T.);
#2998=EDGE_CURVE('',#3991,#3990,#415,.T.);
#2999=EDGE_CURVE('',#3991,#3992,#416,.T.);
#3000=EDGE_CURVE('',#3993,#3992,#4455,.T.);
#3001=EDGE_CURVE('',#3993,#3994,#417,.T.);
#3002=EDGE_CURVE('',#3995,#3994,#418,.T.);
#3003=EDGE_CURVE('',#3995,#3988,#419,.T.);
#3004=EDGE_CURVE('',#3996,#3996,#420,.T.);
#3005=EDGE_CURVE('',#3997,#3997,#421,.T.);
#3006=EDGE_CURVE('',#3998,#3998,#422,.T.);
#3007=EDGE_CURVE('',#3999,#3999,#423,.T.);
#3008=EDGE_CURVE('',#4000,#4000,#424,.T.);
#3009=EDGE_CURVE('',#4001,#4001,#425,.T.);
#3010=EDGE_CURVE('',#4002,#4002,#426,.T.);
#3011=EDGE_CURVE('',#4003,#4004,#427,.T.);
#3012=EDGE_CURVE('',#4004,#4005,#428,.F.);
#3013=EDGE_CURVE('',#4006,#4005,#4456,.T.);
#3014=EDGE_CURVE('',#4006,#4007,#429,.F.);
#3015=EDGE_CURVE('',#4007,#4008,#430,.T.);
#3016=EDGE_CURVE('',#4008,#4009,#431,.F.);
#3017=EDGE_CURVE('',#4009,#4010,#4457,.T.);
#3018=EDGE_CURVE('',#4010,#4003,#432,.F.);
#3019=EDGE_CURVE('',#4011,#4011,#433,.T.);
#3020=EDGE_CURVE('',#4012,#4012,#434,.T.);
#3021=EDGE_CURVE('',#4013,#4013,#435,.T.);
#3022=EDGE_CURVE('',#4014,#4014,#436,.T.);
#3023=EDGE_CURVE('',#4015,#4015,#437,.T.);
#3024=EDGE_CURVE('',#4016,#4017,#4458,.T.);
#3025=EDGE_CURVE('',#4016,#4018,#438,.F.);
#3026=EDGE_CURVE('',#4018,#4019,#439,.T.);
#3027=EDGE_CURVE('',#4019,#4020,#440,.F.);
#3028=EDGE_CURVE('',#4021,#4020,#4459,.T.);
#3029=EDGE_CURVE('',#4021,#4022,#441,.F.);
#3030=EDGE_CURVE('',#4023,#4022,#4460,.T.);
#3031=EDGE_CURVE('',#4023,#4024,#442,.F.);
#3032=EDGE_CURVE('',#4024,#4025,#443,.T.);
#3033=EDGE_CURVE('',#4025,#4026,#444,.F.);
#3034=EDGE_CURVE('',#4026,#4027,#4461,.T.);
#3035=EDGE_CURVE('',#4017,#4027,#445,.T.);
#3036=EDGE_CURVE('',#4028,#4029,#4462,.T.);
#3037=EDGE_CURVE('',#4028,#4030,#446,.F.);
#3038=EDGE_CURVE('',#4030,#4031,#4463,.T.);
#3039=EDGE_CURVE('',#4031,#4032,#447,.F.);
#3040=EDGE_CURVE('',#4032,#4033,#4464,.T.);
#3041=EDGE_CURVE('',#4033,#4034,#448,.F.);
#3042=EDGE_CURVE('',#4034,#4035,#449,.T.);
#3043=EDGE_CURVE('',#4035,#4029,#450,.F.);
#3044=EDGE_CURVE('',#4036,#4037,#4465,.T.);
#3045=EDGE_CURVE('',#4036,#4038,#451,.F.);
#3046=EDGE_CURVE('',#4038,#4039,#4466,.T.);
#3047=EDGE_CURVE('',#4039,#4040,#452,.F.);
#3048=EDGE_CURVE('',#4041,#4040,#4467,.T.);
#3049=EDGE_CURVE('',#4041,#4037,#453,.F.);
#3050=EDGE_CURVE('',#4042,#4043,#4468,.T.);
#3051=EDGE_CURVE('',#4042,#4044,#454,.F.);
#3052=EDGE_CURVE('',#4044,#4045,#4469,.T.);
#3053=EDGE_CURVE('',#4045,#4046,#455,.F.);
#3054=EDGE_CURVE('',#4047,#4046,#4470,.T.);
#3055=EDGE_CURVE('',#4047,#4043,#456,.F.);
#3056=EDGE_CURVE('',#4048,#4049,#4471,.T.);
#3057=EDGE_CURVE('',#4048,#4050,#457,.F.);
#3058=EDGE_CURVE('',#4050,#4051,#458,.T.);
#3059=EDGE_CURVE('',#3664,#4051,#459,.T.);
#3060=EDGE_CURVE('',#4052,#3666,#4472,.T.);
#3061=EDGE_CURVE('',#4052,#4053,#460,.F.);
#3062=EDGE_CURVE('',#4054,#4053,#4473,.T.);
#3063=EDGE_CURVE('',#4054,#4049,#461,.F.);
#3064=EDGE_CURVE('',#4055,#4056,#4474,.T.);
#3065=EDGE_CURVE('',#4056,#4057,#462,.F.);
#3066=EDGE_CURVE('',#4057,#4058,#463,.T.);
#3067=EDGE_CURVE('',#4058,#4059,#464,.F.);
#3068=EDGE_CURVE('',#4059,#4060,#4475,.T.);
#3069=EDGE_CURVE('',#4061,#4060,#465,.T.);
#3070=EDGE_CURVE('',#4061,#4062,#4476,.T.);
#3071=EDGE_CURVE('',#4062,#4063,#466,.F.);
#3072=EDGE_CURVE('',#4064,#4063,#4477,.T.);
#3073=EDGE_CURVE('',#4064,#4055,#467,.F.);
#3074=EDGE_CURVE('',#4065,#4066,#4478,.T.);
#3075=EDGE_CURVE('',#4065,#4067,#468,.F.);
#3076=EDGE_CURVE('',#4067,#4068,#4479,.T.);
#3077=EDGE_CURVE('',#4069,#4068,#469,.T.);
#3078=EDGE_CURVE('',#4069,#4070,#4480,.T.);
#3079=EDGE_CURVE('',#4070,#4066,#470,.F.);
#3080=EDGE_CURVE('',#4071,#4072,#4481,.T.);
#3081=EDGE_CURVE('',#4071,#4073,#471,.F.);
#3082=EDGE_CURVE('',#4073,#4074,#4482,.T.);
#3083=EDGE_CURVE('',#4074,#4075,#472,.F.);
#3084=EDGE_CURVE('',#4075,#4076,#4483,.T.);
#3085=EDGE_CURVE('',#4076,#4072,#473,.F.);
#3086=EDGE_CURVE('',#4077,#4078,#4484,.T.);
#3087=EDGE_CURVE('',#4077,#4079,#474,.F.);
#3088=EDGE_CURVE('',#4079,#4080,#4485,.T.);
#3089=EDGE_CURVE('',#4080,#4081,#475,.F.);
#3090=EDGE_CURVE('',#4082,#4081,#4486,.T.);
#3091=EDGE_CURVE('',#4082,#4083,#476,.F.);
#3092=EDGE_CURVE('',#4084,#4083,#4487,.T.);
#3093=EDGE_CURVE('',#4084,#4078,#477,.F.);
#3094=EDGE_CURVE('',#4085,#4086,#4488,.T.);
#3095=EDGE_CURVE('',#4085,#4087,#478,.F.);
#3096=EDGE_CURVE('',#4087,#4088,#479,.T.);
#3097=EDGE_CURVE('',#4088,#4089,#480,.F.);
#3098=EDGE_CURVE('',#4089,#4090,#4489,.T.);
#3099=EDGE_CURVE('',#4090,#4091,#481,.F.);
#3100=EDGE_CURVE('',#4091,#4092,#4490,.T.);
#3101=EDGE_CURVE('',#4092,#4086,#482,.F.);
#3102=EDGE_CURVE('',#4093,#4094,#4491,.T.);
#3103=EDGE_CURVE('',#4094,#4095,#483,.F.);
#3104=EDGE_CURVE('',#4095,#4096,#4492,.T.);
#3105=EDGE_CURVE('',#4096,#4097,#484,.F.);
#3106=EDGE_CURVE('',#4097,#4098,#4493,.T.);
#3107=EDGE_CURVE('',#4098,#4093,#485,.F.);
#3108=EDGE_CURVE('',#4099,#4100,#4494,.T.);
#3109=EDGE_CURVE('',#4100,#4101,#486,.F.);
#3110=EDGE_CURVE('',#4101,#4102,#487,.T.);
#3111=EDGE_CURVE('',#4102,#4103,#488,.F.);
#3112=EDGE_CURVE('',#4103,#4104,#4495,.T.);
#3113=EDGE_CURVE('',#4104,#4105,#489,.F.);
#3114=EDGE_CURVE('',#4105,#4106,#490,.F.);
#3115=EDGE_CURVE('',#4106,#4107,#4496,.T.);
#3116=EDGE_CURVE('',#4107,#4099,#491,.F.);
#3117=EDGE_CURVE('',#4108,#4109,#4497,.T.);
#3118=EDGE_CURVE('',#4108,#4110,#492,.F.);
#3119=EDGE_CURVE('',#4110,#4111,#4498,.T.);
#3120=EDGE_CURVE('',#4111,#4112,#493,.F.);
#3121=EDGE_CURVE('',#4113,#4112,#4499,.T.);
#3122=EDGE_CURVE('',#4113,#4114,#494,.F.);
#3123=EDGE_CURVE('',#4114,#4109,#495,.F.);
#3124=EDGE_CURVE('',#4115,#4116,#4500,.T.);
#3125=EDGE_CURVE('',#4115,#4117,#496,.F.);
#3126=EDGE_CURVE('',#4117,#4118,#4501,.T.);
#3127=EDGE_CURVE('',#4118,#4119,#497,.T.);
#3128=EDGE_CURVE('',#4119,#4120,#498,.F.);
#3129=EDGE_CURVE('',#4121,#4120,#4502,.T.);
#3130=EDGE_CURVE('',#4121,#4122,#499,.F.);
#3131=EDGE_CURVE('',#4122,#4123,#500,.T.);
#3132=EDGE_CURVE('',#4123,#4124,#501,.F.);
#3133=EDGE_CURVE('',#4125,#4124,#4503,.T.);
#3134=EDGE_CURVE('',#4125,#4126,#502,.F.);
#3135=EDGE_CURVE('',#4127,#4126,#4504,.T.);
#3136=EDGE_CURVE('',#4127,#4128,#503,.F.);
#3137=EDGE_CURVE('',#4128,#4129,#504,.T.);
#3138=EDGE_CURVE('',#4129,#4116,#505,.F.);
#3139=EDGE_CURVE('',#4130,#4131,#4505,.T.);
#3140=EDGE_CURVE('',#4130,#4132,#506,.F.);
#3141=EDGE_CURVE('',#4132,#4133,#4506,.T.);
#3142=EDGE_CURVE('',#3660,#4133,#507,.T.);
#3143=EDGE_CURVE('',#4134,#3662,#4507,.T.);
#3144=EDGE_CURVE('',#4134,#4135,#508,.F.);
#3145=EDGE_CURVE('',#4135,#4136,#4508,.T.);
#3146=EDGE_CURVE('',#4136,#4137,#509,.F.);
#3147=EDGE_CURVE('',#4137,#4131,#510,.T.);
#3148=EDGE_CURVE('',#4138,#4139,#4509,.T.);
#3149=EDGE_CURVE('',#4138,#4140,#511,.F.);
#3150=EDGE_CURVE('',#4140,#4141,#4510,.T.);
#3151=EDGE_CURVE('',#4141,#4142,#512,.F.);
#3152=EDGE_CURVE('',#4142,#4143,#513,.T.);
#3153=EDGE_CURVE('',#4143,#4144,#514,.F.);
#3154=EDGE_CURVE('',#4145,#4144,#4511,.T.);
#3155=EDGE_CURVE('',#4145,#4139,#515,.F.);
#3156=EDGE_CURVE('',#4146,#3739,#4512,.T.);
#3157=EDGE_CURVE('',#4147,#4146,#4513,.T.);
#3158=EDGE_CURVE('',#4147,#4148,#516,.T.);
#3159=EDGE_CURVE('',#4148,#4149,#4514,.T.);
#3160=EDGE_CURVE('',#4150,#4149,#4515,.T.);
#3161=EDGE_CURVE('',#4151,#4150,#4516,.T.);
#3162=EDGE_CURVE('',#4151,#4152,#517,.T.);
#3163=EDGE_CURVE('',#4153,#4152,#4517,.T.);
#3164=EDGE_CURVE('',#4153,#3740,#4518,.T.);
#3165=EDGE_CURVE('',#4154,#4154,#518,.F.);
#3166=EDGE_CURVE('',#4155,#4155,#519,.T.);
#3167=EDGE_CURVE('',#4156,#4156,#520,.T.);
#3168=EDGE_CURVE('',#4157,#4157,#521,.F.);
#3169=EDGE_CURVE('',#4158,#4158,#522,.F.);
#3170=EDGE_CURVE('',#4159,#4159,#523,.F.);
#3171=EDGE_CURVE('',#4160,#4160,#524,.T.);
#3172=EDGE_CURVE('',#4161,#4161,#525,.F.);
#3173=EDGE_CURVE('',#4162,#4162,#526,.F.);
#3174=EDGE_CURVE('',#4003,#4163,#4519,.T.);
#3175=EDGE_CURVE('',#4163,#4164,#527,.T.);
#3176=EDGE_CURVE('',#4164,#4004,#4520,.F.);
#3177=EDGE_CURVE('',#4005,#4165,#4521,.T.);
#3178=EDGE_CURVE('',#4166,#4165,#4522,.T.);
#3179=EDGE_CURVE('',#4166,#4006,#4523,.F.);
#3180=EDGE_CURVE('',#4167,#4168,#528,.T.);
#3181=EDGE_CURVE('',#4168,#4008,#4524,.F.);
#3182=EDGE_CURVE('',#4007,#4167,#4525,.T.);
#3183=EDGE_CURVE('',#4169,#4169,#529,.T.);
#3184=EDGE_CURVE('',#4009,#4170,#4526,.F.);
#3185=EDGE_CURVE('',#4170,#4171,#4527,.T.);
#3186=EDGE_CURVE('',#4171,#4010,#4528,.T.);
#3187=EDGE_CURVE('',#4172,#4172,#530,.T.);
#3188=EDGE_CURVE('',#4163,#4171,#531,.T.);
#3189=EDGE_CURVE('',#4170,#4168,#532,.T.);
#3190=EDGE_CURVE('',#4167,#4166,#533,.T.);
#3191=EDGE_CURVE('',#4165,#4164,#534,.T.);
#3192=EDGE_CURVE('',#3914,#3907,#535,.T.);
#3193=EDGE_CURVE('',#3913,#3908,#536,.T.);
#3194=EDGE_CURVE('',#4173,#4173,#537,.T.);
#3195=EDGE_CURVE('',#4174,#4174,#538,.T.);
#3196=EDGE_CURVE('',#4175,#4175,#539,.T.);
#3197=EDGE_CURVE('',#4176,#4176,#540,.T.);
#3198=EDGE_CURVE('',#4177,#4177,#541,.T.);
#3199=EDGE_CURVE('',#4178,#4178,#542,.T.);
#3200=EDGE_CURVE('',#4179,#4180,#19,.T.);
#3201=EDGE_CURVE('',#4180,#4181,#543,.T.);
#3202=EDGE_CURVE('',#4181,#4182,#20,.F.);
#3203=EDGE_CURVE('',#4179,#4182,#544,.T.);
#3204=EDGE_CURVE('',#4183,#4181,#21,.T.);
#3205=EDGE_CURVE('',#4182,#4183,#4529,.T.);
#3206=EDGE_CURVE('',#4184,#4179,#4530,.F.);
#3207=EDGE_CURVE('',#4180,#4184,#22,.T.);
#3208=EDGE_CURVE('',#4185,#4185,#545,.T.);
#3209=EDGE_CURVE('',#4186,#4186,#546,.T.);
#3210=EDGE_CURVE('',#4187,#4187,#547,.T.);
#3211=EDGE_CURVE('',#4188,#4188,#548,.T.);
#3212=EDGE_CURVE('',#4189,#4189,#549,.T.);
#3213=EDGE_CURVE('',#4190,#4190,#550,.T.);
#3214=EDGE_CURVE('',#4191,#4191,#551,.T.);
#3215=EDGE_CURVE('',#4192,#4192,#552,.T.);
#3216=EDGE_CURVE('',#4193,#4193,#553,.T.);
#3217=EDGE_CURVE('',#4194,#4194,#554,.T.);
#3218=EDGE_CURVE('',#4195,#4196,#555,.F.);
#3219=EDGE_CURVE('',#3994,#4195,#4531,.F.);
#3220=EDGE_CURVE('',#4196,#3993,#4532,.F.);
#3221=EDGE_CURVE('',#4197,#4198,#556,.F.);
#3222=EDGE_CURVE('',#3992,#4197,#4533,.T.);
#3223=EDGE_CURVE('',#4198,#3991,#4534,.T.);
#3224=EDGE_CURVE('',#4199,#4200,#557,.F.);
#3225=EDGE_CURVE('',#3988,#4199,#4535,.F.);
#3226=EDGE_CURVE('',#4200,#3995,#4536,.T.);
#3227=EDGE_CURVE('',#4201,#4202,#558,.F.);
#3228=EDGE_CURVE('',#3990,#4201,#4537,.F.);
#3229=EDGE_CURVE('',#4202,#3989,#4538,.T.);
#3230=EDGE_CURVE('',#4199,#4202,#4539,.T.);
#3231=EDGE_CURVE('',#4200,#4195,#559,.T.);
#3232=EDGE_CURVE('',#4196,#4197,#4540,.T.);
#3233=EDGE_CURVE('',#4198,#4201,#560,.T.);
#3234=EDGE_CURVE('',#4203,#4203,#561,.T.);
#3235=EDGE_CURVE('',#4204,#4204,#562,.T.);
#3236=EDGE_CURVE('',#4205,#4206,#563,.T.);
#3237=EDGE_CURVE('',#4148,#4206,#564,.T.);
#3238=EDGE_CURVE('',#4205,#4147,#565,.F.);
#3239=EDGE_CURVE('',#4207,#4208,#566,.T.);
#3240=EDGE_CURVE('',#4206,#4208,#23,.T.);
#3241=EDGE_CURVE('',#4207,#4205,#24,.T.);
#3242=EDGE_CURVE('',#4209,#4210,#567,.T.);
#3243=EDGE_CURVE('',#4208,#4210,#568,.F.);
#3244=EDGE_CURVE('',#4209,#4207,#25,.T.);
#3245=EDGE_CURVE('',#4211,#4212,#569,.T.);
#3246=EDGE_CURVE('',#4210,#4212,#4541,.F.);
#3247=EDGE_CURVE('',#4211,#4209,#4542,.T.);
#3248=EDGE_CURVE('',#4213,#4214,#570,.T.);
#3249=EDGE_CURVE('',#4212,#4214,#571,.T.);
#3250=EDGE_CURVE('',#4213,#4211,#26,.T.);
#3251=EDGE_CURVE('',#4215,#4216,#572,.T.);
#3252=EDGE_CURVE('',#4214,#4216,#4543,.T.);
#3253=EDGE_CURVE('',#4215,#4213,#4544,.F.);
#3254=EDGE_CURVE('',#4217,#4218,#573,.T.);
#3255=EDGE_CURVE('',#4216,#4218,#27,.T.);
#3256=EDGE_CURVE('',#4217,#4215,#574,.F.);
#3257=EDGE_CURVE('',#4219,#4220,#575,.T.);
#3258=EDGE_CURVE('',#4218,#4220,#28,.T.);
#3259=EDGE_CURVE('',#4219,#4217,#29,.T.);
#3260=EDGE_CURVE('',#4221,#4222,#576,.T.);
#3261=EDGE_CURVE('',#4220,#4222,#577,.F.);
#3262=EDGE_CURVE('',#4221,#4219,#30,.T.);
#3263=EDGE_CURVE('',#4223,#4224,#578,.T.);
#3264=EDGE_CURVE('',#4222,#4224,#4545,.T.);
#3265=EDGE_CURVE('',#4223,#4221,#4546,.F.);
#3266=EDGE_CURVE('',#4225,#4226,#579,.T.);
#3267=EDGE_CURVE('',#4224,#4226,#580,.T.);
#3268=EDGE_CURVE('',#4225,#4223,#581,.F.);
#3269=EDGE_CURVE('',#4227,#4228,#582,.T.);
#3270=EDGE_CURVE('',#4226,#4228,#4547,.F.);
#3271=EDGE_CURVE('',#4227,#4225,#4548,.T.);
#3272=EDGE_CURVE('',#4229,#4230,#583,.T.);
#3273=EDGE_CURVE('',#4228,#4230,#31,.T.);
#3274=EDGE_CURVE('',#4229,#4227,#32,.T.);
#3275=EDGE_CURVE('',#4231,#4232,#584,.T.);
#3276=EDGE_CURVE('',#4230,#4232,#4549,.F.);
#3277=EDGE_CURVE('',#4231,#4229,#4550,.T.);
#3278=EDGE_CURVE('',#4233,#4234,#585,.T.);
#3279=EDGE_CURVE('',#4232,#4234,#586,.F.);
#3280=EDGE_CURVE('',#4233,#4231,#587,.T.);
#3281=EDGE_CURVE('',#4235,#4236,#588,.T.);
#3282=EDGE_CURVE('',#4234,#4236,#4551,.F.);
#3283=EDGE_CURVE('',#4235,#4233,#4552,.T.);
#3284=EDGE_CURVE('',#4237,#4238,#589,.T.);
#3285=EDGE_CURVE('',#4236,#4238,#590,.T.);
#3286=EDGE_CURVE('',#4237,#4235,#591,.F.);
#3287=EDGE_CURVE('',#4239,#4240,#592,.T.);
#3288=EDGE_CURVE('',#4238,#4240,#4553,.T.);
#3289=EDGE_CURVE('',#4239,#4237,#4554,.F.);
#3290=EDGE_CURVE('',#4241,#4242,#593,.T.);
#3291=EDGE_CURVE('',#4240,#4242,#33,.T.);
#3292=EDGE_CURVE('',#4239,#4241,#594,.T.);
#3293=EDGE_CURVE('',#4243,#4244,#595,.T.);
#3294=EDGE_CURVE('',#4242,#4244,#4555,.T.);
#3295=EDGE_CURVE('',#4243,#4241,#4556,.F.);
#3296=EDGE_CURVE('',#4245,#4246,#596,.T.);
#3297=EDGE_CURVE('',#4244,#4246,#597,.F.);
#3298=EDGE_CURVE('',#4245,#4243,#598,.T.);
#3299=EDGE_CURVE('',#4247,#4248,#599,.T.);
#3300=EDGE_CURVE('',#4246,#4248,#4557,.T.);
#3301=EDGE_CURVE('',#4247,#4245,#4558,.F.);
#3302=EDGE_CURVE('',#4249,#4250,#600,.T.);
#3303=EDGE_CURVE('',#4248,#4250,#601,.T.);
#3304=EDGE_CURVE('',#4249,#4247,#602,.F.);
#3305=EDGE_CURVE('',#4251,#4252,#603,.T.);
#3306=EDGE_CURVE('',#4250,#4252,#4559,.T.);
#3307=EDGE_CURVE('',#4251,#4249,#4560,.F.);
#3308=EDGE_CURVE('',#4253,#4254,#604,.T.);
#3309=EDGE_CURVE('',#4252,#4254,#34,.T.);
#3310=EDGE_CURVE('',#4253,#4251,#35,.T.);
#3311=EDGE_CURVE('',#4255,#4256,#605,.T.);
#3312=EDGE_CURVE('',#4254,#4256,#4561,.T.);
#3313=EDGE_CURVE('',#4255,#4253,#4562,.F.);
#3314=EDGE_CURVE('',#4257,#4258,#606,.T.);
#3315=EDGE_CURVE('',#4256,#4258,#607,.F.);
#3316=EDGE_CURVE('',#4257,#4255,#608,.T.);
#3317=EDGE_CURVE('',#4259,#4260,#609,.T.);
#3318=EDGE_CURVE('',#4258,#4260,#4563,.F.);
#3319=EDGE_CURVE('',#4259,#4257,#4564,.T.);
#3320=EDGE_CURVE('',#4261,#4262,#610,.T.);
#3321=EDGE_CURVE('',#4260,#4262,#611,.T.);
#3322=EDGE_CURVE('',#4261,#4259,#612,.F.);
#3323=EDGE_CURVE('',#4263,#4264,#613,.T.);
#3324=EDGE_CURVE('',#4262,#4264,#36,.T.);
#3325=EDGE_CURVE('',#4263,#4261,#37,.T.);
#3326=EDGE_CURVE('',#4265,#4266,#614,.T.);
#3327=EDGE_CURVE('',#4264,#4266,#38,.T.);
#3328=EDGE_CURVE('',#4265,#4263,#615,.T.);
#3329=EDGE_CURVE('',#4267,#4268,#616,.T.);
#3330=EDGE_CURVE('',#4266,#4268,#4565,.F.);
#3331=EDGE_CURVE('',#4267,#4265,#4566,.T.);
#3332=EDGE_CURVE('',#4269,#4270,#617,.T.);
#3333=EDGE_CURVE('',#4268,#4270,#618,.F.);
#3334=EDGE_CURVE('',#4269,#4267,#39,.T.);
#3335=EDGE_CURVE('',#4271,#4272,#619,.T.);
#3336=EDGE_CURVE('',#4270,#4272,#4567,.T.);
#3337=EDGE_CURVE('',#4271,#4269,#4568,.F.);
#3338=EDGE_CURVE('',#4273,#4274,#620,.T.);
#3339=EDGE_CURVE('',#4272,#4274,#621,.T.);
#3340=EDGE_CURVE('',#4273,#4271,#40,.T.);
#3341=EDGE_CURVE('',#4275,#4276,#622,.T.);
#3342=EDGE_CURVE('',#4274,#4276,#41,.T.);
#3343=EDGE_CURVE('',#4275,#4273,#42,.T.);
#3344=EDGE_CURVE('',#4276,#4151,#623,.F.);
#3345=EDGE_CURVE('',#4152,#4275,#624,.T.);
#3346=EDGE_CURVE('',#4182,#4241,#4569,.T.);
#3347=EDGE_CURVE('',#4183,#4277,#4570,.T.);
#3348=EDGE_CURVE('',#4241,#4277,#4571,.T.);
#3349=EDGE_CURVE('',#4184,#4278,#4572,.T.);
#3350=EDGE_CURVE('',#4179,#4239,#4573,.T.);
#3351=EDGE_CURVE('',#4239,#4278,#4574,.T.);
#3352=EDGE_CURVE('',#4233,#4279,#4575,.F.);
#3353=EDGE_CURVE('',#4280,#4231,#4576,.T.);
#3354=EDGE_CURVE('',#4279,#4280,#625,.T.);
#3355=EDGE_CURVE('',#4249,#4281,#4577,.T.);
#3356=EDGE_CURVE('',#4282,#4247,#4578,.F.);
#3357=EDGE_CURVE('',#4281,#4282,#626,.F.);
#3358=EDGE_CURVE('',#4245,#4283,#4579,.T.);
#3359=EDGE_CURVE('',#4284,#4243,#4580,.F.);
#3360=EDGE_CURVE('',#4283,#4284,#627,.T.);
#3361=EDGE_CURVE('',#4237,#4285,#4581,.F.);
#3362=EDGE_CURVE('',#4286,#4235,#4582,.T.);
#3363=EDGE_CURVE('',#4285,#4286,#628,.F.);
#3364=EDGE_CURVE('',#4286,#4279,#4583,.T.);
#3365=EDGE_CURVE('',#4283,#4282,#4584,.T.);
#3366=EDGE_CURVE('',#4278,#3880,#4585,.T.);
#3367=EDGE_CURVE('',#4277,#3879,#4586,.T.);
#3368=EDGE_CURVE('',#4240,#4287,#4587,.T.);
#3369=EDGE_CURVE('',#4242,#4288,#4588,.T.);
#3370=EDGE_CURVE('',#4287,#4288,#629,.T.);
#3371=EDGE_CURVE('',#4213,#4289,#4589,.T.);
#3372=EDGE_CURVE('',#4290,#4211,#4590,.F.);
#3373=EDGE_CURVE('',#4289,#4290,#630,.F.);
#3374=EDGE_CURVE('',#4269,#4291,#4591,.F.);
#3375=EDGE_CURVE('',#4292,#4267,#4592,.T.);
#3376=EDGE_CURVE('',#4291,#4292,#631,.T.);
#3377=EDGE_CURVE('',#4263,#4293,#4593,.T.);
#3378=EDGE_CURVE('',#4294,#4259,#4594,.F.);
#3379=EDGE_CURVE('',#4295,#4294,#632,.F.);
#3380=EDGE_CURVE('',#4293,#4295,#43,.T.);
#3381=EDGE_CURVE('',#4296,#4217,#4595,.T.);
#3382=EDGE_CURVE('',#4297,#4296,#44,.T.);
#3383=EDGE_CURVE('',#4298,#4297,#633,.T.);
#3384=EDGE_CURVE('',#4221,#4298,#4596,.F.);
#3385=EDGE_CURVE('',#4225,#4299,#4597,.T.);
#3386=EDGE_CURVE('',#4300,#4223,#4598,.F.);
#3387=EDGE_CURVE('',#4299,#4300,#634,.F.);
#3388=EDGE_CURVE('',#4257,#4301,#4599,.F.);
#3389=EDGE_CURVE('',#4302,#4255,#4600,.T.);
#3390=EDGE_CURVE('',#4301,#4302,#635,.T.);
#3391=EDGE_CURVE('',#4285,#4278,#4601,.T.);
#3392=EDGE_CURVE('',#4280,#4303,#4602,.T.);
#3393=EDGE_CURVE('',#4303,#3881,#4603,.T.);
#3394=EDGE_CURVE('',#4230,#4304,#4604,.T.);
#3395=EDGE_CURVE('',#4287,#4304,#4605,.T.);
#3396=EDGE_CURVE('',#4252,#4305,#4606,.T.);
#3397=EDGE_CURVE('',#4288,#4305,#4607,.T.);
#3398=EDGE_CURVE('',#3878,#3915,#4608,.T.);
#3399=EDGE_CURVE('',#4306,#3986,#4609,.T.);
#3400=EDGE_CURVE('',#4281,#4306,#4610,.T.);
#3401=EDGE_CURVE('',#4277,#4284,#4611,.T.);
#3402=EDGE_CURVE('',#4298,#4300,#4612,.T.);
#3403=EDGE_CURVE('',#4294,#4301,#4613,.T.);
#3404=EDGE_CURVE('',#4307,#3683,#4614,.T.);
#3405=EDGE_CURVE('',#4306,#4307,#636,.T.);
#3406=EDGE_CURVE('',#4254,#4308,#4615,.T.);
#3407=EDGE_CURVE('',#4305,#4308,#637,.T.);
#3408=EDGE_CURVE('',#4228,#4309,#4616,.T.);
#3409=EDGE_CURVE('',#4304,#4309,#638,.T.);
#3410=EDGE_CURVE('',#4310,#3882,#4617,.T.);
#3411=EDGE_CURVE('',#4303,#4310,#639,.T.);
#3412=EDGE_CURVE('',#4262,#4311,#4618,.T.);
#3413=EDGE_CURVE('',#4308,#4311,#4619,.T.);
#3414=EDGE_CURVE('',#4295,#3743,#4620,.T.);
#3415=EDGE_CURVE('',#4307,#4302,#4621,.T.);
#3416=EDGE_CURVE('',#4310,#4299,#4622,.T.);
#3417=EDGE_CURVE('',#4297,#3883,#4623,.T.);
#3418=EDGE_CURVE('',#4220,#4312,#4624,.T.);
#3419=EDGE_CURVE('',#4309,#4312,#4625,.T.);
#3420=EDGE_CURVE('',#3937,#3744,#4626,.T.);
#3421=EDGE_CURVE('',#3745,#3926,#4627,.F.);
#3422=EDGE_CURVE('',#3925,#3884,#4628,.T.);
#3423=EDGE_CURVE('',#4313,#4296,#640,.T.);
#3424=EDGE_CURVE('',#4313,#3737,#4629,.T.);
#3425=EDGE_CURVE('',#3736,#3938,#4630,.F.);
#3426=EDGE_CURVE('',#4216,#4314,#4631,.T.);
#3427=EDGE_CURVE('',#4314,#4312,#641,.T.);
#3428=EDGE_CURVE('',#4315,#3742,#4632,.T.);
#3429=EDGE_CURVE('',#4315,#4293,#642,.T.);
#3430=EDGE_CURVE('',#4266,#4316,#4633,.T.);
#3431=EDGE_CURVE('',#4316,#4311,#643,.T.);
#3432=EDGE_CURVE('',#4275,#4317,#4634,.F.);
#3433=EDGE_CURVE('',#4318,#4271,#4635,.T.);
#3434=EDGE_CURVE('',#4319,#4318,#644,.F.);
#3435=EDGE_CURVE('',#4317,#4319,#45,.T.);
#3436=EDGE_CURVE('',#4320,#4205,#4636,.F.);
#3437=EDGE_CURVE('',#4321,#4320,#46,.T.);
#3438=EDGE_CURVE('',#4322,#4321,#645,.T.);
#3439=EDGE_CURVE('',#4209,#4322,#4637,.T.);
#3440=EDGE_CURVE('',#4274,#4323,#4638,.T.);
#3441=EDGE_CURVE('',#4316,#4323,#4639,.T.);
#3442=EDGE_CURVE('',#4291,#4318,#4640,.T.);
#3443=EDGE_CURVE('',#4292,#4315,#4641,.T.);
#3444=EDGE_CURVE('',#4319,#3741,#4642,.T.);
#3445=EDGE_CURVE('',#4313,#4289,#4643,.T.);
#3446=EDGE_CURVE('',#4290,#4322,#4644,.T.);
#3447=EDGE_CURVE('',#4321,#3738,#4645,.T.);
#3448=EDGE_CURVE('',#4208,#4324,#4646,.T.);
#3449=EDGE_CURVE('',#4314,#4324,#4647,.T.);
#3450=EDGE_CURVE('',#4320,#4146,#646,.T.);
#3451=EDGE_CURVE('',#4324,#4149,#647,.T.);
#3452=EDGE_CURVE('',#4317,#4153,#648,.T.);
#3453=EDGE_CURVE('',#4323,#4150,#649,.T.);
#3454=EDGE_CURVE('',#4325,#4325,#650,.T.);
#3455=EDGE_CURVE('',#4326,#4326,#651,.T.);
#3456=EDGE_CURVE('',#4327,#4327,#652,.T.);
#3457=EDGE_CURVE('',#4328,#4328,#653,.T.);
#3458=EDGE_CURVE('',#4329,#4329,#654,.T.);
#3459=EDGE_CURVE('',#4330,#4330,#655,.T.);
#3460=EDGE_CURVE('',#4331,#4331,#656,.T.);
#3461=EDGE_CURVE('',#4332,#4332,#657,.T.);
#3462=EDGE_CURVE('',#4333,#4333,#658,.T.);
#3463=EDGE_CURVE('',#3792,#4019,#4648,.T.);
#3464=EDGE_CURVE('',#4018,#3791,#4649,.F.);
#3465=EDGE_CURVE('',#3793,#4016,#4650,.T.);
#3466=EDGE_CURVE('',#4017,#3794,#4651,.F.);
#3467=EDGE_CURVE('',#4026,#3796,#4652,.T.);
#3468=EDGE_CURVE('',#3795,#4027,#4653,.F.);
#3469=EDGE_CURVE('',#4024,#3798,#4654,.F.);
#3470=EDGE_CURVE('',#3797,#4025,#4655,.T.);
#3471=EDGE_CURVE('',#3799,#4023,#4656,.T.);
#3472=EDGE_CURVE('',#4022,#3800,#4657,.F.);
#3473=EDGE_CURVE('',#3801,#4021,#4658,.T.);
#3474=EDGE_CURVE('',#4020,#3802,#4659,.F.);
#3475=EDGE_CURVE('',#3806,#4031,#4660,.T.);
#3476=EDGE_CURVE('',#4030,#3805,#4661,.F.);
#3477=EDGE_CURVE('',#4029,#3808,#4662,.F.);
#3478=EDGE_CURVE('',#3807,#4028,#4663,.T.);
#3479=EDGE_CURVE('',#4034,#3810,#4664,.F.);
#3480=EDGE_CURVE('',#3809,#4035,#4665,.T.);
#3481=EDGE_CURVE('',#4032,#3812,#4666,.F.);
#3482=EDGE_CURVE('',#3811,#4033,#4667,.F.);
#3483=EDGE_CURVE('',#3786,#4039,#4668,.T.);
#3484=EDGE_CURVE('',#4038,#3785,#4669,.F.);
#3485=EDGE_CURVE('',#4037,#3788,#4670,.F.);
#3486=EDGE_CURVE('',#3787,#4036,#4671,.T.);
#3487=EDGE_CURVE('',#4040,#3790,#4672,.F.);
#3488=EDGE_CURVE('',#3789,#4041,#4673,.T.);
#3489=EDGE_CURVE('',#3814,#4045,#4674,.T.);
#3490=EDGE_CURVE('',#4044,#3813,#4675,.F.);
#3491=EDGE_CURVE('',#4043,#3816,#4676,.F.);
#3492=EDGE_CURVE('',#3815,#4042,#4677,.T.);
#3493=EDGE_CURVE('',#4046,#3818,#4678,.F.);
#3494=EDGE_CURVE('',#3817,#4047,#4679,.T.);
#3495=EDGE_CURVE('',#3675,#4051,#4680,.T.);
#3496=EDGE_CURVE('',#4050,#3676,#4681,.F.);
#3497=EDGE_CURVE('',#4049,#3678,#4682,.F.);
#3498=EDGE_CURVE('',#3677,#4048,#4683,.T.);
#3499=EDGE_CURVE('',#3679,#4054,#4684,.T.);
#3500=EDGE_CURVE('',#4053,#3680,#4685,.F.);
#3501=EDGE_CURVE('',#3681,#4052,#4686,.T.);
#3502=EDGE_CURVE('',#4059,#3819,#4687,.T.);
#3503=EDGE_CURVE('',#3820,#4060,#4688,.F.);
#3504=EDGE_CURVE('',#4057,#3822,#4689,.F.);
#3505=EDGE_CURVE('',#3821,#4058,#4690,.T.);
#3506=EDGE_CURVE('',#4055,#3824,#4691,.F.);
#3507=EDGE_CURVE('',#3823,#4056,#4692,.F.);
#3508=EDGE_CURVE('',#4063,#3826,#4693,.F.);
#3509=EDGE_CURVE('',#3825,#4064,#4694,.T.);
#3510=EDGE_CURVE('',#3827,#4062,#4695,.T.);
#3511=EDGE_CURVE('',#4061,#3828,#4696,.T.);
#3512=EDGE_CURVE('',#3780,#4068,#4697,.F.);
#3513=EDGE_CURVE('',#4067,#3779,#4698,.F.);
#3514=EDGE_CURVE('',#3781,#4065,#4699,.T.);
#3515=EDGE_CURVE('',#4066,#3782,#4700,.F.);
#3516=EDGE_CURVE('',#4069,#3784,#4701,.T.);
#3517=EDGE_CURVE('',#3783,#4070,#4702,.T.);
#3518=EDGE_CURVE('',#3830,#4076,#4703,.T.);
#3519=EDGE_CURVE('',#4075,#3829,#4704,.F.);
#3520=EDGE_CURVE('',#3831,#4074,#4705,.T.);
#3521=EDGE_CURVE('',#4073,#3832,#4706,.F.);
#3522=EDGE_CURVE('',#4072,#3834,#4707,.F.);
#3523=EDGE_CURVE('',#3833,#4071,#4708,.T.);
#3524=EDGE_CURVE('',#3773,#4077,#4709,.F.);
#3525=EDGE_CURVE('',#4078,#3774,#4710,.F.);
#3526=EDGE_CURVE('',#4083,#3776,#4711,.F.);
#3527=EDGE_CURVE('',#3775,#4084,#4712,.T.);
#3528=EDGE_CURVE('',#4081,#3778,#4713,.F.);
#3529=EDGE_CURVE('',#3777,#4082,#4714,.T.);
#3530=EDGE_CURVE('',#3772,#4080,#4715,.T.);
#3531=EDGE_CURVE('',#4079,#3771,#4716,.T.);
#3532=EDGE_CURVE('',#3709,#3965,#4717,.T.);
#3533=EDGE_CURVE('',#3710,#3964,#4718,.T.);
#3534=EDGE_CURVE('',#3963,#3711,#4719,.F.);
#3535=EDGE_CURVE('',#3712,#3962,#4720,.F.);
#3536=EDGE_CURVE('',#3961,#3713,#4721,.T.);
#3537=EDGE_CURVE('',#3714,#3960,#4722,.T.);
#3538=EDGE_CURVE('',#3959,#3715,#4723,.F.);
#3539=EDGE_CURVE('',#3716,#3958,#4724,.F.);
#3540=EDGE_CURVE('',#3957,#3717,#4725,.T.);
#3541=EDGE_CURVE('',#3718,#3956,#4726,.T.);
#3542=EDGE_CURVE('',#3719,#3955,#4727,.T.);
#3543=EDGE_CURVE('',#3720,#3954,#4728,.T.);
#3544=EDGE_CURVE('',#3953,#3721,#4729,.F.);
#3545=EDGE_CURVE('',#3722,#3952,#4730,.T.);
#3546=EDGE_CURVE('',#3951,#3723,#4731,.F.);
#3547=EDGE_CURVE('',#3724,#3950,#4732,.T.);
#3548=EDGE_CURVE('',#3949,#3725,#4733,.F.);
#3549=EDGE_CURVE('',#3726,#3948,#4734,.T.);
#3550=EDGE_CURVE('',#3947,#3727,#4735,.F.);
#3551=EDGE_CURVE('',#3728,#3946,#4736,.T.);
#3552=EDGE_CURVE('',#3945,#3729,#4737,.F.);
#3553=EDGE_CURVE('',#3730,#3944,#4738,.T.);
#3554=EDGE_CURVE('',#3943,#3731,#4739,.F.);
#3555=EDGE_CURVE('',#3732,#3942,#4740,.T.);
#3556=EDGE_CURVE('',#3941,#3733,#4741,.F.);
#3557=EDGE_CURVE('',#3734,#3940,#4742,.F.);
#3558=EDGE_CURVE('',#3939,#3735,#4743,.T.);
#3559=EDGE_CURVE('',#3974,#3700,#4744,.T.);
#3560=EDGE_CURVE('',#3699,#3975,#4745,.T.);
#3561=EDGE_CURVE('',#3701,#3973,#4746,.T.);
#3562=EDGE_CURVE('',#3972,#3702,#4747,.F.);
#3563=EDGE_CURVE('',#3703,#3971,#4748,.T.);
#3564=EDGE_CURVE('',#3970,#3704,#4749,.F.);
#3565=EDGE_CURVE('',#3705,#3969,#4750,.T.);
#3566=EDGE_CURVE('',#3968,#3706,#4751,.F.);
#3567=EDGE_CURVE('',#3707,#3967,#4752,.F.);
#3568=EDGE_CURVE('',#3966,#3708,#4753,.F.);
#3569=EDGE_CURVE('',#3836,#4088,#4754,.T.);
#3570=EDGE_CURVE('',#4087,#3835,#4755,.F.);
#3571=EDGE_CURVE('',#3837,#4085,#4756,.T.);
#3572=EDGE_CURVE('',#4086,#3838,#4757,.F.);
#3573=EDGE_CURVE('',#4091,#3840,#4758,.T.);
#3574=EDGE_CURVE('',#3839,#4092,#4759,.T.);
#3575=EDGE_CURVE('',#3841,#4090,#4760,.F.);
#3576=EDGE_CURVE('',#4089,#3842,#4761,.T.);
#3577=EDGE_CURVE('',#3685,#3985,#4762,.T.);
#3578=EDGE_CURVE('',#3984,#3686,#4763,.F.);
#3579=EDGE_CURVE('',#3687,#3983,#4764,.T.);
#3580=EDGE_CURVE('',#3982,#3688,#4765,.F.);
#3581=EDGE_CURVE('',#3689,#3981,#4766,.T.);
#3582=EDGE_CURVE('',#3980,#3690,#4767,.F.);
#3583=EDGE_CURVE('',#3691,#3979,#4768,.F.);
#3584=EDGE_CURVE('',#3692,#3978,#4769,.T.);
#3585=EDGE_CURVE('',#3746,#3936,#4770,.T.);
#3586=EDGE_CURVE('',#3935,#3747,#4771,.F.);
#3587=EDGE_CURVE('',#3748,#3934,#4772,.T.);
#3588=EDGE_CURVE('',#3933,#3749,#4773,.T.);
#3589=EDGE_CURVE('',#3750,#3932,#4774,.T.);
#3590=EDGE_CURVE('',#3931,#3751,#4775,.F.);
#3591=EDGE_CURVE('',#3752,#3930,#4776,.T.);
#3592=EDGE_CURVE('',#3929,#3753,#4777,.F.);
#3593=EDGE_CURVE('',#3927,#3755,#4778,.F.);
#3594=EDGE_CURVE('',#3754,#3928,#4779,.T.);
#3595=EDGE_CURVE('',#3766,#4098,#4780,.T.);
#3596=EDGE_CURVE('',#4097,#3765,#4781,.F.);
#3597=EDGE_CURVE('',#4095,#3768,#4782,.F.);
#3598=EDGE_CURVE('',#3767,#4096,#4783,.T.);
#3599=EDGE_CURVE('',#3769,#4094,#4784,.T.);
#3600=EDGE_CURVE('',#4093,#3770,#4785,.F.);
#3601=EDGE_CURVE('',#4103,#3843,#4786,.T.);
#3602=EDGE_CURVE('',#3844,#4104,#4787,.F.);
#3603=EDGE_CURVE('',#4101,#3846,#4788,.F.);
#3604=EDGE_CURVE('',#3845,#4102,#4789,.T.);
#3605=EDGE_CURVE('',#4099,#3848,#4790,.F.);
#3606=EDGE_CURVE('',#3847,#4100,#4791,.F.);
#3607=EDGE_CURVE('',#3849,#4107,#4792,.T.);
#3608=EDGE_CURVE('',#4106,#3850,#4793,.T.);
#3609=EDGE_CURVE('',#3759,#4111,#4794,.T.);
#3610=EDGE_CURVE('',#4110,#3758,#4795,.F.);
#3611=EDGE_CURVE('',#3760,#4108,#4796,.T.);
#3612=EDGE_CURVE('',#4109,#3761,#4797,.F.);
#3613=EDGE_CURVE('',#4112,#3764,#4798,.F.);
#3614=EDGE_CURVE('',#3763,#4113,#4799,.T.);
#3615=EDGE_CURVE('',#4117,#3852,#4800,.F.);
#3616=EDGE_CURVE('',#3853,#4118,#4801,.T.);
#3617=EDGE_CURVE('',#4116,#3855,#4802,.F.);
#3618=EDGE_CURVE('',#3854,#4115,#4803,.T.);
#3619=EDGE_CURVE('',#4128,#3857,#4804,.F.);
#3620=EDGE_CURVE('',#3856,#4129,#4805,.T.);
#3621=EDGE_CURVE('',#4126,#3859,#4806,.T.);
#3622=EDGE_CURVE('',#3858,#4127,#4807,.T.);
#3623=EDGE_CURVE('',#3860,#4125,#4808,.F.);
#3624=EDGE_CURVE('',#4124,#3861,#4809,.F.);
#3625=EDGE_CURVE('',#3862,#4123,#4810,.T.);
#3626=EDGE_CURVE('',#4122,#3863,#4811,.F.);
#3627=EDGE_CURVE('',#3864,#4121,#4812,.T.);
#3628=EDGE_CURVE('',#4120,#3865,#4813,.F.);
#3629=EDGE_CURVE('',#3866,#4119,#4814,.T.);
#3630=EDGE_CURVE('',#3667,#4133,#4815,.F.);
#3631=EDGE_CURVE('',#4132,#3668,#4816,.F.);
#3632=EDGE_CURVE('',#3669,#4130,#4817,.T.);
#3633=EDGE_CURVE('',#3670,#4131,#4818,.T.);
#3634=EDGE_CURVE('',#4137,#3671,#4819,.F.);
#3635=EDGE_CURVE('',#4135,#3673,#4820,.F.);
#3636=EDGE_CURVE('',#3672,#4136,#4821,.F.);
#3637=EDGE_CURVE('',#3674,#4134,#4822,.T.);
#3638=EDGE_CURVE('',#3868,#4141,#4823,.F.);
#3639=EDGE_CURVE('',#4140,#3867,#4824,.F.);
#3640=EDGE_CURVE('',#4139,#3870,#4825,.F.);
#3641=EDGE_CURVE('',#3869,#4138,#4826,.T.);
#3642=EDGE_CURVE('',#3871,#4145,#4827,.T.);
#3643=EDGE_CURVE('',#4144,#3872,#4828,.F.);
#3644=EDGE_CURVE('',#3873,#4143,#4829,.T.);
#3645=EDGE_CURVE('',#4142,#3874,#4830,.F.);
#3646=EDGE_CURVE('',#3885,#3924,#4831,.F.);
#3647=EDGE_CURVE('',#3886,#3923,#4832,.T.);
#3648=EDGE_CURVE('',#3922,#3887,#4833,.F.);
#3649=EDGE_CURVE('',#3920,#3889,#4834,.F.);
#3650=EDGE_CURVE('',#3888,#3921,#4835,.T.);
#3651=EDGE_CURVE('',#3918,#3875,#4836,.T.);
#3652=EDGE_CURVE('',#3890,#3919,#4837,.T.);
#3653=EDGE_CURVE('',#3977,#3693,#4838,.F.);
#3654=EDGE_CURVE('',#3698,#3976,#4839,.T.);
#3655=EDGE_CURVE('',#3917,#3876,#4840,.F.);
#3656=EDGE_CURVE('',#3877,#3916,#4841,.T.);
#3657=EDGE_CURVE('',#4114,#3762,#4842,.F.);
#3658=EDGE_CURVE('',#4105,#3851,#4843,.F.);
#3659=VERTEX_POINT('',#9978);
#3660=VERTEX_POINT('',#9979);
#3661=VERTEX_POINT('',#9981);
#3662=VERTEX_POINT('',#9983);
#3663=VERTEX_POINT('',#9987);
#3664=VERTEX_POINT('',#9988);
#3665=VERTEX_POINT('',#9990);
#3666=VERTEX_POINT('',#9992);
#3667=VERTEX_POINT('',#9996);
#3668=VERTEX_POINT('',#9998);
#3669=VERTEX_POINT('',#10000);
#3670=VERTEX_POINT('',#10002);
#3671=VERTEX_POINT('',#10004);
#3672=VERTEX_POINT('',#10006);
#3673=VERTEX_POINT('',#10008);
#3674=VERTEX_POINT('',#10010);
#3675=VERTEX_POINT('',#10013);
#3676=VERTEX_POINT('',#10015);
#3677=VERTEX_POINT('',#10017);
#3678=VERTEX_POINT('',#10019);
#3679=VERTEX_POINT('',#10021);
#3680=VERTEX_POINT('',#10023);
#3681=VERTEX_POINT('',#10025);
#3682=VERTEX_POINT('',#10028);
#3683=VERTEX_POINT('',#10029);
#3684=VERTEX_POINT('',#10031);
#3685=VERTEX_POINT('',#10033);
#3686=VERTEX_POINT('',#10035);
#3687=VERTEX_POINT('',#10037);
#3688=VERTEX_POINT('',#10039);
#3689=VERTEX_POINT('',#10041);
#3690=VERTEX_POINT('',#10043);
#3691=VERTEX_POINT('',#10045);
#3692=VERTEX_POINT('',#10047);
#3693=VERTEX_POINT('',#10049);
#3694=VERTEX_POINT('',#10051);
#3695=VERTEX_POINT('',#10053);
#3696=VERTEX_POINT('',#10055);
#3697=VERTEX_POINT('',#10057);
#3698=VERTEX_POINT('',#10059);
#3699=VERTEX_POINT('',#10061);
#3700=VERTEX_POINT('',#10063);
#3701=VERTEX_POINT('',#10065);
#3702=VERTEX_POINT('',#10067);
#3703=VERTEX_POINT('',#10069);
#3704=VERTEX_POINT('',#10071);
#3705=VERTEX_POINT('',#10073);
#3706=VERTEX_POINT('',#10075);
#3707=VERTEX_POINT('',#10077);
#3708=VERTEX_POINT('',#10079);
#3709=VERTEX_POINT('',#10081);
#3710=VERTEX_POINT('',#10083);
#3711=VERTEX_POINT('',#10085);
#3712=VERTEX_POINT('',#10087);
#3713=VERTEX_POINT('',#10089);
#3714=VERTEX_POINT('',#10091);
#3715=VERTEX_POINT('',#10093);
#3716=VERTEX_POINT('',#10095);
#3717=VERTEX_POINT('',#10097);
#3718=VERTEX_POINT('',#10099);
#3719=VERTEX_POINT('',#10101);
#3720=VERTEX_POINT('',#10103);
#3721=VERTEX_POINT('',#10105);
#3722=VERTEX_POINT('',#10107);
#3723=VERTEX_POINT('',#10109);
#3724=VERTEX_POINT('',#10111);
#3725=VERTEX_POINT('',#10113);
#3726=VERTEX_POINT('',#10115);
#3727=VERTEX_POINT('',#10117);
#3728=VERTEX_POINT('',#10119);
#3729=VERTEX_POINT('',#10121);
#3730=VERTEX_POINT('',#10123);
#3731=VERTEX_POINT('',#10125);
#3732=VERTEX_POINT('',#10127);
#3733=VERTEX_POINT('',#10129);
#3734=VERTEX_POINT('',#10131);
#3735=VERTEX_POINT('',#10133);
#3736=VERTEX_POINT('',#10135);
#3737=VERTEX_POINT('',#10137);
#3738=VERTEX_POINT('',#10139);
#3739=VERTEX_POINT('',#10141);
#3740=VERTEX_POINT('',#10143);
#3741=VERTEX_POINT('',#10145);
#3742=VERTEX_POINT('',#10147);
#3743=VERTEX_POINT('',#10149);
#3744=VERTEX_POINT('',#10152);
#3745=VERTEX_POINT('',#10153);
#3746=VERTEX_POINT('',#10155);
#3747=VERTEX_POINT('',#10157);
#3748=VERTEX_POINT('',#10159);
#3749=VERTEX_POINT('',#10161);
#3750=VERTEX_POINT('',#10163);
#3751=VERTEX_POINT('',#10165);
#3752=VERTEX_POINT('',#10167);
#3753=VERTEX_POINT('',#10169);
#3754=VERTEX_POINT('',#10171);
#3755=VERTEX_POINT('',#10173);
#3756=VERTEX_POINT('',#10176);
#3757=VERTEX_POINT('',#10178);
#3758=VERTEX_POINT('',#10180);
#3759=VERTEX_POINT('',#10181);
#3760=VERTEX_POINT('',#10183);
#3761=VERTEX_POINT('',#10185);
#3762=VERTEX_POINT('',#10187);
#3763=VERTEX_POINT('',#10189);
#3764=VERTEX_POINT('',#10191);
#3765=VERTEX_POINT('',#10194);
#3766=VERTEX_POINT('',#10195);
#3767=VERTEX_POINT('',#10197);
#3768=VERTEX_POINT('',#10199);
#3769=VERTEX_POINT('',#10201);
#3770=VERTEX_POINT('',#10203);
#3771=VERTEX_POINT('',#10206);
#3772=VERTEX_POINT('',#10207);
#3773=VERTEX_POINT('',#10209);
#3774=VERTEX_POINT('',#10211);
#3775=VERTEX_POINT('',#10213);
#3776=VERTEX_POINT('',#10215);
#3777=VERTEX_POINT('',#10217);
#3778=VERTEX_POINT('',#10219);
#3779=VERTEX_POINT('',#10222);
#3780=VERTEX_POINT('',#10223);
#3781=VERTEX_POINT('',#10225);
#3782=VERTEX_POINT('',#10227);
#3783=VERTEX_POINT('',#10229);
#3784=VERTEX_POINT('',#10231);
#3785=VERTEX_POINT('',#10234);
#3786=VERTEX_POINT('',#10235);
#3787=VERTEX_POINT('',#10237);
#3788=VERTEX_POINT('',#10239);
#3789=VERTEX_POINT('',#10241);
#3790=VERTEX_POINT('',#10243);
#3791=VERTEX_POINT('',#10246);
#3792=VERTEX_POINT('',#10247);
#3793=VERTEX_POINT('',#10249);
#3794=VERTEX_POINT('',#10251);
#3795=VERTEX_POINT('',#10253);
#3796=VERTEX_POINT('',#10255);
#3797=VERTEX_POINT('',#10257);
#3798=VERTEX_POINT('',#10259);
#3799=VERTEX_POINT('',#10261);
#3800=VERTEX_POINT('',#10263);
#3801=VERTEX_POINT('',#10265);
#3802=VERTEX_POINT('',#10267);
#3803=VERTEX_POINT('',#10270);
#3804=VERTEX_POINT('',#10272);
#3805=VERTEX_POINT('',#10274);
#3806=VERTEX_POINT('',#10275);
#3807=VERTEX_POINT('',#10277);
#3808=VERTEX_POINT('',#10279);
#3809=VERTEX_POINT('',#10281);
#3810=VERTEX_POINT('',#10283);
#3811=VERTEX_POINT('',#10285);
#3812=VERTEX_POINT('',#10287);
#3813=VERTEX_POINT('',#10290);
#3814=VERTEX_POINT('',#10291);
#3815=VERTEX_POINT('',#10293);
#3816=VERTEX_POINT('',#10295);
#3817=VERTEX_POINT('',#10297);
#3818=VERTEX_POINT('',#10299);
#3819=VERTEX_POINT('',#10302);
#3820=VERTEX_POINT('',#10303);
#3821=VERTEX_POINT('',#10305);
#3822=VERTEX_POINT('',#10307);
#3823=VERTEX_POINT('',#10309);
#3824=VERTEX_POINT('',#10311);
#3825=VERTEX_POINT('',#10313);
#3826=VERTEX_POINT('',#10315);
#3827=VERTEX_POINT('',#10317);
#3828=VERTEX_POINT('',#10319);
#3829=VERTEX_POINT('',#10322);
#3830=VERTEX_POINT('',#10323);
#3831=VERTEX_POINT('',#10325);
#3832=VERTEX_POINT('',#10327);
#3833=VERTEX_POINT('',#10329);
#3834=VERTEX_POINT('',#10331);
#3835=VERTEX_POINT('',#10334);
#3836=VERTEX_POINT('',#10335);
#3837=VERTEX_POINT('',#10337);
#3838=VERTEX_POINT('',#10339);
#3839=VERTEX_POINT('',#10341);
#3840=VERTEX_POINT('',#10343);
#3841=VERTEX_POINT('',#10345);
#3842=VERTEX_POINT('',#10347);
#3843=VERTEX_POINT('',#10350);
#3844=VERTEX_POINT('',#10351);
#3845=VERTEX_POINT('',#10353);
#3846=VERTEX_POINT('',#10355);
#3847=VERTEX_POINT('',#10357);
#3848=VERTEX_POINT('',#10359);
#3849=VERTEX_POINT('',#10361);
#3850=VERTEX_POINT('',#10363);
#3851=VERTEX_POINT('',#10365);
#3852=VERTEX_POINT('',#10368);
#3853=VERTEX_POINT('',#10369);
#3854=VERTEX_POINT('',#10371);
#3855=VERTEX_POINT('',#10373);
#3856=VERTEX_POINT('',#10375);
#3857=VERTEX_POINT('',#10377);
#3858=VERTEX_POINT('',#10379);
#3859=VERTEX_POINT('',#10381);
#3860=VERTEX_POINT('',#10383);
#3861=VERTEX_POINT('',#10385);
#3862=VERTEX_POINT('',#10387);
#3863=VERTEX_POINT('',#10389);
#3864=VERTEX_POINT('',#10391);
#3865=VERTEX_POINT('',#10393);
#3866=VERTEX_POINT('',#10395);
#3867=VERTEX_POINT('',#10398);
#3868=VERTEX_POINT('',#10399);
#3869=VERTEX_POINT('',#10401);
#3870=VERTEX_POINT('',#10403);
#3871=VERTEX_POINT('',#10405);
#3872=VERTEX_POINT('',#10407);
#3873=VERTEX_POINT('',#10409);
#3874=VERTEX_POINT('',#10411);
#3875=VERTEX_POINT('',#10414);
#3876=VERTEX_POINT('',#10415);
#3877=VERTEX_POINT('',#10417);
#3878=VERTEX_POINT('',#10419);
#3879=VERTEX_POINT('',#10421);
#3880=VERTEX_POINT('',#10423);
#3881=VERTEX_POINT('',#10425);
#3882=VERTEX_POINT('',#10427);
#3883=VERTEX_POINT('',#10429);
#3884=VERTEX_POINT('',#10431);
#3885=VERTEX_POINT('',#10433);
#3886=VERTEX_POINT('',#10435);
#3887=VERTEX_POINT('',#10437);
#3888=VERTEX_POINT('',#10439);
#3889=VERTEX_POINT('',#10441);
#3890=VERTEX_POINT('',#10443);
#3891=VERTEX_POINT('',#10446);
#3892=VERTEX_POINT('',#10448);
#3893=VERTEX_POINT('',#10450);
#3894=VERTEX_POINT('',#10452);
#3895=VERTEX_POINT('',#10454);
#3896=VERTEX_POINT('',#10456);
#3897=VERTEX_POINT('',#10458);
#3898=VERTEX_POINT('',#10460);
#3899=VERTEX_POINT('',#10462);
#3900=VERTEX_POINT('',#10464);
#3901=VERTEX_POINT('',#10466);
#3902=VERTEX_POINT('',#10468);
#3903=VERTEX_POINT('',#10470);
#3904=VERTEX_POINT('',#10473);
#3905=VERTEX_POINT('',#10475);
#3906=VERTEX_POINT('',#10479);
#3907=VERTEX_POINT('',#10481);
#3908=VERTEX_POINT('',#10483);
#3909=VERTEX_POINT('',#10485);
#3910=VERTEX_POINT('',#10489);
#3911=VERTEX_POINT('',#10490);
#3912=VERTEX_POINT('',#10492);
#3913=VERTEX_POINT('',#10494);
#3914=VERTEX_POINT('',#10496);
#3915=VERTEX_POINT('',#10501);
#3916=VERTEX_POINT('',#10502);
#3917=VERTEX_POINT('',#10504);
#3918=VERTEX_POINT('',#10506);
#3919=VERTEX_POINT('',#10508);
#3920=VERTEX_POINT('',#10510);
#3921=VERTEX_POINT('',#10512);
#3922=VERTEX_POINT('',#10514);
#3923=VERTEX_POINT('',#10516);
#3924=VERTEX_POINT('',#10518);
#3925=VERTEX_POINT('',#10520);
#3926=VERTEX_POINT('',#10522);
#3927=VERTEX_POINT('',#10524);
#3928=VERTEX_POINT('',#10526);
#3929=VERTEX_POINT('',#10528);
#3930=VERTEX_POINT('',#10530);
#3931=VERTEX_POINT('',#10532);
#3932=VERTEX_POINT('',#10534);
#3933=VERTEX_POINT('',#10536);
#3934=VERTEX_POINT('',#10538);
#3935=VERTEX_POINT('',#10540);
#3936=VERTEX_POINT('',#10542);
#3937=VERTEX_POINT('',#10544);
#3938=VERTEX_POINT('',#10546);
#3939=VERTEX_POINT('',#10548);
#3940=VERTEX_POINT('',#10550);
#3941=VERTEX_POINT('',#10552);
#3942=VERTEX_POINT('',#10554);
#3943=VERTEX_POINT('',#10556);
#3944=VERTEX_POINT('',#10558);
#3945=VERTEX_POINT('',#10560);
#3946=VERTEX_POINT('',#10562);
#3947=VERTEX_POINT('',#10564);
#3948=VERTEX_POINT('',#10566);
#3949=VERTEX_POINT('',#10568);
#3950=VERTEX_POINT('',#10570);
#3951=VERTEX_POINT('',#10572);
#3952=VERTEX_POINT('',#10574);
#3953=VERTEX_POINT('',#10576);
#3954=VERTEX_POINT('',#10578);
#3955=VERTEX_POINT('',#10580);
#3956=VERTEX_POINT('',#10582);
#3957=VERTEX_POINT('',#10584);
#3958=VERTEX_POINT('',#10586);
#3959=VERTEX_POINT('',#10588);
#3960=VERTEX_POINT('',#10590);
#3961=VERTEX_POINT('',#10592);
#3962=VERTEX_POINT('',#10594);
#3963=VERTEX_POINT('',#10596);
#3964=VERTEX_POINT('',#10598);
#3965=VERTEX_POINT('',#10600);
#3966=VERTEX_POINT('',#10602);
#3967=VERTEX_POINT('',#10604);
#3968=VERTEX_POINT('',#10606);
#3969=VERTEX_POINT('',#10608);
#3970=VERTEX_POINT('',#10610);
#3971=VERTEX_POINT('',#10612);
#3972=VERTEX_POINT('',#10614);
#3973=VERTEX_POINT('',#10616);
#3974=VERTEX_POINT('',#10618);
#3975=VERTEX_POINT('',#10620);
#3976=VERTEX_POINT('',#10622);
#3977=VERTEX_POINT('',#10626);
#3978=VERTEX_POINT('',#10628);
#3979=VERTEX_POINT('',#10630);
#3980=VERTEX_POINT('',#10632);
#3981=VERTEX_POINT('',#10634);
#3982=VERTEX_POINT('',#10636);
#3983=VERTEX_POINT('',#10638);
#3984=VERTEX_POINT('',#10640);
#3985=VERTEX_POINT('',#10642);
#3986=VERTEX_POINT('',#10645);
#3987=VERTEX_POINT('',#10648);
#3988=VERTEX_POINT('',#10650);
#3989=VERTEX_POINT('',#10651);
#3990=VERTEX_POINT('',#10653);
#3991=VERTEX_POINT('',#10655);
#3992=VERTEX_POINT('',#10657);
#3993=VERTEX_POINT('',#10659);
#3994=VERTEX_POINT('',#10661);
#3995=VERTEX_POINT('',#10663);
#3996=VERTEX_POINT('',#10666);
#3997=VERTEX_POINT('',#10668);
#3998=VERTEX_POINT('',#10670);
#3999=VERTEX_POINT('',#10672);
#4000=VERTEX_POINT('',#10674);
#4001=VERTEX_POINT('',#10676);
#4002=VERTEX_POINT('',#10678);
#4003=VERTEX_POINT('',#10680);
#4004=VERTEX_POINT('',#10681);
#4005=VERTEX_POINT('',#10683);
#4006=VERTEX_POINT('',#10685);
#4007=VERTEX_POINT('',#10687);
#4008=VERTEX_POINT('',#10689);
#4009=VERTEX_POINT('',#10691);
#4010=VERTEX_POINT('',#10693);
#4011=VERTEX_POINT('',#10696);
#4012=VERTEX_POINT('',#10698);
#4013=VERTEX_POINT('',#10700);
#4014=VERTEX_POINT('',#10702);
#4015=VERTEX_POINT('',#10704);
#4016=VERTEX_POINT('',#10706);
#4017=VERTEX_POINT('',#10707);
#4018=VERTEX_POINT('',#10709);
#4019=VERTEX_POINT('',#10711);
#4020=VERTEX_POINT('',#10713);
#4021=VERTEX_POINT('',#10715);
#4022=VERTEX_POINT('',#10717);
#4023=VERTEX_POINT('',#10719);
#4024=VERTEX_POINT('',#10721);
#4025=VERTEX_POINT('',#10723);
#4026=VERTEX_POINT('',#10725);
#4027=VERTEX_POINT('',#10727);
#4028=VERTEX_POINT('',#10730);
#4029=VERTEX_POINT('',#10731);
#4030=VERTEX_POINT('',#10733);
#4031=VERTEX_POINT('',#10735);
#4032=VERTEX_POINT('',#10737);
#4033=VERTEX_POINT('',#10739);
#4034=VERTEX_POINT('',#10741);
#4035=VERTEX_POINT('',#10743);
#4036=VERTEX_POINT('',#10746);
#4037=VERTEX_POINT('',#10747);
#4038=VERTEX_POINT('',#10749);
#4039=VERTEX_POINT('',#10751);
#4040=VERTEX_POINT('',#10753);
#4041=VERTEX_POINT('',#10755);
#4042=VERTEX_POINT('',#10758);
#4043=VERTEX_POINT('',#10759);
#4044=VERTEX_POINT('',#10761);
#4045=VERTEX_POINT('',#10763);
#4046=VERTEX_POINT('',#10765);
#4047=VERTEX_POINT('',#10767);
#4048=VERTEX_POINT('',#10770);
#4049=VERTEX_POINT('',#10771);
#4050=VERTEX_POINT('',#10773);
#4051=VERTEX_POINT('',#10775);
#4052=VERTEX_POINT('',#10778);
#4053=VERTEX_POINT('',#10780);
#4054=VERTEX_POINT('',#10782);
#4055=VERTEX_POINT('',#10785);
#4056=VERTEX_POINT('',#10786);
#4057=VERTEX_POINT('',#10788);
#4058=VERTEX_POINT('',#10790);
#4059=VERTEX_POINT('',#10792);
#4060=VERTEX_POINT('',#10794);
#4061=VERTEX_POINT('',#10796);
#4062=VERTEX_POINT('',#10798);
#4063=VERTEX_POINT('',#10800);
#4064=VERTEX_POINT('',#10802);
#4065=VERTEX_POINT('',#10805);
#4066=VERTEX_POINT('',#10806);
#4067=VERTEX_POINT('',#10808);
#4068=VERTEX_POINT('',#10810);
#4069=VERTEX_POINT('',#10812);
#4070=VERTEX_POINT('',#10814);
#4071=VERTEX_POINT('',#10817);
#4072=VERTEX_POINT('',#10818);
#4073=VERTEX_POINT('',#10820);
#4074=VERTEX_POINT('',#10822);
#4075=VERTEX_POINT('',#10824);
#4076=VERTEX_POINT('',#10826);
#4077=VERTEX_POINT('',#10829);
#4078=VERTEX_POINT('',#10830);
#4079=VERTEX_POINT('',#10832);
#4080=VERTEX_POINT('',#10834);
#4081=VERTEX_POINT('',#10836);
#4082=VERTEX_POINT('',#10838);
#4083=VERTEX_POINT('',#10840);
#4084=VERTEX_POINT('',#10842);
#4085=VERTEX_POINT('',#10845);
#4086=VERTEX_POINT('',#10846);
#4087=VERTEX_POINT('',#10848);
#4088=VERTEX_POINT('',#10850);
#4089=VERTEX_POINT('',#10852);
#4090=VERTEX_POINT('',#10854);
#4091=VERTEX_POINT('',#10856);
#4092=VERTEX_POINT('',#10858);
#4093=VERTEX_POINT('',#10861);
#4094=VERTEX_POINT('',#10862);
#4095=VERTEX_POINT('',#10864);
#4096=VERTEX_POINT('',#10866);
#4097=VERTEX_POINT('',#10868);
#4098=VERTEX_POINT('',#10870);
#4099=VERTEX_POINT('',#10873);
#4100=VERTEX_POINT('',#10874);
#4101=VERTEX_POINT('',#10876);
#4102=VERTEX_POINT('',#10878);
#4103=VERTEX_POINT('',#10880);
#4104=VERTEX_POINT('',#10882);
#4105=VERTEX_POINT('',#10884);
#4106=VERTEX_POINT('',#10886);
#4107=VERTEX_POINT('',#10888);
#4108=VERTEX_POINT('',#10891);
#4109=VERTEX_POINT('',#10892);
#4110=VERTEX_POINT('',#10894);
#4111=VERTEX_POINT('',#10896);
#4112=VERTEX_POINT('',#10898);
#4113=VERTEX_POINT('',#10900);
#4114=VERTEX_POINT('',#10902);
#4115=VERTEX_POINT('',#10905);
#4116=VERTEX_POINT('',#10906);
#4117=VERTEX_POINT('',#10908);
#4118=VERTEX_POINT('',#10910);
#4119=VERTEX_POINT('',#10912);
#4120=VERTEX_POINT('',#10914);
#4121=VERTEX_POINT('',#10916);
#4122=VERTEX_POINT('',#10918);
#4123=VERTEX_POINT('',#10920);
#4124=VERTEX_POINT('',#10922);
#4125=VERTEX_POINT('',#10924);
#4126=VERTEX_POINT('',#10926);
#4127=VERTEX_POINT('',#10928);
#4128=VERTEX_POINT('',#10930);
#4129=VERTEX_POINT('',#10932);
#4130=VERTEX_POINT('',#10935);
#4131=VERTEX_POINT('',#10936);
#4132=VERTEX_POINT('',#10938);
#4133=VERTEX_POINT('',#10940);
#4134=VERTEX_POINT('',#10943);
#4135=VERTEX_POINT('',#10945);
#4136=VERTEX_POINT('',#10947);
#4137=VERTEX_POINT('',#10949);
#4138=VERTEX_POINT('',#10952);
#4139=VERTEX_POINT('',#10953);
#4140=VERTEX_POINT('',#10955);
#4141=VERTEX_POINT('',#10957);
#4142=VERTEX_POINT('',#10959);
#4143=VERTEX_POINT('',#10961);
#4144=VERTEX_POINT('',#10963);
#4145=VERTEX_POINT('',#10965);
#4146=VERTEX_POINT('',#10969);
#4147=VERTEX_POINT('',#10971);
#4148=VERTEX_POINT('',#10973);
#4149=VERTEX_POINT('',#10975);
#4150=VERTEX_POINT('',#10977);
#4151=VERTEX_POINT('',#10979);
#4152=VERTEX_POINT('',#10981);
#4153=VERTEX_POINT('',#10983);
#4154=VERTEX_POINT('',#10987);
#4155=VERTEX_POINT('',#10989);
#4156=VERTEX_POINT('',#10993);
#4157=VERTEX_POINT('',#10996);
#4158=VERTEX_POINT('',#10998);
#4159=VERTEX_POINT('',#11001);
#4160=VERTEX_POINT('',#11005);
#4161=VERTEX_POINT('',#11007);
#4162=VERTEX_POINT('',#11010);
#4163=VERTEX_POINT('',#11014);
#4164=VERTEX_POINT('',#11016);
#4165=VERTEX_POINT('',#11020);
#4166=VERTEX_POINT('',#11022);
#4167=VERTEX_POINT('',#11026);
#4168=VERTEX_POINT('',#11027);
#4169=VERTEX_POINT('',#11032);
#4170=VERTEX_POINT('',#11035);
#4171=VERTEX_POINT('',#11037);
#4172=VERTEX_POINT('',#11041);
#4173=VERTEX_POINT('',#11058);
#4174=VERTEX_POINT('',#11060);
#4175=VERTEX_POINT('',#11063);
#4176=VERTEX_POINT('',#11065);
#4177=VERTEX_POINT('',#11069);
#4178=VERTEX_POINT('',#11071);
#4179=VERTEX_POINT('',#11080);
#4180=VERTEX_POINT('',#11081);
#4181=VERTEX_POINT('',#11083);
#4182=VERTEX_POINT('',#11090);
#4183=VERTEX_POINT('',#11098);
#4184=VERTEX_POINT('',#11102);
#4185=VERTEX_POINT('',#11110);
#4186=VERTEX_POINT('',#11113);
#4187=VERTEX_POINT('',#11116);
#4188=VERTEX_POINT('',#11118);
#4189=VERTEX_POINT('',#11122);
#4190=VERTEX_POINT('',#11124);
#4191=VERTEX_POINT('',#11128);
#4192=VERTEX_POINT('',#11130);
#4193=VERTEX_POINT('',#11134);
#4194=VERTEX_POINT('',#11136);
#4195=VERTEX_POINT('',#11140);
#4196=VERTEX_POINT('',#11141);
#4197=VERTEX_POINT('',#11146);
#4198=VERTEX_POINT('',#11147);
#4199=VERTEX_POINT('',#11152);
#4200=VERTEX_POINT('',#11153);
#4201=VERTEX_POINT('',#11158);
#4202=VERTEX_POINT('',#11159);
#4203=VERTEX_POINT('',#11168);
#4204=VERTEX_POINT('',#11170);
#4205=VERTEX_POINT('',#11177);
#4206=VERTEX_POINT('',#11178);
#4207=VERTEX_POINT('',#11197);
#4208=VERTEX_POINT('',#11198);
#4209=VERTEX_POINT('',#11209);
#4210=VERTEX_POINT('',#11210);
#4211=VERTEX_POINT('',#11218);
#4212=VERTEX_POINT('',#11219);
#4213=VERTEX_POINT('',#11224);
#4214=VERTEX_POINT('',#11225);
#4215=VERTEX_POINT('',#11234);
#4216=VERTEX_POINT('',#11235);
#4217=VERTEX_POINT('',#11240);
#4218=VERTEX_POINT('',#11241);
#4219=VERTEX_POINT('',#11277);
#4220=VERTEX_POINT('',#11278);
#4221=VERTEX_POINT('',#11289);
#4222=VERTEX_POINT('',#11290);
#4223=VERTEX_POINT('',#11299);
#4224=VERTEX_POINT('',#11300);
#4225=VERTEX_POINT('',#11305);
#4226=VERTEX_POINT('',#11306);
#4227=VERTEX_POINT('',#11311);
#4228=VERTEX_POINT('',#11312);
#4229=VERTEX_POINT('',#11346);
#4230=VERTEX_POINT('',#11347);
#4231=VERTEX_POINT('',#11365);
#4232=VERTEX_POINT('',#11366);
#4233=VERTEX_POINT('',#11371);
#4234=VERTEX_POINT('',#11372);
#4235=VERTEX_POINT('',#11377);
#4236=VERTEX_POINT('',#11378);
#4237=VERTEX_POINT('',#11383);
#4238=VERTEX_POINT('',#11384);
#4239=VERTEX_POINT('',#11389);
#4240=VERTEX_POINT('',#11390);
#4241=VERTEX_POINT('',#11424);
#4242=VERTEX_POINT('',#11425);
#4243=VERTEX_POINT('',#11439);
#4244=VERTEX_POINT('',#11440);
#4245=VERTEX_POINT('',#11445);
#4246=VERTEX_POINT('',#11446);
#4247=VERTEX_POINT('',#11451);
#4248=VERTEX_POINT('',#11452);
#4249=VERTEX_POINT('',#11457);
#4250=VERTEX_POINT('',#11458);
#4251=VERTEX_POINT('',#11463);
#4252=VERTEX_POINT('',#11464);
#4253=VERTEX_POINT('',#11534);
#4254=VERTEX_POINT('',#11535);
#4255=VERTEX_POINT('',#11580);
#4256=VERTEX_POINT('',#11581);
#4257=VERTEX_POINT('',#11586);
#4258=VERTEX_POINT('',#11587);
#4259=VERTEX_POINT('',#11592);
#4260=VERTEX_POINT('',#11593);
#4261=VERTEX_POINT('',#11598);
#4262=VERTEX_POINT('',#11599);
#4263=VERTEX_POINT('',#11615);
#4264=VERTEX_POINT('',#11616);
#4265=VERTEX_POINT('',#11627);
#4266=VERTEX_POINT('',#11628);
#4267=VERTEX_POINT('',#11641);
#4268=VERTEX_POINT('',#11642);
#4269=VERTEX_POINT('',#11647);
#4270=VERTEX_POINT('',#11648);
#4271=VERTEX_POINT('',#11657);
#4272=VERTEX_POINT('',#11658);
#4273=VERTEX_POINT('',#11663);
#4274=VERTEX_POINT('',#11664);
#4275=VERTEX_POINT('',#11683);
#4276=VERTEX_POINT('',#11684);
#4277=VERTEX_POINT('',#11699);
#4278=VERTEX_POINT('',#11703);
#4279=VERTEX_POINT('',#11709);
#4280=VERTEX_POINT('',#11711);
#4281=VERTEX_POINT('',#11715);
#4282=VERTEX_POINT('',#11717);
#4283=VERTEX_POINT('',#11721);
#4284=VERTEX_POINT('',#11723);
#4285=VERTEX_POINT('',#11727);
#4286=VERTEX_POINT('',#11729);
#4287=VERTEX_POINT('',#11740);
#4288=VERTEX_POINT('',#11742);
#4289=VERTEX_POINT('',#11746);
#4290=VERTEX_POINT('',#11748);
#4291=VERTEX_POINT('',#11752);
#4292=VERTEX_POINT('',#11754);
#4293=VERTEX_POINT('',#11758);
#4294=VERTEX_POINT('',#11760);
#4295=VERTEX_POINT('',#11762);
#4296=VERTEX_POINT('',#11769);
#4297=VERTEX_POINT('',#11774);
#4298=VERTEX_POINT('',#11776);
#4299=VERTEX_POINT('',#11780);
#4300=VERTEX_POINT('',#11782);
#4301=VERTEX_POINT('',#11786);
#4302=VERTEX_POINT('',#11788);
#4303=VERTEX_POINT('',#11793);
#4304=VERTEX_POINT('',#11797);
#4305=VERTEX_POINT('',#11801);
#4306=VERTEX_POINT('',#11806);
#4307=VERTEX_POINT('',#11815);
#4308=VERTEX_POINT('',#11819);
#4309=VERTEX_POINT('',#11823);
#4310=VERTEX_POINT('',#11827);
#4311=VERTEX_POINT('',#11831);
#4312=VERTEX_POINT('',#11841);
#4313=VERTEX_POINT('',#11848);
#4314=VERTEX_POINT('',#11853);
#4315=VERTEX_POINT('',#11857);
#4316=VERTEX_POINT('',#11861);
#4317=VERTEX_POINT('',#11865);
#4318=VERTEX_POINT('',#11867);
#4319=VERTEX_POINT('',#11869);
#4320=VERTEX_POINT('',#11876);
#4321=VERTEX_POINT('',#11881);
#4322=VERTEX_POINT('',#11883);
#4323=VERTEX_POINT('',#11887);
#4324=VERTEX_POINT('',#11900);
#4325=VERTEX_POINT('',#11923);
#4326=VERTEX_POINT('',#11934);
#4327=VERTEX_POINT('',#11937);
#4328=VERTEX_POINT('',#11941);
#4329=VERTEX_POINT('',#11945);
#4330=VERTEX_POINT('',#11948);
#4331=VERTEX_POINT('',#11952);
#4332=VERTEX_POINT('',#11956);
#4333=VERTEX_POINT('',#11959);
#4334=LINE('',#9977,#4844);
#4335=LINE('',#9982,#4845);
#4336=LINE('',#9986,#4846);
#4337=LINE('',#9991,#4847);
#4338=LINE('',#9997,#4848);
#4339=LINE('',#10001,#4849);
#4340=LINE('',#10007,#4850);
#4341=LINE('',#10011,#4851);
#4342=LINE('',#10018,#4852);
#4343=LINE('',#10022,#4853);
#4344=LINE('',#10026,#4854);
#4345=LINE('',#10038,#4855);
#4346=LINE('',#10046,#4856);
#4347=LINE('',#10052,#4857);
#4348=LINE('',#10056,#4858);
#4349=LINE('',#10062,#4859);
#4350=LINE('',#10070,#4860);
#4351=LINE('',#10078,#4861);
#4352=LINE('',#10082,#4862);
#4353=LINE('',#10088,#4863);
#4354=LINE('',#10096,#4864);
#4355=LINE('',#10102,#4865);
#4356=LINE('',#10108,#4866);
#4357=LINE('',#10116,#4867);
#4358=LINE('',#10124,#4868);
#4359=LINE('',#10132,#4869);
#4360=LINE('',#10138,#4870);
#4361=LINE('',#10142,#4871);
#4362=LINE('',#10146,#4872);
#4363=LINE('',#10150,#4873);
#4364=LINE('',#10156,#4874);
#4365=LINE('',#10160,#4875);
#4366=LINE('',#10168,#4876);
#4367=LINE('',#10172,#4877);
#4368=LINE('',#10179,#4878);
#4369=LINE('',#10184,#4879);
#4370=LINE('',#10190,#4880);
#4371=LINE('',#10193,#4881);
#4372=LINE('',#10198,#4882);
#4373=LINE('',#10202,#4883);
#4374=LINE('',#10205,#4884);
#4375=LINE('',#10210,#4885);
#4376=LINE('',#10214,#4886);
#4377=LINE('',#10218,#4887);
#4378=LINE('',#10221,#4888);
#4379=LINE('',#10226,#4889);
#4380=LINE('',#10230,#4890);
#4381=LINE('',#10233,#4891);
#4382=LINE('',#10238,#4892);
#4383=LINE('',#10242,#4893);
#4384=LINE('',#10250,#4894);
#4385=LINE('',#10254,#4895);
#4386=LINE('',#10262,#4896);
#4387=LINE('',#10266,#4897);
#4388=LINE('',#10273,#4898);
#4389=LINE('',#10278,#4899);
#4390=LINE('',#10286,#4900);
#4391=LINE('',#10289,#4901);
#4392=LINE('',#10294,#4902);
#4393=LINE('',#10298,#4903);
#4394=LINE('',#10301,#4904);
#4395=LINE('',#10310,#4905);
#4396=LINE('',#10314,#4906);
#4397=LINE('',#10318,#4907);
#4398=LINE('',#10321,#4908);
#4399=LINE('',#10326,#4909);
#4400=LINE('',#10330,#4910);
#4401=LINE('',#10338,#4911);
#4402=LINE('',#10342,#4912);
#4403=LINE('',#10346,#4913);
#4404=LINE('',#10349,#4914);
#4405=LINE('',#10358,#4915);
#4406=LINE('',#10362,#4916);
#4407=LINE('',#10367,#4917);
#4408=LINE('',#10372,#4918);
#4409=LINE('',#10380,#4919);
#4410=LINE('',#10384,#4920);
#4411=LINE('',#10392,#4921);
#4412=LINE('',#10397,#4922);
#4413=LINE('',#10402,#4923);
#4414=LINE('',#10406,#4924);
#4415=LINE('',#10420,#4925);
#4416=LINE('',#10424,#4926);
#4417=LINE('',#10428,#4927);
#4418=LINE('',#10434,#4928);
#4419=LINE('',#10440,#4929);
#4420=LINE('',#10444,#4930);
#4421=LINE('',#10472,#4931);
#4422=LINE('',#10474,#4932);
#4423=LINE('',#10478,#4933);
#4424=LINE('',#10482,#4934);
#4425=LINE('',#10484,#4935);
#4426=LINE('',#10486,#4936);
#4427=LINE('',#10488,#4937);
#4428=LINE('',#10491,#4938);
#4429=LINE('',#10493,#4939);
#4430=LINE('',#10495,#4940);
#4431=LINE('',#10498,#4941);
#4432=LINE('',#10507,#4942);
#4433=LINE('',#10511,#4943);
#4434=LINE('',#10517,#4944);
#4435=LINE('',#10525,#4945);
#4436=LINE('',#10529,#4946);
#4437=LINE('',#10537,#4947);
#4438=LINE('',#10541,#4948);
#4439=LINE('',#10549,#4949);
#4440=LINE('',#10557,#4950);
#4441=LINE('',#10565,#4951);
#4442=LINE('',#10573,#4952);
#4443=LINE('',#10579,#4953);
#4444=LINE('',#10585,#4954);
#4445=LINE('',#10593,#4955);
#4446=LINE('',#10599,#4956);
#4447=LINE('',#10603,#4957);
#4448=LINE('',#10611,#4958);
#4449=LINE('',#10619,#4959);
#4450=LINE('',#10624,#4960);
#4451=LINE('',#10629,#4961);
#4452=LINE('',#10637,#4962);
#4453=LINE('',#10646,#4963);
#4454=LINE('',#10649,#4964);
#4455=LINE('',#10658,#4965);
#4456=LINE('',#10684,#4966);
#4457=LINE('',#10692,#4967);
#4458=LINE('',#10705,#4968);
#4459=LINE('',#10714,#4969);
#4460=LINE('',#10718,#4970);
#4461=LINE('',#10726,#4971);
#4462=LINE('',#10729,#4972);
#4463=LINE('',#10734,#4973);
#4464=LINE('',#10738,#4974);
#4465=LINE('',#10745,#4975);
#4466=LINE('',#10750,#4976);
#4467=LINE('',#10754,#4977);
#4468=LINE('',#10757,#4978);
#4469=LINE('',#10762,#4979);
#4470=LINE('',#10766,#4980);
#4471=LINE('',#10769,#4981);
#4472=LINE('',#10777,#4982);
#4473=LINE('',#10781,#4983);
#4474=LINE('',#10784,#4984);
#4475=LINE('',#10793,#4985);
#4476=LINE('',#10797,#4986);
#4477=LINE('',#10801,#4987);
#4478=LINE('',#10804,#4988);
#4479=LINE('',#10809,#4989);
#4480=LINE('',#10813,#4990);
#4481=LINE('',#10816,#4991);
#4482=LINE('',#10821,#4992);
#4483=LINE('',#10825,#4993);
#4484=LINE('',#10828,#4994);
#4485=LINE('',#10833,#4995);
#4486=LINE('',#10837,#4996);
#4487=LINE('',#10841,#4997);
#4488=LINE('',#10844,#4998);
#4489=LINE('',#10853,#4999);
#4490=LINE('',#10857,#5000);
#4491=LINE('',#10860,#5001);
#4492=LINE('',#10865,#5002);
#4493=LINE('',#10869,#5003);
#4494=LINE('',#10872,#5004);
#4495=LINE('',#10881,#5005);
#4496=LINE('',#10887,#5006);
#4497=LINE('',#10890,#5007);
#4498=LINE('',#10895,#5008);
#4499=LINE('',#10899,#5009);
#4500=LINE('',#10904,#5010);
#4501=LINE('',#10909,#5011);
#4502=LINE('',#10915,#5012);
#4503=LINE('',#10923,#5013);
#4504=LINE('',#10927,#5014);
#4505=LINE('',#10934,#5015);
#4506=LINE('',#10939,#5016);
#4507=LINE('',#10942,#5017);
#4508=LINE('',#10946,#5018);
#4509=LINE('',#10951,#5019);
#4510=LINE('',#10956,#5020);
#4511=LINE('',#10964,#5021);
#4512=LINE('',#10968,#5022);
#4513=LINE('',#10970,#5023);
#4514=LINE('',#10974,#5024);
#4515=LINE('',#10976,#5025);
#4516=LINE('',#10978,#5026);
#4517=LINE('',#10982,#5027);
#4518=LINE('',#10984,#5028);
#4519=LINE('',#11013,#5029);
#4520=LINE('',#11017,#5030);
#4521=LINE('',#11019,#5031);
#4522=LINE('',#11021,#5032);
#4523=LINE('',#11023,#5033);
#4524=LINE('',#11028,#5034);
#4525=LINE('',#11029,#5035);
#4526=LINE('',#11034,#5036);
#4527=LINE('',#11036,#5037);
#4528=LINE('',#11038,#5038);
#4529=LINE('',#11099,#5039);
#4530=LINE('',#11101,#5040);
#4531=LINE('',#11142,#5041);
#4532=LINE('',#11143,#5042);
#4533=LINE('',#11148,#5043);
#4534=LINE('',#11149,#5044);
#4535=LINE('',#11154,#5045);
#4536=LINE('',#11155,#5046);
#4537=LINE('',#11160,#5047);
#4538=LINE('',#11161,#5048);
#4539=LINE('',#11163,#5049);
#4540=LINE('',#11165,#5050);
#4541=LINE('',#11220,#5051);
#4542=LINE('',#11221,#5052);
#4543=LINE('',#11236,#5053);
#4544=LINE('',#11237,#5054);
#4545=LINE('',#11301,#5055);
#4546=LINE('',#11302,#5056);
#4547=LINE('',#11313,#5057);
#4548=LINE('',#11314,#5058);
#4549=LINE('',#11367,#5059);
#4550=LINE('',#11368,#5060);
#4551=LINE('',#11379,#5061);
#4552=LINE('',#11380,#5062);
#4553=LINE('',#11391,#5063);
#4554=LINE('',#11392,#5064);
#4555=LINE('',#11441,#5065);
#4556=LINE('',#11442,#5066);
#4557=LINE('',#11453,#5067);
#4558=LINE('',#11454,#5068);
#4559=LINE('',#11465,#5069);
#4560=LINE('',#11466,#5070);
#4561=LINE('',#11582,#5071);
#4562=LINE('',#11583,#5072);
#4563=LINE('',#11594,#5073);
#4564=LINE('',#11595,#5074);
#4565=LINE('',#11643,#5075);
#4566=LINE('',#11644,#5076);
#4567=LINE('',#11659,#5077);
#4568=LINE('',#11660,#5078);
#4569=LINE('',#11697,#5079);
#4570=LINE('',#11698,#5080);
#4571=LINE('',#11700,#5081);
#4572=LINE('',#11702,#5082);
#4573=LINE('',#11704,#5083);
#4574=LINE('',#11705,#5084);
#4575=LINE('',#11708,#5085);
#4576=LINE('',#11710,#5086);
#4577=LINE('',#11714,#5087);
#4578=LINE('',#11716,#5088);
#4579=LINE('',#11720,#5089);
#4580=LINE('',#11722,#5090);
#4581=LINE('',#11726,#5091);
#4582=LINE('',#11728,#5092);
#4583=LINE('',#11732,#5093);
#4584=LINE('',#11734,#5094);
#4585=LINE('',#11736,#5095);
#4586=LINE('',#11737,#5096);
#4587=LINE('',#11739,#5097);
#4588=LINE('',#11741,#5098);
#4589=LINE('',#11745,#5099);
#4590=LINE('',#11747,#5100);
#4591=LINE('',#11751,#5101);
#4592=LINE('',#11753,#5102);
#4593=LINE('',#11757,#5103);
#4594=LINE('',#11759,#5104);
#4595=LINE('',#11768,#5105);
#4596=LINE('',#11777,#5106);
#4597=LINE('',#11779,#5107);
#4598=LINE('',#11781,#5108);
#4599=LINE('',#11785,#5109);
#4600=LINE('',#11787,#5110);
#4601=LINE('',#11791,#5111);
#4602=LINE('',#11792,#5112);
#4603=LINE('',#11794,#5113);
#4604=LINE('',#11796,#5114);
#4605=LINE('',#11798,#5115);
#4606=LINE('',#11800,#5116);
#4607=LINE('',#11802,#5117);
#4608=LINE('',#11804,#5118);
#4609=LINE('',#11805,#5119);
#4610=LINE('',#11807,#5120);
#4611=LINE('',#11808,#5121);
#4612=LINE('',#11810,#5122);
#4613=LINE('',#11812,#5123);
#4614=LINE('',#11814,#5124);
#4615=LINE('',#11818,#5125);
#4616=LINE('',#11822,#5126);
#4617=LINE('',#11826,#5127);
#4618=LINE('',#11830,#5128);
#4619=LINE('',#11832,#5129);
#4620=LINE('',#11834,#5130);
#4621=LINE('',#11835,#5131);
#4622=LINE('',#11837,#5132);
#4623=LINE('',#11838,#5133);
#4624=LINE('',#11840,#5134);
#4625=LINE('',#11842,#5135);
#4626=LINE('',#11844,#5136);
#4627=LINE('',#11845,#5137);
#4628=LINE('',#11846,#5138);
#4629=LINE('',#11849,#5139);
#4630=LINE('',#11850,#5140);
#4631=LINE('',#11852,#5141);
#4632=LINE('',#11856,#5142);
#4633=LINE('',#11860,#5143);
#4634=LINE('',#11864,#5144);
#4635=LINE('',#11866,#5145);
#4636=LINE('',#11875,#5146);
#4637=LINE('',#11884,#5147);
#4638=LINE('',#11886,#5148);
#4639=LINE('',#11888,#5149);
#4640=LINE('',#11890,#5150);
#4641=LINE('',#11891,#5151);
#4642=LINE('',#11892,#5152);
#4643=LINE('',#11895,#5153);
#4644=LINE('',#11896,#5154);
#4645=LINE('',#11897,#5155);
#4646=LINE('',#11899,#5156);
#4647=LINE('',#11901,#5157);
#4648=LINE('',#11962,#5158);
#4649=LINE('',#11963,#5159);
#4650=LINE('',#11965,#5160);
#4651=LINE('',#11966,#5161);
#4652=LINE('',#11968,#5162);
#4653=LINE('',#11969,#5163);
#4654=LINE('',#11971,#5164);
#4655=LINE('',#11972,#5165);
#4656=LINE('',#11974,#5166);
#4657=LINE('',#11975,#5167);
#4658=LINE('',#11977,#5168);
#4659=LINE('',#11978,#5169);
#4660=LINE('',#11980,#5170);
#4661=LINE('',#11981,#5171);
#4662=LINE('',#11983,#5172);
#4663=LINE('',#11984,#5173);
#4664=LINE('',#11986,#5174);
#4665=LINE('',#11987,#5175);
#4666=LINE('',#11989,#5176);
#4667=LINE('',#11990,#5177);
#4668=LINE('',#11992,#5178);
#4669=LINE('',#11993,#5179);
#4670=LINE('',#11995,#5180);
#4671=LINE('',#11996,#5181);
#4672=LINE('',#11998,#5182);
#4673=LINE('',#11999,#5183);
#4674=LINE('',#12001,#5184);
#4675=LINE('',#12002,#5185);
#4676=LINE('',#12004,#5186);
#4677=LINE('',#12005,#5187);
#4678=LINE('',#12007,#5188);
#4679=LINE('',#12008,#5189);
#4680=LINE('',#12010,#5190);
#4681=LINE('',#12011,#5191);
#4682=LINE('',#12013,#5192);
#4683=LINE('',#12014,#5193);
#4684=LINE('',#12016,#5194);
#4685=LINE('',#12017,#5195);
#4686=LINE('',#12019,#5196);
#4687=LINE('',#12021,#5197);
#4688=LINE('',#12022,#5198);
#4689=LINE('',#12024,#5199);
#4690=LINE('',#12025,#5200);
#4691=LINE('',#12027,#5201);
#4692=LINE('',#12028,#5202);
#4693=LINE('',#12030,#5203);
#4694=LINE('',#12031,#5204);
#4695=LINE('',#12033,#5205);
#4696=LINE('',#12034,#5206);
#4697=LINE('',#12036,#5207);
#4698=LINE('',#12037,#5208);
#4699=LINE('',#12039,#5209);
#4700=LINE('',#12040,#5210);
#4701=LINE('',#12042,#5211);
#4702=LINE('',#12043,#5212);
#4703=LINE('',#12045,#5213);
#4704=LINE('',#12046,#5214);
#4705=LINE('',#12048,#5215);
#4706=LINE('',#12049,#5216);
#4707=LINE('',#12051,#5217);
#4708=LINE('',#12052,#5218);
#4709=LINE('',#12054,#5219);
#4710=LINE('',#12055,#5220);
#4711=LINE('',#12057,#5221);
#4712=LINE('',#12058,#5222);
#4713=LINE('',#12060,#5223);
#4714=LINE('',#12061,#5224);
#4715=LINE('',#12063,#5225);
#4716=LINE('',#12064,#5226);
#4717=LINE('',#12066,#5227);
#4718=LINE('',#12067,#5228);
#4719=LINE('',#12069,#5229);
#4720=LINE('',#12071,#5230);
#4721=LINE('',#12072,#5231);
#4722=LINE('',#12074,#5232);
#4723=LINE('',#12075,#5233);
#4724=LINE('',#12077,#5234);
#4725=LINE('',#12078,#5235);
#4726=LINE('',#12080,#5236);
#4727=LINE('',#12081,#5237);
#4728=LINE('',#12083,#5238);
#4729=LINE('',#12085,#5239);
#4730=LINE('',#12087,#5240);
#4731=LINE('',#12088,#5241);
#4732=LINE('',#12090,#5242);
#4733=LINE('',#12091,#5243);
#4734=LINE('',#12093,#5244);
#4735=LINE('',#12094,#5245);
#4736=LINE('',#12096,#5246);
#4737=LINE('',#12097,#5247);
#4738=LINE('',#12099,#5248);
#4739=LINE('',#12100,#5249);
#4740=LINE('',#12102,#5250);
#4741=LINE('',#12103,#5251);
#4742=LINE('',#12105,#5252);
#4743=LINE('',#12106,#5253);
#4744=LINE('',#12108,#5254);
#4745=LINE('',#12109,#5255);
#4746=LINE('',#12111,#5256);
#4747=LINE('',#12112,#5257);
#4748=LINE('',#12114,#5258);
#4749=LINE('',#12115,#5259);
#4750=LINE('',#12117,#5260);
#4751=LINE('',#12118,#5261);
#4752=LINE('',#12120,#5262);
#4753=LINE('',#12121,#5263);
#4754=LINE('',#12123,#5264);
#4755=LINE('',#12124,#5265);
#4756=LINE('',#12126,#5266);
#4757=LINE('',#12127,#5267);
#4758=LINE('',#12129,#5268);
#4759=LINE('',#12130,#5269);
#4760=LINE('',#12132,#5270);
#4761=LINE('',#12133,#5271);
#4762=LINE('',#12135,#5272);
#4763=LINE('',#12136,#5273);
#4764=LINE('',#12138,#5274);
#4765=LINE('',#12139,#5275);
#4766=LINE('',#12141,#5276);
#4767=LINE('',#12142,#5277);
#4768=LINE('',#12144,#5278);
#4769=LINE('',#12145,#5279);
#4770=LINE('',#12147,#5280);
#4771=LINE('',#12148,#5281);
#4772=LINE('',#12150,#5282);
#4773=LINE('',#12151,#5283);
#4774=LINE('',#12153,#5284);
#4775=LINE('',#12154,#5285);
#4776=LINE('',#12156,#5286);
#4777=LINE('',#12157,#5287);
#4778=LINE('',#12159,#5288);
#4779=LINE('',#12160,#5289);
#4780=LINE('',#12162,#5290);
#4781=LINE('',#12163,#5291);
#4782=LINE('',#12165,#5292);
#4783=LINE('',#12166,#5293);
#4784=LINE('',#12168,#5294);
#4785=LINE('',#12169,#5295);
#4786=LINE('',#12171,#5296);
#4787=LINE('',#12172,#5297);
#4788=LINE('',#12174,#5298);
#4789=LINE('',#12175,#5299);
#4790=LINE('',#12177,#5300);
#4791=LINE('',#12178,#5301);
#4792=LINE('',#12180,#5302);
#4793=LINE('',#12181,#5303);
#4794=LINE('',#12183,#5304);
#4795=LINE('',#12184,#5305);
#4796=LINE('',#12186,#5306);
#4797=LINE('',#12187,#5307);
#4798=LINE('',#12189,#5308);
#4799=LINE('',#12190,#5309);
#4800=LINE('',#12192,#5310);
#4801=LINE('',#12193,#5311);
#4802=LINE('',#12195,#5312);
#4803=LINE('',#12196,#5313);
#4804=LINE('',#12198,#5314);
#4805=LINE('',#12199,#5315);
#4806=LINE('',#12201,#5316);
#4807=LINE('',#12202,#5317);
#4808=LINE('',#12204,#5318);
#4809=LINE('',#12205,#5319);
#4810=LINE('',#12207,#5320);
#4811=LINE('',#12208,#5321);
#4812=LINE('',#12210,#5322);
#4813=LINE('',#12211,#5323);
#4814=LINE('',#12213,#5324);
#4815=LINE('',#12215,#5325);
#4816=LINE('',#12216,#5326);
#4817=LINE('',#12218,#5327);
#4818=LINE('',#12219,#5328);
#4819=LINE('',#12221,#5329);
#4820=LINE('',#12223,#5330);
#4821=LINE('',#12224,#5331);
#4822=LINE('',#12226,#5332);
#4823=LINE('',#12228,#5333);
#4824=LINE('',#12229,#5334);
#4825=LINE('',#12231,#5335);
#4826=LINE('',#12232,#5336);
#4827=LINE('',#12234,#5337);
#4828=LINE('',#12235,#5338);
#4829=LINE('',#12237,#5339);
#4830=LINE('',#12238,#5340);
#4831=LINE('',#12240,#5341);
#4832=LINE('',#12241,#5342);
#4833=LINE('',#12243,#5343);
#4834=LINE('',#12245,#5344);
#4835=LINE('',#12246,#5345);
#4836=LINE('',#12248,#5346);
#4837=LINE('',#12249,#5347);
#4838=LINE('',#12251,#5348);
#4839=LINE('',#12253,#5349);
#4840=LINE('',#12287,#5350);
#4841=LINE('',#12289,#5351);
#4842=LINE('',#12331,#5352);
#4843=LINE('',#12337,#5353);
#4844=VECTOR('',#7801,1.);
#4845=VECTOR('',#7804,1.);
#4846=VECTOR('',#7809,1.);
#4847=VECTOR('',#7812,1.);
#4848=VECTOR('',#7819,1.);
#4849=VECTOR('',#7822,1.);
#4850=VECTOR('',#7827,1.);
#4851=VECTOR('',#7830,1.);
#4852=VECTOR('',#7837,1.);
#4853=VECTOR('',#7840,1.);
#4854=VECTOR('',#7843,1.);
#4855=VECTOR('',#7854,1.);
#4856=VECTOR('',#7861,1.);
#4857=VECTOR('',#7866,1.);
#4858=VECTOR('',#7869,1.);
#4859=VECTOR('',#7874,1.);
#4860=VECTOR('',#7881,1.);
#4861=VECTOR('',#7888,1.);
#4862=VECTOR('',#7891,1.);
#4863=VECTOR('',#7896,1.);
#4864=VECTOR('',#7903,1.);
#4865=VECTOR('',#7908,1.);
#4866=VECTOR('',#7913,1.);
#4867=VECTOR('',#7920,1.);
#4868=VECTOR('',#7927,1.);
#4869=VECTOR('',#7934,1.);
#4870=VECTOR('',#7939,1.);
#4871=VECTOR('',#7942,1.);
#4872=VECTOR('',#7945,1.);
#4873=VECTOR('',#7948,1.);
#4874=VECTOR('',#7953,1.);
#4875=VECTOR('',#7956,1.);
#4876=VECTOR('',#7963,1.);
#4877=VECTOR('',#7966,1.);
#4878=VECTOR('',#7973,1.);
#4879=VECTOR('',#7976,1.);
#4880=VECTOR('',#7981,1.);
#4881=VECTOR('',#7984,1.);
#4882=VECTOR('',#7987,1.);
#4883=VECTOR('',#7990,1.);
#4884=VECTOR('',#7993,1.);
#4885=VECTOR('',#7996,1.);
#4886=VECTOR('',#7999,1.);
#4887=VECTOR('',#8002,1.);
#4888=VECTOR('',#8005,1.);
#4889=VECTOR('',#8008,1.);
#4890=VECTOR('',#8011,1.);
#4891=VECTOR('',#8014,1.);
#4892=VECTOR('',#8017,1.);
#4893=VECTOR('',#8020,1.);
#4894=VECTOR('',#8027,1.);
#4895=VECTOR('',#8030,1.);
#4896=VECTOR('',#8037,1.);
#4897=VECTOR('',#8040,1.);
#4898=VECTOR('',#8047,1.);
#4899=VECTOR('',#8050,1.);
#4900=VECTOR('',#8057,1.);
#4901=VECTOR('',#8060,1.);
#4902=VECTOR('',#8063,1.);
#4903=VECTOR('',#8066,1.);
#4904=VECTOR('',#8069,1.);
#4905=VECTOR('',#8076,1.);
#4906=VECTOR('',#8079,1.);
#4907=VECTOR('',#8082,1.);
#4908=VECTOR('',#8085,1.);
#4909=VECTOR('',#8088,1.);
#4910=VECTOR('',#8091,1.);
#4911=VECTOR('',#8098,1.);
#4912=VECTOR('',#8101,1.);
#4913=VECTOR('',#8104,1.);
#4914=VECTOR('',#8107,1.);
#4915=VECTOR('',#8114,1.);
#4916=VECTOR('',#8117,1.);
#4917=VECTOR('',#8122,1.);
#4918=VECTOR('',#8125,1.);
#4919=VECTOR('',#8132,1.);
#4920=VECTOR('',#8135,1.);
#4921=VECTOR('',#8142,1.);
#4922=VECTOR('',#8147,1.);
#4923=VECTOR('',#8150,1.);
#4924=VECTOR('',#8153,1.);
#4925=VECTOR('',#8166,1.);
#4926=VECTOR('',#8169,1.);
#4927=VECTOR('',#8172,1.);
#4928=VECTOR('',#8177,1.);
#4929=VECTOR('',#8182,1.);
#4930=VECTOR('',#8185,1.);
#4931=VECTOR('',#8214,1.);
#4932=VECTOR('',#8215,1.);
#4933=VECTOR('',#8220,1.);
#4934=VECTOR('',#8223,1.);
#4935=VECTOR('',#8224,1.);
#4936=VECTOR('',#8225,1.);
#4937=VECTOR('',#8228,1.);
#4938=VECTOR('',#8229,1.);
#4939=VECTOR('',#8230,1.);
#4940=VECTOR('',#8231,1.);
#4941=VECTOR('',#8234,1.);
#4942=VECTOR('',#8243,1.);
#4943=VECTOR('',#8246,1.);
#4944=VECTOR('',#8251,1.);
#4945=VECTOR('',#8258,1.);
#4946=VECTOR('',#8261,1.);
#4947=VECTOR('',#8268,1.);
#4948=VECTOR('',#8271,1.);
#4949=VECTOR('',#8278,1.);
#4950=VECTOR('',#8285,1.);
#4951=VECTOR('',#8292,1.);
#4952=VECTOR('',#8299,1.);
#4953=VECTOR('',#8304,1.);
#4954=VECTOR('',#8309,1.);
#4955=VECTOR('',#8316,1.);
#4956=VECTOR('',#8321,1.);
#4957=VECTOR('',#8324,1.);
#4958=VECTOR('',#8331,1.);
#4959=VECTOR('',#8338,1.);
#4960=VECTOR('',#8343,1.);
#4961=VECTOR('',#8348,1.);
#4962=VECTOR('',#8355,1.);
#4963=VECTOR('',#8364,1.);
#4964=VECTOR('',#8367,1.);
#4965=VECTOR('',#8374,1.);
#4966=VECTOR('',#8399,1.);
#4967=VECTOR('',#8406,1.);
#4968=VECTOR('',#8419,1.);
#4969=VECTOR('',#8426,1.);
#4970=VECTOR('',#8429,1.);
#4971=VECTOR('',#8436,1.);
#4972=VECTOR('',#8439,1.);
#4973=VECTOR('',#8442,1.);
#4974=VECTOR('',#8445,1.);
#4975=VECTOR('',#8452,1.);
#4976=VECTOR('',#8455,1.);
#4977=VECTOR('',#8458,1.);
#4978=VECTOR('',#8461,1.);
#4979=VECTOR('',#8464,1.);
#4980=VECTOR('',#8467,1.);
#4981=VECTOR('',#8470,1.);
#4982=VECTOR('',#8477,1.);
#4983=VECTOR('',#8480,1.);
#4984=VECTOR('',#8483,1.);
#4985=VECTOR('',#8490,1.);
#4986=VECTOR('',#8493,1.);
#4987=VECTOR('',#8496,1.);
#4988=VECTOR('',#8499,1.);
#4989=VECTOR('',#8502,1.);
#4990=VECTOR('',#8505,1.);
#4991=VECTOR('',#8508,1.);
#4992=VECTOR('',#8511,1.);
#4993=VECTOR('',#8514,1.);
#4994=VECTOR('',#8517,1.);
#4995=VECTOR('',#8520,1.);
#4996=VECTOR('',#8523,1.);
#4997=VECTOR('',#8526,1.);
#4998=VECTOR('',#8529,1.);
#4999=VECTOR('',#8536,1.);
#5000=VECTOR('',#8539,1.);
#5001=VECTOR('',#8542,1.);
#5002=VECTOR('',#8545,1.);
#5003=VECTOR('',#8548,1.);
#5004=VECTOR('',#8551,1.);
#5005=VECTOR('',#8558,1.);
#5006=VECTOR('',#8563,1.);
#5007=VECTOR('',#8566,1.);
#5008=VECTOR('',#8569,1.);
#5009=VECTOR('',#8572,1.);
#5010=VECTOR('',#8577,1.);
#5011=VECTOR('',#8580,1.);
#5012=VECTOR('',#8585,1.);
#5013=VECTOR('',#8592,1.);
#5014=VECTOR('',#8595,1.);
#5015=VECTOR('',#8602,1.);
#5016=VECTOR('',#8605,1.);
#5017=VECTOR('',#8608,1.);
#5018=VECTOR('',#8611,1.);
#5019=VECTOR('',#8616,1.);
#5020=VECTOR('',#8619,1.);
#5021=VECTOR('',#8626,1.);
#5022=VECTOR('',#8631,1.);
#5023=VECTOR('',#8632,1.);
#5024=VECTOR('',#8635,1.);
#5025=VECTOR('',#8636,1.);
#5026=VECTOR('',#8637,1.);
#5027=VECTOR('',#8640,1.);
#5028=VECTOR('',#8641,1.);
#5029=VECTOR('',#8680,1.);
#5030=VECTOR('',#8683,1.);
#5031=VECTOR('',#8686,1.);
#5032=VECTOR('',#8687,1.);
#5033=VECTOR('',#8688,1.);
#5034=VECTOR('',#8693,1.);
#5035=VECTOR('',#8694,1.);
#5036=VECTOR('',#8701,1.);
#5037=VECTOR('',#8702,1.);
#5038=VECTOR('',#8703,1.);
#5039=VECTOR('',#8766,1.);
#5040=VECTOR('',#8769,1.);
#5041=VECTOR('',#8814,1.);
#5042=VECTOR('',#8815,1.);
#5043=VECTOR('',#8820,1.);
#5044=VECTOR('',#8821,1.);
#5045=VECTOR('',#8826,1.);
#5046=VECTOR('',#8827,1.);
#5047=VECTOR('',#8832,1.);
#5048=VECTOR('',#8833,1.);
#5049=VECTOR('',#8836,1.);
#5050=VECTOR('',#8839,1.);
#5051=VECTOR('',#8874,1.);
#5052=VECTOR('',#8875,1.);
#5053=VECTOR('',#8886,1.);
#5054=VECTOR('',#8887,1.);
#5055=VECTOR('',#8906,1.);
#5056=VECTOR('',#8907,1.);
#5057=VECTOR('',#8920,1.);
#5058=VECTOR('',#8921,1.);
#5059=VECTOR('',#8928,1.);
#5060=VECTOR('',#8929,1.);
#5061=VECTOR('',#8942,1.);
#5062=VECTOR('',#8943,1.);
#5063=VECTOR('',#8956,1.);
#5064=VECTOR('',#8957,1.);
#5065=VECTOR('',#8966,1.);
#5066=VECTOR('',#8967,1.);
#5067=VECTOR('',#8980,1.);
#5068=VECTOR('',#8981,1.);
#5069=VECTOR('',#8994,1.);
#5070=VECTOR('',#8995,1.);
#5071=VECTOR('',#9002,1.);
#5072=VECTOR('',#9003,1.);
#5073=VECTOR('',#9016,1.);
#5074=VECTOR('',#9017,1.);
#5075=VECTOR('',#9038,1.);
#5076=VECTOR('',#9039,1.);
#5077=VECTOR('',#9050,1.);
#5078=VECTOR('',#9051,1.);
#5079=VECTOR('',#9068,1.);
#5080=VECTOR('',#9069,1.);
#5081=VECTOR('',#9070,1.);
#5082=VECTOR('',#9073,1.);
#5083=VECTOR('',#9074,1.);
#5084=VECTOR('',#9075,1.);
#5085=VECTOR('',#9080,1.);
#5086=VECTOR('',#9081,1.);
#5087=VECTOR('',#9086,1.);
#5088=VECTOR('',#9087,1.);
#5089=VECTOR('',#9092,1.);
#5090=VECTOR('',#9093,1.);
#5091=VECTOR('',#9098,1.);
#5092=VECTOR('',#9099,1.);
#5093=VECTOR('',#9104,1.);
#5094=VECTOR('',#9107,1.);
#5095=VECTOR('',#9110,1.);
#5096=VECTOR('',#9111,1.);
#5097=VECTOR('',#9114,1.);
#5098=VECTOR('',#9115,1.);
#5099=VECTOR('',#9120,1.);
#5100=VECTOR('',#9121,1.);
#5101=VECTOR('',#9126,1.);
#5102=VECTOR('',#9127,1.);
#5103=VECTOR('',#9132,1.);
#5104=VECTOR('',#9133,1.);
#5105=VECTOR('',#9138,1.);
#5106=VECTOR('',#9141,1.);
#5107=VECTOR('',#9144,1.);
#5108=VECTOR('',#9145,1.);
#5109=VECTOR('',#9150,1.);
#5110=VECTOR('',#9151,1.);
#5111=VECTOR('',#9156,1.);
#5112=VECTOR('',#9157,1.);
#5113=VECTOR('',#9158,1.);
#5114=VECTOR('',#9161,1.);
#5115=VECTOR('',#9162,1.);
#5116=VECTOR('',#9165,1.);
#5117=VECTOR('',#9166,1.);
#5118=VECTOR('',#9169,1.);
#5119=VECTOR('',#9170,1.);
#5120=VECTOR('',#9171,1.);
#5121=VECTOR('',#9172,1.);
#5122=VECTOR('',#9175,1.);
#5123=VECTOR('',#9178,1.);
#5124=VECTOR('',#9181,1.);
#5125=VECTOR('',#9186,1.);
#5126=VECTOR('',#9191,1.);
#5127=VECTOR('',#9196,1.);
#5128=VECTOR('',#9201,1.);
#5129=VECTOR('',#9202,1.);
#5130=VECTOR('',#9205,1.);
#5131=VECTOR('',#9206,1.);
#5132=VECTOR('',#9209,1.);
#5133=VECTOR('',#9210,1.);
#5134=VECTOR('',#9213,1.);
#5135=VECTOR('',#9214,1.);
#5136=VECTOR('',#9217,1.);
#5137=VECTOR('',#9218,1.);
#5138=VECTOR('',#9219,1.);
#5139=VECTOR('',#9222,1.);
#5140=VECTOR('',#9223,1.);
#5141=VECTOR('',#9226,1.);
#5142=VECTOR('',#9231,1.);
#5143=VECTOR('',#9236,1.);
#5144=VECTOR('',#9241,1.);
#5145=VECTOR('',#9242,1.);
#5146=VECTOR('',#9247,1.);
#5147=VECTOR('',#9250,1.);
#5148=VECTOR('',#9253,1.);
#5149=VECTOR('',#9254,1.);
#5150=VECTOR('',#9257,1.);
#5151=VECTOR('',#9258,1.);
#5152=VECTOR('',#9259,1.);
#5153=VECTOR('',#9264,1.);
#5154=VECTOR('',#9265,1.);
#5155=VECTOR('',#9266,1.);
#5156=VECTOR('',#9269,1.);
#5157=VECTOR('',#9270,1.);
#5158=VECTOR('',#9373,1.);
#5159=VECTOR('',#9374,1.);
#5160=VECTOR('',#9377,1.);
#5161=VECTOR('',#9378,1.);
#5162=VECTOR('',#9381,1.);
#5163=VECTOR('',#9382,1.);
#5164=VECTOR('',#9385,1.);
#5165=VECTOR('',#9386,1.);
#5166=VECTOR('',#9389,1.);
#5167=VECTOR('',#9390,1.);
#5168=VECTOR('',#9393,1.);
#5169=VECTOR('',#9394,1.);
#5170=VECTOR('',#9397,1.);
#5171=VECTOR('',#9398,1.);
#5172=VECTOR('',#9401,1.);
#5173=VECTOR('',#9402,1.);
#5174=VECTOR('',#9405,1.);
#5175=VECTOR('',#9406,1.);
#5176=VECTOR('',#9409,1.);
#5177=VECTOR('',#9410,1.);
#5178=VECTOR('',#9413,1.);
#5179=VECTOR('',#9414,1.);
#5180=VECTOR('',#9417,1.);
#5181=VECTOR('',#9418,1.);
#5182=VECTOR('',#9421,1.);
#5183=VECTOR('',#9422,1.);
#5184=VECTOR('',#9425,1.);
#5185=VECTOR('',#9426,1.);
#5186=VECTOR('',#9429,1.);
#5187=VECTOR('',#9430,1.);
#5188=VECTOR('',#9433,1.);
#5189=VECTOR('',#9434,1.);
#5190=VECTOR('',#9437,1.);
#5191=VECTOR('',#9438,1.);
#5192=VECTOR('',#9441,1.);
#5193=VECTOR('',#9442,1.);
#5194=VECTOR('',#9445,1.);
#5195=VECTOR('',#9446,1.);
#5196=VECTOR('',#9449,1.);
#5197=VECTOR('',#9452,1.);
#5198=VECTOR('',#9453,1.);
#5199=VECTOR('',#9456,1.);
#5200=VECTOR('',#9457,1.);
#5201=VECTOR('',#9460,1.);
#5202=VECTOR('',#9461,1.);
#5203=VECTOR('',#9464,1.);
#5204=VECTOR('',#9465,1.);
#5205=VECTOR('',#9468,1.);
#5206=VECTOR('',#9469,1.);
#5207=VECTOR('',#9472,1.);
#5208=VECTOR('',#9473,1.);
#5209=VECTOR('',#9476,1.);
#5210=VECTOR('',#9477,1.);
#5211=VECTOR('',#9480,1.);
#5212=VECTOR('',#9481,1.);
#5213=VECTOR('',#9484,1.);
#5214=VECTOR('',#9485,1.);
#5215=VECTOR('',#9488,1.);
#5216=VECTOR('',#9489,1.);
#5217=VECTOR('',#9492,1.);
#5218=VECTOR('',#9493,1.);
#5219=VECTOR('',#9496,1.);
#5220=VECTOR('',#9497,1.);
#5221=VECTOR('',#9500,1.);
#5222=VECTOR('',#9501,1.);
#5223=VECTOR('',#9504,1.);
#5224=VECTOR('',#9505,1.);
#5225=VECTOR('',#9508,1.);
#5226=VECTOR('',#9509,1.);
#5227=VECTOR('',#9512,1.);
#5228=VECTOR('',#9513,1.);
#5229=VECTOR('',#9516,1.);
#5230=VECTOR('',#9519,1.);
#5231=VECTOR('',#9520,1.);
#5232=VECTOR('',#9523,1.);
#5233=VECTOR('',#9524,1.);
#5234=VECTOR('',#9527,1.);
#5235=VECTOR('',#9528,1.);
#5236=VECTOR('',#9531,1.);
#5237=VECTOR('',#9532,1.);
#5238=VECTOR('',#9535,1.);
#5239=VECTOR('',#9538,1.);
#5240=VECTOR('',#9541,1.);
#5241=VECTOR('',#9542,1.);
#5242=VECTOR('',#9545,1.);
#5243=VECTOR('',#9546,1.);
#5244=VECTOR('',#9549,1.);
#5245=VECTOR('',#9550,1.);
#5246=VECTOR('',#9553,1.);
#5247=VECTOR('',#9554,1.);
#5248=VECTOR('',#9557,1.);
#5249=VECTOR('',#9558,1.);
#5250=VECTOR('',#9561,1.);
#5251=VECTOR('',#9562,1.);
#5252=VECTOR('',#9565,1.);
#5253=VECTOR('',#9566,1.);
#5254=VECTOR('',#9569,1.);
#5255=VECTOR('',#9570,1.);
#5256=VECTOR('',#9573,1.);
#5257=VECTOR('',#9574,1.);
#5258=VECTOR('',#9577,1.);
#5259=VECTOR('',#9578,1.);
#5260=VECTOR('',#9581,1.);
#5261=VECTOR('',#9582,1.);
#5262=VECTOR('',#9585,1.);
#5263=VECTOR('',#9586,1.);
#5264=VECTOR('',#9589,1.);
#5265=VECTOR('',#9590,1.);
#5266=VECTOR('',#9593,1.);
#5267=VECTOR('',#9594,1.);
#5268=VECTOR('',#9597,1.);
#5269=VECTOR('',#9598,1.);
#5270=VECTOR('',#9601,1.);
#5271=VECTOR('',#9602,1.);
#5272=VECTOR('',#9605,1.);
#5273=VECTOR('',#9606,1.);
#5274=VECTOR('',#9609,1.);
#5275=VECTOR('',#9610,1.);
#5276=VECTOR('',#9613,1.);
#5277=VECTOR('',#9614,1.);
#5278=VECTOR('',#9617,1.);
#5279=VECTOR('',#9618,1.);
#5280=VECTOR('',#9621,1.);
#5281=VECTOR('',#9622,1.);
#5282=VECTOR('',#9625,1.);
#5283=VECTOR('',#9626,1.);
#5284=VECTOR('',#9629,1.);
#5285=VECTOR('',#9630,1.);
#5286=VECTOR('',#9633,1.);
#5287=VECTOR('',#9634,1.);
#5288=VECTOR('',#9637,1.);
#5289=VECTOR('',#9638,1.);
#5290=VECTOR('',#9641,1.);
#5291=VECTOR('',#9642,1.);
#5292=VECTOR('',#9645,1.);
#5293=VECTOR('',#9646,1.);
#5294=VECTOR('',#9649,1.);
#5295=VECTOR('',#9650,1.);
#5296=VECTOR('',#9653,1.);
#5297=VECTOR('',#9654,1.);
#5298=VECTOR('',#9657,1.);
#5299=VECTOR('',#9658,1.);
#5300=VECTOR('',#9661,1.);
#5301=VECTOR('',#9662,1.);
#5302=VECTOR('',#9665,1.);
#5303=VECTOR('',#9666,1.);
#5304=VECTOR('',#9669,1.);
#5305=VECTOR('',#9670,1.);
#5306=VECTOR('',#9673,1.);
#5307=VECTOR('',#9674,1.);
#5308=VECTOR('',#9677,1.);
#5309=VECTOR('',#9678,1.);
#5310=VECTOR('',#9681,1.);
#5311=VECTOR('',#9682,1.);
#5312=VECTOR('',#9685,1.);
#5313=VECTOR('',#9686,1.);
#5314=VECTOR('',#9689,1.);
#5315=VECTOR('',#9690,1.);
#5316=VECTOR('',#9693,1.);
#5317=VECTOR('',#9694,1.);
#5318=VECTOR('',#9697,1.);
#5319=VECTOR('',#9698,1.);
#5320=VECTOR('',#9701,1.);
#5321=VECTOR('',#9702,1.);
#5322=VECTOR('',#9705,1.);
#5323=VECTOR('',#9706,1.);
#5324=VECTOR('',#9709,1.);
#5325=VECTOR('',#9712,1.);
#5326=VECTOR('',#9713,1.);
#5327=VECTOR('',#9716,1.);
#5328=VECTOR('',#9717,1.);
#5329=VECTOR('',#9720,1.);
#5330=VECTOR('',#9723,1.);
#5331=VECTOR('',#9724,1.);
#5332=VECTOR('',#9727,1.);
#5333=VECTOR('',#9730,1.);
#5334=VECTOR('',#9731,1.);
#5335=VECTOR('',#9734,1.);
#5336=VECTOR('',#9735,1.);
#5337=VECTOR('',#9738,1.);
#5338=VECTOR('',#9739,1.);
#5339=VECTOR('',#9742,1.);
#5340=VECTOR('',#9743,1.);
#5341=VECTOR('',#9746,1.);
#5342=VECTOR('',#9747,1.);
#5343=VECTOR('',#9750,1.);
#5344=VECTOR('',#9753,1.);
#5345=VECTOR('',#9754,1.);
#5346=VECTOR('',#9757,1.);
#5347=VECTOR('',#9758,1.);
#5348=VECTOR('',#9761,1.);
#5349=VECTOR('',#9764,1.);
#5350=VECTOR('',#9831,1.);
#5351=VECTOR('',#9834,1.);
#5352=VECTOR('',#9917,1.);
#5353=VECTOR('',#9928,1.);
#5354=EDGE_LOOP('',(#659,#660,#661,#662));
#5355=EDGE_LOOP('',(#663,#664,#665,#666));
#5356=EDGE_LOOP('',(#667,#668,#669,#670,#671,#672,#673,#674,#675,#676));
#5357=EDGE_LOOP('',(#677,#678,#679,#680,#681,#682,#683,#684,#685));
#5358=EDGE_LOOP('',(#686,#687,#688,#689,#690,#691,#692,#693,#694,#695,#696,
#697,#698,#699,#700,#701,#702,#703,#704,#705,#706,#707,#708,#709,#710,#711,
#712,#713,#714,#715,#716,#717,#718,#719,#720,#721,#722,#723,#724,#725,#726,
#727,#728,#729,#730,#731,#732,#733,#734,#735,#736,#737,#738,#739,#740,#741,
#742,#743,#744,#745,#746,#747));
#5359=EDGE_LOOP('',(#748,#749,#750,#751,#752,#753,#754,#755,#756,#757,#758,
#759));
#5360=EDGE_LOOP('',(#760));
#5361=EDGE_LOOP('',(#761));
#5362=EDGE_LOOP('',(#762,#763,#764,#765,#766,#767,#768));
#5363=EDGE_LOOP('',(#769,#770,#771,#772,#773,#774));
#5364=EDGE_LOOP('',(#775,#776,#777,#778,#779,#780,#781,#782));
#5365=EDGE_LOOP('',(#783,#784,#785,#786,#787,#788));
#5366=EDGE_LOOP('',(#789,#790,#791,#792,#793,#794));
#5367=EDGE_LOOP('',(#795,#796,#797,#798,#799,#800,#801,#802,#803,#804,#805,
#806));
#5368=EDGE_LOOP('',(#807));
#5369=EDGE_LOOP('',(#808));
#5370=EDGE_LOOP('',(#809,#810,#811,#812,#813,#814,#815,#816));
#5371=EDGE_LOOP('',(#817,#818,#819,#820,#821,#822));
#5372=EDGE_LOOP('',(#823,#824,#825,#826,#827,#828,#829,#830,#831,#832));
#5373=EDGE_LOOP('',(#833,#834,#835,#836,#837,#838));
#5374=EDGE_LOOP('',(#839,#840,#841,#842,#843,#844,#845,#846));
#5375=EDGE_LOOP('',(#847,#848,#849,#850,#851,#852,#853,#854,#855));
#5376=EDGE_LOOP('',(#856,#857,#858,#859,#860,#861,#862,#863,#864,#865,#866,
#867,#868,#869,#870));
#5377=EDGE_LOOP('',(#871,#872,#873,#874,#875,#876,#877,#878));
#5378=EDGE_LOOP('',(#879,#880,#881,#882,#883,#884,#885,#886,#887,#888,#889,
#890,#891,#892,#893,#894));
#5379=EDGE_LOOP('',(#895));
#5380=EDGE_LOOP('',(#896));
#5381=EDGE_LOOP('',(#897));
#5382=EDGE_LOOP('',(#898));
#5383=EDGE_LOOP('',(#899));
#5384=EDGE_LOOP('',(#900));
#5385=EDGE_LOOP('',(#901));
#5386=EDGE_LOOP('',(#902));
#5387=EDGE_LOOP('',(#903));
#5388=EDGE_LOOP('',(#904));
#5389=EDGE_LOOP('',(#905));
#5390=EDGE_LOOP('',(#906));
#5391=EDGE_LOOP('',(#907));
#5392=EDGE_LOOP('',(#908,#909,#910,#911));
#5393=EDGE_LOOP('',(#912,#913,#914,#915,#916,#917));
#5394=EDGE_LOOP('',(#918,#919,#920,#921,#922,#923,#924));
#5395=EDGE_LOOP('',(#925,#926,#927,#928,#929,#930,#931,#932,#933,#934,#935,
#936,#937,#938,#939,#940,#941,#942,#943,#944,#945,#946,#947,#948,#949,#950,
#951,#952,#953,#954,#955,#956,#957,#958,#959,#960,#961,#962,#963,#964,#965,
#966,#967,#968,#969,#970,#971,#972,#973,#974,#975,#976,#977,#978,#979,#980,
#981,#982,#983,#984,#985,#986,#987,#988,#989,#990,#991,#992,#993,#994,#995,
#996,#997,#998,#999,#1000,#1001,#1002));
#5396=EDGE_LOOP('',(#1003));
#5397=EDGE_LOOP('',(#1004,#1005,#1006,#1007,#1008,#1009,#1010,#1011));
#5398=EDGE_LOOP('',(#1012));
#5399=EDGE_LOOP('',(#1013));
#5400=EDGE_LOOP('',(#1014));
#5401=EDGE_LOOP('',(#1015));
#5402=EDGE_LOOP('',(#1016));
#5403=EDGE_LOOP('',(#1017));
#5404=EDGE_LOOP('',(#1018));
#5405=EDGE_LOOP('',(#1019,#1020,#1021,#1022,#1023,#1024,#1025,#1026));
#5406=EDGE_LOOP('',(#1027));
#5407=EDGE_LOOP('',(#1028));
#5408=EDGE_LOOP('',(#1029));
#5409=EDGE_LOOP('',(#1030));
#5410=EDGE_LOOP('',(#1031));
#5411=EDGE_LOOP('',(#1032,#1033,#1034,#1035,#1036,#1037,#1038,#1039,#1040,
#1041,#1042,#1043));
#5412=EDGE_LOOP('',(#1044,#1045,#1046,#1047,#1048,#1049,#1050,#1051));
#5413=EDGE_LOOP('',(#1052,#1053,#1054,#1055,#1056,#1057));
#5414=EDGE_LOOP('',(#1058,#1059,#1060,#1061,#1062,#1063));
#5415=EDGE_LOOP('',(#1064,#1065,#1066,#1067,#1068,#1069,#1070,#1071,#1072));
#5416=EDGE_LOOP('',(#1073,#1074,#1075,#1076,#1077,#1078,#1079,#1080,#1081,
#1082));
#5417=EDGE_LOOP('',(#1083,#1084,#1085,#1086,#1087,#1088));
#5418=EDGE_LOOP('',(#1089,#1090,#1091,#1092,#1093,#1094));
#5419=EDGE_LOOP('',(#1095,#1096,#1097,#1098,#1099,#1100,#1101,#1102));
#5420=EDGE_LOOP('',(#1103,#1104,#1105,#1106,#1107,#1108,#1109,#1110));
#5421=EDGE_LOOP('',(#1111,#1112,#1113,#1114,#1115,#1116));
#5422=EDGE_LOOP('',(#1117,#1118,#1119,#1120,#1121,#1122,#1123,#1124,#1125));
#5423=EDGE_LOOP('',(#1126,#1127,#1128,#1129,#1130,#1131,#1132));
#5424=EDGE_LOOP('',(#1133,#1134,#1135,#1136,#1137,#1138,#1139,#1140,#1141,
#1142,#1143,#1144,#1145,#1146,#1147));
#5425=EDGE_LOOP('',(#1148,#1149,#1150,#1151,#1152,#1153,#1154,#1155,#1156,
#1157));
#5426=EDGE_LOOP('',(#1158,#1159,#1160,#1161,#1162,#1163,#1164,#1165));
#5427=EDGE_LOOP('',(#1166,#1167,#1168,#1169,#1170,#1171,#1172,#1173,#1174,
#1175));
#5428=EDGE_LOOP('',(#1176));
#5429=EDGE_LOOP('',(#1177));
#5430=EDGE_LOOP('',(#1178));
#5431=EDGE_LOOP('',(#1179));
#5432=EDGE_LOOP('',(#1180));
#5433=EDGE_LOOP('',(#1181));
#5434=EDGE_LOOP('',(#1182));
#5435=EDGE_LOOP('',(#1183));
#5436=EDGE_LOOP('',(#1184));
#5437=EDGE_LOOP('',(#1185));
#5438=EDGE_LOOP('',(#1186));
#5439=EDGE_LOOP('',(#1187));
#5440=EDGE_LOOP('',(#1188));
#5441=EDGE_LOOP('',(#1189));
#5442=EDGE_LOOP('',(#1190));
#5443=EDGE_LOOP('',(#1191));
#5444=EDGE_LOOP('',(#1192));
#5445=EDGE_LOOP('',(#1193));
#5446=EDGE_LOOP('',(#1194,#1195,#1196,#1197));
#5447=EDGE_LOOP('',(#1198,#1199,#1200,#1201));
#5448=EDGE_LOOP('',(#1202,#1203,#1204,#1205));
#5449=EDGE_LOOP('',(#1206));
#5450=EDGE_LOOP('',(#1207));
#5451=EDGE_LOOP('',(#1208,#1209,#1210,#1211));
#5452=EDGE_LOOP('',(#1212));
#5453=EDGE_LOOP('',(#1213));
#5454=EDGE_LOOP('',(#1214,#1215,#1216,#1217,#1218,#1219,#1220,#1221));
#5455=EDGE_LOOP('',(#1222));
#5456=EDGE_LOOP('',(#1223));
#5457=EDGE_LOOP('',(#1224,#1225,#1226,#1227));
#5458=EDGE_LOOP('',(#1228,#1229,#1230,#1231));
#5459=EDGE_LOOP('',(#1232,#1233,#1234,#1235));
#5460=EDGE_LOOP('',(#1236,#1237,#1238,#1239));
#5461=EDGE_LOOP('',(#1240));
#5462=EDGE_LOOP('',(#1241));
#5463=EDGE_LOOP('',(#1242));
#5464=EDGE_LOOP('',(#1243));
#5465=EDGE_LOOP('',(#1244,#1245,#1246,#1247));
#5466=EDGE_LOOP('',(#1248));
#5467=EDGE_LOOP('',(#1249));
#5468=EDGE_LOOP('',(#1250));
#5469=EDGE_LOOP('',(#1251));
#5470=EDGE_LOOP('',(#1252));
#5471=EDGE_LOOP('',(#1253));
#5472=EDGE_LOOP('',(#1254));
#5473=EDGE_LOOP('',(#1255));
#5474=EDGE_LOOP('',(#1256));
#5475=EDGE_LOOP('',(#1257));
#5476=EDGE_LOOP('',(#1258,#1259,#1260,#1261));
#5477=EDGE_LOOP('',(#1262,#1263,#1264));
#5478=EDGE_LOOP('',(#1265,#1266,#1267));
#5479=EDGE_LOOP('',(#1268));
#5480=EDGE_LOOP('',(#1269));
#5481=EDGE_LOOP('',(#1270));
#5482=EDGE_LOOP('',(#1271));
#5483=EDGE_LOOP('',(#1272));
#5484=EDGE_LOOP('',(#1273));
#5485=EDGE_LOOP('',(#1274));
#5486=EDGE_LOOP('',(#1275));
#5487=EDGE_LOOP('',(#1276));
#5488=EDGE_LOOP('',(#1277));
#5489=EDGE_LOOP('',(#1278));
#5490=EDGE_LOOP('',(#1279));
#5491=EDGE_LOOP('',(#1280));
#5492=EDGE_LOOP('',(#1281));
#5493=EDGE_LOOP('',(#1282));
#5494=EDGE_LOOP('',(#1283));
#5495=EDGE_LOOP('',(#1284));
#5496=EDGE_LOOP('',(#1285));
#5497=EDGE_LOOP('',(#1286));
#5498=EDGE_LOOP('',(#1287));
#5499=EDGE_LOOP('',(#1288,#1289,#1290,#1291));
#5500=EDGE_LOOP('',(#1292,#1293,#1294,#1295));
#5501=EDGE_LOOP('',(#1296,#1297,#1298,#1299));
#5502=EDGE_LOOP('',(#1300,#1301,#1302,#1303));
#5503=EDGE_LOOP('',(#1304,#1305,#1306,#1307,#1308,#1309,#1310,#1311));
#5504=EDGE_LOOP('',(#1312));
#5505=EDGE_LOOP('',(#1313));
#5506=EDGE_LOOP('',(#1314,#1315,#1316,#1317));
#5507=EDGE_LOOP('',(#1318,#1319,#1320,#1321));
#5508=EDGE_LOOP('',(#1322,#1323,#1324,#1325));
#5509=EDGE_LOOP('',(#1326,#1327,#1328,#1329));
#5510=EDGE_LOOP('',(#1330,#1331,#1332,#1333));
#5511=EDGE_LOOP('',(#1334,#1335,#1336,#1337));
#5512=EDGE_LOOP('',(#1338,#1339,#1340,#1341));
#5513=EDGE_LOOP('',(#1342,#1343,#1344,#1345));
#5514=EDGE_LOOP('',(#1346,#1347,#1348,#1349));
#5515=EDGE_LOOP('',(#1350,#1351,#1352,#1353));
#5516=EDGE_LOOP('',(#1354,#1355,#1356,#1357));
#5517=EDGE_LOOP('',(#1358,#1359,#1360,#1361));
#5518=EDGE_LOOP('',(#1362,#1363,#1364,#1365));
#5519=EDGE_LOOP('',(#1366,#1367,#1368,#1369));
#5520=EDGE_LOOP('',(#1370,#1371,#1372,#1373));
#5521=EDGE_LOOP('',(#1374,#1375,#1376,#1377));
#5522=EDGE_LOOP('',(#1378,#1379,#1380,#1381));
#5523=EDGE_LOOP('',(#1382,#1383,#1384,#1385));
#5524=EDGE_LOOP('',(#1386,#1387,#1388,#1389));
#5525=EDGE_LOOP('',(#1390,#1391,#1392,#1393));
#5526=EDGE_LOOP('',(#1394,#1395,#1396,#1397));
#5527=EDGE_LOOP('',(#1398,#1399,#1400,#1401));
#5528=EDGE_LOOP('',(#1402,#1403,#1404,#1405));
#5529=EDGE_LOOP('',(#1406,#1407,#1408,#1409));
#5530=EDGE_LOOP('',(#1410,#1411,#1412,#1413));
#5531=EDGE_LOOP('',(#1414,#1415,#1416,#1417));
#5532=EDGE_LOOP('',(#1418,#1419,#1420,#1421));
#5533=EDGE_LOOP('',(#1422,#1423,#1424,#1425));
#5534=EDGE_LOOP('',(#1426,#1427,#1428,#1429));
#5535=EDGE_LOOP('',(#1430,#1431,#1432,#1433));
#5536=EDGE_LOOP('',(#1434,#1435,#1436,#1437));
#5537=EDGE_LOOP('',(#1438,#1439,#1440,#1441));
#5538=EDGE_LOOP('',(#1442,#1443,#1444,#1445));
#5539=EDGE_LOOP('',(#1446,#1447,#1448,#1449));
#5540=EDGE_LOOP('',(#1450,#1451,#1452,#1453));
#5541=EDGE_LOOP('',(#1454,#1455,#1456,#1457));
#5542=EDGE_LOOP('',(#1458,#1459,#1460,#1461));
#5543=EDGE_LOOP('',(#1462,#1463,#1464,#1465));
#5544=EDGE_LOOP('',(#1466,#1467,#1468,#1469));
#5545=EDGE_LOOP('',(#1470,#1471,#1472,#1473));
#5546=EDGE_LOOP('',(#1474,#1475,#1476,#1477));
#5547=EDGE_LOOP('',(#1478,#1479,#1480,#1481));
#5548=EDGE_LOOP('',(#1482,#1483,#1484,#1485));
#5549=EDGE_LOOP('',(#1486,#1487,#1488,#1489));
#5550=EDGE_LOOP('',(#1490,#1491,#1492,#1493));
#5551=EDGE_LOOP('',(#1494,#1495,#1496,#1497));
#5552=EDGE_LOOP('',(#1498,#1499,#1500,#1501));
#5553=EDGE_LOOP('',(#1502,#1503,#1504,#1505));
#5554=EDGE_LOOP('',(#1506,#1507,#1508,#1509));
#5555=EDGE_LOOP('',(#1510,#1511,#1512,#1513));
#5556=EDGE_LOOP('',(#1514,#1515,#1516,#1517,#1518,#1519,#1520,#1521));
#5557=EDGE_LOOP('',(#1522,#1523,#1524,#1525));
#5558=EDGE_LOOP('',(#1526,#1527,#1528,#1529));
#5559=EDGE_LOOP('',(#1530,#1531,#1532,#1533));
#5560=EDGE_LOOP('',(#1534,#1535,#1536,#1537,#1538,#1539));
#5561=EDGE_LOOP('',(#1540,#1541,#1542,#1543,#1544,#1545));
#5562=EDGE_LOOP('',(#1546,#1547,#1548,#1549));
#5563=EDGE_LOOP('',(#1550,#1551,#1552,#1553));
#5564=EDGE_LOOP('',(#1554,#1555,#1556,#1557,#1558,#1559,#1560,#1561));
#5565=EDGE_LOOP('',(#1562,#1563,#1564,#1565,#1566,#1567,#1568,#1569));
#5566=EDGE_LOOP('',(#1570,#1571,#1572,#1573,#1574,#1575,#1576,#1577));
#5567=EDGE_LOOP('',(#1578,#1579,#1580,#1581,#1582,#1583,#1584,#1585,#1586,
#1587));
#5568=EDGE_LOOP('',(#1588,#1589,#1590,#1591));
#5569=EDGE_LOOP('',(#1592,#1593,#1594,#1595));
#5570=EDGE_LOOP('',(#1596,#1597,#1598,#1599,#1600,#1601));
#5571=EDGE_LOOP('',(#1602,#1603,#1604,#1605));
#5572=EDGE_LOOP('',(#1606,#1607,#1608,#1609));
#5573=EDGE_LOOP('',(#1610,#1611,#1612,#1613));
#5574=EDGE_LOOP('',(#1614,#1615,#1616,#1617,#1618,#1619,#1620));
#5575=EDGE_LOOP('',(#1621,#1622,#1623,#1624,#1625,#1626,#1627));
#5576=EDGE_LOOP('',(#1628,#1629,#1630,#1631,#1632,#1633,#1634));
#5577=EDGE_LOOP('',(#1635,#1636,#1637,#1638,#1639,#1640,#1641));
#5578=EDGE_LOOP('',(#1642,#1643,#1644,#1645,#1646,#1647,#1648,#1649,#1650,
#1651,#1652,#1653,#1654));
#5579=EDGE_LOOP('',(#1655,#1656,#1657,#1658,#1659));
#5580=EDGE_LOOP('',(#1660,#1661,#1662,#1663,#1664));
#5581=EDGE_LOOP('',(#1665,#1666,#1667,#1668,#1669));
#5582=EDGE_LOOP('',(#1670,#1671,#1672,#1673,#1674,#1675));
#5583=EDGE_LOOP('',(#1676,#1677,#1678,#1679,#1680,#1681));
#5584=EDGE_LOOP('',(#1682,#1683,#1684,#1685,#1686,#1687,#1688));
#5585=EDGE_LOOP('',(#1689,#1690,#1691,#1692,#1693,#1694,#1695));
#5586=EDGE_LOOP('',(#1696,#1697,#1698,#1699));
#5587=EDGE_LOOP('',(#1700,#1701,#1702,#1703,#1704,#1705,#1706));
#5588=EDGE_LOOP('',(#1707,#1708,#1709,#1710,#1711,#1712,#1713));
#5589=EDGE_LOOP('',(#1714,#1715,#1716,#1717));
#5590=EDGE_LOOP('',(#1718,#1719,#1720,#1721,#1722));
#5591=EDGE_LOOP('',(#1723,#1724,#1725,#1726,#1727));
#5592=EDGE_LOOP('',(#1728,#1729,#1730,#1731));
#5593=EDGE_LOOP('',(#1732,#1733,#1734,#1735,#1736));
#5594=EDGE_LOOP('',(#1737,#1738,#1739,#1740));
#5595=EDGE_LOOP('',(#1741,#1742,#1743,#1744,#1745));
#5596=EDGE_LOOP('',(#1746,#1747,#1748,#1749,#1750,#1751));
#5597=EDGE_LOOP('',(#1752,#1753,#1754,#1755,#1756,#1757));
#5598=EDGE_LOOP('',(#1758,#1759,#1760,#1761,#1762,#1763,#1764,#1765,#1766,
#1767,#1768,#1769,#1770,#1771));
#5599=EDGE_LOOP('',(#1772,#1773,#1774,#1775,#1776,#1777,#1778,#1779));
#5600=EDGE_LOOP('',(#1780,#1781,#1782,#1783,#1784,#1785,#1786,#1787));
#5601=EDGE_LOOP('',(#1788,#1789,#1790,#1791));
#5602=EDGE_LOOP('',(#1792,#1793,#1794,#1795));
#5603=EDGE_LOOP('',(#1796,#1797,#1798,#1799,#1800));
#5604=EDGE_LOOP('',(#1801));
#5605=EDGE_LOOP('',(#1802));
#5606=EDGE_LOOP('',(#1803));
#5607=EDGE_LOOP('',(#1804));
#5608=EDGE_LOOP('',(#1805));
#5609=EDGE_LOOP('',(#1806));
#5610=EDGE_LOOP('',(#1807));
#5611=EDGE_LOOP('',(#1808));
#5612=EDGE_LOOP('',(#1809));
#5613=EDGE_LOOP('',(#1810));
#5614=EDGE_LOOP('',(#1811));
#5615=EDGE_LOOP('',(#1812));
#5616=EDGE_LOOP('',(#1813));
#5617=EDGE_LOOP('',(#1814));
#5618=EDGE_LOOP('',(#1815));
#5619=EDGE_LOOP('',(#1816));
#5620=EDGE_LOOP('',(#1817));
#5621=EDGE_LOOP('',(#1818));
#5622=EDGE_LOOP('',(#1819));
#5623=EDGE_LOOP('',(#1820));
#5624=EDGE_LOOP('',(#1821));
#5625=EDGE_LOOP('',(#1822));
#5626=EDGE_LOOP('',(#1823));
#5627=EDGE_LOOP('',(#1824));
#5628=EDGE_LOOP('',(#1825));
#5629=EDGE_LOOP('',(#1826));
#5630=EDGE_LOOP('',(#1827));
#5631=EDGE_LOOP('',(#1828));
#5632=EDGE_LOOP('',(#1829));
#5633=EDGE_LOOP('',(#1830));
#5634=EDGE_LOOP('',(#1831));
#5635=EDGE_LOOP('',(#1832));
#5636=EDGE_LOOP('',(#1833));
#5637=EDGE_LOOP('',(#1834));
#5638=EDGE_LOOP('',(#1835));
#5639=EDGE_LOOP('',(#1836));
#5640=EDGE_LOOP('',(#1837));
#5641=EDGE_LOOP('',(#1838));
#5642=EDGE_LOOP('',(#1839));
#5643=EDGE_LOOP('',(#1840));
#5644=EDGE_LOOP('',(#1841));
#5645=EDGE_LOOP('',(#1842));
#5646=EDGE_LOOP('',(#1843));
#5647=EDGE_LOOP('',(#1844));
#5648=EDGE_LOOP('',(#1845));
#5649=EDGE_LOOP('',(#1846,#1847,#1848,#1849));
#5650=EDGE_LOOP('',(#1850,#1851,#1852,#1853));
#5651=EDGE_LOOP('',(#1854,#1855,#1856,#1857));
#5652=EDGE_LOOP('',(#1858,#1859,#1860,#1861));
#5653=EDGE_LOOP('',(#1862,#1863,#1864,#1865));
#5654=EDGE_LOOP('',(#1866,#1867,#1868,#1869));
#5655=EDGE_LOOP('',(#1870,#1871,#1872,#1873));
#5656=EDGE_LOOP('',(#1874,#1875,#1876,#1877));
#5657=EDGE_LOOP('',(#1878,#1879,#1880,#1881));
#5658=EDGE_LOOP('',(#1882,#1883,#1884,#1885));
#5659=EDGE_LOOP('',(#1886,#1887,#1888,#1889));
#5660=EDGE_LOOP('',(#1890,#1891,#1892,#1893));
#5661=EDGE_LOOP('',(#1894,#1895,#1896,#1897));
#5662=EDGE_LOOP('',(#1898,#1899,#1900,#1901));
#5663=EDGE_LOOP('',(#1902,#1903,#1904,#1905));
#5664=EDGE_LOOP('',(#1906,#1907,#1908,#1909));
#5665=EDGE_LOOP('',(#1910,#1911,#1912,#1913));
#5666=EDGE_LOOP('',(#1914,#1915,#1916,#1917));
#5667=EDGE_LOOP('',(#1918,#1919,#1920,#1921));
#5668=EDGE_LOOP('',(#1922,#1923,#1924,#1925));
#5669=EDGE_LOOP('',(#1926,#1927,#1928,#1929));
#5670=EDGE_LOOP('',(#1930,#1931,#1932,#1933));
#5671=EDGE_LOOP('',(#1934,#1935,#1936,#1937));
#5672=EDGE_LOOP('',(#1938,#1939,#1940,#1941));
#5673=EDGE_LOOP('',(#1942,#1943,#1944,#1945));
#5674=EDGE_LOOP('',(#1946,#1947,#1948,#1949));
#5675=EDGE_LOOP('',(#1950,#1951,#1952,#1953));
#5676=EDGE_LOOP('',(#1954,#1955,#1956,#1957));
#5677=EDGE_LOOP('',(#1958,#1959,#1960,#1961));
#5678=EDGE_LOOP('',(#1962,#1963,#1964,#1965));
#5679=EDGE_LOOP('',(#1966,#1967,#1968,#1969));
#5680=EDGE_LOOP('',(#1970,#1971,#1972,#1973));
#5681=EDGE_LOOP('',(#1974,#1975,#1976,#1977));
#5682=EDGE_LOOP('',(#1978,#1979,#1980,#1981));
#5683=EDGE_LOOP('',(#1982,#1983,#1984,#1985));
#5684=EDGE_LOOP('',(#1986,#1987,#1988,#1989));
#5685=EDGE_LOOP('',(#1990,#1991,#1992,#1993));
#5686=EDGE_LOOP('',(#1994,#1995,#1996,#1997));
#5687=EDGE_LOOP('',(#1998,#1999,#2000,#2001));
#5688=EDGE_LOOP('',(#2002,#2003,#2004,#2005));
#5689=EDGE_LOOP('',(#2006,#2007,#2008,#2009));
#5690=EDGE_LOOP('',(#2010,#2011,#2012,#2013));
#5691=EDGE_LOOP('',(#2014,#2015,#2016,#2017));
#5692=EDGE_LOOP('',(#2018,#2019,#2020,#2021));
#5693=EDGE_LOOP('',(#2022,#2023,#2024,#2025));
#5694=EDGE_LOOP('',(#2026,#2027,#2028,#2029));
#5695=EDGE_LOOP('',(#2030,#2031,#2032,#2033));
#5696=EDGE_LOOP('',(#2034,#2035,#2036,#2037));
#5697=EDGE_LOOP('',(#2038,#2039,#2040,#2041));
#5698=EDGE_LOOP('',(#2042,#2043,#2044,#2045));
#5699=EDGE_LOOP('',(#2046,#2047,#2048,#2049));
#5700=EDGE_LOOP('',(#2050,#2051,#2052,#2053));
#5701=EDGE_LOOP('',(#2054,#2055,#2056,#2057));
#5702=EDGE_LOOP('',(#2058,#2059,#2060,#2061));
#5703=EDGE_LOOP('',(#2062,#2063,#2064,#2065));
#5704=EDGE_LOOP('',(#2066,#2067,#2068,#2069));
#5705=EDGE_LOOP('',(#2070,#2071,#2072,#2073));
#5706=EDGE_LOOP('',(#2074,#2075,#2076,#2077));
#5707=EDGE_LOOP('',(#2078,#2079,#2080,#2081));
#5708=EDGE_LOOP('',(#2082,#2083,#2084,#2085));
#5709=EDGE_LOOP('',(#2086,#2087,#2088,#2089));
#5710=EDGE_LOOP('',(#2090,#2091,#2092,#2093));
#5711=EDGE_LOOP('',(#2094,#2095,#2096,#2097));
#5712=EDGE_LOOP('',(#2098,#2099,#2100,#2101));
#5713=EDGE_LOOP('',(#2102,#2103,#2104,#2105));
#5714=EDGE_LOOP('',(#2106,#2107,#2108,#2109));
#5715=EDGE_LOOP('',(#2110,#2111,#2112,#2113));
#5716=EDGE_LOOP('',(#2114,#2115,#2116,#2117));
#5717=EDGE_LOOP('',(#2118,#2119,#2120,#2121));
#5718=EDGE_LOOP('',(#2122,#2123,#2124,#2125));
#5719=EDGE_LOOP('',(#2126,#2127,#2128,#2129));
#5720=EDGE_LOOP('',(#2130,#2131,#2132,#2133));
#5721=EDGE_LOOP('',(#2134,#2135,#2136,#2137));
#5722=EDGE_LOOP('',(#2138,#2139,#2140,#2141));
#5723=EDGE_LOOP('',(#2142,#2143,#2144,#2145));
#5724=EDGE_LOOP('',(#2146,#2147,#2148,#2149));
#5725=EDGE_LOOP('',(#2150,#2151,#2152,#2153));
#5726=EDGE_LOOP('',(#2154,#2155,#2156,#2157));
#5727=EDGE_LOOP('',(#2158,#2159,#2160,#2161));
#5728=EDGE_LOOP('',(#2162,#2163,#2164,#2165));
#5729=EDGE_LOOP('',(#2166,#2167,#2168,#2169));
#5730=EDGE_LOOP('',(#2170,#2171,#2172,#2173));
#5731=EDGE_LOOP('',(#2174,#2175,#2176,#2177));
#5732=EDGE_LOOP('',(#2178,#2179,#2180,#2181));
#5733=EDGE_LOOP('',(#2182,#2183,#2184,#2185));
#5734=EDGE_LOOP('',(#2186,#2187,#2188,#2189));
#5735=EDGE_LOOP('',(#2190,#2191,#2192,#2193));
#5736=EDGE_LOOP('',(#2194,#2195,#2196,#2197));
#5737=EDGE_LOOP('',(#2198,#2199,#2200,#2201));
#5738=EDGE_LOOP('',(#2202,#2203,#2204,#2205));
#5739=EDGE_LOOP('',(#2206,#2207,#2208,#2209));
#5740=EDGE_LOOP('',(#2210,#2211,#2212,#2213));
#5741=EDGE_LOOP('',(#2214,#2215,#2216,#2217));
#5742=EDGE_LOOP('',(#2218,#2219,#2220,#2221));
#5743=EDGE_LOOP('',(#2222,#2223,#2224,#2225));
#5744=EDGE_LOOP('',(#2226,#2227,#2228,#2229));
#5745=EDGE_LOOP('',(#2230,#2231,#2232,#2233));
#5746=EDGE_LOOP('',(#2234,#2235,#2236,#2237));
#5747=EDGE_LOOP('',(#2238,#2239,#2240,#2241));
#5748=EDGE_LOOP('',(#2242,#2243,#2244,#2245));
#5749=EDGE_LOOP('',(#2246,#2247,#2248,#2249));
#5750=EDGE_LOOP('',(#2250,#2251,#2252,#2253));
#5751=EDGE_LOOP('',(#2254,#2255,#2256,#2257));
#5752=EDGE_LOOP('',(#2258,#2259,#2260,#2261));
#5753=EDGE_LOOP('',(#2262,#2263,#2264,#2265));
#5754=EDGE_LOOP('',(#2266,#2267,#2268,#2269));
#5755=EDGE_LOOP('',(#2270,#2271,#2272,#2273));
#5756=EDGE_LOOP('',(#2274,#2275,#2276,#2277));
#5757=EDGE_LOOP('',(#2278,#2279,#2280,#2281));
#5758=EDGE_LOOP('',(#2282,#2283,#2284,#2285));
#5759=EDGE_LOOP('',(#2286,#2287,#2288,#2289));
#5760=EDGE_LOOP('',(#2290,#2291,#2292,#2293));
#5761=EDGE_LOOP('',(#2294,#2295,#2296,#2297));
#5762=EDGE_LOOP('',(#2298,#2299,#2300,#2301));
#5763=EDGE_LOOP('',(#2302,#2303,#2304,#2305));
#5764=EDGE_LOOP('',(#2306,#2307,#2308,#2309));
#5765=EDGE_LOOP('',(#2310,#2311,#2312,#2313));
#5766=EDGE_LOOP('',(#2314,#2315,#2316,#2317));
#5767=EDGE_LOOP('',(#2318,#2319,#2320,#2321));
#5768=EDGE_LOOP('',(#2322,#2323,#2324,#2325));
#5769=EDGE_LOOP('',(#2326,#2327,#2328,#2329));
#5770=EDGE_LOOP('',(#2330,#2331,#2332,#2333));
#5771=EDGE_LOOP('',(#2334,#2335,#2336,#2337));
#5772=EDGE_LOOP('',(#2338,#2339,#2340,#2341));
#5773=EDGE_LOOP('',(#2342,#2343,#2344,#2345));
#5774=EDGE_LOOP('',(#2346,#2347,#2348,#2349));
#5775=EDGE_LOOP('',(#2350,#2351,#2352,#2353));
#5776=EDGE_LOOP('',(#2354,#2355,#2356,#2357));
#5777=EDGE_LOOP('',(#2358,#2359,#2360,#2361));
#5778=EDGE_LOOP('',(#2362,#2363,#2364,#2365));
#5779=EDGE_LOOP('',(#2366,#2367,#2368,#2369));
#5780=EDGE_LOOP('',(#2370,#2371,#2372,#2373));
#5781=EDGE_LOOP('',(#2374,#2375,#2376,#2377));
#5782=EDGE_LOOP('',(#2378,#2379,#2380,#2381));
#5783=EDGE_LOOP('',(#2382,#2383,#2384,#2385));
#5784=EDGE_LOOP('',(#2386,#2387,#2388,#2389));
#5785=EDGE_LOOP('',(#2390,#2391,#2392,#2393));
#5786=EDGE_LOOP('',(#2394,#2395,#2396,#2397));
#5787=EDGE_LOOP('',(#2398,#2399,#2400,#2401));
#5788=EDGE_LOOP('',(#2402,#2403,#2404,#2405));
#5789=EDGE_LOOP('',(#2406,#2407,#2408,#2409));
#5790=EDGE_LOOP('',(#2410,#2411,#2412,#2413));
#5791=EDGE_LOOP('',(#2414,#2415,#2416,#2417));
#5792=EDGE_LOOP('',(#2418,#2419,#2420,#2421));
#5793=EDGE_LOOP('',(#2422,#2423,#2424,#2425));
#5794=EDGE_LOOP('',(#2426,#2427,#2428,#2429));
#5795=EDGE_LOOP('',(#2430,#2431,#2432,#2433));
#5796=EDGE_LOOP('',(#2434,#2435,#2436,#2437));
#5797=EDGE_LOOP('',(#2438,#2439,#2440,#2441));
#5798=EDGE_LOOP('',(#2442,#2443,#2444,#2445));
#5799=EDGE_LOOP('',(#2446,#2447,#2448,#2449));
#5800=EDGE_LOOP('',(#2450,#2451,#2452,#2453));
#5801=EDGE_LOOP('',(#2454,#2455,#2456,#2457));
#5802=EDGE_LOOP('',(#2458,#2459,#2460,#2461));
#5803=EDGE_LOOP('',(#2462,#2463,#2464,#2465));
#5804=EDGE_LOOP('',(#2466,#2467,#2468,#2469));
#5805=EDGE_LOOP('',(#2470,#2471,#2472,#2473));
#5806=EDGE_LOOP('',(#2474,#2475,#2476,#2477));
#5807=EDGE_LOOP('',(#2478,#2479,#2480,#2481));
#5808=EDGE_LOOP('',(#2482,#2483,#2484,#2485));
#5809=EDGE_LOOP('',(#2486,#2487,#2488,#2489));
#5810=EDGE_LOOP('',(#2490,#2491,#2492,#2493));
#5811=EDGE_LOOP('',(#2494,#2495,#2496,#2497));
#5812=EDGE_LOOP('',(#2498,#2499,#2500,#2501));
#5813=EDGE_LOOP('',(#2502,#2503,#2504,#2505));
#5814=EDGE_LOOP('',(#2506,#2507,#2508,#2509));
#5815=EDGE_LOOP('',(#2510,#2511,#2512,#2513));
#5816=EDGE_LOOP('',(#2514,#2515,#2516,#2517));
#5817=EDGE_LOOP('',(#2518,#2519,#2520,#2521));
#5818=EDGE_LOOP('',(#2522,#2523,#2524,#2525));
#5819=EDGE_LOOP('',(#2526,#2527,#2528,#2529));
#5820=EDGE_LOOP('',(#2530,#2531,#2532,#2533));
#5821=EDGE_LOOP('',(#2534,#2535,#2536,#2537));
#5822=EDGE_LOOP('',(#2538,#2539,#2540,#2541));
#5823=EDGE_LOOP('',(#2542,#2543,#2544,#2545));
#5824=EDGE_LOOP('',(#2546,#2547,#2548,#2549));
#5825=EDGE_LOOP('',(#2550,#2551,#2552,#2553));
#5826=EDGE_LOOP('',(#2554,#2555,#2556,#2557));
#5827=EDGE_LOOP('',(#2558,#2559,#2560,#2561));
#5828=EDGE_LOOP('',(#2562,#2563,#2564,#2565));
#5829=EDGE_LOOP('',(#2566,#2567,#2568,#2569));
#5830=EDGE_LOOP('',(#2570,#2571,#2572,#2573));
#5831=EDGE_LOOP('',(#2574,#2575,#2576,#2577));
#5832=EDGE_LOOP('',(#2578,#2579,#2580,#2581));
#5833=EDGE_LOOP('',(#2582,#2583,#2584,#2585));
#5834=EDGE_LOOP('',(#2586,#2587,#2588,#2589));
#5835=EDGE_LOOP('',(#2590,#2591,#2592,#2593));
#5836=EDGE_LOOP('',(#2594,#2595,#2596,#2597));
#5837=EDGE_LOOP('',(#2598,#2599,#2600,#2601));
#5838=EDGE_LOOP('',(#2602,#2603,#2604,#2605));
#5839=EDGE_LOOP('',(#2606,#2607,#2608,#2609));
#5840=EDGE_LOOP('',(#2610,#2611,#2612,#2613));
#5841=EDGE_LOOP('',(#2614,#2615,#2616,#2617));
#5842=EDGE_LOOP('',(#2618,#2619,#2620,#2621));
#5843=EDGE_LOOP('',(#2622,#2623,#2624,#2625));
#5844=EDGE_LOOP('',(#2626,#2627,#2628,#2629));
#5845=EDGE_LOOP('',(#2630,#2631,#2632,#2633));
#5846=EDGE_LOOP('',(#2634,#2635,#2636,#2637));
#5847=EDGE_LOOP('',(#2638,#2639,#2640,#2641));
#5848=EDGE_LOOP('',(#2642,#2643,#2644,#2645));
#5849=EDGE_LOOP('',(#2646,#2647,#2648,#2649));
#5850=EDGE_LOOP('',(#2650));
#5851=EDGE_LOOP('',(#2651,#2652,#2653,#2654));
#5852=EDGE_LOOP('',(#2655,#2656,#2657,#2658));
#5853=FACE_BOUND('',#5354,.T.);
#5854=FACE_BOUND('',#5355,.T.);
#5855=FACE_BOUND('',#5356,.T.);
#5856=FACE_BOUND('',#5357,.T.);
#5857=FACE_BOUND('',#5358,.T.);
#5858=FACE_BOUND('',#5359,.T.);
#5859=FACE_BOUND('',#5360,.T.);
#5860=FACE_BOUND('',#5361,.T.);
#5861=FACE_BOUND('',#5362,.T.);
#5862=FACE_BOUND('',#5363,.T.);
#5863=FACE_BOUND('',#5364,.T.);
#5864=FACE_BOUND('',#5365,.T.);
#5865=FACE_BOUND('',#5366,.T.);
#5866=FACE_BOUND('',#5367,.T.);
#5867=FACE_BOUND('',#5368,.T.);
#5868=FACE_BOUND('',#5369,.T.);
#5869=FACE_BOUND('',#5370,.T.);
#5870=FACE_BOUND('',#5371,.T.);
#5871=FACE_BOUND('',#5372,.T.);
#5872=FACE_BOUND('',#5373,.T.);
#5873=FACE_BOUND('',#5374,.T.);
#5874=FACE_BOUND('',#5375,.T.);
#5875=FACE_BOUND('',#5376,.T.);
#5876=FACE_BOUND('',#5377,.T.);
#5877=FACE_BOUND('',#5378,.T.);
#5878=FACE_BOUND('',#5379,.T.);
#5879=FACE_BOUND('',#5380,.T.);
#5880=FACE_BOUND('',#5381,.T.);
#5881=FACE_BOUND('',#5382,.T.);
#5882=FACE_BOUND('',#5383,.T.);
#5883=FACE_BOUND('',#5384,.T.);
#5884=FACE_BOUND('',#5385,.T.);
#5885=FACE_BOUND('',#5386,.T.);
#5886=FACE_BOUND('',#5387,.T.);
#5887=FACE_BOUND('',#5388,.T.);
#5888=FACE_BOUND('',#5389,.T.);
#5889=FACE_BOUND('',#5390,.T.);
#5890=FACE_BOUND('',#5391,.T.);
#5891=FACE_BOUND('',#5392,.T.);
#5892=FACE_BOUND('',#5393,.T.);
#5893=FACE_BOUND('',#5394,.T.);
#5894=FACE_BOUND('',#5395,.T.);
#5895=FACE_BOUND('',#5396,.T.);
#5896=FACE_BOUND('',#5397,.T.);
#5897=FACE_BOUND('',#5398,.T.);
#5898=FACE_BOUND('',#5399,.T.);
#5899=FACE_BOUND('',#5400,.T.);
#5900=FACE_BOUND('',#5401,.T.);
#5901=FACE_BOUND('',#5402,.T.);
#5902=FACE_BOUND('',#5403,.T.);
#5903=FACE_BOUND('',#5404,.T.);
#5904=FACE_BOUND('',#5405,.T.);
#5905=FACE_BOUND('',#5406,.T.);
#5906=FACE_BOUND('',#5407,.T.);
#5907=FACE_BOUND('',#5408,.T.);
#5908=FACE_BOUND('',#5409,.T.);
#5909=FACE_BOUND('',#5410,.T.);
#5910=FACE_BOUND('',#5411,.T.);
#5911=FACE_BOUND('',#5412,.T.);
#5912=FACE_BOUND('',#5413,.T.);
#5913=FACE_BOUND('',#5414,.T.);
#5914=FACE_BOUND('',#5415,.T.);
#5915=FACE_BOUND('',#5416,.T.);
#5916=FACE_BOUND('',#5417,.T.);
#5917=FACE_BOUND('',#5418,.T.);
#5918=FACE_BOUND('',#5419,.T.);
#5919=FACE_BOUND('',#5420,.T.);
#5920=FACE_BOUND('',#5421,.T.);
#5921=FACE_BOUND('',#5422,.T.);
#5922=FACE_BOUND('',#5423,.T.);
#5923=FACE_BOUND('',#5424,.T.);
#5924=FACE_BOUND('',#5425,.T.);
#5925=FACE_BOUND('',#5426,.T.);
#5926=FACE_BOUND('',#5427,.T.);
#5927=FACE_BOUND('',#5428,.T.);
#5928=FACE_BOUND('',#5429,.T.);
#5929=FACE_BOUND('',#5430,.T.);
#5930=FACE_BOUND('',#5431,.T.);
#5931=FACE_BOUND('',#5432,.T.);
#5932=FACE_BOUND('',#5433,.T.);
#5933=FACE_BOUND('',#5434,.T.);
#5934=FACE_BOUND('',#5435,.T.);
#5935=FACE_BOUND('',#5436,.T.);
#5936=FACE_BOUND('',#5437,.T.);
#5937=FACE_BOUND('',#5438,.T.);
#5938=FACE_BOUND('',#5439,.T.);
#5939=FACE_BOUND('',#5440,.T.);
#5940=FACE_BOUND('',#5441,.T.);
#5941=FACE_BOUND('',#5442,.T.);
#5942=FACE_BOUND('',#5443,.T.);
#5943=FACE_BOUND('',#5444,.T.);
#5944=FACE_BOUND('',#5445,.T.);
#5945=FACE_BOUND('',#5446,.T.);
#5946=FACE_BOUND('',#5447,.T.);
#5947=FACE_BOUND('',#5448,.T.);
#5948=FACE_BOUND('',#5449,.T.);
#5949=FACE_BOUND('',#5450,.T.);
#5950=FACE_BOUND('',#5451,.T.);
#5951=FACE_BOUND('',#5452,.T.);
#5952=FACE_BOUND('',#5453,.T.);
#5953=FACE_BOUND('',#5454,.T.);
#5954=FACE_BOUND('',#5455,.T.);
#5955=FACE_BOUND('',#5456,.T.);
#5956=FACE_BOUND('',#5457,.T.);
#5957=FACE_BOUND('',#5458,.T.);
#5958=FACE_BOUND('',#5459,.T.);
#5959=FACE_BOUND('',#5460,.T.);
#5960=FACE_BOUND('',#5461,.T.);
#5961=FACE_BOUND('',#5462,.T.);
#5962=FACE_BOUND('',#5463,.T.);
#5963=FACE_BOUND('',#5464,.T.);
#5964=FACE_BOUND('',#5465,.T.);
#5965=FACE_BOUND('',#5466,.T.);
#5966=FACE_BOUND('',#5467,.T.);
#5967=FACE_BOUND('',#5468,.T.);
#5968=FACE_BOUND('',#5469,.T.);
#5969=FACE_BOUND('',#5470,.T.);
#5970=FACE_BOUND('',#5471,.T.);
#5971=FACE_BOUND('',#5472,.T.);
#5972=FACE_BOUND('',#5473,.T.);
#5973=FACE_BOUND('',#5474,.T.);
#5974=FACE_BOUND('',#5475,.T.);
#5975=FACE_BOUND('',#5476,.T.);
#5976=FACE_BOUND('',#5477,.T.);
#5977=FACE_BOUND('',#5478,.T.);
#5978=FACE_BOUND('',#5479,.T.);
#5979=FACE_BOUND('',#5480,.T.);
#5980=FACE_BOUND('',#5481,.T.);
#5981=FACE_BOUND('',#5482,.T.);
#5982=FACE_BOUND('',#5483,.T.);
#5983=FACE_BOUND('',#5484,.T.);
#5984=FACE_BOUND('',#5485,.T.);
#5985=FACE_BOUND('',#5486,.T.);
#5986=FACE_BOUND('',#5487,.T.);
#5987=FACE_BOUND('',#5488,.T.);
#5988=FACE_BOUND('',#5489,.T.);
#5989=FACE_BOUND('',#5490,.T.);
#5990=FACE_BOUND('',#5491,.T.);
#5991=FACE_BOUND('',#5492,.T.);
#5992=FACE_BOUND('',#5493,.T.);
#5993=FACE_BOUND('',#5494,.T.);
#5994=FACE_BOUND('',#5495,.T.);
#5995=FACE_BOUND('',#5496,.T.);
#5996=FACE_BOUND('',#5497,.T.);
#5997=FACE_BOUND('',#5498,.T.);
#5998=FACE_BOUND('',#5499,.T.);
#5999=FACE_BOUND('',#5500,.T.);
#6000=FACE_BOUND('',#5501,.T.);
#6001=FACE_BOUND('',#5502,.T.);
#6002=FACE_BOUND('',#5503,.T.);
#6003=FACE_BOUND('',#5504,.T.);
#6004=FACE_BOUND('',#5505,.T.);
#6005=FACE_BOUND('',#5506,.T.);
#6006=FACE_BOUND('',#5507,.T.);
#6007=FACE_BOUND('',#5508,.T.);
#6008=FACE_BOUND('',#5509,.T.);
#6009=FACE_BOUND('',#5510,.T.);
#6010=FACE_BOUND('',#5511,.T.);
#6011=FACE_BOUND('',#5512,.T.);
#6012=FACE_BOUND('',#5513,.T.);
#6013=FACE_BOUND('',#5514,.T.);
#6014=FACE_BOUND('',#5515,.T.);
#6015=FACE_BOUND('',#5516,.T.);
#6016=FACE_BOUND('',#5517,.T.);
#6017=FACE_BOUND('',#5518,.T.);
#6018=FACE_BOUND('',#5519,.T.);
#6019=FACE_BOUND('',#5520,.T.);
#6020=FACE_BOUND('',#5521,.T.);
#6021=FACE_BOUND('',#5522,.T.);
#6022=FACE_BOUND('',#5523,.T.);
#6023=FACE_BOUND('',#5524,.T.);
#6024=FACE_BOUND('',#5525,.T.);
#6025=FACE_BOUND('',#5526,.T.);
#6026=FACE_BOUND('',#5527,.T.);
#6027=FACE_BOUND('',#5528,.T.);
#6028=FACE_BOUND('',#5529,.T.);
#6029=FACE_BOUND('',#5530,.T.);
#6030=FACE_BOUND('',#5531,.T.);
#6031=FACE_BOUND('',#5532,.T.);
#6032=FACE_BOUND('',#5533,.T.);
#6033=FACE_BOUND('',#5534,.T.);
#6034=FACE_BOUND('',#5535,.T.);
#6035=FACE_BOUND('',#5536,.T.);
#6036=FACE_BOUND('',#5537,.T.);
#6037=FACE_BOUND('',#5538,.T.);
#6038=FACE_BOUND('',#5539,.T.);
#6039=FACE_BOUND('',#5540,.T.);
#6040=FACE_BOUND('',#5541,.T.);
#6041=FACE_BOUND('',#5542,.T.);
#6042=FACE_BOUND('',#5543,.T.);
#6043=FACE_BOUND('',#5544,.T.);
#6044=FACE_BOUND('',#5545,.T.);
#6045=FACE_BOUND('',#5546,.T.);
#6046=FACE_BOUND('',#5547,.T.);
#6047=FACE_BOUND('',#5548,.T.);
#6048=FACE_BOUND('',#5549,.T.);
#6049=FACE_BOUND('',#5550,.T.);
#6050=FACE_BOUND('',#5551,.T.);
#6051=FACE_BOUND('',#5552,.T.);
#6052=FACE_BOUND('',#5553,.T.);
#6053=FACE_BOUND('',#5554,.T.);
#6054=FACE_BOUND('',#5555,.T.);
#6055=FACE_BOUND('',#5556,.T.);
#6056=FACE_BOUND('',#5557,.T.);
#6057=FACE_BOUND('',#5558,.T.);
#6058=FACE_BOUND('',#5559,.T.);
#6059=FACE_BOUND('',#5560,.T.);
#6060=FACE_BOUND('',#5561,.T.);
#6061=FACE_BOUND('',#5562,.T.);
#6062=FACE_BOUND('',#5563,.T.);
#6063=FACE_BOUND('',#5564,.T.);
#6064=FACE_BOUND('',#5565,.T.);
#6065=FACE_BOUND('',#5566,.T.);
#6066=FACE_BOUND('',#5567,.T.);
#6067=FACE_BOUND('',#5568,.T.);
#6068=FACE_BOUND('',#5569,.T.);
#6069=FACE_BOUND('',#5570,.T.);
#6070=FACE_BOUND('',#5571,.T.);
#6071=FACE_BOUND('',#5572,.T.);
#6072=FACE_BOUND('',#5573,.T.);
#6073=FACE_BOUND('',#5574,.T.);
#6074=FACE_BOUND('',#5575,.T.);
#6075=FACE_BOUND('',#5576,.T.);
#6076=FACE_BOUND('',#5577,.T.);
#6077=FACE_BOUND('',#5578,.T.);
#6078=FACE_BOUND('',#5579,.T.);
#6079=FACE_BOUND('',#5580,.T.);
#6080=FACE_BOUND('',#5581,.T.);
#6081=FACE_BOUND('',#5582,.T.);
#6082=FACE_BOUND('',#5583,.T.);
#6083=FACE_BOUND('',#5584,.T.);
#6084=FACE_BOUND('',#5585,.T.);
#6085=FACE_BOUND('',#5586,.T.);
#6086=FACE_BOUND('',#5587,.T.);
#6087=FACE_BOUND('',#5588,.T.);
#6088=FACE_BOUND('',#5589,.T.);
#6089=FACE_BOUND('',#5590,.T.);
#6090=FACE_BOUND('',#5591,.T.);
#6091=FACE_BOUND('',#5592,.T.);
#6092=FACE_BOUND('',#5593,.T.);
#6093=FACE_BOUND('',#5594,.T.);
#6094=FACE_BOUND('',#5595,.T.);
#6095=FACE_BOUND('',#5596,.T.);
#6096=FACE_BOUND('',#5597,.T.);
#6097=FACE_BOUND('',#5598,.T.);
#6098=FACE_BOUND('',#5599,.T.);
#6099=FACE_BOUND('',#5600,.T.);
#6100=FACE_BOUND('',#5601,.T.);
#6101=FACE_BOUND('',#5602,.T.);
#6102=FACE_BOUND('',#5603,.T.);
#6103=FACE_BOUND('',#5604,.T.);
#6104=FACE_BOUND('',#5605,.T.);
#6105=FACE_BOUND('',#5606,.T.);
#6106=FACE_BOUND('',#5607,.T.);
#6107=FACE_BOUND('',#5608,.T.);
#6108=FACE_BOUND('',#5609,.T.);
#6109=FACE_BOUND('',#5610,.T.);
#6110=FACE_BOUND('',#5611,.T.);
#6111=FACE_BOUND('',#5612,.T.);
#6112=FACE_BOUND('',#5613,.T.);
#6113=FACE_BOUND('',#5614,.T.);
#6114=FACE_BOUND('',#5615,.T.);
#6115=FACE_BOUND('',#5616,.T.);
#6116=FACE_BOUND('',#5617,.T.);
#6117=FACE_BOUND('',#5618,.T.);
#6118=FACE_BOUND('',#5619,.T.);
#6119=FACE_BOUND('',#5620,.T.);
#6120=FACE_BOUND('',#5621,.T.);
#6121=FACE_BOUND('',#5622,.T.);
#6122=FACE_BOUND('',#5623,.T.);
#6123=FACE_BOUND('',#5624,.T.);
#6124=FACE_BOUND('',#5625,.T.);
#6125=FACE_BOUND('',#5626,.T.);
#6126=FACE_BOUND('',#5627,.T.);
#6127=FACE_BOUND('',#5628,.T.);
#6128=FACE_BOUND('',#5629,.T.);
#6129=FACE_BOUND('',#5630,.T.);
#6130=FACE_BOUND('',#5631,.T.);
#6131=FACE_BOUND('',#5632,.T.);
#6132=FACE_BOUND('',#5633,.T.);
#6133=FACE_BOUND('',#5634,.T.);
#6134=FACE_BOUND('',#5635,.T.);
#6135=FACE_BOUND('',#5636,.T.);
#6136=FACE_BOUND('',#5637,.T.);
#6137=FACE_BOUND('',#5638,.T.);
#6138=FACE_BOUND('',#5639,.T.);
#6139=FACE_BOUND('',#5640,.T.);
#6140=FACE_BOUND('',#5641,.T.);
#6141=FACE_BOUND('',#5642,.T.);
#6142=FACE_BOUND('',#5643,.T.);
#6143=FACE_BOUND('',#5644,.T.);
#6144=FACE_BOUND('',#5645,.T.);
#6145=FACE_BOUND('',#5646,.T.);
#6146=FACE_BOUND('',#5647,.T.);
#6147=FACE_BOUND('',#5648,.T.);
#6148=FACE_BOUND('',#5649,.T.);
#6149=FACE_BOUND('',#5650,.T.);
#6150=FACE_BOUND('',#5651,.T.);
#6151=FACE_BOUND('',#5652,.T.);
#6152=FACE_BOUND('',#5653,.T.);
#6153=FACE_BOUND('',#5654,.T.);
#6154=FACE_BOUND('',#5655,.T.);
#6155=FACE_BOUND('',#5656,.T.);
#6156=FACE_BOUND('',#5657,.T.);
#6157=FACE_BOUND('',#5658,.T.);
#6158=FACE_BOUND('',#5659,.T.);
#6159=FACE_BOUND('',#5660,.T.);
#6160=FACE_BOUND('',#5661,.T.);
#6161=FACE_BOUND('',#5662,.T.);
#6162=FACE_BOUND('',#5663,.T.);
#6163=FACE_BOUND('',#5664,.T.);
#6164=FACE_BOUND('',#5665,.T.);
#6165=FACE_BOUND('',#5666,.T.);
#6166=FACE_BOUND('',#5667,.T.);
#6167=FACE_BOUND('',#5668,.T.);
#6168=FACE_BOUND('',#5669,.T.);
#6169=FACE_BOUND('',#5670,.T.);
#6170=FACE_BOUND('',#5671,.T.);
#6171=FACE_BOUND('',#5672,.T.);
#6172=FACE_BOUND('',#5673,.T.);
#6173=FACE_BOUND('',#5674,.T.);
#6174=FACE_BOUND('',#5675,.T.);
#6175=FACE_BOUND('',#5676,.T.);
#6176=FACE_BOUND('',#5677,.T.);
#6177=FACE_BOUND('',#5678,.T.);
#6178=FACE_BOUND('',#5679,.T.);
#6179=FACE_BOUND('',#5680,.T.);
#6180=FACE_BOUND('',#5681,.T.);
#6181=FACE_BOUND('',#5682,.T.);
#6182=FACE_BOUND('',#5683,.T.);
#6183=FACE_BOUND('',#5684,.T.);
#6184=FACE_BOUND('',#5685,.T.);
#6185=FACE_BOUND('',#5686,.T.);
#6186=FACE_BOUND('',#5687,.T.);
#6187=FACE_BOUND('',#5688,.T.);
#6188=FACE_BOUND('',#5689,.T.);
#6189=FACE_BOUND('',#5690,.T.);
#6190=FACE_BOUND('',#5691,.T.);
#6191=FACE_BOUND('',#5692,.T.);
#6192=FACE_BOUND('',#5693,.T.);
#6193=FACE_BOUND('',#5694,.T.);
#6194=FACE_BOUND('',#5695,.T.);
#6195=FACE_BOUND('',#5696,.T.);
#6196=FACE_BOUND('',#5697,.T.);
#6197=FACE_BOUND('',#5698,.T.);
#6198=FACE_BOUND('',#5699,.T.);
#6199=FACE_BOUND('',#5700,.T.);
#6200=FACE_BOUND('',#5701,.T.);
#6201=FACE_BOUND('',#5702,.T.);
#6202=FACE_BOUND('',#5703,.T.);
#6203=FACE_BOUND('',#5704,.T.);
#6204=FACE_BOUND('',#5705,.T.);
#6205=FACE_BOUND('',#5706,.T.);
#6206=FACE_BOUND('',#5707,.T.);
#6207=FACE_BOUND('',#5708,.T.);
#6208=FACE_BOUND('',#5709,.T.);
#6209=FACE_BOUND('',#5710,.T.);
#6210=FACE_BOUND('',#5711,.T.);
#6211=FACE_BOUND('',#5712,.T.);
#6212=FACE_BOUND('',#5713,.T.);
#6213=FACE_BOUND('',#5714,.T.);
#6214=FACE_BOUND('',#5715,.T.);
#6215=FACE_BOUND('',#5716,.T.);
#6216=FACE_BOUND('',#5717,.T.);
#6217=FACE_BOUND('',#5718,.T.);
#6218=FACE_BOUND('',#5719,.T.);
#6219=FACE_BOUND('',#5720,.T.);
#6220=FACE_BOUND('',#5721,.T.);
#6221=FACE_BOUND('',#5722,.T.);
#6222=FACE_BOUND('',#5723,.T.);
#6223=FACE_BOUND('',#5724,.T.);
#6224=FACE_BOUND('',#5725,.T.);
#6225=FACE_BOUND('',#5726,.T.);
#6226=FACE_BOUND('',#5727,.T.);
#6227=FACE_BOUND('',#5728,.T.);
#6228=FACE_BOUND('',#5729,.T.);
#6229=FACE_BOUND('',#5730,.T.);
#6230=FACE_BOUND('',#5731,.T.);
#6231=FACE_BOUND('',#5732,.T.);
#6232=FACE_BOUND('',#5733,.T.);
#6233=FACE_BOUND('',#5734,.T.);
#6234=FACE_BOUND('',#5735,.T.);
#6235=FACE_BOUND('',#5736,.T.);
#6236=FACE_BOUND('',#5737,.T.);
#6237=FACE_BOUND('',#5738,.T.);
#6238=FACE_BOUND('',#5739,.T.);
#6239=FACE_BOUND('',#5740,.T.);
#6240=FACE_BOUND('',#5741,.T.);
#6241=FACE_BOUND('',#5742,.T.);
#6242=FACE_BOUND('',#5743,.T.);
#6243=FACE_BOUND('',#5744,.T.);
#6244=FACE_BOUND('',#5745,.T.);
#6245=FACE_BOUND('',#5746,.T.);
#6246=FACE_BOUND('',#5747,.T.);
#6247=FACE_BOUND('',#5748,.T.);
#6248=FACE_BOUND('',#5749,.T.);
#6249=FACE_BOUND('',#5750,.T.);
#6250=FACE_BOUND('',#5751,.T.);
#6251=FACE_BOUND('',#5752,.T.);
#6252=FACE_BOUND('',#5753,.T.);
#6253=FACE_BOUND('',#5754,.T.);
#6254=FACE_BOUND('',#5755,.T.);
#6255=FACE_BOUND('',#5756,.T.);
#6256=FACE_BOUND('',#5757,.T.);
#6257=FACE_BOUND('',#5758,.T.);
#6258=FACE_BOUND('',#5759,.T.);
#6259=FACE_BOUND('',#5760,.T.);
#6260=FACE_BOUND('',#5761,.T.);
#6261=FACE_BOUND('',#5762,.T.);
#6262=FACE_BOUND('',#5763,.T.);
#6263=FACE_BOUND('',#5764,.T.);
#6264=FACE_BOUND('',#5765,.T.);
#6265=FACE_BOUND('',#5766,.T.);
#6266=FACE_BOUND('',#5767,.T.);
#6267=FACE_BOUND('',#5768,.T.);
#6268=FACE_BOUND('',#5769,.T.);
#6269=FACE_BOUND('',#5770,.T.);
#6270=FACE_BOUND('',#5771,.T.);
#6271=FACE_BOUND('',#5772,.T.);
#6272=FACE_BOUND('',#5773,.T.);
#6273=FACE_BOUND('',#5774,.T.);
#6274=FACE_BOUND('',#5775,.T.);
#6275=FACE_BOUND('',#5776,.T.);
#6276=FACE_BOUND('',#5777,.T.);
#6277=FACE_BOUND('',#5778,.T.);
#6278=FACE_BOUND('',#5779,.T.);
#6279=FACE_BOUND('',#5780,.T.);
#6280=FACE_BOUND('',#5781,.T.);
#6281=FACE_BOUND('',#5782,.T.);
#6282=FACE_BOUND('',#5783,.T.);
#6283=FACE_BOUND('',#5784,.T.);
#6284=FACE_BOUND('',#5785,.T.);
#6285=FACE_BOUND('',#5786,.T.);
#6286=FACE_BOUND('',#5787,.T.);
#6287=FACE_BOUND('',#5788,.T.);
#6288=FACE_BOUND('',#5789,.T.);
#6289=FACE_BOUND('',#5790,.T.);
#6290=FACE_BOUND('',#5791,.T.);
#6291=FACE_BOUND('',#5792,.T.);
#6292=FACE_BOUND('',#5793,.T.);
#6293=FACE_BOUND('',#5794,.T.);
#6294=FACE_BOUND('',#5795,.T.);
#6295=FACE_BOUND('',#5796,.T.);
#6296=FACE_BOUND('',#5797,.T.);
#6297=FACE_BOUND('',#5798,.T.);
#6298=FACE_BOUND('',#5799,.T.);
#6299=FACE_BOUND('',#5800,.T.);
#6300=FACE_BOUND('',#5801,.T.);
#6301=FACE_BOUND('',#5802,.T.);
#6302=FACE_BOUND('',#5803,.T.);
#6303=FACE_BOUND('',#5804,.T.);
#6304=FACE_BOUND('',#5805,.T.);
#6305=FACE_BOUND('',#5806,.T.);
#6306=FACE_BOUND('',#5807,.T.);
#6307=FACE_BOUND('',#5808,.T.);
#6308=FACE_BOUND('',#5809,.T.);
#6309=FACE_BOUND('',#5810,.T.);
#6310=FACE_BOUND('',#5811,.T.);
#6311=FACE_BOUND('',#5812,.T.);
#6312=FACE_BOUND('',#5813,.T.);
#6313=FACE_BOUND('',#5814,.T.);
#6314=FACE_BOUND('',#5815,.T.);
#6315=FACE_BOUND('',#5816,.T.);
#6316=FACE_BOUND('',#5817,.T.);
#6317=FACE_BOUND('',#5818,.T.);
#6318=FACE_BOUND('',#5819,.T.);
#6319=FACE_BOUND('',#5820,.T.);
#6320=FACE_BOUND('',#5821,.T.);
#6321=FACE_BOUND('',#5822,.T.);
#6322=FACE_BOUND('',#5823,.T.);
#6323=FACE_BOUND('',#5824,.T.);
#6324=FACE_BOUND('',#5825,.T.);
#6325=FACE_BOUND('',#5826,.T.);
#6326=FACE_BOUND('',#5827,.T.);
#6327=FACE_BOUND('',#5828,.T.);
#6328=FACE_BOUND('',#5829,.T.);
#6329=FACE_BOUND('',#5830,.T.);
#6330=FACE_BOUND('',#5831,.T.);
#6331=FACE_BOUND('',#5832,.T.);
#6332=FACE_BOUND('',#5833,.T.);
#6333=FACE_BOUND('',#5834,.T.);
#6334=FACE_BOUND('',#5835,.T.);
#6335=FACE_BOUND('',#5836,.T.);
#6336=FACE_BOUND('',#5837,.T.);
#6337=FACE_BOUND('',#5838,.T.);
#6338=FACE_BOUND('',#5839,.T.);
#6339=FACE_BOUND('',#5840,.T.);
#6340=FACE_BOUND('',#5841,.T.);
#6341=FACE_BOUND('',#5842,.T.);
#6342=FACE_BOUND('',#5843,.T.);
#6343=FACE_BOUND('',#5844,.T.);
#6344=FACE_BOUND('',#5845,.T.);
#6345=FACE_BOUND('',#5846,.T.);
#6346=FACE_BOUND('',#5847,.T.);
#6347=FACE_BOUND('',#5848,.T.);
#6348=FACE_BOUND('',#5849,.T.);
#6349=FACE_BOUND('',#5850,.T.);
#6350=FACE_BOUND('',#5851,.T.);
#6351=FACE_BOUND('',#5852,.T.);
#6352=CYLINDRICAL_SURFACE('',#6964,0.003);
#6353=CYLINDRICAL_SURFACE('',#6967,0.003);
#6354=CYLINDRICAL_SURFACE('',#7127,0.003);
#6355=CYLINDRICAL_SURFACE('',#7296,0.00390183602790189);
#6356=CYLINDRICAL_SURFACE('',#7297,0.00225);
#6357=CYLINDRICAL_SURFACE('',#7299,0.002);
#6358=CYLINDRICAL_SURFACE('',#7304,0.005);
#6359=CYLINDRICAL_SURFACE('',#7305,0.002);
#6360=CYLINDRICAL_SURFACE('',#7310,0.005);
#6361=CYLINDRICAL_SURFACE('',#7311,0.005);
#6362=CYLINDRICAL_SURFACE('',#7314,0.005);
#6363=CYLINDRICAL_SURFACE('',#7316,0.002);
#6364=CYLINDRICAL_SURFACE('',#7319,0.002);
#6365=CYLINDRICAL_SURFACE('',#7326,0.002);
#6366=CYLINDRICAL_SURFACE('',#7327,0.002);
#6367=CYLINDRICAL_SURFACE('',#7328,0.002);
#6368=CYLINDRICAL_SURFACE('',#7329,0.002);
#6369=CYLINDRICAL_SURFACE('',#7330,0.0021);
#6370=CYLINDRICAL_SURFACE('',#7331,0.0021);
#6371=CYLINDRICAL_SURFACE('',#7332,0.01);
#6372=CYLINDRICAL_SURFACE('',#7335,0.007);
#6373=CYLINDRICAL_SURFACE('',#7341,0.00375);
#6374=CYLINDRICAL_SURFACE('',#7345,0.00375);
#6375=CYLINDRICAL_SURFACE('',#7349,0.002);
#6376=CYLINDRICAL_SURFACE('',#7350,0.002);
#6377=CYLINDRICAL_SURFACE('',#7351,0.005);
#6378=CYLINDRICAL_SURFACE('',#7358,0.005);
#6379=CYLINDRICAL_SURFACE('',#7362,0.005);
#6380=CYLINDRICAL_SURFACE('',#7366,0.005);
#6381=CYLINDRICAL_SURFACE('',#7370,0.005);
#6382=CYLINDRICAL_SURFACE('',#7371,0.005);
#6383=CYLINDRICAL_SURFACE('',#7373,0.005);
#6384=CYLINDRICAL_SURFACE('',#7375,0.005);
#6385=CYLINDRICAL_SURFACE('',#7377,0.005);
#6386=CYLINDRICAL_SURFACE('',#7385,0.005);
#6387=CYLINDRICAL_SURFACE('',#7387,0.005);
#6388=CYLINDRICAL_SURFACE('',#7396,0.002);
#6389=CYLINDRICAL_SURFACE('',#7401,0.002);
#6390=CYLINDRICAL_SURFACE('',#7410,0.002);
#6391=CYLINDRICAL_SURFACE('',#7416,0.002);
#6392=CYLINDRICAL_SURFACE('',#7419,0.002);
#6393=CYLINDRICAL_SURFACE('',#7425,0.002);
#6394=CYLINDRICAL_SURFACE('',#7431,0.002);
#6395=CYLINDRICAL_SURFACE('',#7435,0.002);
#6396=CYLINDRICAL_SURFACE('',#7441,0.002);
#6397=CYLINDRICAL_SURFACE('',#7447,0.002);
#6398=CYLINDRICAL_SURFACE('',#7450,0.002);
#6399=CYLINDRICAL_SURFACE('',#7456,0.002);
#6400=CYLINDRICAL_SURFACE('',#7466,0.002);
#6401=CYLINDRICAL_SURFACE('',#7471,0.002);
#6402=CYLINDRICAL_SURFACE('',#7482,0.00945754);
#6403=CYLINDRICAL_SURFACE('',#7483,0.015);
#6404=CYLINDRICAL_SURFACE('',#7485,0.015);
#6405=CYLINDRICAL_SURFACE('',#7487,0.015);
#6406=CYLINDRICAL_SURFACE('',#7489,0.015);
#6407=CYLINDRICAL_SURFACE('',#7493,0.011457538588672);
#6408=CYLINDRICAL_SURFACE('',#7494,0.00745753854502513);
#6409=CYLINDRICAL_SURFACE('',#7496,0.02);
#6410=CYLINDRICAL_SURFACE('',#7498,0.02);
#6411=CYLINDRICAL_SURFACE('',#7500,0.02);
#6412=CYLINDRICAL_SURFACE('',#7502,0.02);
#6413=CYLINDRICAL_SURFACE('',#7504,0.02);
#6414=CYLINDRICAL_SURFACE('',#7506,0.02);
#6415=CYLINDRICAL_SURFACE('',#7514,0.0259150771336972);
#6416=CYLINDRICAL_SURFACE('',#7516,0.0219150770900503);
#6417=CYLINDRICAL_SURFACE('',#7518,0.00700000000000003);
#6418=CYLINDRICAL_SURFACE('',#7520,0.003);
#6419=CYLINDRICAL_SURFACE('',#7526,0.0249150771235999);
#6420=CYLINDRICAL_SURFACE('',#7528,0.0209150771236);
#6421=CYLINDRICAL_SURFACE('',#7530,0.002);
#6422=CYLINDRICAL_SURFACE('',#7532,0.00600000003354972);
#6423=CYLINDRICAL_SURFACE('',#7534,0.02);
#6424=CYLINDRICAL_SURFACE('',#7536,0.02);
#6425=CYLINDRICAL_SURFACE('',#7544,0.00854246146733913);
#6426=CYLINDRICAL_SURFACE('',#7546,0.0125424614673391);
#6427=CYLINDRICAL_SURFACE('',#7549,0.0314575385191972);
#6428=CYLINDRICAL_SURFACE('',#7552,0.0274575385326611);
#6429=CYLINDRICAL_SURFACE('',#7564,0.00375);
#6430=CYLINDRICAL_SURFACE('',#7565,0.002);
#6431=CYLINDRICAL_SURFACE('',#7566,0.002);
#6432=CYLINDRICAL_SURFACE('',#7567,0.002);
#6433=CYLINDRICAL_SURFACE('',#7568,0.002);
#6434=CYLINDRICAL_SURFACE('',#7569,0.002);
#6435=CYLINDRICAL_SURFACE('',#7570,0.002);
#6436=CYLINDRICAL_SURFACE('',#7571,0.002);
#6437=CYLINDRICAL_SURFACE('',#7572,0.005);
#6438=CYLINDRICAL_SURFACE('',#7576,0.002);
#6439=CYLINDRICAL_SURFACE('',#7577,0.00375);
#6440=CYLINDRICAL_SURFACE('',#7580,0.004);
#6441=CYLINDRICAL_SURFACE('',#7584,0.002);
#6442=CYLINDRICAL_SURFACE('',#7585,0.00375);
#6443=CYLINDRICAL_SURFACE('',#7588,0.005);
#6444=CYLINDRICAL_SURFACE('',#7590,0.002);
#6445=CYLINDRICAL_SURFACE('',#7593,0.0075);
#6446=CYLINDRICAL_SURFACE('',#7596,0.00749999999999981);
#6447=CYLINDRICAL_SURFACE('',#7601,0.00749999999999973);
#6448=CYLINDRICAL_SURFACE('',#7609,0.0075);
#6449=CYLINDRICAL_SURFACE('',#7614,0.0075);
#6450=CYLINDRICAL_SURFACE('',#7629,0.0075);
#6451=CYLINDRICAL_SURFACE('',#7631,0.0075);
#6452=CYLINDRICAL_SURFACE('',#7633,0.00749999999999971);
#6453=CYLINDRICAL_SURFACE('',#7635,0.0075);
#6454=CYLINDRICAL_SURFACE('',#7637,0.0075);
#6455=CYLINDRICAL_SURFACE('',#7639,0.0075);
#6456=CYLINDRICAL_SURFACE('',#7641,0.0075);
#6457=CYLINDRICAL_SURFACE('',#7644,0.0075);
#6458=CYLINDRICAL_SURFACE('',#7646,0.0075);
#6459=CYLINDRICAL_SURFACE('',#7648,0.0075);
#6460=CYLINDRICAL_SURFACE('',#7652,0.0075);
#6461=CYLINDRICAL_SURFACE('',#7654,0.0075);
#6462=CYLINDRICAL_SURFACE('',#7658,0.0075);
#6463=CYLINDRICAL_SURFACE('',#7665,0.00749999999999992);
#6464=CYLINDRICAL_SURFACE('',#7673,0.0075);
#6465=CYLINDRICAL_SURFACE('',#7676,0.0075);
#6466=CYLINDRICAL_SURFACE('',#7678,0.0075);
#6467=CYLINDRICAL_SURFACE('',#7681,0.0075);
#6468=CYLINDRICAL_SURFACE('',#7687,0.0075);
#6469=CYLINDRICAL_SURFACE('',#7689,0.0075);
#6470=CYLINDRICAL_SURFACE('',#7692,0.0035);
#6471=CYLINDRICAL_SURFACE('',#7693,0.0035);
#6472=CYLINDRICAL_SURFACE('',#7694,0.003);
#6473=CYLINDRICAL_SURFACE('',#7695,0.003);
#6474=CYLINDRICAL_SURFACE('',#7696,0.003);
#6475=CYLINDRICAL_SURFACE('',#7697,0.003);
#6476=CYLINDRICAL_SURFACE('',#7698,0.003);
#6477=CYLINDRICAL_SURFACE('',#7699,0.003);
#6478=CYLINDRICAL_SURFACE('',#7700,0.003);
#6479=CYLINDRICAL_SURFACE('',#7701,0.003);
#6480=CYLINDRICAL_SURFACE('',#7702,0.003);
#6481=CYLINDRICAL_SURFACE('',#7703,0.003);
#6482=CYLINDRICAL_SURFACE('',#7704,0.003);
#6483=CYLINDRICAL_SURFACE('',#7705,0.003);
#6484=CYLINDRICAL_SURFACE('',#7706,0.003);
#6485=CYLINDRICAL_SURFACE('',#7707,0.003);
#6486=CYLINDRICAL_SURFACE('',#7708,0.003);
#6487=CYLINDRICAL_SURFACE('',#7709,0.003);
#6488=CYLINDRICAL_SURFACE('',#7710,0.003);
#6489=CYLINDRICAL_SURFACE('',#7711,0.003);
#6490=CYLINDRICAL_SURFACE('',#7712,0.003);
#6491=CYLINDRICAL_SURFACE('',#7713,0.003);
#6492=CYLINDRICAL_SURFACE('',#7714,0.003);
#6493=CYLINDRICAL_SURFACE('',#7715,0.003);
#6494=CYLINDRICAL_SURFACE('',#7716,0.003);
#6495=CYLINDRICAL_SURFACE('',#7717,0.003);
#6496=CYLINDRICAL_SURFACE('',#7718,0.003);
#6497=CYLINDRICAL_SURFACE('',#7719,0.003);
#6498=CYLINDRICAL_SURFACE('',#7720,0.003);
#6499=CYLINDRICAL_SURFACE('',#7721,0.003);
#6500=CYLINDRICAL_SURFACE('',#7722,0.003);
#6501=CYLINDRICAL_SURFACE('',#7723,0.003);
#6502=CYLINDRICAL_SURFACE('',#7724,0.003);
#6503=CYLINDRICAL_SURFACE('',#7725,0.0034028947705065);
#6504=CYLINDRICAL_SURFACE('',#7726,0.003);
#6505=CYLINDRICAL_SURFACE('',#7727,0.003);
#6506=CYLINDRICAL_SURFACE('',#7728,0.003);
#6507=CYLINDRICAL_SURFACE('',#7729,0.003);
#6508=CYLINDRICAL_SURFACE('',#7730,0.003);
#6509=CYLINDRICAL_SURFACE('',#7731,0.005);
#6510=CYLINDRICAL_SURFACE('',#7732,0.003);
#6511=CYLINDRICAL_SURFACE('',#7733,0.003);
#6512=CYLINDRICAL_SURFACE('',#7734,0.003);
#6513=CYLINDRICAL_SURFACE('',#7735,0.003);
#6514=CYLINDRICAL_SURFACE('',#7736,0.003);
#6515=CYLINDRICAL_SURFACE('',#7737,0.003);
#6516=CYLINDRICAL_SURFACE('',#7738,0.003);
#6517=CYLINDRICAL_SURFACE('',#7739,0.003);
#6518=CYLINDRICAL_SURFACE('',#7740,0.003);
#6519=CYLINDRICAL_SURFACE('',#7741,0.003);
#6520=CYLINDRICAL_SURFACE('',#7742,0.003);
#6521=CYLINDRICAL_SURFACE('',#7743,0.003);
#6522=CYLINDRICAL_SURFACE('',#7744,0.003);
#6523=CYLINDRICAL_SURFACE('',#7745,0.003);
#6524=CYLINDRICAL_SURFACE('',#7746,0.003);
#6525=CYLINDRICAL_SURFACE('',#7747,0.003);
#6526=CYLINDRICAL_SURFACE('',#7748,0.003);
#6527=CYLINDRICAL_SURFACE('',#7749,0.003);
#6528=CYLINDRICAL_SURFACE('',#7750,0.003);
#6529=CYLINDRICAL_SURFACE('',#7751,0.003);
#6530=CYLINDRICAL_SURFACE('',#7752,0.003);
#6531=CYLINDRICAL_SURFACE('',#7753,0.003);
#6532=CYLINDRICAL_SURFACE('',#7754,0.003);
#6533=CYLINDRICAL_SURFACE('',#7755,0.003);
#6534=CYLINDRICAL_SURFACE('',#7756,0.00188440328284746);
#6535=CYLINDRICAL_SURFACE('',#7757,0.00240104639222322);
#6536=CYLINDRICAL_SURFACE('',#7758,0.003);
#6537=CYLINDRICAL_SURFACE('',#7759,0.003);
#6538=CYLINDRICAL_SURFACE('',#7760,0.003);
#6539=CYLINDRICAL_SURFACE('',#7761,0.003);
#6540=CYLINDRICAL_SURFACE('',#7762,0.003);
#6541=CYLINDRICAL_SURFACE('',#7763,0.003);
#6542=CYLINDRICAL_SURFACE('',#7764,0.003);
#6543=CYLINDRICAL_SURFACE('',#7765,0.00239503919552671);
#6544=CYLINDRICAL_SURFACE('',#7766,0.00238404324617123);
#6545=CYLINDRICAL_SURFACE('',#7767,0.003);
#6546=CYLINDRICAL_SURFACE('',#7768,0.003);
#6547=CYLINDRICAL_SURFACE('',#7769,0.003);
#6548=CYLINDRICAL_SURFACE('',#7770,0.003);
#6549=CYLINDRICAL_SURFACE('',#7771,0.003);
#6550=CYLINDRICAL_SURFACE('',#7772,0.003);
#6551=CYLINDRICAL_SURFACE('',#7773,0.003);
#6552=CYLINDRICAL_SURFACE('',#7774,0.003);
#6553=CYLINDRICAL_SURFACE('',#7775,0.003);
#6554=CYLINDRICAL_SURFACE('',#7776,0.003);
#6555=CYLINDRICAL_SURFACE('',#7777,0.003);
#6556=CYLINDRICAL_SURFACE('',#7778,0.003);
#6557=CYLINDRICAL_SURFACE('',#7779,0.003);
#6558=CYLINDRICAL_SURFACE('',#7780,0.003);
#6559=CYLINDRICAL_SURFACE('',#7781,0.003);
#6560=CYLINDRICAL_SURFACE('',#7782,0.003);
#6561=CYLINDRICAL_SURFACE('',#7783,0.003);
#6562=CYLINDRICAL_SURFACE('',#7784,0.003);
#6563=CYLINDRICAL_SURFACE('',#7785,0.003);
#6564=CYLINDRICAL_SURFACE('',#7786,0.003);
#6565=CYLINDRICAL_SURFACE('',#7787,0.003);
#6566=CYLINDRICAL_SURFACE('',#7788,0.0023662029807374);
#6567=CYLINDRICAL_SURFACE('',#7789,0.003);
#6568=CYLINDRICAL_SURFACE('',#7790,0.003);
#6569=CYLINDRICAL_SURFACE('',#7791,0.003);
#6570=CYLINDRICAL_SURFACE('',#7792,0.003);
#6571=CYLINDRICAL_SURFACE('',#7793,0.003);
#6572=CYLINDRICAL_SURFACE('',#7796,0.003);
#6573=ADVANCED_FACE('',(#5853),#6352,.F.);
#6574=ADVANCED_FACE('',(#5854),#6353,.F.);
#6575=ADVANCED_FACE('',(#5855,#5856,#5857,#5858,#5859,#5860,#5861,#5862,
#5863,#5864,#5865,#5866,#5867,#5868,#5869,#5870,#5871,#5872,#5873,#5874,
#5875,#5876,#5877,#5878,#5879,#5880,#5881,#5882,#5883,#5884,#5885,#5886,
#5887,#5888,#5889,#5890),#65,.F.);
#6576=ADVANCED_FACE('',(#5891),#6354,.F.);
#6577=ADVANCED_FACE('',(#5892),#66,.F.);
#6578=ADVANCED_FACE('',(#5893),#67,.T.);
#6579=ADVANCED_FACE('',(#5894,#5895,#5896,#5897,#5898,#5899,#5900,#5901,
#5902,#5903,#5904,#5905,#5906,#5907,#5908,#5909,#5910,#5911,#5912,#5913,
#5914,#5915,#5916,#5917,#5918,#5919,#5920,#5921,#5922,#5923,#5924,#5925),
#68,.T.);
#6580=ADVANCED_FACE('',(#5926),#69,.T.);
#6581=ADVANCED_FACE('',(#5927,#5928),#70,.T.);
#6582=ADVANCED_FACE('',(#5929,#5930),#6355,.T.);
#6583=ADVANCED_FACE('',(#5931,#5932),#6356,.F.);
#6584=ADVANCED_FACE('',(#5933,#5934),#6357,.F.);
#6585=ADVANCED_FACE('',(#5935,#5936),#71,.T.);
#6586=ADVANCED_FACE('',(#5937,#5938),#6358,.T.);
#6587=ADVANCED_FACE('',(#5939,#5940),#6359,.F.);
#6588=ADVANCED_FACE('',(#5941,#5942),#72,.T.);
#6589=ADVANCED_FACE('',(#5943,#5944),#6360,.T.);
#6590=ADVANCED_FACE('',(#5945),#6361,.T.);
#6591=ADVANCED_FACE('',(#5946),#73,.T.);
#6592=ADVANCED_FACE('',(#5947),#6362,.T.);
#6593=ADVANCED_FACE('',(#5948,#5949),#6363,.F.);
#6594=ADVANCED_FACE('',(#5950),#74,.F.);
#6595=ADVANCED_FACE('',(#5951,#5952),#6364,.F.);
#6596=ADVANCED_FACE('',(#5953,#5954,#5955),#75,.F.);
#6597=ADVANCED_FACE('',(#5956),#6365,.F.);
#6598=ADVANCED_FACE('',(#5957),#6366,.F.);
#6599=ADVANCED_FACE('',(#5958),#6367,.F.);
#6600=ADVANCED_FACE('',(#5959),#6368,.F.);
#6601=ADVANCED_FACE('',(#5960,#5961),#6369,.F.);
#6602=ADVANCED_FACE('',(#5962,#5963),#6370,.F.);
#6603=ADVANCED_FACE('',(#5964),#6371,.T.);
#6604=ADVANCED_FACE('',(#5965,#5966),#6372,.F.);
#6605=ADVANCED_FACE('',(#5967,#5968),#76,.T.);
#6606=ADVANCED_FACE('',(#5969,#5970),#6373,.F.);
#6607=ADVANCED_FACE('',(#5971,#5972),#77,.T.);
#6608=ADVANCED_FACE('',(#5973,#5974),#6374,.F.);
#6609=ADVANCED_FACE('',(#5975),#47,.T.);
#6610=ADVANCED_FACE('',(#5976),#6375,.T.);
#6611=ADVANCED_FACE('',(#5977),#6376,.T.);
#6612=ADVANCED_FACE('',(#5978,#5979),#6377,.T.);
#6613=ADVANCED_FACE('',(#5980,#5981),#78,.T.);
#6614=ADVANCED_FACE('',(#5982,#5983),#79,.T.);
#6615=ADVANCED_FACE('',(#5984,#5985),#6378,.T.);
#6616=ADVANCED_FACE('',(#5986,#5987),#80,.T.);
#6617=ADVANCED_FACE('',(#5988,#5989),#6379,.T.);
#6618=ADVANCED_FACE('',(#5990,#5991),#81,.T.);
#6619=ADVANCED_FACE('',(#5992,#5993),#6380,.T.);
#6620=ADVANCED_FACE('',(#5994,#5995),#82,.T.);
#6621=ADVANCED_FACE('',(#5996,#5997),#6381,.T.);
#6622=ADVANCED_FACE('',(#5998),#6382,.F.);
#6623=ADVANCED_FACE('',(#5999),#6383,.F.);
#6624=ADVANCED_FACE('',(#6000),#6384,.F.);
#6625=ADVANCED_FACE('',(#6001),#6385,.F.);
#6626=ADVANCED_FACE('',(#6002,#6003,#6004),#83,.T.);
#6627=ADVANCED_FACE('',(#6005),#84,.T.);
#6628=ADVANCED_FACE('',(#6006),#6386,.T.);
#6629=ADVANCED_FACE('',(#6007),#85,.F.);
#6630=ADVANCED_FACE('',(#6008),#6387,.T.);
#6631=ADVANCED_FACE('',(#6009),#48,.T.);
#6632=ADVANCED_FACE('',(#6010),#12,.T.);
#6633=ADVANCED_FACE('',(#6011),#49,.T.);
#6634=ADVANCED_FACE('',(#6012),#6388,.T.);
#6635=ADVANCED_FACE('',(#6013),#50,.T.);
#6636=ADVANCED_FACE('',(#6014),#6389,.T.);
#6637=ADVANCED_FACE('',(#6015),#51,.T.);
#6638=ADVANCED_FACE('',(#6016),#13,.T.);
#6639=ADVANCED_FACE('',(#6017),#52,.T.);
#6640=ADVANCED_FACE('',(#6018),#6390,.T.);
#6641=ADVANCED_FACE('',(#6019),#53,.T.);
#6642=ADVANCED_FACE('',(#6020),#6391,.T.);
#6643=ADVANCED_FACE('',(#6021),#14,.T.);
#6644=ADVANCED_FACE('',(#6022),#6392,.T.);
#6645=ADVANCED_FACE('',(#6023),#54,.T.);
#6646=ADVANCED_FACE('',(#6024),#6393,.T.);
#6647=ADVANCED_FACE('',(#6025),#55,.T.);
#6648=ADVANCED_FACE('',(#6026),#6394,.T.);
#6649=ADVANCED_FACE('',(#6027),#15,.T.);
#6650=ADVANCED_FACE('',(#6028),#6395,.T.);
#6651=ADVANCED_FACE('',(#6029),#56,.T.);
#6652=ADVANCED_FACE('',(#6030),#6396,.T.);
#6653=ADVANCED_FACE('',(#6031),#57,.T.);
#6654=ADVANCED_FACE('',(#6032),#6397,.T.);
#6655=ADVANCED_FACE('',(#6033),#16,.T.);
#6656=ADVANCED_FACE('',(#6034),#6398,.T.);
#6657=ADVANCED_FACE('',(#6035),#58,.T.);
#6658=ADVANCED_FACE('',(#6036),#6399,.T.);
#6659=ADVANCED_FACE('',(#6037),#59,.T.);
#6660=ADVANCED_FACE('',(#6038),#17,.T.);
#6661=ADVANCED_FACE('',(#6039),#60,.T.);
#6662=ADVANCED_FACE('',(#6040),#6400,.T.);
#6663=ADVANCED_FACE('',(#6041),#61,.T.);
#6664=ADVANCED_FACE('',(#6042),#6401,.T.);
#6665=ADVANCED_FACE('',(#6043),#62,.T.);
#6666=ADVANCED_FACE('',(#6044),#18,.T.);
#6667=ADVANCED_FACE('',(#6045),#63,.T.);
#6668=ADVANCED_FACE('',(#6046),#86,.T.);
#6669=ADVANCED_FACE('',(#6047),#87,.F.);
#6670=ADVANCED_FACE('',(#6048),#6402,.F.);
#6671=ADVANCED_FACE('',(#6049),#6403,.F.);
#6672=ADVANCED_FACE('',(#6050),#6404,.F.);
#6673=ADVANCED_FACE('',(#6051),#6405,.T.);
#6674=ADVANCED_FACE('',(#6052),#6406,.T.);
#6675=ADVANCED_FACE('',(#6053),#88,.F.);
#6676=ADVANCED_FACE('',(#6054),#89,.F.);
#6677=ADVANCED_FACE('',(#6055),#6407,.T.);
#6678=ADVANCED_FACE('',(#6056),#6408,.F.);
#6679=ADVANCED_FACE('',(#6057),#6409,.T.);
#6680=ADVANCED_FACE('',(#6058),#6410,.T.);
#6681=ADVANCED_FACE('',(#6059),#6411,.F.);
#6682=ADVANCED_FACE('',(#6060),#6412,.F.);
#6683=ADVANCED_FACE('',(#6061),#6413,.T.);
#6684=ADVANCED_FACE('',(#6062),#6414,.T.);
#6685=ADVANCED_FACE('',(#6063),#90,.F.);
#6686=ADVANCED_FACE('',(#6064),#91,.T.);
#6687=ADVANCED_FACE('',(#6065),#92,.F.);
#6688=ADVANCED_FACE('',(#6066),#93,.T.);
#6689=ADVANCED_FACE('',(#6067),#94,.T.);
#6690=ADVANCED_FACE('',(#6068),#95,.T.);
#6691=ADVANCED_FACE('',(#6069),#6415,.T.);
#6692=ADVANCED_FACE('',(#6070),#6416,.F.);
#6693=ADVANCED_FACE('',(#6071),#6417,.T.);
#6694=ADVANCED_FACE('',(#6072),#6418,.F.);
#6695=ADVANCED_FACE('',(#6073),#96,.F.);
#6696=ADVANCED_FACE('',(#6074),#97,.T.);
#6697=ADVANCED_FACE('',(#6075),#98,.F.);
#6698=ADVANCED_FACE('',(#6076),#99,.T.);
#6699=ADVANCED_FACE('',(#6077),#6419,.T.);
#6700=ADVANCED_FACE('',(#6078),#6420,.F.);
#6701=ADVANCED_FACE('',(#6079),#6421,.F.);
#6702=ADVANCED_FACE('',(#6080),#6422,.T.);
#6703=ADVANCED_FACE('',(#6081),#6423,.F.);
#6704=ADVANCED_FACE('',(#6082),#6424,.F.);
#6705=ADVANCED_FACE('',(#6083),#100,.F.);
#6706=ADVANCED_FACE('',(#6084),#101,.T.);
#6707=ADVANCED_FACE('',(#6085),#102,.F.);
#6708=ADVANCED_FACE('',(#6086),#103,.F.);
#6709=ADVANCED_FACE('',(#6087),#104,.T.);
#6710=ADVANCED_FACE('',(#6088),#105,.F.);
#6711=ADVANCED_FACE('',(#6089),#6425,.F.);
#6712=ADVANCED_FACE('',(#6090),#6426,.T.);
#6713=ADVANCED_FACE('',(#6091),#106,.F.);
#6714=ADVANCED_FACE('',(#6092),#6427,.T.);
#6715=ADVANCED_FACE('',(#6093),#107,.F.);
#6716=ADVANCED_FACE('',(#6094),#6428,.F.);
#6717=ADVANCED_FACE('',(#6095),#108,.T.);
#6718=ADVANCED_FACE('',(#6096),#109,.T.);
#6719=ADVANCED_FACE('',(#6097),#110,.T.);
#6720=ADVANCED_FACE('',(#6098),#111,.T.);
#6721=ADVANCED_FACE('',(#6099),#112,.T.);
#6722=ADVANCED_FACE('',(#6100),#113,.T.);
#6723=ADVANCED_FACE('',(#6101),#114,.T.);
#6724=ADVANCED_FACE('',(#6102,#6103),#115,.F.);
#6725=ADVANCED_FACE('',(#6104,#6105),#116,.T.);
#6726=ADVANCED_FACE('',(#6106,#6107),#6429,.F.);
#6727=ADVANCED_FACE('',(#6108,#6109),#6430,.F.);
#6728=ADVANCED_FACE('',(#6110,#6111),#6431,.F.);
#6729=ADVANCED_FACE('',(#6112,#6113),#6432,.F.);
#6730=ADVANCED_FACE('',(#6114,#6115),#6433,.F.);
#6731=ADVANCED_FACE('',(#6116,#6117),#6434,.F.);
#6732=ADVANCED_FACE('',(#6118,#6119),#6435,.F.);
#6733=ADVANCED_FACE('',(#6120,#6121),#6436,.F.);
#6734=ADVANCED_FACE('',(#6122,#6123),#6437,.T.);
#6735=ADVANCED_FACE('',(#6124,#6125),#117,.F.);
#6736=ADVANCED_FACE('',(#6126,#6127),#6438,.F.);
#6737=ADVANCED_FACE('',(#6128,#6129),#6439,.F.);
#6738=ADVANCED_FACE('',(#6130,#6131),#118,.T.);
#6739=ADVANCED_FACE('',(#6132,#6133),#6440,.T.);
#6740=ADVANCED_FACE('',(#6134,#6135),#119,.F.);
#6741=ADVANCED_FACE('',(#6136,#6137),#6441,.F.);
#6742=ADVANCED_FACE('',(#6138,#6139),#6442,.F.);
#6743=ADVANCED_FACE('',(#6140,#6141),#120,.T.);
#6744=ADVANCED_FACE('',(#6142,#6143),#6443,.T.);
#6745=ADVANCED_FACE('',(#6144,#6145),#6444,.F.);
#6746=ADVANCED_FACE('',(#6146,#6147),#121,.F.);
#6747=ADVANCED_FACE('',(#6148),#6445,.T.);
#6748=ADVANCED_FACE('',(#6149),#122,.F.);
#6749=ADVANCED_FACE('',(#6150),#123,.T.);
#6750=ADVANCED_FACE('',(#6151),#6446,.T.);
#6751=ADVANCED_FACE('',(#6152),#124,.F.);
#6752=ADVANCED_FACE('',(#6153),#125,.F.);
#6753=ADVANCED_FACE('',(#6154),#126,.T.);
#6754=ADVANCED_FACE('',(#6155),#127,.F.);
#6755=ADVANCED_FACE('',(#6156),#6447,.T.);
#6756=ADVANCED_FACE('',(#6157),#128,.T.);
#6757=ADVANCED_FACE('',(#6158),#129,.T.);
#6758=ADVANCED_FACE('',(#6159),#130,.F.);
#6759=ADVANCED_FACE('',(#6160),#131,.F.);
#6760=ADVANCED_FACE('',(#6161),#132,.T.);
#6761=ADVANCED_FACE('',(#6162),#133,.F.);
#6762=ADVANCED_FACE('',(#6163),#134,.F.);
#6763=ADVANCED_FACE('',(#6164),#6448,.T.);
#6764=ADVANCED_FACE('',(#6165),#135,.F.);
#6765=ADVANCED_FACE('',(#6166),#136,.F.);
#6766=ADVANCED_FACE('',(#6167),#137,.F.);
#6767=ADVANCED_FACE('',(#6168),#138,.T.);
#6768=ADVANCED_FACE('',(#6169),#6449,.T.);
#6769=ADVANCED_FACE('',(#6170),#139,.T.);
#6770=ADVANCED_FACE('',(#6171),#140,.F.);
#6771=ADVANCED_FACE('',(#6172),#141,.T.);
#6772=ADVANCED_FACE('',(#6173),#142,.T.);
#6773=ADVANCED_FACE('',(#6174),#143,.F.);
#6774=ADVANCED_FACE('',(#6175),#144,.T.);
#6775=ADVANCED_FACE('',(#6176),#145,.T.);
#6776=ADVANCED_FACE('',(#6177),#146,.T.);
#6777=ADVANCED_FACE('',(#6178),#147,.F.);
#6778=ADVANCED_FACE('',(#6179),#148,.F.);
#6779=ADVANCED_FACE('',(#6180),#149,.F.);
#6780=ADVANCED_FACE('',(#6181),#150,.F.);
#6781=ADVANCED_FACE('',(#6182),#151,.T.);
#6782=ADVANCED_FACE('',(#6183),#152,.F.);
#6783=ADVANCED_FACE('',(#6184),#6450,.T.);
#6784=ADVANCED_FACE('',(#6185),#153,.T.);
#6785=ADVANCED_FACE('',(#6186),#6451,.T.);
#6786=ADVANCED_FACE('',(#6187),#154,.T.);
#6787=ADVANCED_FACE('',(#6188),#6452,.T.);
#6788=ADVANCED_FACE('',(#6189),#155,.F.);
#6789=ADVANCED_FACE('',(#6190),#6453,.T.);
#6790=ADVANCED_FACE('',(#6191),#156,.F.);
#6791=ADVANCED_FACE('',(#6192),#6454,.T.);
#6792=ADVANCED_FACE('',(#6193),#157,.F.);
#6793=ADVANCED_FACE('',(#6194),#6455,.T.);
#6794=ADVANCED_FACE('',(#6195),#158,.F.);
#6795=ADVANCED_FACE('',(#6196),#6456,.T.);
#6796=ADVANCED_FACE('',(#6197),#159,.T.);
#6797=ADVANCED_FACE('',(#6198),#160,.T.);
#6798=ADVANCED_FACE('',(#6199),#6457,.T.);
#6799=ADVANCED_FACE('',(#6200),#161,.F.);
#6800=ADVANCED_FACE('',(#6201),#6458,.T.);
#6801=ADVANCED_FACE('',(#6202),#162,.T.);
#6802=ADVANCED_FACE('',(#6203),#6459,.T.);
#6803=ADVANCED_FACE('',(#6204),#163,.F.);
#6804=ADVANCED_FACE('',(#6205),#164,.T.);
#6805=ADVANCED_FACE('',(#6206),#165,.T.);
#6806=ADVANCED_FACE('',(#6207),#6460,.T.);
#6807=ADVANCED_FACE('',(#6208),#166,.F.);
#6808=ADVANCED_FACE('',(#6209),#6461,.T.);
#6809=ADVANCED_FACE('',(#6210),#167,.T.);
#6810=ADVANCED_FACE('',(#6211),#168,.F.);
#6811=ADVANCED_FACE('',(#6212),#169,.T.);
#6812=ADVANCED_FACE('',(#6213),#6462,.T.);
#6813=ADVANCED_FACE('',(#6214),#170,.F.);
#6814=ADVANCED_FACE('',(#6215),#171,.F.);
#6815=ADVANCED_FACE('',(#6216),#172,.T.);
#6816=ADVANCED_FACE('',(#6217),#173,.T.);
#6817=ADVANCED_FACE('',(#6218),#174,.T.);
#6818=ADVANCED_FACE('',(#6219),#175,.T.);
#6819=ADVANCED_FACE('',(#6220),#6463,.T.);
#6820=ADVANCED_FACE('',(#6221),#176,.T.);
#6821=ADVANCED_FACE('',(#6222),#177,.T.);
#6822=ADVANCED_FACE('',(#6223),#178,.T.);
#6823=ADVANCED_FACE('',(#6224),#179,.F.);
#6824=ADVANCED_FACE('',(#6225),#180,.F.);
#6825=ADVANCED_FACE('',(#6226),#181,.T.);
#6826=ADVANCED_FACE('',(#6227),#182,.F.);
#6827=ADVANCED_FACE('',(#6228),#6464,.T.);
#6828=ADVANCED_FACE('',(#6229),#183,.F.);
#6829=ADVANCED_FACE('',(#6230),#184,.F.);
#6830=ADVANCED_FACE('',(#6231),#6465,.T.);
#6831=ADVANCED_FACE('',(#6232),#185,.F.);
#6832=ADVANCED_FACE('',(#6233),#6466,.T.);
#6833=ADVANCED_FACE('',(#6234),#186,.T.);
#6834=ADVANCED_FACE('',(#6235),#187,.F.);
#6835=ADVANCED_FACE('',(#6236),#6467,.T.);
#6836=ADVANCED_FACE('',(#6237),#188,.T.);
#6837=ADVANCED_FACE('',(#6238),#189,.F.);
#6838=ADVANCED_FACE('',(#6239),#190,.T.);
#6839=ADVANCED_FACE('',(#6240),#191,.F.);
#6840=ADVANCED_FACE('',(#6241),#192,.F.);
#6841=ADVANCED_FACE('',(#6242),#6468,.T.);
#6842=ADVANCED_FACE('',(#6243),#193,.T.);
#6843=ADVANCED_FACE('',(#6244),#6469,.T.);
#6844=ADVANCED_FACE('',(#6245),#194,.F.);
#6845=ADVANCED_FACE('',(#6246),#195,.T.);
#6846=ADVANCED_FACE('',(#6247),#6470,.T.);
#6847=ADVANCED_FACE('',(#6248),#6471,.T.);
#6848=ADVANCED_FACE('',(#6249),#6472,.F.);
#6849=ADVANCED_FACE('',(#6250),#6473,.F.);
#6850=ADVANCED_FACE('',(#6251),#6474,.F.);
#6851=ADVANCED_FACE('',(#6252),#6475,.F.);
#6852=ADVANCED_FACE('',(#6253),#6476,.F.);
#6853=ADVANCED_FACE('',(#6254),#6477,.F.);
#6854=ADVANCED_FACE('',(#6255),#6478,.F.);
#6855=ADVANCED_FACE('',(#6256),#6479,.F.);
#6856=ADVANCED_FACE('',(#6257),#6480,.F.);
#6857=ADVANCED_FACE('',(#6258),#6481,.F.);
#6858=ADVANCED_FACE('',(#6259),#6482,.F.);
#6859=ADVANCED_FACE('',(#6260),#6483,.F.);
#6860=ADVANCED_FACE('',(#6261),#6484,.F.);
#6861=ADVANCED_FACE('',(#6262),#6485,.F.);
#6862=ADVANCED_FACE('',(#6263),#6486,.F.);
#6863=ADVANCED_FACE('',(#6264),#6487,.F.);
#6864=ADVANCED_FACE('',(#6265),#6488,.F.);
#6865=ADVANCED_FACE('',(#6266),#6489,.F.);
#6866=ADVANCED_FACE('',(#6267),#6490,.F.);
#6867=ADVANCED_FACE('',(#6268),#6491,.F.);
#6868=ADVANCED_FACE('',(#6269),#6492,.F.);
#6869=ADVANCED_FACE('',(#6270),#6493,.F.);
#6870=ADVANCED_FACE('',(#6271),#6494,.F.);
#6871=ADVANCED_FACE('',(#6272),#6495,.F.);
#6872=ADVANCED_FACE('',(#6273),#6496,.F.);
#6873=ADVANCED_FACE('',(#6274),#6497,.F.);
#6874=ADVANCED_FACE('',(#6275),#6498,.F.);
#6875=ADVANCED_FACE('',(#6276),#6499,.F.);
#6876=ADVANCED_FACE('',(#6277),#6500,.F.);
#6877=ADVANCED_FACE('',(#6278),#6501,.F.);
#6878=ADVANCED_FACE('',(#6279),#6502,.F.);
#6879=ADVANCED_FACE('',(#6280),#6503,.F.);
#6880=ADVANCED_FACE('',(#6281),#6504,.F.);
#6881=ADVANCED_FACE('',(#6282),#6505,.F.);
#6882=ADVANCED_FACE('',(#6283),#6506,.F.);
#6883=ADVANCED_FACE('',(#6284),#6507,.F.);
#6884=ADVANCED_FACE('',(#6285),#6508,.F.);
#6885=ADVANCED_FACE('',(#6286),#6509,.F.);
#6886=ADVANCED_FACE('',(#6287),#6510,.F.);
#6887=ADVANCED_FACE('',(#6288),#6511,.F.);
#6888=ADVANCED_FACE('',(#6289),#6512,.F.);
#6889=ADVANCED_FACE('',(#6290),#6513,.F.);
#6890=ADVANCED_FACE('',(#6291),#6514,.F.);
#6891=ADVANCED_FACE('',(#6292),#6515,.F.);
#6892=ADVANCED_FACE('',(#6293),#6516,.F.);
#6893=ADVANCED_FACE('',(#6294),#6517,.F.);
#6894=ADVANCED_FACE('',(#6295),#6518,.F.);
#6895=ADVANCED_FACE('',(#6296),#6519,.F.);
#6896=ADVANCED_FACE('',(#6297),#6520,.F.);
#6897=ADVANCED_FACE('',(#6298),#6521,.F.);
#6898=ADVANCED_FACE('',(#6299),#6522,.F.);
#6899=ADVANCED_FACE('',(#6300),#6523,.F.);
#6900=ADVANCED_FACE('',(#6301),#6524,.F.);
#6901=ADVANCED_FACE('',(#6302),#6525,.F.);
#6902=ADVANCED_FACE('',(#6303),#6526,.F.);
#6903=ADVANCED_FACE('',(#6304),#6527,.F.);
#6904=ADVANCED_FACE('',(#6305),#6528,.F.);
#6905=ADVANCED_FACE('',(#6306),#6529,.F.);
#6906=ADVANCED_FACE('',(#6307),#6530,.F.);
#6907=ADVANCED_FACE('',(#6308),#6531,.F.);
#6908=ADVANCED_FACE('',(#6309),#6532,.F.);
#6909=ADVANCED_FACE('',(#6310),#6533,.F.);
#6910=ADVANCED_FACE('',(#6311),#6534,.F.);
#6911=ADVANCED_FACE('',(#6312),#6535,.F.);
#6912=ADVANCED_FACE('',(#6313),#6536,.F.);
#6913=ADVANCED_FACE('',(#6314),#6537,.F.);
#6914=ADVANCED_FACE('',(#6315),#6538,.F.);
#6915=ADVANCED_FACE('',(#6316),#6539,.F.);
#6916=ADVANCED_FACE('',(#6317),#6540,.F.);
#6917=ADVANCED_FACE('',(#6318),#6541,.F.);
#6918=ADVANCED_FACE('',(#6319),#6542,.F.);
#6919=ADVANCED_FACE('',(#6320),#6543,.F.);
#6920=ADVANCED_FACE('',(#6321),#6544,.F.);
#6921=ADVANCED_FACE('',(#6322),#6545,.F.);
#6922=ADVANCED_FACE('',(#6323),#6546,.F.);
#6923=ADVANCED_FACE('',(#6324),#6547,.F.);
#6924=ADVANCED_FACE('',(#6325),#6548,.F.);
#6925=ADVANCED_FACE('',(#6326),#6549,.F.);
#6926=ADVANCED_FACE('',(#6327),#6550,.F.);
#6927=ADVANCED_FACE('',(#6328),#6551,.F.);
#6928=ADVANCED_FACE('',(#6329),#6552,.F.);
#6929=ADVANCED_FACE('',(#6330),#6553,.F.);
#6930=ADVANCED_FACE('',(#6331),#6554,.F.);
#6931=ADVANCED_FACE('',(#6332),#6555,.F.);
#6932=ADVANCED_FACE('',(#6333),#6556,.F.);
#6933=ADVANCED_FACE('',(#6334),#6557,.F.);
#6934=ADVANCED_FACE('',(#6335),#6558,.F.);
#6935=ADVANCED_FACE('',(#6336),#6559,.F.);
#6936=ADVANCED_FACE('',(#6337),#6560,.F.);
#6937=ADVANCED_FACE('',(#6338),#6561,.F.);
#6938=ADVANCED_FACE('',(#6339),#6562,.F.);
#6939=ADVANCED_FACE('',(#6340),#6563,.F.);
#6940=ADVANCED_FACE('',(#6341),#6564,.F.);
#6941=ADVANCED_FACE('',(#6342),#6565,.F.);
#6942=ADVANCED_FACE('',(#6343),#6566,.F.);
#6943=ADVANCED_FACE('',(#6344),#6567,.F.);
#6944=ADVANCED_FACE('',(#6345),#6568,.F.);
#6945=ADVANCED_FACE('',(#6346),#6569,.F.);
#6946=ADVANCED_FACE('',(#6347),#6570,.F.);
#6947=ADVANCED_FACE('',(#6348),#6571,.F.);
#6948=ADVANCED_FACE('',(#6349),#196,.F.);
#6949=ADVANCED_FACE('',(#6350),#64,.T.);
#6950=ADVANCED_FACE('',(#6351),#6572,.F.);
#6951=CLOSED_SHELL('',(#6573,#6574,#6575,#6576,#6577,#6578,#6579,#6580,
#6581,#6582,#6583,#6584,#6585,#6586,#6587,#6588,#6589,#6590,#6591,#6592,
#6593,#6594,#6595,#6596,#6597,#6598,#6599,#6600,#6601,#6602,#6603,#6604,
#6605,#6606,#6607,#6608,#6609,#6610,#6611,#6612,#6613,#6614,#6615,#6616,
#6617,#6618,#6619,#6620,#6621,#6622,#6623,#6624,#6625,#6626,#6627,#6628,
#6629,#6630,#6631,#6632,#6633,#6634,#6635,#6636,#6637,#6638,#6639,#6640,
#6641,#6642,#6643,#6644,#6645,#6646,#6647,#6648,#6649,#6650,#6651,#6652,
#6653,#6654,#6655,#6656,#6657,#6658,#6659,#6660,#6661,#6662,#6663,#6664,
#6665,#6666,#6667,#6668,#6669,#6670,#6671,#6672,#6673,#6674,#6675,#6676,
#6677,#6678,#6679,#6680,#6681,#6682,#6683,#6684,#6685,#6686,#6687,#6688,
#6689,#6690,#6691,#6692,#6693,#6694,#6695,#6696,#6697,#6698,#6699,#6700,
#6701,#6702,#6703,#6704,#6705,#6706,#6707,#6708,#6709,#6710,#6711,#6712,
#6713,#6714,#6715,#6716,#6717,#6718,#6719,#6720,#6721,#6722,#6723,#6724,
#6725,#6726,#6727,#6728,#6729,#6730,#6731,#6732,#6733,#6734,#6735,#6736,
#6737,#6738,#6739,#6740,#6741,#6742,#6743,#6744,#6745,#6746,#6747,#6748,
#6749,#6750,#6751,#6752,#6753,#6754,#6755,#6756,#6757,#6758,#6759,#6760,
#6761,#6762,#6763,#6764,#6765,#6766,#6767,#6768,#6769,#6770,#6771,#6772,
#6773,#6774,#6775,#6776,#6777,#6778,#6779,#6780,#6781,#6782,#6783,#6784,
#6785,#6786,#6787,#6788,#6789,#6790,#6791,#6792,#6793,#6794,#6795,#6796,
#6797,#6798,#6799,#6800,#6801,#6802,#6803,#6804,#6805,#6806,#6807,#6808,
#6809,#6810,#6811,#6812,#6813,#6814,#6815,#6816,#6817,#6818,#6819,#6820,
#6821,#6822,#6823,#6824,#6825,#6826,#6827,#6828,#6829,#6830,#6831,#6832,
#6833,#6834,#6835,#6836,#6837,#6838,#6839,#6840,#6841,#6842,#6843,#6844,
#6845,#6846,#6847,#6848,#6849,#6850,#6851,#6852,#6853,#6854,#6855,#6856,
#6857,#6858,#6859,#6860,#6861,#6862,#6863,#6864,#6865,#6866,#6867,#6868,
#6869,#6870,#6871,#6872,#6873,#6874,#6875,#6876,#6877,#6878,#6879,#6880,
#6881,#6882,#6883,#6884,#6885,#6886,#6887,#6888,#6889,#6890,#6891,#6892,
#6893,#6894,#6895,#6896,#6897,#6898,#6899,#6900,#6901,#6902,#6903,#6904,
#6905,#6906,#6907,#6908,#6909,#6910,#6911,#6912,#6913,#6914,#6915,#6916,
#6917,#6918,#6919,#6920,#6921,#6922,#6923,#6924,#6925,#6926,#6927,#6928,
#6929,#6930,#6931,#6932,#6933,#6934,#6935,#6936,#6937,#6938,#6939,#6940,
#6941,#6942,#6943,#6944,#6945,#6946,#6947,#6948,#6949,#6950));
#6952=STYLED_ITEM('',(#6953),#6960);
#6953=PRESENTATION_STYLE_ASSIGNMENT((#6954));
#6954=SURFACE_STYLE_USAGE(.BOTH.,#6955);
#6955=SURFACE_SIDE_STYLE('',(#6956));
#6956=SURFACE_STYLE_FILL_AREA(#6957);
#6957=FILL_AREA_STYLE('',(#6958));
#6958=FILL_AREA_STYLE_COLOUR('',#6959);
#6959=COLOUR_RGB('',0.917647058823529,0.917647058823529,0.917647058823529);
#6960=MANIFOLD_SOLID_BREP('Part 18',#6951);
#6961=SHAPE_DEFINITION_REPRESENTATION(#12367,#6962);
#6962=SHAPE_REPRESENTATION('Part 18',(#6963),#12362);
#6963=AXIS2_PLACEMENT_3D('',#9975,#7797,#7798);
#6964=AXIS2_PLACEMENT_3D('',#9976,#7799,#7800);
#6965=AXIS2_PLACEMENT_3D('',#9980,#7802,#7803);
#6966=AXIS2_PLACEMENT_3D('',#9984,#7805,#7806);
#6967=AXIS2_PLACEMENT_3D('',#9985,#7807,#7808);
#6968=AXIS2_PLACEMENT_3D('',#9989,#7810,#7811);
#6969=AXIS2_PLACEMENT_3D('',#9993,#7813,#7814);
#6970=AXIS2_PLACEMENT_3D('',#9994,#7815,#7816);
#6971=AXIS2_PLACEMENT_3D('',#9995,#7817,#7818);
#6972=AXIS2_PLACEMENT_3D('',#9999,#7820,#7821);
#6973=AXIS2_PLACEMENT_3D('',#10003,#7823,#7824);
#6974=AXIS2_PLACEMENT_3D('',#10005,#7825,#7826);
#6975=AXIS2_PLACEMENT_3D('',#10009,#7828,#7829);
#6976=AXIS2_PLACEMENT_3D('',#10012,#7831,#7832);
#6977=AXIS2_PLACEMENT_3D('',#10014,#7833,#7834);
#6978=AXIS2_PLACEMENT_3D('',#10016,#7835,#7836);
#6979=AXIS2_PLACEMENT_3D('',#10020,#7838,#7839);
#6980=AXIS2_PLACEMENT_3D('',#10024,#7841,#7842);
#6981=AXIS2_PLACEMENT_3D('',#10027,#7844,#7845);
#6982=AXIS2_PLACEMENT_3D('',#10030,#7846,#7847);
#6983=AXIS2_PLACEMENT_3D('',#10032,#7848,#7849);
#6984=AXIS2_PLACEMENT_3D('',#10034,#7850,#7851);
#6985=AXIS2_PLACEMENT_3D('',#10036,#7852,#7853);
#6986=AXIS2_PLACEMENT_3D('',#10040,#7855,#7856);
#6987=AXIS2_PLACEMENT_3D('',#10042,#7857,#7858);
#6988=AXIS2_PLACEMENT_3D('',#10044,#7859,#7860);
#6989=AXIS2_PLACEMENT_3D('',#10048,#7862,#7863);
#6990=AXIS2_PLACEMENT_3D('',#10050,#7864,#7865);
#6991=AXIS2_PLACEMENT_3D('',#10054,#7867,#7868);
#6992=AXIS2_PLACEMENT_3D('',#10058,#7870,#7871);
#6993=AXIS2_PLACEMENT_3D('',#10060,#7872,#7873);
#6994=AXIS2_PLACEMENT_3D('',#10064,#7875,#7876);
#6995=AXIS2_PLACEMENT_3D('',#10066,#7877,#7878);
#6996=AXIS2_PLACEMENT_3D('',#10068,#7879,#7880);
#6997=AXIS2_PLACEMENT_3D('',#10072,#7882,#7883);
#6998=AXIS2_PLACEMENT_3D('',#10074,#7884,#7885);
#6999=AXIS2_PLACEMENT_3D('',#10076,#7886,#7887);
#7000=AXIS2_PLACEMENT_3D('',#10080,#7889,#7890);
#7001=AXIS2_PLACEMENT_3D('',#10084,#7892,#7893);
#7002=AXIS2_PLACEMENT_3D('',#10086,#7894,#7895);
#7003=AXIS2_PLACEMENT_3D('',#10090,#7897,#7898);
#7004=AXIS2_PLACEMENT_3D('',#10092,#7899,#7900);
#7005=AXIS2_PLACEMENT_3D('',#10094,#7901,#7902);
#7006=AXIS2_PLACEMENT_3D('',#10098,#7904,#7905);
#7007=AXIS2_PLACEMENT_3D('',#10100,#7906,#7907);
#7008=AXIS2_PLACEMENT_3D('',#10104,#7909,#7910);
#7009=AXIS2_PLACEMENT_3D('',#10106,#7911,#7912);
#7010=AXIS2_PLACEMENT_3D('',#10110,#7914,#7915);
#7011=AXIS2_PLACEMENT_3D('',#10112,#7916,#7917);
#7012=AXIS2_PLACEMENT_3D('',#10114,#7918,#7919);
#7013=AXIS2_PLACEMENT_3D('',#10118,#7921,#7922);
#7014=AXIS2_PLACEMENT_3D('',#10120,#7923,#7924);
#7015=AXIS2_PLACEMENT_3D('',#10122,#7925,#7926);
#7016=AXIS2_PLACEMENT_3D('',#10126,#7928,#7929);
#7017=AXIS2_PLACEMENT_3D('',#10128,#7930,#7931);
#7018=AXIS2_PLACEMENT_3D('',#10130,#7932,#7933);
#7019=AXIS2_PLACEMENT_3D('',#10134,#7935,#7936);
#7020=AXIS2_PLACEMENT_3D('',#10136,#7937,#7938);
#7021=AXIS2_PLACEMENT_3D('',#10140,#7940,#7941);
#7022=AXIS2_PLACEMENT_3D('',#10144,#7943,#7944);
#7023=AXIS2_PLACEMENT_3D('',#10148,#7946,#7947);
#7024=AXIS2_PLACEMENT_3D('',#10151,#7949,#7950);
#7025=AXIS2_PLACEMENT_3D('',#10154,#7951,#7952);
#7026=AXIS2_PLACEMENT_3D('',#10158,#7954,#7955);
#7027=AXIS2_PLACEMENT_3D('',#10162,#7957,#7958);
#7028=AXIS2_PLACEMENT_3D('',#10164,#7959,#7960);
#7029=AXIS2_PLACEMENT_3D('',#10166,#7961,#7962);
#7030=AXIS2_PLACEMENT_3D('',#10170,#7964,#7965);
#7031=AXIS2_PLACEMENT_3D('',#10174,#7967,#7968);
#7032=AXIS2_PLACEMENT_3D('',#10175,#7969,#7970);
#7033=AXIS2_PLACEMENT_3D('',#10177,#7971,#7972);
#7034=AXIS2_PLACEMENT_3D('',#10182,#7974,#7975);
#7035=AXIS2_PLACEMENT_3D('',#10186,#7977,#7978);
#7036=AXIS2_PLACEMENT_3D('',#10188,#7979,#7980);
#7037=AXIS2_PLACEMENT_3D('',#10192,#7982,#7983);
#7038=AXIS2_PLACEMENT_3D('',#10196,#7985,#7986);
#7039=AXIS2_PLACEMENT_3D('',#10200,#7988,#7989);
#7040=AXIS2_PLACEMENT_3D('',#10204,#7991,#7992);
#7041=AXIS2_PLACEMENT_3D('',#10208,#7994,#7995);
#7042=AXIS2_PLACEMENT_3D('',#10212,#7997,#7998);
#7043=AXIS2_PLACEMENT_3D('',#10216,#8000,#8001);
#7044=AXIS2_PLACEMENT_3D('',#10220,#8003,#8004);
#7045=AXIS2_PLACEMENT_3D('',#10224,#8006,#8007);
#7046=AXIS2_PLACEMENT_3D('',#10228,#8009,#8010);
#7047=AXIS2_PLACEMENT_3D('',#10232,#8012,#8013);
#7048=AXIS2_PLACEMENT_3D('',#10236,#8015,#8016);
#7049=AXIS2_PLACEMENT_3D('',#10240,#8018,#8019);
#7050=AXIS2_PLACEMENT_3D('',#10244,#8021,#8022);
#7051=AXIS2_PLACEMENT_3D('',#10245,#8023,#8024);
#7052=AXIS2_PLACEMENT_3D('',#10248,#8025,#8026);
#7053=AXIS2_PLACEMENT_3D('',#10252,#8028,#8029);
#7054=AXIS2_PLACEMENT_3D('',#10256,#8031,#8032);
#7055=AXIS2_PLACEMENT_3D('',#10258,#8033,#8034);
#7056=AXIS2_PLACEMENT_3D('',#10260,#8035,#8036);
#7057=AXIS2_PLACEMENT_3D('',#10264,#8038,#8039);
#7058=AXIS2_PLACEMENT_3D('',#10268,#8041,#8042);
#7059=AXIS2_PLACEMENT_3D('',#10269,#8043,#8044);
#7060=AXIS2_PLACEMENT_3D('',#10271,#8045,#8046);
#7061=AXIS2_PLACEMENT_3D('',#10276,#8048,#8049);
#7062=AXIS2_PLACEMENT_3D('',#10280,#8051,#8052);
#7063=AXIS2_PLACEMENT_3D('',#10282,#8053,#8054);
#7064=AXIS2_PLACEMENT_3D('',#10284,#8055,#8056);
#7065=AXIS2_PLACEMENT_3D('',#10288,#8058,#8059);
#7066=AXIS2_PLACEMENT_3D('',#10292,#8061,#8062);
#7067=AXIS2_PLACEMENT_3D('',#10296,#8064,#8065);
#7068=AXIS2_PLACEMENT_3D('',#10300,#8067,#8068);
#7069=AXIS2_PLACEMENT_3D('',#10304,#8070,#8071);
#7070=AXIS2_PLACEMENT_3D('',#10306,#8072,#8073);
#7071=AXIS2_PLACEMENT_3D('',#10308,#8074,#8075);
#7072=AXIS2_PLACEMENT_3D('',#10312,#8077,#8078);
#7073=AXIS2_PLACEMENT_3D('',#10316,#8080,#8081);
#7074=AXIS2_PLACEMENT_3D('',#10320,#8083,#8084);
#7075=AXIS2_PLACEMENT_3D('',#10324,#8086,#8087);
#7076=AXIS2_PLACEMENT_3D('',#10328,#8089,#8090);
#7077=AXIS2_PLACEMENT_3D('',#10332,#8092,#8093);
#7078=AXIS2_PLACEMENT_3D('',#10333,#8094,#8095);
#7079=AXIS2_PLACEMENT_3D('',#10336,#8096,#8097);
#7080=AXIS2_PLACEMENT_3D('',#10340,#8099,#8100);
#7081=AXIS2_PLACEMENT_3D('',#10344,#8102,#8103);
#7082=AXIS2_PLACEMENT_3D('',#10348,#8105,#8106);
#7083=AXIS2_PLACEMENT_3D('',#10352,#8108,#8109);
#7084=AXIS2_PLACEMENT_3D('',#10354,#8110,#8111);
#7085=AXIS2_PLACEMENT_3D('',#10356,#8112,#8113);
#7086=AXIS2_PLACEMENT_3D('',#10360,#8115,#8116);
#7087=AXIS2_PLACEMENT_3D('',#10364,#8118,#8119);
#7088=AXIS2_PLACEMENT_3D('',#10366,#8120,#8121);
#7089=AXIS2_PLACEMENT_3D('',#10370,#8123,#8124);
#7090=AXIS2_PLACEMENT_3D('',#10374,#8126,#8127);
#7091=AXIS2_PLACEMENT_3D('',#10376,#8128,#8129);
#7092=AXIS2_PLACEMENT_3D('',#10378,#8130,#8131);
#7093=AXIS2_PLACEMENT_3D('',#10382,#8133,#8134);
#7094=AXIS2_PLACEMENT_3D('',#10386,#8136,#8137);
#7095=AXIS2_PLACEMENT_3D('',#10388,#8138,#8139);
#7096=AXIS2_PLACEMENT_3D('',#10390,#8140,#8141);
#7097=AXIS2_PLACEMENT_3D('',#10394,#8143,#8144);
#7098=AXIS2_PLACEMENT_3D('',#10396,#8145,#8146);
#7099=AXIS2_PLACEMENT_3D('',#10400,#8148,#8149);
#7100=AXIS2_PLACEMENT_3D('',#10404,#8151,#8152);
#7101=AXIS2_PLACEMENT_3D('',#10408,#8154,#8155);
#7102=AXIS2_PLACEMENT_3D('',#10410,#8156,#8157);
#7103=AXIS2_PLACEMENT_3D('',#10412,#8158,#8159);
#7104=AXIS2_PLACEMENT_3D('',#10413,#8160,#8161);
#7105=AXIS2_PLACEMENT_3D('',#10416,#8162,#8163);
#7106=AXIS2_PLACEMENT_3D('',#10418,#8164,#8165);
#7107=AXIS2_PLACEMENT_3D('',#10422,#8167,#8168);
#7108=AXIS2_PLACEMENT_3D('',#10426,#8170,#8171);
#7109=AXIS2_PLACEMENT_3D('',#10430,#8173,#8174);
#7110=AXIS2_PLACEMENT_3D('',#10432,#8175,#8176);
#7111=AXIS2_PLACEMENT_3D('',#10436,#8178,#8179);
#7112=AXIS2_PLACEMENT_3D('',#10438,#8180,#8181);
#7113=AXIS2_PLACEMENT_3D('',#10442,#8183,#8184);
#7114=AXIS2_PLACEMENT_3D('',#10445,#8186,#8187);
#7115=AXIS2_PLACEMENT_3D('',#10447,#8188,#8189);
#7116=AXIS2_PLACEMENT_3D('',#10449,#8190,#8191);
#7117=AXIS2_PLACEMENT_3D('',#10451,#8192,#8193);
#7118=AXIS2_PLACEMENT_3D('',#10453,#8194,#8195);
#7119=AXIS2_PLACEMENT_3D('',#10455,#8196,#8197);
#7120=AXIS2_PLACEMENT_3D('',#10457,#8198,#8199);
#7121=AXIS2_PLACEMENT_3D('',#10459,#8200,#8201);
#7122=AXIS2_PLACEMENT_3D('',#10461,#8202,#8203);
#7123=AXIS2_PLACEMENT_3D('',#10463,#8204,#8205);
#7124=AXIS2_PLACEMENT_3D('',#10465,#8206,#8207);
#7125=AXIS2_PLACEMENT_3D('',#10467,#8208,#8209);
#7126=AXIS2_PLACEMENT_3D('',#10469,#8210,#8211);
#7127=AXIS2_PLACEMENT_3D('',#10471,#8212,#8213);
#7128=AXIS2_PLACEMENT_3D('',#10476,#8216,#8217);
#7129=AXIS2_PLACEMENT_3D('',#10477,#8218,#8219);
#7130=AXIS2_PLACEMENT_3D('',#10480,#8221,#8222);
#7131=AXIS2_PLACEMENT_3D('',#10487,#8226,#8227);
#7132=AXIS2_PLACEMENT_3D('',#10497,#8232,#8233);
#7133=AXIS2_PLACEMENT_3D('',#10499,#8235,#8236);
#7134=AXIS2_PLACEMENT_3D('',#10500,#8237,#8238);
#7135=AXIS2_PLACEMENT_3D('',#10503,#8239,#8240);
#7136=AXIS2_PLACEMENT_3D('',#10505,#8241,#8242);
#7137=AXIS2_PLACEMENT_3D('',#10509,#8244,#8245);
#7138=AXIS2_PLACEMENT_3D('',#10513,#8247,#8248);
#7139=AXIS2_PLACEMENT_3D('',#10515,#8249,#8250);
#7140=AXIS2_PLACEMENT_3D('',#10519,#8252,#8253);
#7141=AXIS2_PLACEMENT_3D('',#10521,#8254,#8255);
#7142=AXIS2_PLACEMENT_3D('',#10523,#8256,#8257);
#7143=AXIS2_PLACEMENT_3D('',#10527,#8259,#8260);
#7144=AXIS2_PLACEMENT_3D('',#10531,#8262,#8263);
#7145=AXIS2_PLACEMENT_3D('',#10533,#8264,#8265);
#7146=AXIS2_PLACEMENT_3D('',#10535,#8266,#8267);
#7147=AXIS2_PLACEMENT_3D('',#10539,#8269,#8270);
#7148=AXIS2_PLACEMENT_3D('',#10543,#8272,#8273);
#7149=AXIS2_PLACEMENT_3D('',#10545,#8274,#8275);
#7150=AXIS2_PLACEMENT_3D('',#10547,#8276,#8277);
#7151=AXIS2_PLACEMENT_3D('',#10551,#8279,#8280);
#7152=AXIS2_PLACEMENT_3D('',#10553,#8281,#8282);
#7153=AXIS2_PLACEMENT_3D('',#10555,#8283,#8284);
#7154=AXIS2_PLACEMENT_3D('',#10559,#8286,#8287);
#7155=AXIS2_PLACEMENT_3D('',#10561,#8288,#8289);
#7156=AXIS2_PLACEMENT_3D('',#10563,#8290,#8291);
#7157=AXIS2_PLACEMENT_3D('',#10567,#8293,#8294);
#7158=AXIS2_PLACEMENT_3D('',#10569,#8295,#8296);
#7159=AXIS2_PLACEMENT_3D('',#10571,#8297,#8298);
#7160=AXIS2_PLACEMENT_3D('',#10575,#8300,#8301);
#7161=AXIS2_PLACEMENT_3D('',#10577,#8302,#8303);
#7162=AXIS2_PLACEMENT_3D('',#10581,#8305,#8306);
#7163=AXIS2_PLACEMENT_3D('',#10583,#8307,#8308);
#7164=AXIS2_PLACEMENT_3D('',#10587,#8310,#8311);
#7165=AXIS2_PLACEMENT_3D('',#10589,#8312,#8313);
#7166=AXIS2_PLACEMENT_3D('',#10591,#8314,#8315);
#7167=AXIS2_PLACEMENT_3D('',#10595,#8317,#8318);
#7168=AXIS2_PLACEMENT_3D('',#10597,#8319,#8320);
#7169=AXIS2_PLACEMENT_3D('',#10601,#8322,#8323);
#7170=AXIS2_PLACEMENT_3D('',#10605,#8325,#8326);
#7171=AXIS2_PLACEMENT_3D('',#10607,#8327,#8328);
#7172=AXIS2_PLACEMENT_3D('',#10609,#8329,#8330);
#7173=AXIS2_PLACEMENT_3D('',#10613,#8332,#8333);
#7174=AXIS2_PLACEMENT_3D('',#10615,#8334,#8335);
#7175=AXIS2_PLACEMENT_3D('',#10617,#8336,#8337);
#7176=AXIS2_PLACEMENT_3D('',#10621,#8339,#8340);
#7177=AXIS2_PLACEMENT_3D('',#10623,#8341,#8342);
#7178=AXIS2_PLACEMENT_3D('',#10625,#8344,#8345);
#7179=AXIS2_PLACEMENT_3D('',#10627,#8346,#8347);
#7180=AXIS2_PLACEMENT_3D('',#10631,#8349,#8350);
#7181=AXIS2_PLACEMENT_3D('',#10633,#8351,#8352);
#7182=AXIS2_PLACEMENT_3D('',#10635,#8353,#8354);
#7183=AXIS2_PLACEMENT_3D('',#10639,#8356,#8357);
#7184=AXIS2_PLACEMENT_3D('',#10641,#8358,#8359);
#7185=AXIS2_PLACEMENT_3D('',#10643,#8360,#8361);
#7186=AXIS2_PLACEMENT_3D('',#10644,#8362,#8363);
#7187=AXIS2_PLACEMENT_3D('',#10647,#8365,#8366);
#7188=AXIS2_PLACEMENT_3D('',#10652,#8368,#8369);
#7189=AXIS2_PLACEMENT_3D('',#10654,#8370,#8371);
#7190=AXIS2_PLACEMENT_3D('',#10656,#8372,#8373);
#7191=AXIS2_PLACEMENT_3D('',#10660,#8375,#8376);
#7192=AXIS2_PLACEMENT_3D('',#10662,#8377,#8378);
#7193=AXIS2_PLACEMENT_3D('',#10664,#8379,#8380);
#7194=AXIS2_PLACEMENT_3D('',#10665,#8381,#8382);
#7195=AXIS2_PLACEMENT_3D('',#10667,#8383,#8384);
#7196=AXIS2_PLACEMENT_3D('',#10669,#8385,#8386);
#7197=AXIS2_PLACEMENT_3D('',#10671,#8387,#8388);
#7198=AXIS2_PLACEMENT_3D('',#10673,#8389,#8390);
#7199=AXIS2_PLACEMENT_3D('',#10675,#8391,#8392);
#7200=AXIS2_PLACEMENT_3D('',#10677,#8393,#8394);
#7201=AXIS2_PLACEMENT_3D('',#10679,#8395,#8396);
#7202=AXIS2_PLACEMENT_3D('',#10682,#8397,#8398);
#7203=AXIS2_PLACEMENT_3D('',#10686,#8400,#8401);
#7204=AXIS2_PLACEMENT_3D('',#10688,#8402,#8403);
#7205=AXIS2_PLACEMENT_3D('',#10690,#8404,#8405);
#7206=AXIS2_PLACEMENT_3D('',#10694,#8407,#8408);
#7207=AXIS2_PLACEMENT_3D('',#10695,#8409,#8410);
#7208=AXIS2_PLACEMENT_3D('',#10697,#8411,#8412);
#7209=AXIS2_PLACEMENT_3D('',#10699,#8413,#8414);
#7210=AXIS2_PLACEMENT_3D('',#10701,#8415,#8416);
#7211=AXIS2_PLACEMENT_3D('',#10703,#8417,#8418);
#7212=AXIS2_PLACEMENT_3D('',#10708,#8420,#8421);
#7213=AXIS2_PLACEMENT_3D('',#10710,#8422,#8423);
#7214=AXIS2_PLACEMENT_3D('',#10712,#8424,#8425);
#7215=AXIS2_PLACEMENT_3D('',#10716,#8427,#8428);
#7216=AXIS2_PLACEMENT_3D('',#10720,#8430,#8431);
#7217=AXIS2_PLACEMENT_3D('',#10722,#8432,#8433);
#7218=AXIS2_PLACEMENT_3D('',#10724,#8434,#8435);
#7219=AXIS2_PLACEMENT_3D('',#10728,#8437,#8438);
#7220=AXIS2_PLACEMENT_3D('',#10732,#8440,#8441);
#7221=AXIS2_PLACEMENT_3D('',#10736,#8443,#8444);
#7222=AXIS2_PLACEMENT_3D('',#10740,#8446,#8447);
#7223=AXIS2_PLACEMENT_3D('',#10742,#8448,#8449);
#7224=AXIS2_PLACEMENT_3D('',#10744,#8450,#8451);
#7225=AXIS2_PLACEMENT_3D('',#10748,#8453,#8454);
#7226=AXIS2_PLACEMENT_3D('',#10752,#8456,#8457);
#7227=AXIS2_PLACEMENT_3D('',#10756,#8459,#8460);
#7228=AXIS2_PLACEMENT_3D('',#10760,#8462,#8463);
#7229=AXIS2_PLACEMENT_3D('',#10764,#8465,#8466);
#7230=AXIS2_PLACEMENT_3D('',#10768,#8468,#8469);
#7231=AXIS2_PLACEMENT_3D('',#10772,#8471,#8472);
#7232=AXIS2_PLACEMENT_3D('',#10774,#8473,#8474);
#7233=AXIS2_PLACEMENT_3D('',#10776,#8475,#8476);
#7234=AXIS2_PLACEMENT_3D('',#10779,#8478,#8479);
#7235=AXIS2_PLACEMENT_3D('',#10783,#8481,#8482);
#7236=AXIS2_PLACEMENT_3D('',#10787,#8484,#8485);
#7237=AXIS2_PLACEMENT_3D('',#10789,#8486,#8487);
#7238=AXIS2_PLACEMENT_3D('',#10791,#8488,#8489);
#7239=AXIS2_PLACEMENT_3D('',#10795,#8491,#8492);
#7240=AXIS2_PLACEMENT_3D('',#10799,#8494,#8495);
#7241=AXIS2_PLACEMENT_3D('',#10803,#8497,#8498);
#7242=AXIS2_PLACEMENT_3D('',#10807,#8500,#8501);
#7243=AXIS2_PLACEMENT_3D('',#10811,#8503,#8504);
#7244=AXIS2_PLACEMENT_3D('',#10815,#8506,#8507);
#7245=AXIS2_PLACEMENT_3D('',#10819,#8509,#8510);
#7246=AXIS2_PLACEMENT_3D('',#10823,#8512,#8513);
#7247=AXIS2_PLACEMENT_3D('',#10827,#8515,#8516);
#7248=AXIS2_PLACEMENT_3D('',#10831,#8518,#8519);
#7249=AXIS2_PLACEMENT_3D('',#10835,#8521,#8522);
#7250=AXIS2_PLACEMENT_3D('',#10839,#8524,#8525);
#7251=AXIS2_PLACEMENT_3D('',#10843,#8527,#8528);
#7252=AXIS2_PLACEMENT_3D('',#10847,#8530,#8531);
#7253=AXIS2_PLACEMENT_3D('',#10849,#8532,#8533);
#7254=AXIS2_PLACEMENT_3D('',#10851,#8534,#8535);
#7255=AXIS2_PLACEMENT_3D('',#10855,#8537,#8538);
#7256=AXIS2_PLACEMENT_3D('',#10859,#8540,#8541);
#7257=AXIS2_PLACEMENT_3D('',#10863,#8543,#8544);
#7258=AXIS2_PLACEMENT_3D('',#10867,#8546,#8547);
#7259=AXIS2_PLACEMENT_3D('',#10871,#8549,#8550);
#7260=AXIS2_PLACEMENT_3D('',#10875,#8552,#8553);
#7261=AXIS2_PLACEMENT_3D('',#10877,#8554,#8555);
#7262=AXIS2_PLACEMENT_3D('',#10879,#8556,#8557);
#7263=AXIS2_PLACEMENT_3D('',#10883,#8559,#8560);
#7264=AXIS2_PLACEMENT_3D('',#10885,#8561,#8562);
#7265=AXIS2_PLACEMENT_3D('',#10889,#8564,#8565);
#7266=AXIS2_PLACEMENT_3D('',#10893,#8567,#8568);
#7267=AXIS2_PLACEMENT_3D('',#10897,#8570,#8571);
#7268=AXIS2_PLACEMENT_3D('',#10901,#8573,#8574);
#7269=AXIS2_PLACEMENT_3D('',#10903,#8575,#8576);
#7270=AXIS2_PLACEMENT_3D('',#10907,#8578,#8579);
#7271=AXIS2_PLACEMENT_3D('',#10911,#8581,#8582);
#7272=AXIS2_PLACEMENT_3D('',#10913,#8583,#8584);
#7273=AXIS2_PLACEMENT_3D('',#10917,#8586,#8587);
#7274=AXIS2_PLACEMENT_3D('',#10919,#8588,#8589);
#7275=AXIS2_PLACEMENT_3D('',#10921,#8590,#8591);
#7276=AXIS2_PLACEMENT_3D('',#10925,#8593,#8594);
#7277=AXIS2_PLACEMENT_3D('',#10929,#8596,#8597);
#7278=AXIS2_PLACEMENT_3D('',#10931,#8598,#8599);
#7279=AXIS2_PLACEMENT_3D('',#10933,#8600,#8601);
#7280=AXIS2_PLACEMENT_3D('',#10937,#8603,#8604);
#7281=AXIS2_PLACEMENT_3D('',#10941,#8606,#8607);
#7282=AXIS2_PLACEMENT_3D('',#10944,#8609,#8610);
#7283=AXIS2_PLACEMENT_3D('',#10948,#8612,#8613);
#7284=AXIS2_PLACEMENT_3D('',#10950,#8614,#8615);
#7285=AXIS2_PLACEMENT_3D('',#10954,#8617,#8618);
#7286=AXIS2_PLACEMENT_3D('',#10958,#8620,#8621);
#7287=AXIS2_PLACEMENT_3D('',#10960,#8622,#8623);
#7288=AXIS2_PLACEMENT_3D('',#10962,#8624,#8625);
#7289=AXIS2_PLACEMENT_3D('',#10966,#8627,#8628);
#7290=AXIS2_PLACEMENT_3D('',#10967,#8629,#8630);
#7291=AXIS2_PLACEMENT_3D('',#10972,#8633,#8634);
#7292=AXIS2_PLACEMENT_3D('',#10980,#8638,#8639);
#7293=AXIS2_PLACEMENT_3D('',#10985,#8642,#8643);
#7294=AXIS2_PLACEMENT_3D('',#10986,#8644,#8645);
#7295=AXIS2_PLACEMENT_3D('',#10988,#8646,#8647);
#7296=AXIS2_PLACEMENT_3D('',#10990,#8648,#8649);
#7297=AXIS2_PLACEMENT_3D('',#10991,#8650,#8651);
#7298=AXIS2_PLACEMENT_3D('',#10992,#8652,#8653);
#7299=AXIS2_PLACEMENT_3D('',#10994,#8654,#8655);
#7300=AXIS2_PLACEMENT_3D('',#10995,#8656,#8657);
#7301=AXIS2_PLACEMENT_3D('',#10997,#8658,#8659);
#7302=AXIS2_PLACEMENT_3D('',#10999,#8660,#8661);
#7303=AXIS2_PLACEMENT_3D('',#11000,#8662,#8663);
#7304=AXIS2_PLACEMENT_3D('',#11002,#8664,#8665);
#7305=AXIS2_PLACEMENT_3D('',#11003,#8666,#8667);
#7306=AXIS2_PLACEMENT_3D('',#11004,#8668,#8669);
#7307=AXIS2_PLACEMENT_3D('',#11006,#8670,#8671);
#7308=AXIS2_PLACEMENT_3D('',#11008,#8672,#8673);
#7309=AXIS2_PLACEMENT_3D('',#11009,#8674,#8675);
#7310=AXIS2_PLACEMENT_3D('',#11011,#8676,#8677);
#7311=AXIS2_PLACEMENT_3D('',#11012,#8678,#8679);
#7312=AXIS2_PLACEMENT_3D('',#11015,#8681,#8682);
#7313=AXIS2_PLACEMENT_3D('',#11018,#8684,#8685);
#7314=AXIS2_PLACEMENT_3D('',#11024,#8689,#8690);
#7315=AXIS2_PLACEMENT_3D('',#11025,#8691,#8692);
#7316=AXIS2_PLACEMENT_3D('',#11030,#8695,#8696);
#7317=AXIS2_PLACEMENT_3D('',#11031,#8697,#8698);
#7318=AXIS2_PLACEMENT_3D('',#11033,#8699,#8700);
#7319=AXIS2_PLACEMENT_3D('',#11039,#8704,#8705);
#7320=AXIS2_PLACEMENT_3D('',#11040,#8706,#8707);
#7321=AXIS2_PLACEMENT_3D('',#11042,#8708,#8709);
#7322=AXIS2_PLACEMENT_3D('',#11043,#8710,#8711);
#7323=AXIS2_PLACEMENT_3D('',#11044,#8712,#8713);
#7324=AXIS2_PLACEMENT_3D('',#11045,#8714,#8715);
#7325=AXIS2_PLACEMENT_3D('',#11046,#8716,#8717);
#7326=AXIS2_PLACEMENT_3D('',#11047,#8718,#8719);
#7327=AXIS2_PLACEMENT_3D('',#11048,#8720,#8721);
#7328=AXIS2_PLACEMENT_3D('',#11049,#8722,#8723);
#7329=AXIS2_PLACEMENT_3D('',#11050,#8724,#8725);
#7330=AXIS2_PLACEMENT_3D('',#11051,#8726,#8727);
#7331=AXIS2_PLACEMENT_3D('',#11052,#8728,#8729);
#7332=AXIS2_PLACEMENT_3D('',#11053,#8730,#8731);
#7333=AXIS2_PLACEMENT_3D('',#11054,#8732,#8733);
#7334=AXIS2_PLACEMENT_3D('',#11055,#8734,#8735);
#7335=AXIS2_PLACEMENT_3D('',#11056,#8736,#8737);
#7336=AXIS2_PLACEMENT_3D('',#11057,#8738,#8739);
#7337=AXIS2_PLACEMENT_3D('',#11059,#8740,#8741);
#7338=AXIS2_PLACEMENT_3D('',#11061,#8742,#8743);
#7339=AXIS2_PLACEMENT_3D('',#11062,#8744,#8745);
#7340=AXIS2_PLACEMENT_3D('',#11064,#8746,#8747);
#7341=AXIS2_PLACEMENT_3D('',#11066,#8748,#8749);
#7342=AXIS2_PLACEMENT_3D('',#11067,#8750,#8751);
#7343=AXIS2_PLACEMENT_3D('',#11068,#8752,#8753);
#7344=AXIS2_PLACEMENT_3D('',#11070,#8754,#8755);
#7345=AXIS2_PLACEMENT_3D('',#11072,#8756,#8757);
#7346=AXIS2_PLACEMENT_3D('',#11073,#8758,#8759);
#7347=AXIS2_PLACEMENT_3D('',#11082,#8760,#8761);
#7348=AXIS2_PLACEMENT_3D('',#11091,#8762,#8763);
#7349=AXIS2_PLACEMENT_3D('',#11092,#8764,#8765);
#7350=AXIS2_PLACEMENT_3D('',#11100,#8767,#8768);
#7351=AXIS2_PLACEMENT_3D('',#11108,#8770,#8771);
#7352=AXIS2_PLACEMENT_3D('',#11109,#8772,#8773);
#7353=AXIS2_PLACEMENT_3D('',#11111,#8774,#8775);
#7354=AXIS2_PLACEMENT_3D('',#11112,#8776,#8777);
#7355=AXIS2_PLACEMENT_3D('',#11114,#8778,#8779);
#7356=AXIS2_PLACEMENT_3D('',#11115,#8780,#8781);
#7357=AXIS2_PLACEMENT_3D('',#11117,#8782,#8783);
#7358=AXIS2_PLACEMENT_3D('',#11119,#8784,#8785);
#7359=AXIS2_PLACEMENT_3D('',#11120,#8786,#8787);
#7360=AXIS2_PLACEMENT_3D('',#11121,#8788,#8789);
#7361=AXIS2_PLACEMENT_3D('',#11123,#8790,#8791);
#7362=AXIS2_PLACEMENT_3D('',#11125,#8792,#8793);
#7363=AXIS2_PLACEMENT_3D('',#11126,#8794,#8795);
#7364=AXIS2_PLACEMENT_3D('',#11127,#8796,#8797);
#7365=AXIS2_PLACEMENT_3D('',#11129,#8798,#8799);
#7366=AXIS2_PLACEMENT_3D('',#11131,#8800,#8801);
#7367=AXIS2_PLACEMENT_3D('',#11132,#8802,#8803);
#7368=AXIS2_PLACEMENT_3D('',#11133,#8804,#8805);
#7369=AXIS2_PLACEMENT_3D('',#11135,#8806,#8807);
#7370=AXIS2_PLACEMENT_3D('',#11137,#8808,#8809);
#7371=AXIS2_PLACEMENT_3D('',#11138,#8810,#8811);
#7372=AXIS2_PLACEMENT_3D('',#11139,#8812,#8813);
#7373=AXIS2_PLACEMENT_3D('',#11144,#8816,#8817);
#7374=AXIS2_PLACEMENT_3D('',#11145,#8818,#8819);
#7375=AXIS2_PLACEMENT_3D('',#11150,#8822,#8823);
#7376=AXIS2_PLACEMENT_3D('',#11151,#8824,#8825);
#7377=AXIS2_PLACEMENT_3D('',#11156,#8828,#8829);
#7378=AXIS2_PLACEMENT_3D('',#11157,#8830,#8831);
#7379=AXIS2_PLACEMENT_3D('',#11162,#8834,#8835);
#7380=AXIS2_PLACEMENT_3D('',#11164,#8837,#8838);
#7381=AXIS2_PLACEMENT_3D('',#11166,#8840,#8841);
#7382=AXIS2_PLACEMENT_3D('',#11167,#8842,#8843);
#7383=AXIS2_PLACEMENT_3D('',#11169,#8844,#8845);
#7384=AXIS2_PLACEMENT_3D('',#11171,#8846,#8847);
#7385=AXIS2_PLACEMENT_3D('',#11172,#8848,#8849);
#7386=AXIS2_PLACEMENT_3D('',#11173,#8850,#8851);
#7387=AXIS2_PLACEMENT_3D('',#11174,#8852,#8853);
#7388=AXIS2_PLACEMENT_3D('',#11175,#8854,#8855);
#7389=AXIS2_PLACEMENT_3D('',#11176,#8856,#8857);
#7390=AXIS2_PLACEMENT_3D('',#11179,#8858,#8859);
#7391=AXIS2_PLACEMENT_3D('',#11180,#8860,#8861);
#7392=AXIS2_PLACEMENT_3D('',#11196,#8862,#8863);
#7393=AXIS2_PLACEMENT_3D('',#11207,#8864,#8865);
#7394=AXIS2_PLACEMENT_3D('',#11208,#8866,#8867);
#7395=AXIS2_PLACEMENT_3D('',#11211,#8868,#8869);
#7396=AXIS2_PLACEMENT_3D('',#11216,#8870,#8871);
#7397=AXIS2_PLACEMENT_3D('',#11217,#8872,#8873);
#7398=AXIS2_PLACEMENT_3D('',#11222,#8876,#8877);
#7399=AXIS2_PLACEMENT_3D('',#11223,#8878,#8879);
#7400=AXIS2_PLACEMENT_3D('',#11226,#8880,#8881);
#7401=AXIS2_PLACEMENT_3D('',#11232,#8882,#8883);
#7402=AXIS2_PLACEMENT_3D('',#11233,#8884,#8885);
#7403=AXIS2_PLACEMENT_3D('',#11238,#8888,#8889);
#7404=AXIS2_PLACEMENT_3D('',#11239,#8890,#8891);
#7405=AXIS2_PLACEMENT_3D('',#11263,#8892,#8893);
#7406=AXIS2_PLACEMENT_3D('',#11276,#8894,#8895);
#7407=AXIS2_PLACEMENT_3D('',#11287,#8896,#8897);
#7408=AXIS2_PLACEMENT_3D('',#11288,#8898,#8899);
#7409=AXIS2_PLACEMENT_3D('',#11291,#8900,#8901);
#7410=AXIS2_PLACEMENT_3D('',#11297,#8902,#8903);
#7411=AXIS2_PLACEMENT_3D('',#11298,#8904,#8905);
#7412=AXIS2_PLACEMENT_3D('',#11303,#8908,#8909);
#7413=AXIS2_PLACEMENT_3D('',#11304,#8910,#8911);
#7414=AXIS2_PLACEMENT_3D('',#11307,#8912,#8913);
#7415=AXIS2_PLACEMENT_3D('',#11308,#8914,#8915);
#7416=AXIS2_PLACEMENT_3D('',#11309,#8916,#8917);
#7417=AXIS2_PLACEMENT_3D('',#11310,#8918,#8919);
#7418=AXIS2_PLACEMENT_3D('',#11345,#8922,#8923);
#7419=AXIS2_PLACEMENT_3D('',#11363,#8924,#8925);
#7420=AXIS2_PLACEMENT_3D('',#11364,#8926,#8927);
#7421=AXIS2_PLACEMENT_3D('',#11369,#8930,#8931);
#7422=AXIS2_PLACEMENT_3D('',#11370,#8932,#8933);
#7423=AXIS2_PLACEMENT_3D('',#11373,#8934,#8935);
#7424=AXIS2_PLACEMENT_3D('',#11374,#8936,#8937);
#7425=AXIS2_PLACEMENT_3D('',#11375,#8938,#8939);
#7426=AXIS2_PLACEMENT_3D('',#11376,#8940,#8941);
#7427=AXIS2_PLACEMENT_3D('',#11381,#8944,#8945);
#7428=AXIS2_PLACEMENT_3D('',#11382,#8946,#8947);
#7429=AXIS2_PLACEMENT_3D('',#11385,#8948,#8949);
#7430=AXIS2_PLACEMENT_3D('',#11386,#8950,#8951);
#7431=AXIS2_PLACEMENT_3D('',#11387,#8952,#8953);
#7432=AXIS2_PLACEMENT_3D('',#11388,#8954,#8955);
#7433=AXIS2_PLACEMENT_3D('',#11423,#8958,#8959);
#7434=AXIS2_PLACEMENT_3D('',#11436,#8960,#8961);
#7435=AXIS2_PLACEMENT_3D('',#11437,#8962,#8963);
#7436=AXIS2_PLACEMENT_3D('',#11438,#8964,#8965);
#7437=AXIS2_PLACEMENT_3D('',#11443,#8968,#8969);
#7438=AXIS2_PLACEMENT_3D('',#11444,#8970,#8971);
#7439=AXIS2_PLACEMENT_3D('',#11447,#8972,#8973);
#7440=AXIS2_PLACEMENT_3D('',#11448,#8974,#8975);
#7441=AXIS2_PLACEMENT_3D('',#11449,#8976,#8977);
#7442=AXIS2_PLACEMENT_3D('',#11450,#8978,#8979);
#7443=AXIS2_PLACEMENT_3D('',#11455,#8982,#8983);
#7444=AXIS2_PLACEMENT_3D('',#11456,#8984,#8985);
#7445=AXIS2_PLACEMENT_3D('',#11459,#8986,#8987);
#7446=AXIS2_PLACEMENT_3D('',#11460,#8988,#8989);
#7447=AXIS2_PLACEMENT_3D('',#11461,#8990,#8991);
#7448=AXIS2_PLACEMENT_3D('',#11462,#8992,#8993);
#7449=AXIS2_PLACEMENT_3D('',#11533,#8996,#8997);
#7450=AXIS2_PLACEMENT_3D('',#11578,#8998,#8999);
#7451=AXIS2_PLACEMENT_3D('',#11579,#9000,#9001);
#7452=AXIS2_PLACEMENT_3D('',#11584,#9004,#9005);
#7453=AXIS2_PLACEMENT_3D('',#11585,#9006,#9007);
#7454=AXIS2_PLACEMENT_3D('',#11588,#9008,#9009);
#7455=AXIS2_PLACEMENT_3D('',#11589,#9010,#9011);
#7456=AXIS2_PLACEMENT_3D('',#11590,#9012,#9013);
#7457=AXIS2_PLACEMENT_3D('',#11591,#9014,#9015);
#7458=AXIS2_PLACEMENT_3D('',#11596,#9018,#9019);
#7459=AXIS2_PLACEMENT_3D('',#11597,#9020,#9021);
#7460=AXIS2_PLACEMENT_3D('',#11600,#9022,#9023);
#7461=AXIS2_PLACEMENT_3D('',#11601,#9024,#9025);
#7462=AXIS2_PLACEMENT_3D('',#11614,#9026,#9027);
#7463=AXIS2_PLACEMENT_3D('',#11625,#9028,#9029);
#7464=AXIS2_PLACEMENT_3D('',#11626,#9030,#9031);
#7465=AXIS2_PLACEMENT_3D('',#11638,#9032,#9033);
#7466=AXIS2_PLACEMENT_3D('',#11639,#9034,#9035);
#7467=AXIS2_PLACEMENT_3D('',#11640,#9036,#9037);
#7468=AXIS2_PLACEMENT_3D('',#11645,#9040,#9041);
#7469=AXIS2_PLACEMENT_3D('',#11646,#9042,#9043);
#7470=AXIS2_PLACEMENT_3D('',#11649,#9044,#9045);
#7471=AXIS2_PLACEMENT_3D('',#11655,#9046,#9047);
#7472=AXIS2_PLACEMENT_3D('',#11656,#9048,#9049);
#7473=AXIS2_PLACEMENT_3D('',#11661,#9052,#9053);
#7474=AXIS2_PLACEMENT_3D('',#11662,#9054,#9055);
#7475=AXIS2_PLACEMENT_3D('',#11665,#9056,#9057);
#7476=AXIS2_PLACEMENT_3D('',#11682,#9058,#9059);
#7477=AXIS2_PLACEMENT_3D('',#11693,#9060,#9061);
#7478=AXIS2_PLACEMENT_3D('',#11694,#9062,#9063);
#7479=AXIS2_PLACEMENT_3D('',#11695,#9064,#9065);
#7480=AXIS2_PLACEMENT_3D('',#11696,#9066,#9067);
#7481=AXIS2_PLACEMENT_3D('',#11701,#9071,#9072);
#7482=AXIS2_PLACEMENT_3D('',#11706,#9076,#9077);
#7483=AXIS2_PLACEMENT_3D('',#11707,#9078,#9079);
#7484=AXIS2_PLACEMENT_3D('',#11712,#9082,#9083);
#7485=AXIS2_PLACEMENT_3D('',#11713,#9084,#9085);
#7486=AXIS2_PLACEMENT_3D('',#11718,#9088,#9089);
#7487=AXIS2_PLACEMENT_3D('',#11719,#9090,#9091);
#7488=AXIS2_PLACEMENT_3D('',#11724,#9094,#9095);
#7489=AXIS2_PLACEMENT_3D('',#11725,#9096,#9097);
#7490=AXIS2_PLACEMENT_3D('',#11730,#9100,#9101);
#7491=AXIS2_PLACEMENT_3D('',#11731,#9102,#9103);
#7492=AXIS2_PLACEMENT_3D('',#11733,#9105,#9106);
#7493=AXIS2_PLACEMENT_3D('',#11735,#9108,#9109);
#7494=AXIS2_PLACEMENT_3D('',#11738,#9112,#9113);
#7495=AXIS2_PLACEMENT_3D('',#11743,#9116,#9117);
#7496=AXIS2_PLACEMENT_3D('',#11744,#9118,#9119);
#7497=AXIS2_PLACEMENT_3D('',#11749,#9122,#9123);
#7498=AXIS2_PLACEMENT_3D('',#11750,#9124,#9125);
#7499=AXIS2_PLACEMENT_3D('',#11755,#9128,#9129);
#7500=AXIS2_PLACEMENT_3D('',#11756,#9130,#9131);
#7501=AXIS2_PLACEMENT_3D('',#11761,#9134,#9135);
#7502=AXIS2_PLACEMENT_3D('',#11767,#9136,#9137);
#7503=AXIS2_PLACEMENT_3D('',#11775,#9139,#9140);
#7504=AXIS2_PLACEMENT_3D('',#11778,#9142,#9143);
#7505=AXIS2_PLACEMENT_3D('',#11783,#9146,#9147);
#7506=AXIS2_PLACEMENT_3D('',#11784,#9148,#9149);
#7507=AXIS2_PLACEMENT_3D('',#11789,#9152,#9153);
#7508=AXIS2_PLACEMENT_3D('',#11790,#9154,#9155);
#7509=AXIS2_PLACEMENT_3D('',#11795,#9159,#9160);
#7510=AXIS2_PLACEMENT_3D('',#11799,#9163,#9164);
#7511=AXIS2_PLACEMENT_3D('',#11803,#9167,#9168);
#7512=AXIS2_PLACEMENT_3D('',#11809,#9173,#9174);
#7513=AXIS2_PLACEMENT_3D('',#11811,#9176,#9177);
#7514=AXIS2_PLACEMENT_3D('',#11813,#9179,#9180);
#7515=AXIS2_PLACEMENT_3D('',#11816,#9182,#9183);
#7516=AXIS2_PLACEMENT_3D('',#11817,#9184,#9185);
#7517=AXIS2_PLACEMENT_3D('',#11820,#9187,#9188);
#7518=AXIS2_PLACEMENT_3D('',#11821,#9189,#9190);
#7519=AXIS2_PLACEMENT_3D('',#11824,#9192,#9193);
#7520=AXIS2_PLACEMENT_3D('',#11825,#9194,#9195);
#7521=AXIS2_PLACEMENT_3D('',#11828,#9197,#9198);
#7522=AXIS2_PLACEMENT_3D('',#11829,#9199,#9200);
#7523=AXIS2_PLACEMENT_3D('',#11833,#9203,#9204);
#7524=AXIS2_PLACEMENT_3D('',#11836,#9207,#9208);
#7525=AXIS2_PLACEMENT_3D('',#11839,#9211,#9212);
#7526=AXIS2_PLACEMENT_3D('',#11843,#9215,#9216);
#7527=AXIS2_PLACEMENT_3D('',#11847,#9220,#9221);
#7528=AXIS2_PLACEMENT_3D('',#11851,#9224,#9225);
#7529=AXIS2_PLACEMENT_3D('',#11854,#9227,#9228);
#7530=AXIS2_PLACEMENT_3D('',#11855,#9229,#9230);
#7531=AXIS2_PLACEMENT_3D('',#11858,#9232,#9233);
#7532=AXIS2_PLACEMENT_3D('',#11859,#9234,#9235);
#7533=AXIS2_PLACEMENT_3D('',#11862,#9237,#9238);
#7534=AXIS2_PLACEMENT_3D('',#11863,#9239,#9240);
#7535=AXIS2_PLACEMENT_3D('',#11868,#9243,#9244);
#7536=AXIS2_PLACEMENT_3D('',#11874,#9245,#9246);
#7537=AXIS2_PLACEMENT_3D('',#11882,#9248,#9249);
#7538=AXIS2_PLACEMENT_3D('',#11885,#9251,#9252);
#7539=AXIS2_PLACEMENT_3D('',#11889,#9255,#9256);
#7540=AXIS2_PLACEMENT_3D('',#11893,#9260,#9261);
#7541=AXIS2_PLACEMENT_3D('',#11894,#9262,#9263);
#7542=AXIS2_PLACEMENT_3D('',#11898,#9267,#9268);
#7543=AXIS2_PLACEMENT_3D('',#11902,#9271,#9272);
#7544=AXIS2_PLACEMENT_3D('',#11903,#9273,#9274);
#7545=AXIS2_PLACEMENT_3D('',#11904,#9275,#9276);
#7546=AXIS2_PLACEMENT_3D('',#11905,#9277,#9278);
#7547=AXIS2_PLACEMENT_3D('',#11906,#9279,#9280);
#7548=AXIS2_PLACEMENT_3D('',#11907,#9281,#9282);
#7549=AXIS2_PLACEMENT_3D('',#11908,#9283,#9284);
#7550=AXIS2_PLACEMENT_3D('',#11909,#9285,#9286);
#7551=AXIS2_PLACEMENT_3D('',#11910,#9287,#9288);
#7552=AXIS2_PLACEMENT_3D('',#11911,#9289,#9290);
#7553=AXIS2_PLACEMENT_3D('',#11912,#9291,#9292);
#7554=AXIS2_PLACEMENT_3D('',#11913,#9293,#9294);
#7555=AXIS2_PLACEMENT_3D('',#11914,#9295,#9296);
#7556=AXIS2_PLACEMENT_3D('',#11915,#9297,#9298);
#7557=AXIS2_PLACEMENT_3D('',#11916,#9299,#9300);
#7558=AXIS2_PLACEMENT_3D('',#11917,#9301,#9302);
#7559=AXIS2_PLACEMENT_3D('',#11918,#9303,#9304);
#7560=AXIS2_PLACEMENT_3D('',#11919,#9305,#9306);
#7561=AXIS2_PLACEMENT_3D('',#11920,#9307,#9308);
#7562=AXIS2_PLACEMENT_3D('',#11921,#9309,#9310);
#7563=AXIS2_PLACEMENT_3D('',#11922,#9311,#9312);
#7564=AXIS2_PLACEMENT_3D('',#11924,#9313,#9314);
#7565=AXIS2_PLACEMENT_3D('',#11925,#9315,#9316);
#7566=AXIS2_PLACEMENT_3D('',#11926,#9317,#9318);
#7567=AXIS2_PLACEMENT_3D('',#11927,#9319,#9320);
#7568=AXIS2_PLACEMENT_3D('',#11928,#9321,#9322);
#7569=AXIS2_PLACEMENT_3D('',#11929,#9323,#9324);
#7570=AXIS2_PLACEMENT_3D('',#11930,#9325,#9326);
#7571=AXIS2_PLACEMENT_3D('',#11931,#9327,#9328);
#7572=AXIS2_PLACEMENT_3D('',#11932,#9329,#9330);
#7573=AXIS2_PLACEMENT_3D('',#11933,#9331,#9332);
#7574=AXIS2_PLACEMENT_3D('',#11935,#9333,#9334);
#7575=AXIS2_PLACEMENT_3D('',#11936,#9335,#9336);
#7576=AXIS2_PLACEMENT_3D('',#11938,#9337,#9338);
#7577=AXIS2_PLACEMENT_3D('',#11939,#9339,#9340);
#7578=AXIS2_PLACEMENT_3D('',#11940,#9341,#9342);
#7579=AXIS2_PLACEMENT_3D('',#11942,#9343,#9344);
#7580=AXIS2_PLACEMENT_3D('',#11943,#9345,#9346);
#7581=AXIS2_PLACEMENT_3D('',#11944,#9347,#9348);
#7582=AXIS2_PLACEMENT_3D('',#11946,#9349,#9350);
#7583=AXIS2_PLACEMENT_3D('',#11947,#9351,#9352);
#7584=AXIS2_PLACEMENT_3D('',#11949,#9353,#9354);
#7585=AXIS2_PLACEMENT_3D('',#11950,#9355,#9356);
#7586=AXIS2_PLACEMENT_3D('',#11951,#9357,#9358);
#7587=AXIS2_PLACEMENT_3D('',#11953,#9359,#9360);
#7588=AXIS2_PLACEMENT_3D('',#11954,#9361,#9362);
#7589=AXIS2_PLACEMENT_3D('',#11955,#9363,#9364);
#7590=AXIS2_PLACEMENT_3D('',#11957,#9365,#9366);
#7591=AXIS2_PLACEMENT_3D('',#11958,#9367,#9368);
#7592=AXIS2_PLACEMENT_3D('',#11960,#9369,#9370);
#7593=AXIS2_PLACEMENT_3D('',#11961,#9371,#9372);
#7594=AXIS2_PLACEMENT_3D('',#11964,#9375,#9376);
#7595=AXIS2_PLACEMENT_3D('',#11967,#9379,#9380);
#7596=AXIS2_PLACEMENT_3D('',#11970,#9383,#9384);
#7597=AXIS2_PLACEMENT_3D('',#11973,#9387,#9388);
#7598=AXIS2_PLACEMENT_3D('',#11976,#9391,#9392);
#7599=AXIS2_PLACEMENT_3D('',#11979,#9395,#9396);
#7600=AXIS2_PLACEMENT_3D('',#11982,#9399,#9400);
#7601=AXIS2_PLACEMENT_3D('',#11985,#9403,#9404);
#7602=AXIS2_PLACEMENT_3D('',#11988,#9407,#9408);
#7603=AXIS2_PLACEMENT_3D('',#11991,#9411,#9412);
#7604=AXIS2_PLACEMENT_3D('',#11994,#9415,#9416);
#7605=AXIS2_PLACEMENT_3D('',#11997,#9419,#9420);
#7606=AXIS2_PLACEMENT_3D('',#12000,#9423,#9424);
#7607=AXIS2_PLACEMENT_3D('',#12003,#9427,#9428);
#7608=AXIS2_PLACEMENT_3D('',#12006,#9431,#9432);
#7609=AXIS2_PLACEMENT_3D('',#12009,#9435,#9436);
#7610=AXIS2_PLACEMENT_3D('',#12012,#9439,#9440);
#7611=AXIS2_PLACEMENT_3D('',#12015,#9443,#9444);
#7612=AXIS2_PLACEMENT_3D('',#12018,#9447,#9448);
#7613=AXIS2_PLACEMENT_3D('',#12020,#9450,#9451);
#7614=AXIS2_PLACEMENT_3D('',#12023,#9454,#9455);
#7615=AXIS2_PLACEMENT_3D('',#12026,#9458,#9459);
#7616=AXIS2_PLACEMENT_3D('',#12029,#9462,#9463);
#7617=AXIS2_PLACEMENT_3D('',#12032,#9466,#9467);
#7618=AXIS2_PLACEMENT_3D('',#12035,#9470,#9471);
#7619=AXIS2_PLACEMENT_3D('',#12038,#9474,#9475);
#7620=AXIS2_PLACEMENT_3D('',#12041,#9478,#9479);
#7621=AXIS2_PLACEMENT_3D('',#12044,#9482,#9483);
#7622=AXIS2_PLACEMENT_3D('',#12047,#9486,#9487);
#7623=AXIS2_PLACEMENT_3D('',#12050,#9490,#9491);
#7624=AXIS2_PLACEMENT_3D('',#12053,#9494,#9495);
#7625=AXIS2_PLACEMENT_3D('',#12056,#9498,#9499);
#7626=AXIS2_PLACEMENT_3D('',#12059,#9502,#9503);
#7627=AXIS2_PLACEMENT_3D('',#12062,#9506,#9507);
#7628=AXIS2_PLACEMENT_3D('',#12065,#9510,#9511);
#7629=AXIS2_PLACEMENT_3D('',#12068,#9514,#9515);
#7630=AXIS2_PLACEMENT_3D('',#12070,#9517,#9518);
#7631=AXIS2_PLACEMENT_3D('',#12073,#9521,#9522);
#7632=AXIS2_PLACEMENT_3D('',#12076,#9525,#9526);
#7633=AXIS2_PLACEMENT_3D('',#12079,#9529,#9530);
#7634=AXIS2_PLACEMENT_3D('',#12082,#9533,#9534);
#7635=AXIS2_PLACEMENT_3D('',#12084,#9536,#9537);
#7636=AXIS2_PLACEMENT_3D('',#12086,#9539,#9540);
#7637=AXIS2_PLACEMENT_3D('',#12089,#9543,#9544);
#7638=AXIS2_PLACEMENT_3D('',#12092,#9547,#9548);
#7639=AXIS2_PLACEMENT_3D('',#12095,#9551,#9552);
#7640=AXIS2_PLACEMENT_3D('',#12098,#9555,#9556);
#7641=AXIS2_PLACEMENT_3D('',#12101,#9559,#9560);
#7642=AXIS2_PLACEMENT_3D('',#12104,#9563,#9564);
#7643=AXIS2_PLACEMENT_3D('',#12107,#9567,#9568);
#7644=AXIS2_PLACEMENT_3D('',#12110,#9571,#9572);
#7645=AXIS2_PLACEMENT_3D('',#12113,#9575,#9576);
#7646=AXIS2_PLACEMENT_3D('',#12116,#9579,#9580);
#7647=AXIS2_PLACEMENT_3D('',#12119,#9583,#9584);
#7648=AXIS2_PLACEMENT_3D('',#12122,#9587,#9588);
#7649=AXIS2_PLACEMENT_3D('',#12125,#9591,#9592);
#7650=AXIS2_PLACEMENT_3D('',#12128,#9595,#9596);
#7651=AXIS2_PLACEMENT_3D('',#12131,#9599,#9600);
#7652=AXIS2_PLACEMENT_3D('',#12134,#9603,#9604);
#7653=AXIS2_PLACEMENT_3D('',#12137,#9607,#9608);
#7654=AXIS2_PLACEMENT_3D('',#12140,#9611,#9612);
#7655=AXIS2_PLACEMENT_3D('',#12143,#9615,#9616);
#7656=AXIS2_PLACEMENT_3D('',#12146,#9619,#9620);
#7657=AXIS2_PLACEMENT_3D('',#12149,#9623,#9624);
#7658=AXIS2_PLACEMENT_3D('',#12152,#9627,#9628);
#7659=AXIS2_PLACEMENT_3D('',#12155,#9631,#9632);
#7660=AXIS2_PLACEMENT_3D('',#12158,#9635,#9636);
#7661=AXIS2_PLACEMENT_3D('',#12161,#9639,#9640);
#7662=AXIS2_PLACEMENT_3D('',#12164,#9643,#9644);
#7663=AXIS2_PLACEMENT_3D('',#12167,#9647,#9648);
#7664=AXIS2_PLACEMENT_3D('',#12170,#9651,#9652);
#7665=AXIS2_PLACEMENT_3D('',#12173,#9655,#9656);
#7666=AXIS2_PLACEMENT_3D('',#12176,#9659,#9660);
#7667=AXIS2_PLACEMENT_3D('',#12179,#9663,#9664);
#7668=AXIS2_PLACEMENT_3D('',#12182,#9667,#9668);
#7669=AXIS2_PLACEMENT_3D('',#12185,#9671,#9672);
#7670=AXIS2_PLACEMENT_3D('',#12188,#9675,#9676);
#7671=AXIS2_PLACEMENT_3D('',#12191,#9679,#9680);
#7672=AXIS2_PLACEMENT_3D('',#12194,#9683,#9684);
#7673=AXIS2_PLACEMENT_3D('',#12197,#9687,#9688);
#7674=AXIS2_PLACEMENT_3D('',#12200,#9691,#9692);
#7675=AXIS2_PLACEMENT_3D('',#12203,#9695,#9696);
#7676=AXIS2_PLACEMENT_3D('',#12206,#9699,#9700);
#7677=AXIS2_PLACEMENT_3D('',#12209,#9703,#9704);
#7678=AXIS2_PLACEMENT_3D('',#12212,#9707,#9708);
#7679=AXIS2_PLACEMENT_3D('',#12214,#9710,#9711);
#7680=AXIS2_PLACEMENT_3D('',#12217,#9714,#9715);
#7681=AXIS2_PLACEMENT_3D('',#12220,#9718,#9719);
#7682=AXIS2_PLACEMENT_3D('',#12222,#9721,#9722);
#7683=AXIS2_PLACEMENT_3D('',#12225,#9725,#9726);
#7684=AXIS2_PLACEMENT_3D('',#12227,#9728,#9729);
#7685=AXIS2_PLACEMENT_3D('',#12230,#9732,#9733);
#7686=AXIS2_PLACEMENT_3D('',#12233,#9736,#9737);
#7687=AXIS2_PLACEMENT_3D('',#12236,#9740,#9741);
#7688=AXIS2_PLACEMENT_3D('',#12239,#9744,#9745);
#7689=AXIS2_PLACEMENT_3D('',#12242,#9748,#9749);
#7690=AXIS2_PLACEMENT_3D('',#12244,#9751,#9752);
#7691=AXIS2_PLACEMENT_3D('',#12247,#9755,#9756);
#7692=AXIS2_PLACEMENT_3D('',#12250,#9759,#9760);
#7693=AXIS2_PLACEMENT_3D('',#12252,#9762,#9763);
#7694=AXIS2_PLACEMENT_3D('',#12254,#9765,#9766);
#7695=AXIS2_PLACEMENT_3D('',#12255,#9767,#9768);
#7696=AXIS2_PLACEMENT_3D('',#12256,#9769,#9770);
#7697=AXIS2_PLACEMENT_3D('',#12257,#9771,#9772);
#7698=AXIS2_PLACEMENT_3D('',#12258,#9773,#9774);
#7699=AXIS2_PLACEMENT_3D('',#12259,#9775,#9776);
#7700=AXIS2_PLACEMENT_3D('',#12260,#9777,#9778);
#7701=AXIS2_PLACEMENT_3D('',#12261,#9779,#9780);
#7702=AXIS2_PLACEMENT_3D('',#12262,#9781,#9782);
#7703=AXIS2_PLACEMENT_3D('',#12263,#9783,#9784);
#7704=AXIS2_PLACEMENT_3D('',#12264,#9785,#9786);
#7705=AXIS2_PLACEMENT_3D('',#12265,#9787,#9788);
#7706=AXIS2_PLACEMENT_3D('',#12266,#9789,#9790);
#7707=AXIS2_PLACEMENT_3D('',#12267,#9791,#9792);
#7708=AXIS2_PLACEMENT_3D('',#12268,#9793,#9794);
#7709=AXIS2_PLACEMENT_3D('',#12269,#9795,#9796);
#7710=AXIS2_PLACEMENT_3D('',#12270,#9797,#9798);
#7711=AXIS2_PLACEMENT_3D('',#12271,#9799,#9800);
#7712=AXIS2_PLACEMENT_3D('',#12272,#9801,#9802);
#7713=AXIS2_PLACEMENT_3D('',#12273,#9803,#9804);
#7714=AXIS2_PLACEMENT_3D('',#12274,#9805,#9806);
#7715=AXIS2_PLACEMENT_3D('',#12275,#9807,#9808);
#7716=AXIS2_PLACEMENT_3D('',#12276,#9809,#9810);
#7717=AXIS2_PLACEMENT_3D('',#12277,#9811,#9812);
#7718=AXIS2_PLACEMENT_3D('',#12278,#9813,#9814);
#7719=AXIS2_PLACEMENT_3D('',#12279,#9815,#9816);
#7720=AXIS2_PLACEMENT_3D('',#12280,#9817,#9818);
#7721=AXIS2_PLACEMENT_3D('',#12281,#9819,#9820);
#7722=AXIS2_PLACEMENT_3D('',#12282,#9821,#9822);
#7723=AXIS2_PLACEMENT_3D('',#12283,#9823,#9824);
#7724=AXIS2_PLACEMENT_3D('',#12284,#9825,#9826);
#7725=AXIS2_PLACEMENT_3D('',#12285,#9827,#9828);
#7726=AXIS2_PLACEMENT_3D('',#12286,#9829,#9830);
#7727=AXIS2_PLACEMENT_3D('',#12288,#9832,#9833);
#7728=AXIS2_PLACEMENT_3D('',#12290,#9835,#9836);
#7729=AXIS2_PLACEMENT_3D('',#12291,#9837,#9838);
#7730=AXIS2_PLACEMENT_3D('',#12292,#9839,#9840);
#7731=AXIS2_PLACEMENT_3D('',#12293,#9841,#9842);
#7732=AXIS2_PLACEMENT_3D('',#12294,#9843,#9844);
#7733=AXIS2_PLACEMENT_3D('',#12295,#9845,#9846);
#7734=AXIS2_PLACEMENT_3D('',#12296,#9847,#9848);
#7735=AXIS2_PLACEMENT_3D('',#12297,#9849,#9850);
#7736=AXIS2_PLACEMENT_3D('',#12298,#9851,#9852);
#7737=AXIS2_PLACEMENT_3D('',#12299,#9853,#9854);
#7738=AXIS2_PLACEMENT_3D('',#12300,#9855,#9856);
#7739=AXIS2_PLACEMENT_3D('',#12301,#9857,#9858);
#7740=AXIS2_PLACEMENT_3D('',#12302,#9859,#9860);
#7741=AXIS2_PLACEMENT_3D('',#12303,#9861,#9862);
#7742=AXIS2_PLACEMENT_3D('',#12304,#9863,#9864);
#7743=AXIS2_PLACEMENT_3D('',#12305,#9865,#9866);
#7744=AXIS2_PLACEMENT_3D('',#12306,#9867,#9868);
#7745=AXIS2_PLACEMENT_3D('',#12307,#9869,#9870);
#7746=AXIS2_PLACEMENT_3D('',#12308,#9871,#9872);
#7747=AXIS2_PLACEMENT_3D('',#12309,#9873,#9874);
#7748=AXIS2_PLACEMENT_3D('',#12310,#9875,#9876);
#7749=AXIS2_PLACEMENT_3D('',#12311,#9877,#9878);
#7750=AXIS2_PLACEMENT_3D('',#12312,#9879,#9880);
#7751=AXIS2_PLACEMENT_3D('',#12313,#9881,#9882);
#7752=AXIS2_PLACEMENT_3D('',#12314,#9883,#9884);
#7753=AXIS2_PLACEMENT_3D('',#12315,#9885,#9886);
#7754=AXIS2_PLACEMENT_3D('',#12316,#9887,#9888);
#7755=AXIS2_PLACEMENT_3D('',#12317,#9889,#9890);
#7756=AXIS2_PLACEMENT_3D('',#12318,#9891,#9892);
#7757=AXIS2_PLACEMENT_3D('',#12319,#9893,#9894);
#7758=AXIS2_PLACEMENT_3D('',#12320,#9895,#9896);
#7759=AXIS2_PLACEMENT_3D('',#12321,#9897,#9898);
#7760=AXIS2_PLACEMENT_3D('',#12322,#9899,#9900);
#7761=AXIS2_PLACEMENT_3D('',#12323,#9901,#9902);
#7762=AXIS2_PLACEMENT_3D('',#12324,#9903,#9904);
#7763=AXIS2_PLACEMENT_3D('',#12325,#9905,#9906);
#7764=AXIS2_PLACEMENT_3D('',#12326,#9907,#9908);
#7765=AXIS2_PLACEMENT_3D('',#12327,#9909,#9910);
#7766=AXIS2_PLACEMENT_3D('',#12328,#9911,#9912);
#7767=AXIS2_PLACEMENT_3D('',#12329,#9913,#9914);
#7768=AXIS2_PLACEMENT_3D('',#12330,#9915,#9916);
#7769=AXIS2_PLACEMENT_3D('',#12332,#9918,#9919);
#7770=AXIS2_PLACEMENT_3D('',#12333,#9920,#9921);
#7771=AXIS2_PLACEMENT_3D('',#12334,#9922,#9923);
#7772=AXIS2_PLACEMENT_3D('',#12335,#9924,#9925);
#7773=AXIS2_PLACEMENT_3D('',#12336,#9926,#9927);
#7774=AXIS2_PLACEMENT_3D('',#12338,#9929,#9930);
#7775=AXIS2_PLACEMENT_3D('',#12339,#9931,#9932);
#7776=AXIS2_PLACEMENT_3D('',#12340,#9933,#9934);
#7777=AXIS2_PLACEMENT_3D('',#12341,#9935,#9936);
#7778=AXIS2_PLACEMENT_3D('',#12342,#9937,#9938);
#7779=AXIS2_PLACEMENT_3D('',#12343,#9939,#9940);
#7780=AXIS2_PLACEMENT_3D('',#12344,#9941,#9942);
#7781=AXIS2_PLACEMENT_3D('',#12345,#9943,#9944);
#7782=AXIS2_PLACEMENT_3D('',#12346,#9945,#9946);
#7783=AXIS2_PLACEMENT_3D('',#12347,#9947,#9948);
#7784=AXIS2_PLACEMENT_3D('',#12348,#9949,#9950);
#7785=AXIS2_PLACEMENT_3D('',#12349,#9951,#9952);
#7786=AXIS2_PLACEMENT_3D('',#12350,#9953,#9954);
#7787=AXIS2_PLACEMENT_3D('',#12351,#9955,#9956);
#7788=AXIS2_PLACEMENT_3D('',#12352,#9957,#9958);
#7789=AXIS2_PLACEMENT_3D('',#12353,#9959,#9960);
#7790=AXIS2_PLACEMENT_3D('',#12354,#9961,#9962);
#7791=AXIS2_PLACEMENT_3D('',#12355,#9963,#9964);
#7792=AXIS2_PLACEMENT_3D('',#12356,#9965,#9966);
#7793=AXIS2_PLACEMENT_3D('',#12357,#9967,#9968);
#7794=AXIS2_PLACEMENT_3D('',#12358,#9969,#9970);
#7795=AXIS2_PLACEMENT_3D('',#12359,#9971,#9972);
#7796=AXIS2_PLACEMENT_3D('',#12360,#9973,#9974);
#7797=DIRECTION('',(0.,0.,1.));
#7798=DIRECTION('',(1.,0.,0.));
#7799=DIRECTION('',(0.,0.,1.));
#7800=DIRECTION('',(1.,0.,0.));
#7801=DIRECTION('',(0.,0.,1.));
#7802=DIRECTION('',(0.,0.,1.));
#7803=DIRECTION('',(1.,0.,0.));
#7804=DIRECTION('',(0.,0.,1.));
#7805=DIRECTION('',(0.,0.,1.));
#7806=DIRECTION('',(1.,0.,0.));
#7807=DIRECTION('',(0.,0.,1.));
#7808=DIRECTION('',(1.,0.,0.));
#7809=DIRECTION('',(0.,0.,1.));
#7810=DIRECTION('',(0.,0.,1.));
#7811=DIRECTION('',(1.,0.,0.));
#7812=DIRECTION('',(0.,0.,1.));
#7813=DIRECTION('',(0.,0.,1.));
#7814=DIRECTION('',(1.,0.,0.));
#7815=DIRECTION('',(0.,0.,1.));
#7816=DIRECTION('',(1.,0.,0.));
#7817=DIRECTION('',(0.,0.,1.));
#7818=DIRECTION('',(1.,0.,0.));
#7819=DIRECTION('',(-0.458697228134935,-0.88859262482947,0.));
#7820=DIRECTION('',(0.,0.,1.));
#7821=DIRECTION('',(1.,0.,0.));
#7822=DIRECTION('',(-1.,8.9166789807043E-10,0.));
#7823=DIRECTION('',(0.,0.,1.));
#7824=DIRECTION('',(1.,0.,0.));
#7825=DIRECTION('',(0.,0.,1.));
#7826=DIRECTION('',(1.,0.,0.));
#7827=DIRECTION('',(0.98141402119421,0.191902368415326,0.));
#7828=DIRECTION('',(0.,0.,1.));
#7829=DIRECTION('',(1.,0.,0.));
#7830=DIRECTION('',(0.688845545859282,-0.724908141732335,0.));
#7831=DIRECTION('',(0.,0.,1.));
#7832=DIRECTION('',(1.,0.,0.));
#7833=DIRECTION('',(0.,0.,1.));
#7834=DIRECTION('',(1.,0.,0.));
#7835=DIRECTION('',(0.,0.,1.));
#7836=DIRECTION('',(1.,0.,0.));
#7837=DIRECTION('',(-0.974336172500454,0.225097807535226,0.));
#7838=DIRECTION('',(0.,0.,1.));
#7839=DIRECTION('',(1.,0.,0.));
#7840=DIRECTION('',(0.561052455714538,-0.827780249786552,0.));
#7841=DIRECTION('',(0.,0.,1.));
#7842=DIRECTION('',(1.,0.,0.));
#7843=DIRECTION('',(0.945627257934247,0.325252346727517,0.));
#7844=DIRECTION('',(6.12323399573677E-17,-9.61486726970351E-26,1.));
#7845=DIRECTION('',(-2.65268719813176E-10,1.,0.));
#7846=DIRECTION('',(0.,0.,1.));
#7847=DIRECTION('',(1.,0.,0.));
#7848=DIRECTION('',(0.,0.,1.));
#7849=DIRECTION('',(1.,0.,0.));
#7850=DIRECTION('',(0.,0.,1.));
#7851=DIRECTION('',(1.,0.,0.));
#7852=DIRECTION('',(0.,0.,1.));
#7853=DIRECTION('',(1.,0.,0.));
#7854=DIRECTION('',(-0.488366838206014,0.872638431047282,0.));
#7855=DIRECTION('',(0.,0.,1.));
#7856=DIRECTION('',(1.,0.,0.));
#7857=DIRECTION('',(0.,0.,1.));
#7858=DIRECTION('',(1.,0.,0.));
#7859=DIRECTION('',(0.,0.,1.));
#7860=DIRECTION('',(1.,0.,0.));
#7861=DIRECTION('',(0.829138085198161,-0.55904385845292,0.));
#7862=DIRECTION('',(0.,0.,-1.));
#7863=DIRECTION('',(1.,0.,0.));
#7864=DIRECTION('',(0.,0.,1.));
#7865=DIRECTION('',(1.,0.,0.));
#7866=DIRECTION('',(1.,0.,1.14790043684892E-16));
#7867=DIRECTION('',(9.71445146547012E-17,1.26527293570507E-10,-1.));
#7868=DIRECTION('',(1.,5.52430094095043E-12,9.71445146547012E-17));
#7869=DIRECTION('',(1.,0.,0.));
#7870=DIRECTION('',(0.,0.,1.));
#7871=DIRECTION('',(1.,0.,0.));
#7872=DIRECTION('',(0.,0.,-1.));
#7873=DIRECTION('',(1.,0.,0.));
#7874=DIRECTION('',(-0.829138119984132,-0.559043806860588,0.));
#7875=DIRECTION('',(0.,0.,1.));
#7876=DIRECTION('',(1.,0.,0.));
#7877=DIRECTION('',(0.,0.,1.));
#7878=DIRECTION('',(1.,0.,0.));
#7879=DIRECTION('',(0.,0.,1.));
#7880=DIRECTION('',(1.,0.,0.));
#7881=DIRECTION('',(0.973048715308653,-0.230599647953287,0.));
#7882=DIRECTION('',(0.,0.,1.));
#7883=DIRECTION('',(1.,0.,0.));
#7884=DIRECTION('',(0.,0.,1.));
#7885=DIRECTION('',(1.,0.,0.));
#7886=DIRECTION('',(0.,0.,1.));
#7887=DIRECTION('',(1.,0.,0.));
#7888=DIRECTION('',(-0.974336172500454,0.225097807535225,0.));
#7889=DIRECTION('',(0.,0.,1.));
#7890=DIRECTION('',(1.,0.,0.));
#7891=DIRECTION('',(0.707106782213083,0.707106780160012,0.));
#7892=DIRECTION('',(0.,0.,1.));
#7893=DIRECTION('',(1.,0.,0.));
#7894=DIRECTION('',(0.,0.,1.));
#7895=DIRECTION('',(1.,0.,0.));
#7896=DIRECTION('',(-0.993561481016997,-0.113294233919082,0.));
#7897=DIRECTION('',(0.,0.,1.));
#7898=DIRECTION('',(1.,0.,0.));
#7899=DIRECTION('',(0.,0.,1.));
#7900=DIRECTION('',(1.,0.,0.));
#7901=DIRECTION('',(0.,0.,1.));
#7902=DIRECTION('',(1.,0.,0.));
#7903=DIRECTION('',(-0.682432197536844,0.730948900926073,0.));
#7904=DIRECTION('',(0.,0.,1.));
#7905=DIRECTION('',(1.,0.,0.));
#7906=DIRECTION('',(0.,0.,1.));
#7907=DIRECTION('',(1.,0.,0.));
#7908=DIRECTION('',(1.,-8.9166746033965E-10,0.));
#7909=DIRECTION('',(0.,0.,1.));
#7910=DIRECTION('',(1.,0.,0.));
#7911=DIRECTION('',(0.,0.,1.));
#7912=DIRECTION('',(1.,0.,0.));
#7913=DIRECTION('',(-0.458697228134935,-0.88859262482947,0.));
#7914=DIRECTION('',(0.,0.,1.));
#7915=DIRECTION('',(1.,0.,0.));
#7916=DIRECTION('',(0.,0.,1.));
#7917=DIRECTION('',(1.,0.,0.));
#7918=DIRECTION('',(0.,0.,1.));
#7919=DIRECTION('',(1.,0.,0.));
#7920=DIRECTION('',(0.447833419416236,-0.894117010493572,0.));
#7921=DIRECTION('',(0.,0.,1.));
#7922=DIRECTION('',(1.,0.,0.));
#7923=DIRECTION('',(0.,0.,1.));
#7924=DIRECTION('',(1.,0.,0.));
#7925=DIRECTION('',(0.,0.,1.));
#7926=DIRECTION('',(1.,0.,0.));
#7927=DIRECTION('',(-0.630796120948897,-0.775948615435214,0.));
#7928=DIRECTION('',(0.,0.,1.));
#7929=DIRECTION('',(1.,0.,0.));
#7930=DIRECTION('',(0.,0.,1.));
#7931=DIRECTION('',(1.,0.,0.));
#7932=DIRECTION('',(0.,0.,1.));
#7933=DIRECTION('',(1.,0.,0.));
#7934=DIRECTION('',(0.969051168815101,-0.246859944539586,0.));
#7935=DIRECTION('',(0.,0.,1.));
#7936=DIRECTION('',(1.,0.,0.));
#7937=DIRECTION('',(0.,0.,1.));
#7938=DIRECTION('',(1.,0.,0.));
#7939=DIRECTION('',(-1.,-6.12323402215457E-17,0.));
#7940=DIRECTION('',(0.,0.,1.));
#7941=DIRECTION('',(1.,0.,0.));
#7942=DIRECTION('',(1.,0.,0.));
#7943=DIRECTION('',(0.,0.,1.));
#7944=DIRECTION('',(1.,0.,0.));
#7945=DIRECTION('',(-1.,-2.29147856568415E-9,0.));
#7946=DIRECTION('',(0.,0.,1.));
#7947=DIRECTION('',(1.,0.,0.));
#7948=DIRECTION('',(1.,2.29147948692499E-9,0.));
#7949=DIRECTION('',(0.,0.,1.));
#7950=DIRECTION('',(1.,0.,0.));
#7951=DIRECTION('',(0.,0.,1.));
#7952=DIRECTION('',(1.,0.,0.));
#7953=DIRECTION('',(0.969051168815101,-0.246859944539586,0.));
#7954=DIRECTION('',(0.,0.,1.));
#7955=DIRECTION('',(1.,0.,0.));
#7956=DIRECTION('',(0.669580158274258,-0.742739800768358,0.));
#7957=DIRECTION('',(0.,0.,1.));
#7958=DIRECTION('',(1.,0.,0.));
#7959=DIRECTION('',(0.,0.,1.));
#7960=DIRECTION('',(1.,0.,0.));
#7961=DIRECTION('',(0.,0.,1.));
#7962=DIRECTION('',(1.,0.,0.));
#7963=DIRECTION('',(-0.945164072240137,0.326595891808885,0.));
#7964=DIRECTION('',(0.,0.,1.));
#7965=DIRECTION('',(1.,0.,0.));
#7966=DIRECTION('',(-0.715125380015597,-0.698996202319832,0.));
#7967=DIRECTION('',(0.,0.,1.));
#7968=DIRECTION('',(1.,0.,0.));
#7969=DIRECTION('',(0.,0.,-1.));
#7970=DIRECTION('',(-1.,0.,0.));
#7971=DIRECTION('',(0.,0.,1.));
#7972=DIRECTION('',(1.,0.,0.));
#7973=DIRECTION('',(-0.528133517156089,-0.849161343948451,0.));
#7974=DIRECTION('',(0.,0.,1.));
#7975=DIRECTION('',(1.,0.,0.));
#7976=DIRECTION('',(-0.877628093506459,0.479342184131773,0.));
#7977=DIRECTION('',(0.,0.,1.));
#7978=DIRECTION('',(1.,0.,0.));
#7979=DIRECTION('',(0.,0.,1.));
#7980=DIRECTION('',(1.,0.,0.));
#7981=DIRECTION('',(0.192891955882658,-0.981220002525307,0.));
#7982=DIRECTION('',(0.,0.,1.));
#7983=DIRECTION('',(1.,0.,0.));
#7984=DIRECTION('',(0.817392870653889,0.576080632380741,0.));
#7985=DIRECTION('',(0.,0.,1.));
#7986=DIRECTION('',(1.,0.,0.));
#7987=DIRECTION('',(-0.945164072240137,0.326595891808885,0.));
#7988=DIRECTION('',(0.,0.,1.));
#7989=DIRECTION('',(1.,0.,0.));
#7990=DIRECTION('',(0.192891955882658,-0.981220002525307,0.));
#7991=DIRECTION('',(0.,0.,1.));
#7992=DIRECTION('',(1.,0.,0.));
#7993=DIRECTION('',(-1.45173772218804E-9,-1.,0.));
#7994=DIRECTION('',(0.,0.,1.));
#7995=DIRECTION('',(1.,0.,0.));
#7996=DIRECTION('',(-0.829138119984132,-0.559043806860588,0.));
#7997=DIRECTION('',(0.,0.,1.));
#7998=DIRECTION('',(1.,0.,0.));
#7999=DIRECTION('',(0.,-1.,0.));
#8000=DIRECTION('',(0.,0.,1.));
#8001=DIRECTION('',(1.,0.,0.));
#8002=DIRECTION('',(0.829138085198161,-0.55904385845292,0.));
#8003=DIRECTION('',(0.,0.,1.));
#8004=DIRECTION('',(1.,0.,0.));
#8005=DIRECTION('',(0.945627257934247,0.325252346727517,0.));
#8006=DIRECTION('',(0.,0.,1.));
#8007=DIRECTION('',(1.,0.,0.));
#8008=DIRECTION('',(0.755739065226018,-0.654872861929172,0.));
#8009=DIRECTION('',(0.,0.,1.));
#8010=DIRECTION('',(1.,0.,0.));
#8011=DIRECTION('',(-1.6513726523913E-9,-1.,0.));
#8012=DIRECTION('',(0.,0.,1.));
#8013=DIRECTION('',(1.,0.,0.));
#8014=DIRECTION('',(0.447833419416235,-0.894117010493572,0.));
#8015=DIRECTION('',(0.,0.,1.));
#8016=DIRECTION('',(1.,0.,0.));
#8017=DIRECTION('',(-0.161618272952713,-0.98685334971706,0.));
#8018=DIRECTION('',(0.,0.,1.));
#8019=DIRECTION('',(1.,0.,0.));
#8020=DIRECTION('',(0.806210979562206,-0.591628140332547,0.));
#8021=DIRECTION('',(0.,0.,1.));
#8022=DIRECTION('',(1.,0.,0.));
#8023=DIRECTION('',(0.,0.,1.));
#8024=DIRECTION('',(1.,0.,0.));
#8025=DIRECTION('',(0.,0.,1.));
#8026=DIRECTION('',(1.,0.,0.));
#8027=DIRECTION('',(0.602469045465378,0.79814224876023,0.));
#8028=DIRECTION('',(0.,0.,1.));
#8029=DIRECTION('',(1.,0.,0.));
#8030=DIRECTION('',(0.973048715308653,-0.230599647953286,0.));
#8031=DIRECTION('',(0.,0.,1.));
#8032=DIRECTION('',(1.,0.,0.));
#8033=DIRECTION('',(0.,0.,1.));
#8034=DIRECTION('',(1.,0.,0.));
#8035=DIRECTION('',(0.,0.,1.));
#8036=DIRECTION('',(1.,0.,0.));
#8037=DIRECTION('',(-1.45173775149005E-9,-1.,0.));
#8038=DIRECTION('',(0.,0.,1.));
#8039=DIRECTION('',(1.,0.,0.));
#8040=DIRECTION('',(0.700421510863174,0.713729435514712,0.));
#8041=DIRECTION('',(0.,0.,1.));
#8042=DIRECTION('',(1.,0.,0.));
#8043=DIRECTION('',(0.,0.,1.));
#8044=DIRECTION('',(1.,0.,0.));
#8045=DIRECTION('',(0.,0.,1.));
#8046=DIRECTION('',(1.,0.,0.));
#8047=DIRECTION('',(0.998179452722323,0.0603140129900544,0.));
#8048=DIRECTION('',(0.,0.,1.));
#8049=DIRECTION('',(1.,0.,0.));
#8050=DIRECTION('',(0.669580158274258,-0.742739800768358,0.));
#8051=DIRECTION('',(0.,0.,1.));
#8052=DIRECTION('',(1.,0.,0.));
#8053=DIRECTION('',(0.,0.,1.));
#8054=DIRECTION('',(1.,0.,0.));
#8055=DIRECTION('',(0.,0.,1.));
#8056=DIRECTION('',(1.,0.,0.));
#8057=DIRECTION('',(-0.630796120948897,-0.775948615435214,0.));
#8058=DIRECTION('',(0.,0.,1.));
#8059=DIRECTION('',(1.,0.,0.));
#8060=DIRECTION('',(0.806210979562206,-0.591628140332548,0.));
#8061=DIRECTION('',(0.,0.,1.));
#8062=DIRECTION('',(1.,0.,0.));
#8063=DIRECTION('',(-0.52813351715609,-0.84916134394845,0.));
#8064=DIRECTION('',(0.,0.,1.));
#8065=DIRECTION('',(1.,0.,0.));
#8066=DIRECTION('',(0.998179452722323,0.0603140129900545,0.));
#8067=DIRECTION('',(0.,0.,1.));
#8068=DIRECTION('',(1.,0.,0.));
#8069=DIRECTION('',(0.602469045465379,0.798142248760229,0.));
#8070=DIRECTION('',(0.,0.,1.));
#8071=DIRECTION('',(1.,0.,0.));
#8072=DIRECTION('',(0.,0.,1.));
#8073=DIRECTION('',(1.,0.,0.));
#8074=DIRECTION('',(0.,0.,1.));
#8075=DIRECTION('',(1.,0.,0.));
#8076=DIRECTION('',(0.700421510863174,0.713729435514712,0.));
#8077=DIRECTION('',(0.,0.,1.));
#8078=DIRECTION('',(1.,0.,0.));
#8079=DIRECTION('',(0.997528612130675,-0.0702614259793323,0.));
#8080=DIRECTION('',(0.,0.,1.));
#8081=DIRECTION('',(1.,0.,0.));
#8082=DIRECTION('',(0.561052455714539,-0.827780249786552,0.));
#8083=DIRECTION('',(0.,0.,1.));
#8084=DIRECTION('',(1.,0.,0.));
#8085=DIRECTION('',(0.755739065226018,-0.654872861929172,0.));
#8086=DIRECTION('',(0.,0.,1.));
#8087=DIRECTION('',(1.,0.,0.));
#8088=DIRECTION('',(0.867017288813208,0.498278055807191,0.));
#8089=DIRECTION('',(0.,0.,1.));
#8090=DIRECTION('',(1.,0.,0.));
#8091=DIRECTION('',(0.985667000512847,-0.16870259067367,0.));
#8092=DIRECTION('',(0.,0.,1.));
#8093=DIRECTION('',(1.,0.,0.));
#8094=DIRECTION('',(0.,0.,1.));
#8095=DIRECTION('',(1.,0.,0.));
#8096=DIRECTION('',(0.,0.,1.));
#8097=DIRECTION('',(1.,0.,0.));
#8098=DIRECTION('',(0.867017288813208,0.498278055807191,0.));
#8099=DIRECTION('',(0.,0.,1.));
#8100=DIRECTION('',(1.,0.,0.));
#8101=DIRECTION('',(0.997528612130675,-0.0702614259793322,0.));
#8102=DIRECTION('',(0.,0.,1.));
#8103=DIRECTION('',(1.,0.,0.));
#8104=DIRECTION('',(-0.488366838206014,0.872638431047282,0.));
#8105=DIRECTION('',(0.,0.,1.));
#8106=DIRECTION('',(1.,0.,0.));
#8107=DIRECTION('',(0.861354382547197,0.508004554769677,0.));
#8108=DIRECTION('',(0.,0.,1.));
#8109=DIRECTION('',(1.,0.,0.));
#8110=DIRECTION('',(0.,0.,1.));
#8111=DIRECTION('',(1.,0.,0.));
#8112=DIRECTION('',(0.,0.,1.));
#8113=DIRECTION('',(1.,0.,0.));
#8114=DIRECTION('',(-0.877628093506459,0.479342184131773,0.));
#8115=DIRECTION('',(0.,0.,1.));
#8116=DIRECTION('',(1.,0.,0.));
#8117=DIRECTION('',(-0.161618272952712,-0.98685334971706,0.));
#8118=DIRECTION('',(0.,0.,1.));
#8119=DIRECTION('',(1.,0.,0.));
#8120=DIRECTION('',(0.,0.,1.));
#8121=DIRECTION('',(1.,0.,0.));
#8122=DIRECTION('',(0.707106782213083,0.707106780160012,0.));
#8123=DIRECTION('',(0.,0.,1.));
#8124=DIRECTION('',(1.,0.,0.));
#8125=DIRECTION('',(0.836445400940886,-0.548050263429223,0.));
#8126=DIRECTION('',(0.,0.,1.));
#8127=DIRECTION('',(1.,0.,0.));
#8128=DIRECTION('',(0.,0.,1.));
#8129=DIRECTION('',(1.,0.,0.));
#8130=DIRECTION('',(0.,0.,1.));
#8131=DIRECTION('',(1.,0.,0.));
#8132=DIRECTION('',(0.98141402119421,0.191902368415326,0.));
#8133=DIRECTION('',(0.,0.,1.));
#8134=DIRECTION('',(1.,0.,0.));
#8135=DIRECTION('',(-0.682432197536844,0.730948900926073,0.));
#8136=DIRECTION('',(0.,0.,1.));
#8137=DIRECTION('',(1.,0.,0.));
#8138=DIRECTION('',(0.,0.,1.));
#8139=DIRECTION('',(1.,0.,0.));
#8140=DIRECTION('',(0.,0.,1.));
#8141=DIRECTION('',(1.,0.,0.));
#8142=DIRECTION('',(-0.993561481016997,-0.113294233919082,0.));
#8143=DIRECTION('',(0.,0.,1.));
#8144=DIRECTION('',(1.,0.,0.));
#8145=DIRECTION('',(0.,0.,1.));
#8146=DIRECTION('',(1.,0.,0.));
#8147=DIRECTION('',(0.688845545859282,-0.724908141732336,0.));
#8148=DIRECTION('',(0.,0.,1.));
#8149=DIRECTION('',(1.,0.,0.));
#8150=DIRECTION('',(-1.65137263441709E-9,-1.,0.));
#8151=DIRECTION('',(0.,0.,1.));
#8152=DIRECTION('',(1.,0.,0.));
#8153=DIRECTION('',(0.861354382547197,0.508004554769677,0.));
#8154=DIRECTION('',(0.,0.,1.));
#8155=DIRECTION('',(1.,0.,0.));
#8156=DIRECTION('',(0.,0.,1.));
#8157=DIRECTION('',(1.,0.,0.));
#8158=DIRECTION('',(0.,0.,1.));
#8159=DIRECTION('',(1.,0.,0.));
#8160=DIRECTION('',(0.,0.,1.));
#8161=DIRECTION('',(1.,0.,0.));
#8162=DIRECTION('',(0.,0.,1.));
#8163=DIRECTION('',(1.,0.,0.));
#8164=DIRECTION('',(0.,0.,1.));
#8165=DIRECTION('',(1.,0.,0.));
#8166=DIRECTION('',(-1.,0.,0.));
#8167=DIRECTION('',(-2.83276944882399E-16,-7.03190199962828E-25,1.));
#8168=DIRECTION('',(4.36469158329437E-9,-1.,0.));
#8169=DIRECTION('',(-1.,0.,0.));
#8170=DIRECTION('',(-3.21624529935327E-16,0.,1.));
#8171=DIRECTION('',(0.,1.,0.));
#8172=DIRECTION('',(1.,2.29147948692499E-9,0.));
#8173=DIRECTION('',(0.,0.,1.));
#8174=DIRECTION('',(1.,0.,0.));
#8175=DIRECTION('',(0.,0.,1.));
#8176=DIRECTION('',(1.,0.,0.));
#8177=DIRECTION('',(-0.715125380015597,-0.698996202319832,0.));
#8178=DIRECTION('',(0.,0.,1.));
#8179=DIRECTION('',(1.,0.,0.));
#8180=DIRECTION('',(0.,0.,1.));
#8181=DIRECTION('',(1.,0.,0.));
#8182=DIRECTION('',(0.817392870653889,0.576080632380742,0.));
#8183=DIRECTION('',(0.,0.,1.));
#8184=DIRECTION('',(1.,0.,0.));
#8185=DIRECTION('',(0.985667000512847,-0.16870259067367,0.));
#8186=DIRECTION('',(0.,0.,1.));
#8187=DIRECTION('',(1.,0.,0.));
#8188=DIRECTION('',(0.,0.,1.));
#8189=DIRECTION('',(1.,0.,0.));
#8190=DIRECTION('',(0.,0.,1.));
#8191=DIRECTION('',(1.,0.,0.));
#8192=DIRECTION('',(0.,0.,1.));
#8193=DIRECTION('',(1.,0.,0.));
#8194=DIRECTION('',(0.,0.,-1.));
#8195=DIRECTION('',(-1.,0.,0.));
#8196=DIRECTION('',(0.,0.,-1.));
#8197=DIRECTION('',(-1.,0.,0.));
#8198=DIRECTION('',(0.,0.,-1.));
#8199=DIRECTION('',(-1.,0.,0.));
#8200=DIRECTION('',(0.,0.,1.));
#8201=DIRECTION('',(1.,0.,0.));
#8202=DIRECTION('',(-5.47382212626882E-47,5.82867087928207E-16,1.));
#8203=DIRECTION('',(0.,-1.,5.82867087928207E-16));
#8204=DIRECTION('',(0.,0.,-1.));
#8205=DIRECTION('',(-1.,0.,0.));
#8206=DIRECTION('',(0.,0.,1.));
#8207=DIRECTION('',(1.,0.,0.));
#8208=DIRECTION('',(0.,0.,1.));
#8209=DIRECTION('',(1.,0.,0.));
#8210=DIRECTION('',(0.,0.,1.));
#8211=DIRECTION('',(1.,0.,0.));
#8212=DIRECTION('',(0.,0.,-1.));
#8213=DIRECTION('',(-1.,0.,0.));
#8214=DIRECTION('',(0.,0.,1.));
#8215=DIRECTION('',(0.,0.,-1.));
#8216=DIRECTION('',(0.,0.,1.));
#8217=DIRECTION('',(1.,0.,0.));
#8218=DIRECTION('',(0.,-1.,0.));
#8219=DIRECTION('',(0.,0.,-1.));
#8220=DIRECTION('',(0.,0.,-1.));
#8221=DIRECTION('',(0.,1.,0.));
#8222=DIRECTION('',(0.,0.,1.));
#8223=DIRECTION('',(0.0871557427476577,0.,0.996194698091746));
#8224=DIRECTION('',(0.996194698091746,0.,-0.0871557427476585));
#8225=DIRECTION('',(1.,0.,0.));
#8226=DIRECTION('',(0.,-1.,0.));
#8227=DIRECTION('',(0.,0.,-1.));
#8228=DIRECTION('',(1.,0.,0.));
#8229=DIRECTION('',(0.996194698091746,0.,-0.0871557427476585));
#8230=DIRECTION('',(0.996194698110233,0.,-0.0871557425363456));
#8231=DIRECTION('',(0.0871557426241104,0.,0.996194698102555));
#8232=DIRECTION('',(0.,1.,0.));
#8233=DIRECTION('',(0.,0.,1.));
#8234=DIRECTION('',(0.,0.,1.));
#8235=DIRECTION('',(0.,0.,1.));
#8236=DIRECTION('',(1.,0.,0.));
#8237=DIRECTION('',(0.,0.,1.));
#8238=DIRECTION('',(1.,0.,0.));
#8239=DIRECTION('',(0.,0.,1.));
#8240=DIRECTION('',(1.,0.,0.));
#8241=DIRECTION('',(0.,0.,1.));
#8242=DIRECTION('',(1.,0.,0.));
#8243=DIRECTION('',(0.985667000512847,-0.16870259067367,0.));
#8244=DIRECTION('',(0.,0.,1.));
#8245=DIRECTION('',(1.,0.,0.));
#8246=DIRECTION('',(0.817392870653889,0.576080632380742,0.));
#8247=DIRECTION('',(0.,0.,1.));
#8248=DIRECTION('',(1.,0.,0.));
#8249=DIRECTION('',(0.,0.,1.));
#8250=DIRECTION('',(1.,0.,0.));
#8251=DIRECTION('',(-0.715125380015597,-0.698996202319832,0.));
#8252=DIRECTION('',(0.,0.,1.));
#8253=DIRECTION('',(1.,0.,0.));
#8254=DIRECTION('',(0.,0.,1.));
#8255=DIRECTION('',(1.,0.,0.));
#8256=DIRECTION('',(0.,0.,1.));
#8257=DIRECTION('',(1.,0.,0.));
#8258=DIRECTION('',(-0.715125380015597,-0.698996202319832,0.));
#8259=DIRECTION('',(0.,0.,1.));
#8260=DIRECTION('',(1.,0.,0.));
#8261=DIRECTION('',(-0.945164072240137,0.326595891808885,0.));
#8262=DIRECTION('',(0.,0.,1.));
#8263=DIRECTION('',(1.,0.,0.));
#8264=DIRECTION('',(0.,0.,1.));
#8265=DIRECTION('',(1.,0.,0.));
#8266=DIRECTION('',(0.,0.,1.));
#8267=DIRECTION('',(1.,0.,0.));
#8268=DIRECTION('',(0.669580158274258,-0.742739800768358,0.));
#8269=DIRECTION('',(0.,0.,1.));
#8270=DIRECTION('',(1.,0.,0.));
#8271=DIRECTION('',(0.969051168815101,-0.246859944539586,0.));
#8272=DIRECTION('',(0.,0.,1.));
#8273=DIRECTION('',(1.,0.,0.));
#8274=DIRECTION('',(0.,0.,1.));
#8275=DIRECTION('',(1.,0.,0.));
#8276=DIRECTION('',(0.,0.,1.));
#8277=DIRECTION('',(1.,0.,0.));
#8278=DIRECTION('',(0.969051168815101,-0.246859944539586,0.));
#8279=DIRECTION('',(0.,0.,1.));
#8280=DIRECTION('',(1.,0.,0.));
#8281=DIRECTION('',(0.,0.,1.));
#8282=DIRECTION('',(1.,0.,0.));
#8283=DIRECTION('',(0.,0.,1.));
#8284=DIRECTION('',(1.,0.,0.));
#8285=DIRECTION('',(-0.630796120948897,-0.775948615435214,0.));
#8286=DIRECTION('',(0.,0.,1.));
#8287=DIRECTION('',(1.,0.,0.));
#8288=DIRECTION('',(0.,0.,1.));
#8289=DIRECTION('',(1.,0.,0.));
#8290=DIRECTION('',(0.,0.,1.));
#8291=DIRECTION('',(1.,0.,0.));
#8292=DIRECTION('',(0.447833419416236,-0.894117010493572,0.));
#8293=DIRECTION('',(0.,0.,1.));
#8294=DIRECTION('',(1.,0.,0.));
#8295=DIRECTION('',(0.,0.,1.));
#8296=DIRECTION('',(1.,0.,0.));
#8297=DIRECTION('',(0.,0.,1.));
#8298=DIRECTION('',(1.,0.,0.));
#8299=DIRECTION('',(-0.458697228134935,-0.88859262482947,0.));
#8300=DIRECTION('',(0.,0.,1.));
#8301=DIRECTION('',(1.,0.,0.));
#8302=DIRECTION('',(0.,0.,1.));
#8303=DIRECTION('',(1.,0.,0.));
#8304=DIRECTION('',(1.,-8.9166746033965E-10,0.));
#8305=DIRECTION('',(0.,0.,1.));
#8306=DIRECTION('',(1.,0.,0.));
#8307=DIRECTION('',(0.,0.,1.));
#8308=DIRECTION('',(1.,0.,0.));
#8309=DIRECTION('',(-0.682432197536844,0.730948900926073,0.));
#8310=DIRECTION('',(0.,0.,1.));
#8311=DIRECTION('',(1.,0.,0.));
#8312=DIRECTION('',(0.,0.,1.));
#8313=DIRECTION('',(1.,0.,0.));
#8314=DIRECTION('',(0.,0.,1.));
#8315=DIRECTION('',(1.,0.,0.));
#8316=DIRECTION('',(-0.993561481016997,-0.113294233919082,0.));
#8317=DIRECTION('',(0.,0.,1.));
#8318=DIRECTION('',(1.,0.,0.));
#8319=DIRECTION('',(0.,0.,1.));
#8320=DIRECTION('',(1.,0.,0.));
#8321=DIRECTION('',(0.707106782213083,0.707106780160012,0.));
#8322=DIRECTION('',(0.,0.,1.));
#8323=DIRECTION('',(1.,0.,0.));
#8324=DIRECTION('',(-0.974336172500454,0.225097807535225,0.));
#8325=DIRECTION('',(0.,0.,1.));
#8326=DIRECTION('',(1.,0.,0.));
#8327=DIRECTION('',(0.,0.,1.));
#8328=DIRECTION('',(1.,0.,0.));
#8329=DIRECTION('',(0.,0.,1.));
#8330=DIRECTION('',(1.,0.,0.));
#8331=DIRECTION('',(0.973048715308653,-0.230599647953286,0.));
#8332=DIRECTION('',(0.,0.,1.));
#8333=DIRECTION('',(1.,0.,0.));
#8334=DIRECTION('',(0.,0.,1.));
#8335=DIRECTION('',(1.,0.,0.));
#8336=DIRECTION('',(0.,0.,1.));
#8337=DIRECTION('',(1.,0.,0.));
#8338=DIRECTION('',(-0.829138119984132,-0.559043806860588,0.));
#8339=DIRECTION('',(0.,0.,-1.));
#8340=DIRECTION('',(1.,0.,0.));
#8341=DIRECTION('',(0.,0.,1.));
#8342=DIRECTION('',(1.,0.,0.));
#8343=DIRECTION('',(0.,1.,0.));
#8344=DIRECTION('',(0.,0.,1.));
#8345=DIRECTION('',(1.,0.,0.));
#8346=DIRECTION('',(0.,0.,-1.));
#8347=DIRECTION('',(1.,0.,0.));
#8348=DIRECTION('',(0.829138085198161,-0.55904385845292,0.));
#8349=DIRECTION('',(0.,0.,1.));
#8350=DIRECTION('',(1.,0.,0.));
#8351=DIRECTION('',(0.,0.,1.));
#8352=DIRECTION('',(1.,0.,0.));
#8353=DIRECTION('',(0.,0.,1.));
#8354=DIRECTION('',(1.,0.,0.));
#8355=DIRECTION('',(-0.488366838206013,0.872638431047282,0.));
#8356=DIRECTION('',(0.,0.,1.));
#8357=DIRECTION('',(1.,0.,0.));
#8358=DIRECTION('',(0.,0.,1.));
#8359=DIRECTION('',(1.,0.,0.));
#8360=DIRECTION('',(0.,0.,1.));
#8361=DIRECTION('',(1.,0.,0.));
#8362=DIRECTION('',(0.,0.,1.));
#8363=DIRECTION('',(1.,0.,0.));
#8364=DIRECTION('',(-1.,0.,0.));
#8365=DIRECTION('',(0.,0.,-1.));
#8366=DIRECTION('',(-1.,0.,0.));
#8367=DIRECTION('',(1.,-8.91667258826259E-10,0.));
#8368=DIRECTION('',(0.,0.,1.));
#8369=DIRECTION('',(1.,0.,0.));
#8370=DIRECTION('',(0.,0.,1.));
#8371=DIRECTION('',(1.,0.,0.));
#8372=DIRECTION('',(0.,0.,1.));
#8373=DIRECTION('',(1.,0.,0.));
#8374=DIRECTION('',(1.,-8.91667258826259E-10,0.));
#8375=DIRECTION('',(0.,0.,1.));
#8376=DIRECTION('',(1.,0.,0.));
#8377=DIRECTION('',(0.,0.,1.));
#8378=DIRECTION('',(1.,0.,0.));
#8379=DIRECTION('',(0.,0.,1.));
#8380=DIRECTION('',(1.,0.,0.));
#8381=DIRECTION('',(0.,0.,1.));
#8382=DIRECTION('',(1.,0.,0.));
#8383=DIRECTION('',(0.,0.,1.));
#8384=DIRECTION('',(1.,0.,0.));
#8385=DIRECTION('',(0.,0.,1.));
#8386=DIRECTION('',(1.,0.,0.));
#8387=DIRECTION('',(0.,0.,1.));
#8388=DIRECTION('',(1.,0.,0.));
#8389=DIRECTION('',(0.,0.,1.));
#8390=DIRECTION('',(1.,0.,0.));
#8391=DIRECTION('',(0.,0.,1.));
#8392=DIRECTION('',(1.,0.,0.));
#8393=DIRECTION('',(0.,0.,1.));
#8394=DIRECTION('',(1.,0.,0.));
#8395=DIRECTION('',(0.,0.,-1.));
#8396=DIRECTION('',(-1.,0.,0.));
#8397=DIRECTION('',(0.,0.,-1.));
#8398=DIRECTION('',(-1.,0.,0.));
#8399=DIRECTION('',(-0.707106782213084,-0.707106780160011,0.));
#8400=DIRECTION('',(0.,0.,-1.));
#8401=DIRECTION('',(-1.,0.,0.));
#8402=DIRECTION('',(0.,0.,-1.));
#8403=DIRECTION('',(-1.,0.,0.));
#8404=DIRECTION('',(0.,0.,-1.));
#8405=DIRECTION('',(-1.,0.,0.));
#8406=DIRECTION('',(-0.707106782213084,-0.707106780160011,0.));
#8407=DIRECTION('',(0.,0.,-1.));
#8408=DIRECTION('',(-1.,0.,0.));
#8409=DIRECTION('',(-6.12323404942065E-17,-5.55111512312578E-16,-1.));
#8410=DIRECTION('',(0.,1.,-5.55111512312578E-16));
#8411=DIRECTION('',(5.47382212626882E-47,-5.82867087928207E-16,-1.));
#8412=DIRECTION('',(0.,1.,-5.82867087928207E-16));
#8413=DIRECTION('',(1.09568983619763E-18,7.54743493333139E-10,-1.));
#8414=DIRECTION('',(0.,1.,7.54743493333139E-10));
#8415=DIRECTION('',(0.,0.,-1.));
#8416=DIRECTION('',(-1.,0.,0.));
#8417=DIRECTION('',(1.61465255164906E-11,4.59180155697464E-11,-1.));
#8418=DIRECTION('',(0.,1.,4.59180155697464E-11));
#8419=DIRECTION('',(0.602469045465378,0.79814224876023,0.));
#8420=DIRECTION('',(0.,0.,1.));
#8421=DIRECTION('',(1.,0.,0.));
#8422=DIRECTION('',(0.,0.,1.));
#8423=DIRECTION('',(1.,0.,0.));
#8424=DIRECTION('',(0.,0.,1.));
#8425=DIRECTION('',(1.,0.,0.));
#8426=DIRECTION('',(0.700421510863174,0.713729435514712,0.));
#8427=DIRECTION('',(0.,0.,1.));
#8428=DIRECTION('',(1.,0.,0.));
#8429=DIRECTION('',(-1.45173775149005E-9,-1.,0.));
#8430=DIRECTION('',(0.,0.,1.));
#8431=DIRECTION('',(1.,0.,0.));
#8432=DIRECTION('',(0.,0.,1.));
#8433=DIRECTION('',(1.,0.,0.));
#8434=DIRECTION('',(0.,0.,1.));
#8435=DIRECTION('',(1.,0.,0.));
#8436=DIRECTION('',(0.973048715308653,-0.230599647953286,0.));
#8437=DIRECTION('',(0.,0.,1.));
#8438=DIRECTION('',(1.,0.,0.));
#8439=DIRECTION('',(0.669580158274258,-0.742739800768358,0.));
#8440=DIRECTION('',(0.,0.,1.));
#8441=DIRECTION('',(1.,0.,0.));
#8442=DIRECTION('',(0.998179452722323,0.0603140129900545,0.));
#8443=DIRECTION('',(0.,0.,1.));
#8444=DIRECTION('',(1.,0.,0.));
#8445=DIRECTION('',(-0.630796120948897,-0.775948615435214,0.));
#8446=DIRECTION('',(0.,0.,1.));
#8447=DIRECTION('',(1.,0.,0.));
#8448=DIRECTION('',(0.,0.,1.));
#8449=DIRECTION('',(1.,0.,0.));
#8450=DIRECTION('',(0.,0.,1.));
#8451=DIRECTION('',(1.,0.,0.));
#8452=DIRECTION('',(-0.161618272952713,-0.98685334971706,0.));
#8453=DIRECTION('',(0.,0.,1.));
#8454=DIRECTION('',(1.,0.,0.));
#8455=DIRECTION('',(0.447833419416235,-0.894117010493572,0.));
#8456=DIRECTION('',(0.,0.,1.));
#8457=DIRECTION('',(1.,0.,0.));
#8458=DIRECTION('',(0.806210979562206,-0.591628140332547,0.));
#8459=DIRECTION('',(0.,0.,1.));
#8460=DIRECTION('',(1.,0.,0.));
#8461=DIRECTION('',(-0.52813351715609,-0.84916134394845,0.));
#8462=DIRECTION('',(0.,0.,1.));
#8463=DIRECTION('',(1.,0.,0.));
#8464=DIRECTION('',(0.806210979562206,-0.591628140332548,0.));
#8465=DIRECTION('',(0.,0.,1.));
#8466=DIRECTION('',(1.,0.,0.));
#8467=DIRECTION('',(0.998179452722323,0.0603140129900545,0.));
#8468=DIRECTION('',(0.,0.,1.));
#8469=DIRECTION('',(1.,0.,0.));
#8470=DIRECTION('',(-0.974336172500454,0.225097807535226,0.));
#8471=DIRECTION('',(0.,0.,1.));
#8472=DIRECTION('',(1.,0.,0.));
#8473=DIRECTION('',(0.,0.,1.));
#8474=DIRECTION('',(1.,0.,0.));
#8475=DIRECTION('',(0.,0.,1.));
#8476=DIRECTION('',(1.,0.,0.));
#8477=DIRECTION('',(0.945627257934247,0.325252346727517,0.));
#8478=DIRECTION('',(0.,0.,1.));
#8479=DIRECTION('',(1.,0.,0.));
#8480=DIRECTION('',(0.561052455714538,-0.827780249786552,0.));
#8481=DIRECTION('',(0.,0.,1.));
#8482=DIRECTION('',(1.,0.,0.));
#8483=DIRECTION('',(0.700421510863174,0.713729435514712,0.));
#8484=DIRECTION('',(0.,0.,1.));
#8485=DIRECTION('',(1.,0.,0.));
#8486=DIRECTION('',(0.,0.,1.));
#8487=DIRECTION('',(1.,0.,0.));
#8488=DIRECTION('',(0.,0.,1.));
#8489=DIRECTION('',(1.,0.,0.));
#8490=DIRECTION('',(0.602469045465379,0.798142248760229,0.));
#8491=DIRECTION('',(0.,0.,1.));
#8492=DIRECTION('',(1.,0.,0.));
#8493=DIRECTION('',(0.561052455714539,-0.827780249786552,0.));
#8494=DIRECTION('',(0.,0.,1.));
#8495=DIRECTION('',(1.,0.,0.));
#8496=DIRECTION('',(0.997528612130675,-0.0702614259793323,0.));
#8497=DIRECTION('',(0.,0.,1.));
#8498=DIRECTION('',(1.,0.,0.));
#8499=DIRECTION('',(0.755739065226018,-0.654872861929172,0.));
#8500=DIRECTION('',(0.,0.,1.));
#8501=DIRECTION('',(1.,0.,0.));
#8502=DIRECTION('',(0.945627257934247,0.325252346727517,0.));
#8503=DIRECTION('',(0.,0.,1.));
#8504=DIRECTION('',(1.,0.,0.));
#8505=DIRECTION('',(-1.6513726523913E-9,-1.,0.));
#8506=DIRECTION('',(0.,0.,1.));
#8507=DIRECTION('',(1.,0.,0.));
#8508=DIRECTION('',(0.985667000512847,-0.16870259067367,0.));
#8509=DIRECTION('',(0.,0.,1.));
#8510=DIRECTION('',(1.,0.,0.));
#8511=DIRECTION('',(0.867017288813208,0.498278055807191,0.));
#8512=DIRECTION('',(0.,0.,1.));
#8513=DIRECTION('',(1.,0.,0.));
#8514=DIRECTION('',(0.755739065226018,-0.654872861929172,0.));
#8515=DIRECTION('',(0.,0.,1.));
#8516=DIRECTION('',(1.,0.,0.));
#8517=DIRECTION('',(-0.829138119984132,-0.559043806860588,0.));
#8518=DIRECTION('',(0.,0.,1.));
#8519=DIRECTION('',(1.,0.,0.));
#8520=DIRECTION('',(-1.45173772218804E-9,-1.,0.));
#8521=DIRECTION('',(0.,0.,1.));
#8522=DIRECTION('',(1.,0.,0.));
#8523=DIRECTION('',(0.829138085198161,-0.55904385845292,0.));
#8524=DIRECTION('',(0.,0.,1.));
#8525=DIRECTION('',(1.,0.,0.));
#8526=DIRECTION('',(0.,-1.,0.));
#8527=DIRECTION('',(0.,0.,1.));
#8528=DIRECTION('',(1.,0.,0.));
#8529=DIRECTION('',(0.867017288813208,0.498278055807191,0.));
#8530=DIRECTION('',(0.,0.,1.));
#8531=DIRECTION('',(1.,0.,0.));
#8532=DIRECTION('',(0.,0.,1.));
#8533=DIRECTION('',(1.,0.,0.));
#8534=DIRECTION('',(0.,0.,1.));
#8535=DIRECTION('',(1.,0.,0.));
#8536=DIRECTION('',(-0.488366838206014,0.872638431047282,0.));
#8537=DIRECTION('',(0.,0.,1.));
#8538=DIRECTION('',(1.,0.,0.));
#8539=DIRECTION('',(0.997528612130675,-0.0702614259793322,0.));
#8540=DIRECTION('',(0.,0.,1.));
#8541=DIRECTION('',(1.,0.,0.));
#8542=DIRECTION('',(0.192891955882658,-0.981220002525307,0.));
#8543=DIRECTION('',(0.,0.,1.));
#8544=DIRECTION('',(1.,0.,0.));
#8545=DIRECTION('',(-0.945164072240137,0.326595891808885,0.));
#8546=DIRECTION('',(0.,0.,1.));
#8547=DIRECTION('',(1.,0.,0.));
#8548=DIRECTION('',(0.817392870653889,0.576080632380741,0.));
#8549=DIRECTION('',(0.,0.,1.));
#8550=DIRECTION('',(1.,0.,0.));
#8551=DIRECTION('',(-0.877628093506459,0.479342184131773,0.));
#8552=DIRECTION('',(0.,0.,1.));
#8553=DIRECTION('',(1.,0.,0.));
#8554=DIRECTION('',(0.,0.,1.));
#8555=DIRECTION('',(1.,0.,0.));
#8556=DIRECTION('',(0.,0.,1.));
#8557=DIRECTION('',(1.,0.,0.));
#8558=DIRECTION('',(0.861354382547197,0.508004554769677,0.));
#8559=DIRECTION('',(0.,0.,1.));
#8560=DIRECTION('',(1.,0.,0.));
#8561=DIRECTION('',(0.,0.,1.));
#8562=DIRECTION('',(1.,0.,0.));
#8563=DIRECTION('',(-0.161618272952712,-0.98685334971706,0.));
#8564=DIRECTION('',(0.,0.,1.));
#8565=DIRECTION('',(1.,0.,0.));
#8566=DIRECTION('',(-0.877628093506459,0.479342184131773,0.));
#8567=DIRECTION('',(0.,0.,1.));
#8568=DIRECTION('',(1.,0.,0.));
#8569=DIRECTION('',(-0.528133517156089,-0.849161343948451,0.));
#8570=DIRECTION('',(0.,0.,1.));
#8571=DIRECTION('',(1.,0.,0.));
#8572=DIRECTION('',(0.192891955882658,-0.981220002525307,0.));
#8573=DIRECTION('',(0.,0.,1.));
#8574=DIRECTION('',(1.,0.,0.));
#8575=DIRECTION('',(0.,0.,1.));
#8576=DIRECTION('',(1.,0.,0.));
#8577=DIRECTION('',(0.836445400940886,-0.548050263429223,0.));
#8578=DIRECTION('',(0.,0.,1.));
#8579=DIRECTION('',(1.,0.,0.));
#8580=DIRECTION('',(0.707106782213083,0.707106780160012,0.));
#8581=DIRECTION('',(0.,0.,1.));
#8582=DIRECTION('',(1.,0.,0.));
#8583=DIRECTION('',(0.,0.,1.));
#8584=DIRECTION('',(1.,0.,0.));
#8585=DIRECTION('',(-0.993561481016997,-0.113294233919082,0.));
#8586=DIRECTION('',(0.,0.,1.));
#8587=DIRECTION('',(1.,0.,0.));
#8588=DIRECTION('',(0.,0.,1.));
#8589=DIRECTION('',(1.,0.,0.));
#8590=DIRECTION('',(0.,0.,1.));
#8591=DIRECTION('',(1.,0.,0.));
#8592=DIRECTION('',(-0.682432197536844,0.730948900926073,0.));
#8593=DIRECTION('',(0.,0.,1.));
#8594=DIRECTION('',(1.,0.,0.));
#8595=DIRECTION('',(0.98141402119421,0.191902368415326,0.));
#8596=DIRECTION('',(0.,0.,1.));
#8597=DIRECTION('',(1.,0.,0.));
#8598=DIRECTION('',(0.,0.,1.));
#8599=DIRECTION('',(1.,0.,0.));
#8600=DIRECTION('',(0.,0.,1.));
#8601=DIRECTION('',(1.,0.,0.));
#8602=DIRECTION('',(-1.,8.9166789807043E-10,0.));
#8603=DIRECTION('',(0.,0.,1.));
#8604=DIRECTION('',(1.,0.,0.));
#8605=DIRECTION('',(-0.458697228134935,-0.88859262482947,0.));
#8606=DIRECTION('',(0.,0.,1.));
#8607=DIRECTION('',(1.,0.,0.));
#8608=DIRECTION('',(0.688845545859282,-0.724908141732336,0.));
#8609=DIRECTION('',(0.,0.,1.));
#8610=DIRECTION('',(1.,0.,0.));
#8611=DIRECTION('',(0.98141402119421,0.191902368415326,0.));
#8612=DIRECTION('',(0.,0.,1.));
#8613=DIRECTION('',(1.,0.,0.));
#8614=DIRECTION('',(0.,0.,1.));
#8615=DIRECTION('',(1.,0.,0.));
#8616=DIRECTION('',(-1.65137263441709E-9,-1.,0.));
#8617=DIRECTION('',(0.,0.,1.));
#8618=DIRECTION('',(1.,0.,0.));
#8619=DIRECTION('',(0.688845545859282,-0.724908141732336,0.));
#8620=DIRECTION('',(0.,0.,1.));
#8621=DIRECTION('',(1.,0.,0.));
#8622=DIRECTION('',(0.,0.,1.));
#8623=DIRECTION('',(1.,0.,0.));
#8624=DIRECTION('',(0.,0.,1.));
#8625=DIRECTION('',(1.,0.,0.));
#8626=DIRECTION('',(0.861354382547197,0.508004554769677,0.));
#8627=DIRECTION('',(0.,0.,1.));
#8628=DIRECTION('',(1.,0.,0.));
#8629=DIRECTION('',(0.,-1.,0.));
#8630=DIRECTION('',(0.,0.,-1.));
#8631=DIRECTION('',(2.29147131691812E-9,0.,-1.));
#8632=DIRECTION('',(1.,0.,0.));
#8633=DIRECTION('',(0.,-1.,0.));
#8634=DIRECTION('',(0.,0.,-1.));
#8635=DIRECTION('',(2.29147131691812E-9,0.,-1.));
#8636=DIRECTION('',(1.,0.,0.));
#8637=DIRECTION('',(-2.29148572734088E-9,0.,-1.));
#8638=DIRECTION('',(0.,-1.,0.));
#8639=DIRECTION('',(0.,0.,-1.));
#8640=DIRECTION('',(1.,0.,0.));
#8641=DIRECTION('',(-2.29148569198551E-9,0.,-1.));
#8642=DIRECTION('',(-1.61465255164906E-11,-4.59180155697464E-11,1.));
#8643=DIRECTION('',(0.,-1.,-4.59180155697464E-11));
#8644=DIRECTION('',(-1.61465255164906E-11,-4.59180155697464E-11,1.));
#8645=DIRECTION('',(0.,-1.,-4.59180155697464E-11));
#8646=DIRECTION('',(-1.61465255164906E-11,-4.59180155697464E-11,1.));
#8647=DIRECTION('',(0.,-1.,-4.59180155697464E-11));
#8648=DIRECTION('',(-1.61465255164906E-11,-4.59180155697464E-11,1.));
#8649=DIRECTION('',(0.,-1.,-4.59180155697464E-11));
#8650=DIRECTION('',(0.,0.,1.));
#8651=DIRECTION('',(1.,0.,0.));
#8652=DIRECTION('',(0.,0.,1.));
#8653=DIRECTION('',(1.,0.,0.));
#8654=DIRECTION('',(1.09568983619763E-18,7.54743493333139E-10,-1.));
#8655=DIRECTION('',(0.,1.,7.54743493333139E-10));
#8656=DIRECTION('',(0.,0.,1.));
#8657=DIRECTION('',(1.,0.,0.));
#8658=DIRECTION('',(0.,0.,1.));
#8659=DIRECTION('',(1.,0.,0.));
#8660=DIRECTION('',(0.,0.,1.));
#8661=DIRECTION('',(1.,0.,0.));
#8662=DIRECTION('',(0.,0.,1.));
#8663=DIRECTION('',(1.,0.,0.));
#8664=DIRECTION('',(1.09568983619763E-18,7.54743493333139E-10,-1.));
#8665=DIRECTION('',(0.,1.,7.54743493333139E-10));
#8666=DIRECTION('',(0.,0.,1.));
#8667=DIRECTION('',(1.,0.,0.));
#8668=DIRECTION('',(0.,0.,1.));
#8669=DIRECTION('',(1.,0.,0.));
#8670=DIRECTION('',(0.,0.,-1.));
#8671=DIRECTION('',(-1.,0.,0.));
#8672=DIRECTION('',(0.,0.,1.));
#8673=DIRECTION('',(1.,0.,0.));
#8674=DIRECTION('',(0.,0.,1.));
#8675=DIRECTION('',(1.,0.,0.));
#8676=DIRECTION('',(-6.12323404942065E-17,-5.55111512312578E-16,-1.));
#8677=DIRECTION('',(0.,1.,-5.55111512312578E-16));
#8678=DIRECTION('',(0.,0.,1.));
#8679=DIRECTION('',(1.,0.,0.));
#8680=DIRECTION('',(0.,0.,1.));
#8681=DIRECTION('',(0.,0.,-1.));
#8682=DIRECTION('',(-1.,0.,0.));
#8683=DIRECTION('',(0.,0.,1.));
#8684=DIRECTION('',(-0.707106780160011,0.707106782213084,0.));
#8685=DIRECTION('',(-0.707106782213084,-0.707106780160011,0.));
#8686=DIRECTION('',(0.,0.,1.));
#8687=DIRECTION('',(-0.707106782213084,-0.707106780160011,0.));
#8688=DIRECTION('',(0.,0.,1.));
#8689=DIRECTION('',(0.,0.,1.));
#8690=DIRECTION('',(1.,0.,0.));
#8691=DIRECTION('',(0.,0.,-1.));
#8692=DIRECTION('',(-1.,0.,0.));
#8693=DIRECTION('',(0.,0.,1.));
#8694=DIRECTION('',(0.,0.,1.));
#8695=DIRECTION('',(0.,0.,1.));
#8696=DIRECTION('',(1.,0.,0.));
#8697=DIRECTION('',(0.,0.,1.));
#8698=DIRECTION('',(-1.,0.,0.));
#8699=DIRECTION('',(-0.707106780160011,0.707106782213084,0.));
#8700=DIRECTION('',(-0.707106782213084,-0.707106780160011,0.));
#8701=DIRECTION('',(0.,0.,-1.));
#8702=DIRECTION('',(-0.707106782213084,-0.707106780160011,0.));
#8703=DIRECTION('',(0.,0.,-1.));
#8704=DIRECTION('',(0.,0.,1.));
#8705=DIRECTION('',(1.,0.,0.));
#8706=DIRECTION('',(0.,0.,-1.));
#8707=DIRECTION('',(-1.,0.,0.));
#8708=DIRECTION('',(0.,0.,-1.));
#8709=DIRECTION('',(1.,0.,0.));
#8710=DIRECTION('',(0.,0.,-1.));
#8711=DIRECTION('',(-1.,0.,0.));
#8712=DIRECTION('',(0.,0.,-1.));
#8713=DIRECTION('',(-1.,0.,0.));
#8714=DIRECTION('',(0.,0.,-1.));
#8715=DIRECTION('',(-1.,0.,0.));
#8716=DIRECTION('',(0.,0.,-1.));
#8717=DIRECTION('',(-1.,0.,0.));
#8718=DIRECTION('',(0.,0.,1.));
#8719=DIRECTION('',(1.,0.,0.));
#8720=DIRECTION('',(0.,0.,1.));
#8721=DIRECTION('',(1.,0.,0.));
#8722=DIRECTION('',(0.,0.,1.));
#8723=DIRECTION('',(1.,0.,0.));
#8724=DIRECTION('',(0.,0.,1.));
#8725=DIRECTION('',(1.,0.,0.));
#8726=DIRECTION('',(-1.03685525752221E-16,1.50524222127913E-25,1.));
#8727=DIRECTION('',(1.,0.,1.03685525752221E-16));
#8728=DIRECTION('',(-1.03685525752221E-16,1.50524222127913E-25,1.));
#8729=DIRECTION('',(1.,0.,1.03685525752221E-16));
#8730=DIRECTION('',(0.0871557427476581,-1.26527293570507E-10,0.996194698091746));
#8731=DIRECTION('',(0.996194698091746,0.,-0.0871557427476581));
#8732=DIRECTION('',(-0.0871557427476581,1.26527293570507E-10,-0.996194698091746));
#8733=DIRECTION('',(0.996194698091746,5.52430094095043E-12,-0.0871557427476581));
#8734=DIRECTION('',(-0.0871557427476581,1.26527293570507E-10,-0.996194698091746));
#8735=DIRECTION('',(0.996194698091746,5.52430094095043E-12,-0.0871557427476581));
#8736=DIRECTION('',(0.0871557427476581,-1.26527293570507E-10,0.996194698091746));
#8737=DIRECTION('',(0.996194698091746,0.,-0.0871557427476581));
#8738=DIRECTION('',(-0.0871557427476581,1.26527293570507E-10,-0.996194698091746));
#8739=DIRECTION('',(-0.996194698091746,0.,0.0871557427476581));
#8740=DIRECTION('',(-0.0871557427476581,1.26527293570507E-10,-0.996194698091746));
#8741=DIRECTION('',(-0.996194698091746,0.,0.0871557427476581));
#8742=DIRECTION('',(0.,0.,-1.));
#8743=DIRECTION('',(1.,0.,0.));
#8744=DIRECTION('',(0.,0.,-1.));
#8745=DIRECTION('',(-1.,0.,0.));
#8746=DIRECTION('',(0.,0.,1.));
#8747=DIRECTION('',(1.,0.,0.));
#8748=DIRECTION('',(0.,0.,-1.));
#8749=DIRECTION('',(-1.,0.,0.));
#8750=DIRECTION('',(0.,0.,-1.));
#8751=DIRECTION('',(1.,0.,0.));
#8752=DIRECTION('',(0.,0.,-1.));
#8753=DIRECTION('',(-1.,0.,0.));
#8754=DIRECTION('',(0.,0.,1.));
#8755=DIRECTION('',(1.,0.,0.));
#8756=DIRECTION('',(0.,0.,-1.));
#8757=DIRECTION('',(-1.,0.,0.));
#8758=DIRECTION('',(0.,0.,1.));
#8759=DIRECTION('',(1.,0.,0.));
#8760=DIRECTION('',(-6.12323399573677E-17,-1.5199959670805E-25,1.));
#8761=DIRECTION('',(4.36469158329437E-9,-1.,0.));
#8762=DIRECTION('',(0.,0.,1.));
#8763=DIRECTION('',(1.,0.,0.));
#8764=DIRECTION('',(-2.48233900411579E-9,1.,0.));
#8765=DIRECTION('',(-1.,-2.48233900411579E-9,0.));
#8766=DIRECTION('',(-2.48233900411579E-9,1.,0.));
#8767=DIRECTION('',(-2.25219550676684E-8,1.,0.));
#8768=DIRECTION('',(-1.,-2.25219550676684E-8,0.));
#8769=DIRECTION('',(2.25219550676684E-8,-1.,0.));
#8770=DIRECTION('',(0.,0.,-1.));
#8771=DIRECTION('',(-1.,0.,0.));
#8772=DIRECTION('',(0.,0.,1.));
#8773=DIRECTION('',(1.,0.,0.));
#8774=DIRECTION('',(0.,0.,1.));
#8775=DIRECTION('',(1.,0.,0.));
#8776=DIRECTION('',(0.,0.,1.));
#8777=DIRECTION('',(1.,0.,0.));
#8778=DIRECTION('',(0.,0.,1.));
#8779=DIRECTION('',(1.,0.,0.));
#8780=DIRECTION('',(0.,0.,1.));
#8781=DIRECTION('',(1.,0.,0.));
#8782=DIRECTION('',(0.,0.,1.));
#8783=DIRECTION('',(1.,0.,0.));
#8784=DIRECTION('',(0.,0.,-1.));
#8785=DIRECTION('',(-1.,0.,0.));
#8786=DIRECTION('',(0.,0.,1.));
#8787=DIRECTION('',(1.,0.,0.));
#8788=DIRECTION('',(0.,0.,1.));
#8789=DIRECTION('',(1.,0.,0.));
#8790=DIRECTION('',(0.,0.,1.));
#8791=DIRECTION('',(1.,0.,0.));
#8792=DIRECTION('',(0.,0.,-1.));
#8793=DIRECTION('',(-1.,0.,0.));
#8794=DIRECTION('',(0.,0.,1.));
#8795=DIRECTION('',(1.,0.,0.));
#8796=DIRECTION('',(0.,0.,1.));
#8797=DIRECTION('',(1.,0.,0.));
#8798=DIRECTION('',(0.,0.,1.));
#8799=DIRECTION('',(1.,0.,0.));
#8800=DIRECTION('',(0.,0.,-1.));
#8801=DIRECTION('',(-1.,0.,0.));
#8802=DIRECTION('',(0.,0.,1.));
#8803=DIRECTION('',(1.,0.,0.));
#8804=DIRECTION('',(0.,0.,1.));
#8805=DIRECTION('',(1.,0.,0.));
#8806=DIRECTION('',(0.,0.,1.));
#8807=DIRECTION('',(1.,0.,0.));
#8808=DIRECTION('',(0.,0.,-1.));
#8809=DIRECTION('',(-1.,0.,0.));
#8810=DIRECTION('',(0.,0.,-1.));
#8811=DIRECTION('',(-1.,0.,0.));
#8812=DIRECTION('',(0.,0.,1.));
#8813=DIRECTION('',(1.,0.,0.));
#8814=DIRECTION('',(0.,0.,-1.));
#8815=DIRECTION('',(0.,0.,1.));
#8816=DIRECTION('',(0.,0.,-1.));
#8817=DIRECTION('',(-1.,0.,0.));
#8818=DIRECTION('',(0.,0.,1.));
#8819=DIRECTION('',(1.,0.,0.));
#8820=DIRECTION('',(0.,0.,1.));
#8821=DIRECTION('',(0.,0.,-1.));
#8822=DIRECTION('',(0.,0.,-1.));
#8823=DIRECTION('',(-1.,0.,0.));
#8824=DIRECTION('',(0.,0.,1.));
#8825=DIRECTION('',(1.,0.,0.));
#8826=DIRECTION('',(0.,0.,-1.));
#8827=DIRECTION('',(0.,0.,-1.));
#8828=DIRECTION('',(0.,0.,-1.));
#8829=DIRECTION('',(-1.,0.,0.));
#8830=DIRECTION('',(0.,0.,1.));
#8831=DIRECTION('',(1.,0.,0.));
#8832=DIRECTION('',(0.,0.,-1.));
#8833=DIRECTION('',(0.,0.,-1.));
#8834=DIRECTION('',(0.,0.,1.));
#8835=DIRECTION('',(1.,0.,0.));
#8836=DIRECTION('',(1.,-8.91667258826259E-10,0.));
#8837=DIRECTION('',(0.,0.,1.));
#8838=DIRECTION('',(1.,0.,0.));
#8839=DIRECTION('',(1.,-8.91667258826259E-10,0.));
#8840=DIRECTION('',(0.,0.,1.));
#8841=DIRECTION('',(1.,0.,0.));
#8842=DIRECTION('',(0.,0.,1.));
#8843=DIRECTION('',(1.,0.,0.));
#8844=DIRECTION('',(0.,0.,1.));
#8845=DIRECTION('',(1.,0.,0.));
#8846=DIRECTION('',(8.91667258826259E-10,1.,0.));
#8847=DIRECTION('',(-1.,8.91667258826259E-10,0.));
#8848=DIRECTION('',(0.,0.,-1.));
#8849=DIRECTION('',(-1.,0.,0.));
#8850=DIRECTION('',(8.91667258826259E-10,1.,0.));
#8851=DIRECTION('',(-1.,8.91667258826259E-10,0.));
#8852=DIRECTION('',(0.,0.,-1.));
#8853=DIRECTION('',(-1.,0.,0.));
#8854=DIRECTION('',(0.,0.,-1.));
#8855=DIRECTION('',(-1.,0.,0.));
#8856=DIRECTION('',(-0.861166032828381,-0.508323778612242,0.));
#8857=DIRECTION('',(0.508323778612242,-0.861166032828381,0.));
#8858=DIRECTION('',(0.,0.,-1.));
#8859=DIRECTION('',(-1.,0.,0.));
#8860=DIRECTION('',(0.,0.,-1.));
#8861=DIRECTION('',(-1.,0.,0.));
#8862=DIRECTION('',(-0.969878253517822,-7.16033570162322E-16,-0.243590174993202));
#8863=DIRECTION('',(-0.243590174993202,0.,0.969878253517822));
#8864=DIRECTION('',(-6.12323399409214E-17,1.,-2.29147131691812E-9));
#8865=DIRECTION('',(0.,2.29147131691812E-9,1.));
#8866=DIRECTION('',(-0.866025403784439,-1.14573541626361E-9,-0.5));
#8867=DIRECTION('',(-0.5,0.,0.866025403784439));
#8868=DIRECTION('',(-6.12323399409214E-17,1.,-2.29147131691812E-9));
#8869=DIRECTION('',(0.,2.29147131691812E-9,1.));
#8870=DIRECTION('',(0.866025403784439,1.14573571148782E-9,0.5));
#8871=DIRECTION('',(0.5,0.,-0.866025403784439));
#8872=DIRECTION('',(-0.866025403784439,-1.14573584994448E-9,-0.5));
#8873=DIRECTION('',(-0.5,0.,0.866025403784439));
#8874=DIRECTION('',(-0.866025403784439,-1.14573571148782E-9,-0.5));
#8875=DIRECTION('',(-0.866025403784439,-1.14573571148782E-9,-0.5));
#8876=DIRECTION('',(-6.12323399409214E-17,1.,-2.29147131691812E-9));
#8877=DIRECTION('',(0.,2.29147131691812E-9,1.));
#8878=DIRECTION('',(-1.,0.,0.));
#8879=DIRECTION('',(0.,0.,1.));
#8880=DIRECTION('',(-6.12323399409214E-17,1.,-2.29147131691812E-9));
#8881=DIRECTION('',(0.,2.29147131691812E-9,1.));
#8882=DIRECTION('',(1.,6.12323399409214E-17,-1.40312150642401E-25));
#8883=DIRECTION('',(-6.12323399409214E-17,1.,0.));
#8884=DIRECTION('',(-1.,0.,0.));
#8885=DIRECTION('',(0.,0.,1.));
#8886=DIRECTION('',(1.,6.12323399409214E-17,-1.40312150642401E-25));
#8887=DIRECTION('',(1.,6.12323399409214E-17,-1.40312150642401E-25));
#8888=DIRECTION('',(0.,2.29147131691812E-9,1.));
#8889=DIRECTION('',(0.,-1.,2.29147131691812E-9));
#8890=DIRECTION('',(0.999897871872785,-0.0142914598371055,3.27484881626925E-11));
#8891=DIRECTION('',(0.0142914598371055,0.999897871872785,0.));
#8892=DIRECTION('',(0.,2.29147131691812E-9,1.));
#8893=DIRECTION('',(0.,-1.,2.29147131691812E-9));
#8894=DIRECTION('',(0.999889198771318,6.57292430344415E-10,-0.014885905429373));
#8895=DIRECTION('',(-0.014885905429373,0.,-0.999889198771318));
#8896=DIRECTION('',(2.29147948692499E-9,-1.,0.));
#8897=DIRECTION('',(1.,2.29147948692499E-9,0.));
#8898=DIRECTION('',(0.910551918081213,2.08651034243822E-9,-0.413394732040242));
#8899=DIRECTION('',(-0.413394732040242,0.,-0.910551918081213));
#8900=DIRECTION('',(2.29147948692499E-9,-1.,0.));
#8901=DIRECTION('',(1.,2.29147948692499E-9,0.));
#8902=DIRECTION('',(-0.910551918081213,-2.0865110420633E-9,0.413394732040243));
#8903=DIRECTION('',(0.413394732040243,0.,0.910551918081213));
#8904=DIRECTION('',(0.910551918081212,2.08651034243821E-9,-0.413394732040245));
#8905=DIRECTION('',(-0.413394732040245,0.,-0.910551918081212));
#8906=DIRECTION('',(-0.910551918081213,-2.0865110420633E-9,0.413394732040243));
#8907=DIRECTION('',(-0.910551918081213,-2.0865110420633E-9,0.413394732040243));
#8908=DIRECTION('',(2.29147948692499E-9,-1.,0.));
#8909=DIRECTION('',(1.,2.29147948692499E-9,0.));
#8910=DIRECTION('',(1.,2.29147950614461E-9,0.));
#8911=DIRECTION('',(-2.29147950614461E-9,1.,0.));
#8912=DIRECTION('',(2.29147948692499E-9,-1.,0.));
#8913=DIRECTION('',(1.,2.29147948692499E-9,0.));
#8914=DIRECTION('',(2.29147948692499E-9,-1.,0.));
#8915=DIRECTION('',(1.,2.29147948692499E-9,0.));
#8916=DIRECTION('',(1.,2.29147948692499E-9,0.));
#8917=DIRECTION('',(-2.29147948692499E-9,1.,0.));
#8918=DIRECTION('',(1.,2.29147950614461E-9,0.));
#8919=DIRECTION('',(-2.29147950614461E-9,1.,0.));
#8920=DIRECTION('',(1.,2.29147948692499E-9,0.));
#8921=DIRECTION('',(1.,2.29147948692499E-9,0.));
#8922=DIRECTION('',(-1.,-9.82061654219989E-10,0.));
#8923=DIRECTION('',(9.82061654219989E-10,-1.,0.));
#8924=DIRECTION('',(-1.,0.,0.));
#8925=DIRECTION('',(0.,0.,1.));
#8926=DIRECTION('',(-1.,0.,0.));
#8927=DIRECTION('',(0.,0.,1.));
#8928=DIRECTION('',(-1.,0.,0.));
#8929=DIRECTION('',(-1.,0.,0.));
#8930=DIRECTION('',(0.,1.,0.));
#8931=DIRECTION('',(0.,0.,1.));
#8932=DIRECTION('',(-0.707106780943501,0.,-0.707106781429594));
#8933=DIRECTION('',(-0.707106781429594,0.,0.707106780943501));
#8934=DIRECTION('',(0.,1.,0.));
#8935=DIRECTION('',(0.,0.,1.));
#8936=DIRECTION('',(0.,1.,0.));
#8937=DIRECTION('',(0.,0.,1.));
#8938=DIRECTION('',(0.7071067809435,0.,0.707106781429595));
#8939=DIRECTION('',(0.707106781429595,0.,-0.7071067809435));
#8940=DIRECTION('',(-0.707106780943501,0.,-0.707106781429594));
#8941=DIRECTION('',(-0.707106781429594,0.,0.707106780943501));
#8942=DIRECTION('',(-0.7071067809435,0.,-0.707106781429595));
#8943=DIRECTION('',(-0.7071067809435,0.,-0.707106781429595));
#8944=DIRECTION('',(0.,1.,0.));
#8945=DIRECTION('',(0.,0.,1.));
#8946=DIRECTION('',(-1.,0.,0.));
#8947=DIRECTION('',(0.,0.,1.));
#8948=DIRECTION('',(0.,1.,0.));
#8949=DIRECTION('',(0.,0.,1.));
#8950=DIRECTION('',(0.,1.,0.));
#8951=DIRECTION('',(0.,0.,1.));
#8952=DIRECTION('',(1.,0.,0.));
#8953=DIRECTION('',(0.,0.,-1.));
#8954=DIRECTION('',(-1.,0.,0.));
#8955=DIRECTION('',(0.,0.,1.));
#8956=DIRECTION('',(1.,0.,0.));
#8957=DIRECTION('',(1.,0.,0.));
#8958=DIRECTION('',(1.,0.,0.));
#8959=DIRECTION('',(0.,0.,-1.));
#8960=DIRECTION('',(0.,0.,1.));
#8961=DIRECTION('',(1.,0.,0.));
#8962=DIRECTION('',(1.,0.,0.));
#8963=DIRECTION('',(0.,0.,-1.));
#8964=DIRECTION('',(1.,0.,0.));
#8965=DIRECTION('',(0.,0.,-1.));
#8966=DIRECTION('',(-1.,0.,0.));
#8967=DIRECTION('',(-1.,0.,0.));
#8968=DIRECTION('',(0.,1.,0.));
#8969=DIRECTION('',(0.,0.,1.));
#8970=DIRECTION('',(0.707106780943501,0.,0.707106781429594));
#8971=DIRECTION('',(0.707106781429595,0.,-0.707106780943501));
#8972=DIRECTION('',(0.,1.,0.));
#8973=DIRECTION('',(0.,0.,1.));
#8974=DIRECTION('',(0.,1.,0.));
#8975=DIRECTION('',(0.,0.,1.));
#8976=DIRECTION('',(-0.7071067809435,0.,-0.707106781429595));
#8977=DIRECTION('',(-0.707106781429595,0.,0.7071067809435));
#8978=DIRECTION('',(0.707106780943501,0.,0.707106781429594));
#8979=DIRECTION('',(0.707106781429595,0.,-0.707106780943501));
#8980=DIRECTION('',(-0.7071067809435,0.,-0.707106781429595));
#8981=DIRECTION('',(-0.7071067809435,0.,-0.707106781429595));
#8982=DIRECTION('',(0.,1.,0.));
#8983=DIRECTION('',(0.,0.,1.));
#8984=DIRECTION('',(1.,0.,0.));
#8985=DIRECTION('',(0.,0.,-1.));
#8986=DIRECTION('',(0.,1.,0.));
#8987=DIRECTION('',(0.,0.,1.));
#8988=DIRECTION('',(0.,1.,0.));
#8989=DIRECTION('',(0.,0.,1.));
#8990=DIRECTION('',(1.,0.,0.));
#8991=DIRECTION('',(0.,0.,-1.));
#8992=DIRECTION('',(1.,3.13686576713934E-10,0.));
#8993=DIRECTION('',(-3.13686576713934E-10,1.,0.));
#8994=DIRECTION('',(-1.,0.,0.));
#8995=DIRECTION('',(-1.,0.,0.));
#8996=DIRECTION('',(-1.,-2.29147950614462E-9,0.));
#8997=DIRECTION('',(2.29147950614462E-9,-1.,0.));
#8998=DIRECTION('',(-1.,-2.29147948692499E-9,0.));
#8999=DIRECTION('',(2.29147948692499E-9,-1.,0.));
#9000=DIRECTION('',(-1.,-2.29147950614461E-9,0.));
#9001=DIRECTION('',(2.29147950614461E-9,-1.,0.));
#9002=DIRECTION('',(1.,2.29147948692499E-9,0.));
#9003=DIRECTION('',(1.,2.29147948692499E-9,0.));
#9004=DIRECTION('',(2.29147948692499E-9,-1.,0.));
#9005=DIRECTION('',(1.,2.29147948692499E-9,0.));
#9006=DIRECTION('',(-0.910551918081212,-2.08651105956376E-9,0.413394732040245));
#9007=DIRECTION('',(0.413394732040245,0.,0.910551918081212));
#9008=DIRECTION('',(2.29147948692499E-9,-1.,0.));
#9009=DIRECTION('',(1.,2.29147948692499E-9,0.));
#9010=DIRECTION('',(2.29147948692499E-9,-1.,0.));
#9011=DIRECTION('',(1.,2.29147948692499E-9,0.));
#9012=DIRECTION('',(0.910551918081213,2.0865110420633E-9,-0.413394732040243));
#9013=DIRECTION('',(-0.413394732040243,0.,-0.910551918081213));
#9014=DIRECTION('',(-0.910551918081213,-2.08651105956377E-9,0.413394732040242));
#9015=DIRECTION('',(0.413394732040242,0.,0.910551918081213));
#9016=DIRECTION('',(-0.910551918081213,-2.0865110420633E-9,0.413394732040243));
#9017=DIRECTION('',(-0.910551918081213,-2.0865110420633E-9,0.413394732040243));
#9018=DIRECTION('',(2.29147948692499E-9,-1.,0.));
#9019=DIRECTION('',(1.,2.29147948692499E-9,0.));
#9020=DIRECTION('',(-0.999889198810582,-2.29122563331273E-9,0.014885902791955));
#9021=DIRECTION('',(0.014885902791955,0.,0.999889198810582));
#9022=DIRECTION('',(2.29147948692499E-9,-1.,0.));
#9023=DIRECTION('',(1.,2.29147948692499E-9,0.));
#9024=DIRECTION('',(2.29147948692499E-9,-1.,0.));
#9025=DIRECTION('',(1.,2.29147948692499E-9,0.));
#9026=DIRECTION('',(-0.996642814605989,0.0818724623683209,-1.87608501530273E-10));
#9027=DIRECTION('',(-0.0818724623683209,-0.996642814605989,0.));
#9028=DIRECTION('',(0.,2.29147131691812E-9,1.));
#9029=DIRECTION('',(0.,-1.,2.29147131691812E-9));
#9030=DIRECTION('',(1.,2.29147950614461E-9,-5.25086242674757E-18));
#9031=DIRECTION('',(-2.29147950614461E-9,1.,0.));
#9032=DIRECTION('',(0.,2.29147131691812E-9,1.));
#9033=DIRECTION('',(0.,-1.,2.29147131691812E-9));
#9034=DIRECTION('',(-1.,-2.29147858336184E-9,5.25085744710583E-18));
#9035=DIRECTION('',(2.29147858336184E-9,-1.,0.));
#9036=DIRECTION('',(1.,2.29147950614463E-9,-5.2508624267476E-18));
#9037=DIRECTION('',(-2.29147950614463E-9,1.,0.));
#9038=DIRECTION('',(1.,2.29147858336184E-9,-5.25085744710583E-18));
#9039=DIRECTION('',(1.,2.29147858336184E-9,-5.25085744710583E-18));
#9040=DIRECTION('',(-2.29147858336184E-9,1.,1.67748590786302E-9));
#9041=DIRECTION('',(-1.,-2.29147858336184E-9,0.));
#9042=DIRECTION('',(0.866025403784439,1.14573502608657E-9,0.5));
#9043=DIRECTION('',(0.5,0.,-0.866025403784439));
#9044=DIRECTION('',(-2.29147858336184E-9,1.,1.67748590786302E-9));
#9045=DIRECTION('',(-1.,-2.29147858336184E-9,0.));
#9046=DIRECTION('',(-0.866025403784439,-1.14573571148782E-9,-0.5));
#9047=DIRECTION('',(-0.5,0.,0.866025403784439));
#9048=DIRECTION('',(0.866025403784439,1.14573762817178E-9,0.5));
#9049=DIRECTION('',(0.5,0.,-0.866025403784439));
#9050=DIRECTION('',(-0.866025403784439,-1.14573571148782E-9,-0.5));
#9051=DIRECTION('',(-0.866025403784439,-1.14573571148782E-9,-0.5));
#9052=DIRECTION('',(-2.29147858336184E-9,1.,1.67748590786302E-9));
#9053=DIRECTION('',(-1.,-2.29147858336184E-9,0.));
#9054=DIRECTION('',(0.969878253357199,3.16921197140569E-16,0.243590175632739));
#9055=DIRECTION('',(0.243590175632739,0.,-0.969878253357199));
#9056=DIRECTION('',(-2.29147858336184E-9,1.,1.67748590786302E-9));
#9057=DIRECTION('',(-1.,-2.29147858336184E-9,0.));
#9058=DIRECTION('',(0.983312904470977,0.181922323811159,0.));
#9059=DIRECTION('',(-0.181922323811159,0.983312904470977,0.));
#9060=DIRECTION('',(0.,0.,-1.));
#9061=DIRECTION('',(-1.,0.,0.));
#9062=DIRECTION('',(0.,0.,-1.));
#9063=DIRECTION('',(-1.,0.,0.));
#9064=DIRECTION('',(0.,0.,-1.));
#9065=DIRECTION('',(-1.,0.,0.));
#9066=DIRECTION('',(-1.,-2.48233900411579E-9,0.));
#9067=DIRECTION('',(2.48233900411579E-9,-1.,0.));
#9068=DIRECTION('',(0.,0.,-1.));
#9069=DIRECTION('',(0.,0.,-1.));
#9070=DIRECTION('',(-2.48233900411579E-9,1.,0.));
#9071=DIRECTION('',(1.,2.25219550676684E-8,0.));
#9072=DIRECTION('',(-2.25219550676684E-8,1.,0.));
#9073=DIRECTION('',(0.,0.,-1.));
#9074=DIRECTION('',(0.,0.,-1.));
#9075=DIRECTION('',(2.25219550676684E-8,-1.,0.));
#9076=DIRECTION('',(0.,0.,-1.));
#9077=DIRECTION('',(-1.,0.,0.));
#9078=DIRECTION('',(0.,1.,0.));
#9079=DIRECTION('',(0.,0.,1.));
#9080=DIRECTION('',(0.,1.,0.));
#9081=DIRECTION('',(0.,1.,0.));
#9082=DIRECTION('',(0.,1.,0.));
#9083=DIRECTION('',(0.,0.,1.));
#9084=DIRECTION('',(0.,1.,0.));
#9085=DIRECTION('',(0.,0.,1.));
#9086=DIRECTION('',(0.,1.,0.));
#9087=DIRECTION('',(0.,1.,0.));
#9088=DIRECTION('',(0.,1.,0.));
#9089=DIRECTION('',(0.,0.,1.));
#9090=DIRECTION('',(0.,-1.,0.));
#9091=DIRECTION('',(0.,0.,-1.));
#9092=DIRECTION('',(0.,1.,0.));
#9093=DIRECTION('',(0.,1.,0.));
#9094=DIRECTION('',(0.,1.,0.));
#9095=DIRECTION('',(0.,0.,1.));
#9096=DIRECTION('',(0.,-1.,0.));
#9097=DIRECTION('',(0.,0.,-1.));
#9098=DIRECTION('',(0.,1.,0.));
#9099=DIRECTION('',(0.,1.,0.));
#9100=DIRECTION('',(0.,1.,0.));
#9101=DIRECTION('',(0.,0.,1.));
#9102=DIRECTION('',(0.707106781429595,0.,-0.7071067809435));
#9103=DIRECTION('',(-0.7071067809435,0.,-0.707106781429595));
#9104=DIRECTION('',(-0.7071067809435,0.,-0.707106781429595));
#9105=DIRECTION('',(0.707106781429595,0.,-0.7071067809435));
#9106=DIRECTION('',(-0.7071067809435,0.,-0.707106781429595));
#9107=DIRECTION('',(-0.7071067809435,0.,-0.707106781429595));
#9108=DIRECTION('',(0.,0.,-1.));
#9109=DIRECTION('',(1.,2.48234028138283E-9,0.));
#9110=DIRECTION('',(0.,0.,-1.));
#9111=DIRECTION('',(0.,0.,-1.));
#9112=DIRECTION('',(0.,0.,-1.));
#9113=DIRECTION('',(1.,2.48233866396914E-9,0.));
#9114=DIRECTION('',(0.,0.,-1.));
#9115=DIRECTION('',(0.,0.,-1.));
#9116=DIRECTION('',(-6.12323399573677E-17,-1.51999319500696E-25,1.));
#9117=DIRECTION('',(5.37432443134287E-9,-1.,1.77083141120478E-25));
#9118=DIRECTION('',(-4.58294269506859E-9,1.,-2.29147131691812E-9));
#9119=DIRECTION('',(-1.,-4.58294269506859E-9,0.));
#9120=DIRECTION('',(4.58294269506859E-9,-1.,2.29147131691812E-9));
#9121=DIRECTION('',(4.58294269506859E-9,-1.,2.29147131691812E-9));
#9122=DIRECTION('',(-6.12323399409214E-17,1.,-2.29147131691812E-9));
#9123=DIRECTION('',(0.,2.29147131691812E-9,1.));
#9124=DIRECTION('',(-4.58294269506859E-9,1.,-2.29147131691812E-9));
#9125=DIRECTION('',(-1.,-4.58294269506859E-9,0.));
#9126=DIRECTION('',(4.58294269506859E-9,-1.,2.29147131691812E-9));
#9127=DIRECTION('',(4.58294269506859E-9,-1.,2.29147131691812E-9));
#9128=DIRECTION('',(-2.29147856568415E-9,1.,1.67748587724437E-9));
#9129=DIRECTION('',(-1.,-2.29147856568415E-9,0.));
#9130=DIRECTION('',(2.75576335661652E-9,1.,-2.29147131691812E-9));
#9131=DIRECTION('',(-1.,2.75576335661652E-9,0.));
#9132=DIRECTION('',(-2.75576335661652E-9,-1.,2.29147131691812E-9));
#9133=DIRECTION('',(-2.75576335661652E-9,-1.,2.29147131691812E-9));
#9134=DIRECTION('',(2.29147948692499E-9,-1.,0.));
#9135=DIRECTION('',(1.,2.29147948692499E-9,0.));
#9136=DIRECTION('',(2.75576335661652E-9,1.,-2.29147131691812E-9));
#9137=DIRECTION('',(-1.,2.75576335661652E-9,0.));
#9138=DIRECTION('',(-2.75576335661652E-9,-1.,2.29147131691812E-9));
#9139=DIRECTION('',(2.29147948692499E-9,-1.,0.));
#9140=DIRECTION('',(1.,2.29147948692499E-9,0.));
#9141=DIRECTION('',(-2.75576335661652E-9,-1.,2.29147131691812E-9));
#9142=DIRECTION('',(-2.29147948692499E-9,1.,0.));
#9143=DIRECTION('',(-1.,-2.29147948692499E-9,0.));
#9144=DIRECTION('',(-2.29147948692499E-9,1.,0.));
#9145=DIRECTION('',(-2.29147948692499E-9,1.,-2.07102336119484E-28));
#9146=DIRECTION('',(2.29147948692499E-9,-1.,0.));
#9147=DIRECTION('',(1.,2.29147948692499E-9,0.));
#9148=DIRECTION('',(-2.29147948692499E-9,1.,0.));
#9149=DIRECTION('',(-1.,-2.29147948692499E-9,0.));
#9150=DIRECTION('',(-2.29147948692499E-9,1.,-2.07102336119484E-28));
#9151=DIRECTION('',(-2.29147948692499E-9,1.,0.));
#9152=DIRECTION('',(2.29147948692499E-9,-1.,0.));
#9153=DIRECTION('',(1.,2.29147948692499E-9,0.));
#9154=DIRECTION('',(0.,1.,0.));
#9155=DIRECTION('',(0.,0.,1.));
#9156=DIRECTION('',(1.,-4.36468919047559E-9,0.));
#9157=DIRECTION('',(-1.,0.,0.));
#9158=DIRECTION('',(0.,0.,-1.));
#9159=DIRECTION('',(0.,1.,0.));
#9160=DIRECTION('',(0.,0.,1.));
#9161=DIRECTION('',(0.,0.,-1.));
#9162=DIRECTION('',(-1.,0.,0.));
#9163=DIRECTION('',(0.,1.,0.));
#9164=DIRECTION('',(0.,0.,1.));
#9165=DIRECTION('',(0.,0.,-1.));
#9166=DIRECTION('',(-1.,0.,0.));
#9167=DIRECTION('',(0.,1.,0.));
#9168=DIRECTION('',(0.,0.,1.));
#9169=DIRECTION('',(0.,0.,1.));
#9170=DIRECTION('',(0.,0.,-1.));
#9171=DIRECTION('',(-1.,0.,0.));
#9172=DIRECTION('',(-1.,0.,0.));
#9173=DIRECTION('',(0.413394732040243,9.47285548473069E-10,0.910551918081213));
#9174=DIRECTION('',(0.910551918081213,0.,-0.413394732040243));
#9175=DIRECTION('',(-0.910551918081213,-2.0865110420633E-9,0.413394732040243));
#9176=DIRECTION('',(0.413394732040243,9.47285548473069E-10,0.910551918081213));
#9177=DIRECTION('',(0.910551918081213,0.,-0.413394732040243));
#9178=DIRECTION('',(-0.910551918081213,-2.0865110420633E-9,0.413394732040243));
#9179=DIRECTION('',(0.,0.,-1.));
#9180=DIRECTION('',(-1.,1.57022698730732E-9,0.));
#9181=DIRECTION('',(0.,0.,-1.));
#9182=DIRECTION('',(2.83276944882399E-16,-4.44809103736311E-25,1.));
#9183=DIRECTION('',(-2.65268719813176E-10,1.,0.));
#9184=DIRECTION('',(0.,0.,-1.));
#9185=DIRECTION('',(-1.,-1.56843464083101E-10,0.));
#9186=DIRECTION('',(0.,0.,-1.));
#9187=DIRECTION('',(6.12323399573677E-17,9.60393108838916E-27,1.));
#9188=DIRECTION('',(-3.13686928166201E-10,1.,9.60385353726604E-27));
#9189=DIRECTION('',(0.,0.,-1.));
#9190=DIRECTION('',(-1.,0.,0.));
#9191=DIRECTION('',(0.,0.,-1.));
#9192=DIRECTION('',(1.22464679914735E-16,0.,1.));
#9193=DIRECTION('',(0.,1.,0.));
#9194=DIRECTION('',(0.,0.,-1.));
#9195=DIRECTION('',(-1.,2.31296463463575E-15,0.));
#9196=DIRECTION('',(0.,0.,-1.));
#9197=DIRECTION('',(-4.31842741858589E-15,0.,1.));
#9198=DIRECTION('',(0.,1.,0.));
#9199=DIRECTION('',(2.29147948692499E-9,-1.,0.));
#9200=DIRECTION('',(1.,2.29147948692499E-9,0.));
#9201=DIRECTION('',(0.,0.,-1.));
#9202=DIRECTION('',(1.,2.29147948692499E-9,0.));
#9203=DIRECTION('',(2.29147948692499E-9,-1.,0.));
#9204=DIRECTION('',(1.,2.29147948692499E-9,0.));
#9205=DIRECTION('',(0.,0.,-1.));
#9206=DIRECTION('',(1.,3.40572226047829E-9,0.));
#9207=DIRECTION('',(2.29147948692499E-9,-1.,0.));
#9208=DIRECTION('',(1.,2.29147948692499E-9,0.));
#9209=DIRECTION('',(1.,0.,0.));
#9210=DIRECTION('',(0.,0.,-1.));
#9211=DIRECTION('',(2.29147948692499E-9,-1.,0.));
#9212=DIRECTION('',(1.,2.29147948692499E-9,0.));
#9213=DIRECTION('',(0.,0.,-1.));
#9214=DIRECTION('',(1.,2.29147948692499E-9,0.));
#9215=DIRECTION('',(0.,0.,-1.));
#9216=DIRECTION('',(-1.,0.,0.));
#9217=DIRECTION('',(0.,0.,-1.));
#9218=DIRECTION('',(0.,0.,-1.));
#9219=DIRECTION('',(0.,0.,-1.));
#9220=DIRECTION('',(0.,0.,1.));
#9221=DIRECTION('',(1.,0.,0.));
#9222=DIRECTION('',(8.41615211337359E-33,-2.29147131691812E-9,-1.));
#9223=DIRECTION('',(0.,0.,-1.));
#9224=DIRECTION('',(0.,0.,-1.));
#9225=DIRECTION('',(-1.,0.,0.));
#9226=DIRECTION('',(8.41615211337359E-33,-2.29147131691812E-9,-1.));
#9227=DIRECTION('',(0.,0.,1.));
#9228=DIRECTION('',(1.,0.,0.));
#9229=DIRECTION('',(0.,0.,-1.));
#9230=DIRECTION('',(-1.,0.,0.));
#9231=DIRECTION('',(-2.25470982396098E-24,1.67748587724437E-9,-1.));
#9232=DIRECTION('',(0.,0.,1.));
#9233=DIRECTION('',(1.,0.,0.));
#9234=DIRECTION('',(0.,0.,-1.));
#9235=DIRECTION('',(-1.,0.,0.));
#9236=DIRECTION('',(-2.25470982396098E-24,1.67748587724437E-9,-1.));
#9237=DIRECTION('',(0.,0.,1.));
#9238=DIRECTION('',(1.,0.,0.));
#9239=DIRECTION('',(-6.13997950079631E-10,1.,0.));
#9240=DIRECTION('',(-1.,-6.13997950079631E-10,0.));
#9241=DIRECTION('',(6.13997950079631E-10,-1.,0.));
#9242=DIRECTION('',(6.13997950079631E-10,-1.,-5.44659868026617E-26));
#9243=DIRECTION('',(-2.29147856568415E-9,1.,1.67748587724437E-9));
#9244=DIRECTION('',(-1.,-2.29147856568415E-9,0.));
#9245=DIRECTION('',(-6.13997950079631E-10,1.,0.));
#9246=DIRECTION('',(-1.,-6.13997950079631E-10,0.));
#9247=DIRECTION('',(6.13997950079631E-10,-1.,0.));
#9248=DIRECTION('',(-6.12323399409214E-17,1.,-2.29147131691812E-9));
#9249=DIRECTION('',(0.,2.29147131691812E-9,1.));
#9250=DIRECTION('',(6.13997950079631E-10,-1.,-5.44659868026617E-26));
#9251=DIRECTION('',(-2.29147858336184E-9,1.,1.67748590786302E-9));
#9252=DIRECTION('',(-0.5,-2.5984847023807E-9,0.866025403784439));
#9253=DIRECTION('',(-1.40313033063993E-25,2.29148572734088E-9,-1.));
#9254=DIRECTION('',(-1.,-2.29147856568415E-9,-3.84392276811803E-18));
#9255=DIRECTION('',(-2.29147856568415E-9,1.,1.67748587724437E-9));
#9256=DIRECTION('',(-0.5,-2.59848466702532E-9,0.866025403784439));
#9257=DIRECTION('',(-0.866025403784439,-1.14573571148782E-9,-0.5));
#9258=DIRECTION('',(1.,2.29147856568415E-9,-5.25085740659791E-18));
#9259=DIRECTION('',(-1.403130308991E-25,2.29148569198551E-9,-1.));
#9260=DIRECTION('',(0.5,3.06998975039816E-10,-0.866025403784439));
#9261=DIRECTION('',(-0.866025403784439,-1.14573565025548E-9,-0.5));
#9262=DIRECTION('',(-6.12323399409214E-17,1.,-2.29147131691812E-9));
#9263=DIRECTION('',(-0.5,1.98447234187831E-9,0.866025403784439));
#9264=DIRECTION('',(-1.,-6.12323399409214E-17,1.40312150642401E-25));
#9265=DIRECTION('',(-0.866025403784439,-1.14573571148782E-9,-0.5));
#9266=DIRECTION('',(1.40312150680087E-25,-2.29147131691812E-9,-1.));
#9267=DIRECTION('',(-6.12323399409214E-17,1.,-2.29147131691812E-9));
#9268=DIRECTION('',(-0.5,1.98447234187831E-9,0.866025403784439));
#9269=DIRECTION('',(1.40312150680087E-25,-2.29147131691812E-9,-1.));
#9270=DIRECTION('',(-1.,-6.12323402215457E-17,-1.22464680286565E-16));
#9271=DIRECTION('',(0.5,3.06998975039816E-10,-0.866025403784439));
#9272=DIRECTION('',(-0.866025403784439,-1.14573565025548E-9,-0.5));
#9273=DIRECTION('',(0.,0.,1.));
#9274=DIRECTION('',(1.,0.,0.));
#9275=DIRECTION('',(0.,0.,1.));
#9276=DIRECTION('',(1.,0.,0.));
#9277=DIRECTION('',(0.,0.,1.));
#9278=DIRECTION('',(1.,0.,0.));
#9279=DIRECTION('',(0.,0.,1.));
#9280=DIRECTION('',(1.,0.,0.));
#9281=DIRECTION('',(0.,0.,-1.));
#9282=DIRECTION('',(-1.,0.,0.));
#9283=DIRECTION('',(0.,0.,1.));
#9284=DIRECTION('',(1.,0.,0.));
#9285=DIRECTION('',(0.,0.,1.));
#9286=DIRECTION('',(1.,0.,0.));
#9287=DIRECTION('',(0.,0.,-1.));
#9288=DIRECTION('',(-1.,0.,0.));
#9289=DIRECTION('',(0.,0.,1.));
#9290=DIRECTION('',(1.,0.,0.));
#9291=DIRECTION('',(0.,0.,1.));
#9292=DIRECTION('',(1.,0.,0.));
#9293=DIRECTION('',(0.,2.29147131691812E-9,1.));
#9294=DIRECTION('',(0.,-1.,2.29147131691812E-9));
#9295=DIRECTION('',(0.,2.29147131691812E-9,1.));
#9296=DIRECTION('',(0.,-1.,2.29147131691812E-9));
#9297=DIRECTION('',(0.,0.,1.));
#9298=DIRECTION('',(1.,0.,0.));
#9299=DIRECTION('',(0.,0.,1.));
#9300=DIRECTION('',(1.,0.,0.));
#9301=DIRECTION('',(0.,0.,1.));
#9302=DIRECTION('',(1.,0.,0.));
#9303=DIRECTION('',(0.,0.,1.));
#9304=DIRECTION('',(1.,0.,0.));
#9305=DIRECTION('',(0.,0.,1.));
#9306=DIRECTION('',(1.,0.,0.));
#9307=DIRECTION('',(-0.0871557427476581,1.26527293570507E-10,-0.996194698091746));
#9308=DIRECTION('',(0.996194698091746,1.10697038140359E-11,-0.0871557427476581));
#9309=DIRECTION('',(0.,0.,-1.));
#9310=DIRECTION('',(1.,0.,0.));
#9311=DIRECTION('',(0.,0.,-1.));
#9312=DIRECTION('',(-1.,0.,0.));
#9313=DIRECTION('',(0.,0.,-1.));
#9314=DIRECTION('',(-1.,0.,0.));
#9315=DIRECTION('',(0.,0.,1.));
#9316=DIRECTION('',(1.,0.,0.));
#9317=DIRECTION('',(0.,0.,1.));
#9318=DIRECTION('',(1.,0.,0.));
#9319=DIRECTION('',(0.,0.,1.));
#9320=DIRECTION('',(1.,0.,0.));
#9321=DIRECTION('',(0.,0.,1.));
#9322=DIRECTION('',(1.,0.,0.));
#9323=DIRECTION('',(0.,0.,1.));
#9324=DIRECTION('',(1.,0.,0.));
#9325=DIRECTION('',(0.,0.,1.));
#9326=DIRECTION('',(1.,0.,0.));
#9327=DIRECTION('',(0.,0.,1.));
#9328=DIRECTION('',(1.,0.,0.));
#9329=DIRECTION('',(-5.47382212626882E-47,5.82867087928207E-16,1.));
#9330=DIRECTION('',(0.,-1.,5.82867087928207E-16));
#9331=DIRECTION('',(5.47382212626882E-47,-5.82867087928207E-16,-1.));
#9332=DIRECTION('',(0.,1.,-5.82867087928207E-16));
#9333=DIRECTION('',(5.47382212626882E-47,-5.82867087928207E-16,-1.));
#9334=DIRECTION('',(1.,3.19051076257529E-62,5.47382212626882E-47));
#9335=DIRECTION('',(-5.47382212626882E-47,5.82867087928207E-16,1.));
#9336=DIRECTION('',(0.,-1.,5.82867087928207E-16));
#9337=DIRECTION('',(-5.47382212626882E-47,5.82867087928207E-16,1.));
#9338=DIRECTION('',(0.,-1.,5.82867087928207E-16));
#9339=DIRECTION('',(0.,0.,-1.));
#9340=DIRECTION('',(-1.,0.,0.));
#9341=DIRECTION('',(0.,0.,-1.));
#9342=DIRECTION('',(-1.,0.,0.));
#9343=DIRECTION('',(0.,0.,-1.));
#9344=DIRECTION('',(1.,0.,0.));
#9345=DIRECTION('',(0.,0.,1.));
#9346=DIRECTION('',(1.,0.,0.));
#9347=DIRECTION('',(0.,0.,-1.));
#9348=DIRECTION('',(-1.,0.,0.));
#9349=DIRECTION('',(0.,0.,-1.));
#9350=DIRECTION('',(1.,0.,0.));
#9351=DIRECTION('',(0.,0.,1.));
#9352=DIRECTION('',(1.,0.,0.));
#9353=DIRECTION('',(0.,0.,1.));
#9354=DIRECTION('',(1.,0.,0.));
#9355=DIRECTION('',(0.,0.,-1.));
#9356=DIRECTION('',(-1.,0.,0.));
#9357=DIRECTION('',(0.,0.,-1.));
#9358=DIRECTION('',(-1.,0.,0.));
#9359=DIRECTION('',(0.,0.,-1.));
#9360=DIRECTION('',(1.,0.,0.));
#9361=DIRECTION('',(0.,0.,1.));
#9362=DIRECTION('',(1.,0.,0.));
#9363=DIRECTION('',(0.,0.,-1.));
#9364=DIRECTION('',(-1.,0.,0.));
#9365=DIRECTION('',(0.,0.,1.));
#9366=DIRECTION('',(1.,0.,0.));
#9367=DIRECTION('',(0.,0.,-1.));
#9368=DIRECTION('',(-1.,0.,0.));
#9369=DIRECTION('',(0.,0.,-1.));
#9370=DIRECTION('',(1.,0.,0.));
#9371=DIRECTION('',(0.,0.,1.));
#9372=DIRECTION('',(1.,0.,0.));
#9373=DIRECTION('',(0.,0.,1.));
#9374=DIRECTION('',(0.,0.,1.));
#9375=DIRECTION('',(0.79814224876023,-0.602469045465378,0.));
#9376=DIRECTION('',(0.602469045465378,0.79814224876023,0.));
#9377=DIRECTION('',(0.,0.,1.));
#9378=DIRECTION('',(0.,0.,1.));
#9379=DIRECTION('',(-0.230599647953286,-0.973048715308653,0.));
#9380=DIRECTION('',(0.973048715308653,-0.230599647953286,0.));
#9381=DIRECTION('',(0.,0.,-1.));
#9382=DIRECTION('',(0.,0.,-1.));
#9383=DIRECTION('',(0.,0.,1.));
#9384=DIRECTION('',(1.,0.,0.));
#9385=DIRECTION('',(0.,0.,1.));
#9386=DIRECTION('',(0.,0.,1.));
#9387=DIRECTION('',(-1.,1.45173775149005E-9,0.));
#9388=DIRECTION('',(-1.45173775149005E-9,-1.,0.));
#9389=DIRECTION('',(0.,0.,1.));
#9390=DIRECTION('',(0.,0.,1.));
#9391=DIRECTION('',(0.713729435514712,-0.700421510863174,0.));
#9392=DIRECTION('',(0.700421510863174,0.713729435514712,0.));
#9393=DIRECTION('',(0.,0.,1.));
#9394=DIRECTION('',(0.,0.,1.));
#9395=DIRECTION('',(0.0603140129900544,-0.998179452722323,0.));
#9396=DIRECTION('',(0.998179452722323,0.0603140129900544,0.));
#9397=DIRECTION('',(0.,0.,1.));
#9398=DIRECTION('',(0.,0.,1.));
#9399=DIRECTION('',(-0.742739800768358,-0.669580158274258,0.));
#9400=DIRECTION('',(0.669580158274258,-0.742739800768358,0.));
#9401=DIRECTION('',(0.,0.,1.));
#9402=DIRECTION('',(0.,0.,1.));
#9403=DIRECTION('',(0.,0.,1.));
#9404=DIRECTION('',(1.,0.,0.));
#9405=DIRECTION('',(0.,0.,1.));
#9406=DIRECTION('',(0.,0.,1.));
#9407=DIRECTION('',(-0.775948615435214,0.630796120948897,0.));
#9408=DIRECTION('',(-0.630796120948897,-0.775948615435214,0.));
#9409=DIRECTION('',(0.,0.,1.));
#9410=DIRECTION('',(0.,0.,-1.));
#9411=DIRECTION('',(-0.894117010493572,-0.447833419416235,0.));
#9412=DIRECTION('',(0.447833419416235,-0.894117010493572,0.));
#9413=DIRECTION('',(0.,0.,1.));
#9414=DIRECTION('',(0.,0.,1.));
#9415=DIRECTION('',(-0.98685334971706,0.161618272952713,0.));
#9416=DIRECTION('',(-0.161618272952713,-0.98685334971706,0.));
#9417=DIRECTION('',(0.,0.,1.));
#9418=DIRECTION('',(0.,0.,1.));
#9419=DIRECTION('',(-0.591628140332547,-0.806210979562206,0.));
#9420=DIRECTION('',(0.806210979562206,-0.591628140332547,0.));
#9421=DIRECTION('',(0.,0.,1.));
#9422=DIRECTION('',(0.,0.,1.));
#9423=DIRECTION('',(-0.591628140332548,-0.806210979562206,0.));
#9424=DIRECTION('',(0.806210979562206,-0.591628140332548,0.));
#9425=DIRECTION('',(0.,0.,1.));
#9426=DIRECTION('',(0.,0.,1.));
#9427=DIRECTION('',(-0.84916134394845,0.52813351715609,0.));
#9428=DIRECTION('',(-0.52813351715609,-0.84916134394845,0.));
#9429=DIRECTION('',(0.,0.,1.));
#9430=DIRECTION('',(0.,0.,1.));
#9431=DIRECTION('',(0.0603140129900545,-0.998179452722323,0.));
#9432=DIRECTION('',(0.998179452722323,0.0603140129900545,0.));
#9433=DIRECTION('',(0.,0.,1.));
#9434=DIRECTION('',(0.,0.,1.));
#9435=DIRECTION('',(0.,0.,1.));
#9436=DIRECTION('',(1.,0.,0.));
#9437=DIRECTION('',(0.,0.,1.));
#9438=DIRECTION('',(0.,0.,1.));
#9439=DIRECTION('',(0.225097807535226,0.974336172500454,0.));
#9440=DIRECTION('',(-0.974336172500454,0.225097807535226,0.));
#9441=DIRECTION('',(0.,0.,1.));
#9442=DIRECTION('',(0.,0.,1.));
#9443=DIRECTION('',(-0.827780249786552,-0.561052455714538,0.));
#9444=DIRECTION('',(0.561052455714538,-0.827780249786552,0.));
#9445=DIRECTION('',(0.,0.,1.));
#9446=DIRECTION('',(0.,0.,1.));
#9447=DIRECTION('',(0.325252346727517,-0.945627257934247,0.));
#9448=DIRECTION('',(0.945627257934247,0.325252346727517,0.));
#9449=DIRECTION('',(0.,0.,1.));
#9450=DIRECTION('',(0.798142248760229,-0.602469045465379,0.));
#9451=DIRECTION('',(0.602469045465379,0.798142248760229,0.));
#9452=DIRECTION('',(0.,0.,-1.));
#9453=DIRECTION('',(0.,0.,-1.));
#9454=DIRECTION('',(0.,0.,1.));
#9455=DIRECTION('',(1.,0.,0.));
#9456=DIRECTION('',(0.,0.,1.));
#9457=DIRECTION('',(0.,0.,1.));
#9458=DIRECTION('',(0.713729435514712,-0.700421510863174,0.));
#9459=DIRECTION('',(0.700421510863174,0.713729435514712,0.));
#9460=DIRECTION('',(0.,0.,1.));
#9461=DIRECTION('',(0.,0.,-1.));
#9462=DIRECTION('',(-0.0702614259793323,-0.997528612130675,0.));
#9463=DIRECTION('',(0.997528612130675,-0.0702614259793323,0.));
#9464=DIRECTION('',(0.,0.,1.));
#9465=DIRECTION('',(0.,0.,1.));
#9466=DIRECTION('',(-0.827780249786552,-0.561052455714539,0.));
#9467=DIRECTION('',(0.561052455714539,-0.827780249786552,0.));
#9468=DIRECTION('',(0.,0.,1.));
#9469=DIRECTION('',(0.,0.,-1.));
#9470=DIRECTION('',(0.325252346727517,-0.945627257934247,0.));
#9471=DIRECTION('',(0.945627257934247,0.325252346727517,0.));
#9472=DIRECTION('',(0.,0.,-1.));
#9473=DIRECTION('',(0.,0.,1.));
#9474=DIRECTION('',(-0.654872861929172,-0.755739065226018,0.));
#9475=DIRECTION('',(0.755739065226018,-0.654872861929172,0.));
#9476=DIRECTION('',(0.,0.,1.));
#9477=DIRECTION('',(0.,0.,1.));
#9478=DIRECTION('',(-1.,1.6513726523913E-9,0.));
#9479=DIRECTION('',(-1.6513726523913E-9,-1.,0.));
#9480=DIRECTION('',(0.,0.,-1.));
#9481=DIRECTION('',(0.,0.,1.));
#9482=DIRECTION('',(-0.654872861929172,-0.755739065226018,0.));
#9483=DIRECTION('',(0.755739065226018,-0.654872861929172,0.));
#9484=DIRECTION('',(0.,0.,1.));
#9485=DIRECTION('',(0.,0.,1.));
#9486=DIRECTION('',(0.498278055807191,-0.867017288813208,0.));
#9487=DIRECTION('',(0.867017288813208,0.498278055807191,0.));
#9488=DIRECTION('',(0.,0.,1.));
#9489=DIRECTION('',(0.,0.,1.));
#9490=DIRECTION('',(-0.16870259067367,-0.985667000512847,0.));
#9491=DIRECTION('',(0.985667000512847,-0.16870259067367,0.));
#9492=DIRECTION('',(0.,0.,1.));
#9493=DIRECTION('',(0.,0.,1.));
#9494=DIRECTION('',(-0.559043806860588,0.829138119984132,0.));
#9495=DIRECTION('',(-0.829138119984132,-0.559043806860588,0.));
#9496=DIRECTION('',(0.,0.,-1.));
#9497=DIRECTION('',(0.,0.,1.));
#9498=DIRECTION('',(-1.,0.,0.));
#9499=DIRECTION('',(0.,0.,1.));
#9500=DIRECTION('',(0.,0.,1.));
#9501=DIRECTION('',(0.,0.,1.));
#9502=DIRECTION('',(-0.55904385845292,-0.829138085198161,0.));
#9503=DIRECTION('',(0.829138085198161,-0.55904385845292,0.));
#9504=DIRECTION('',(0.,0.,1.));
#9505=DIRECTION('',(0.,0.,1.));
#9506=DIRECTION('',(-1.,1.45173772218804E-9,0.));
#9507=DIRECTION('',(-1.45173772218804E-9,-1.,0.));
#9508=DIRECTION('',(0.,0.,1.));
#9509=DIRECTION('',(0.,0.,-1.));
#9510=DIRECTION('',(0.707106780160012,-0.707106782213083,0.));
#9511=DIRECTION('',(0.707106782213083,0.707106780160012,0.));
#9512=DIRECTION('',(0.,0.,1.));
#9513=DIRECTION('',(0.,0.,1.));
#9514=DIRECTION('',(0.,0.,1.));
#9515=DIRECTION('',(1.,0.,0.));
#9516=DIRECTION('',(0.,0.,1.));
#9517=DIRECTION('',(-0.113294233919082,0.993561481016997,0.));
#9518=DIRECTION('',(-0.993561481016997,-0.113294233919082,0.));
#9519=DIRECTION('',(0.,0.,-1.));
#9520=DIRECTION('',(0.,0.,-1.));
#9521=DIRECTION('',(0.,0.,1.));
#9522=DIRECTION('',(1.,0.,0.));
#9523=DIRECTION('',(0.,0.,1.));
#9524=DIRECTION('',(0.,0.,1.));
#9525=DIRECTION('',(0.730948900926073,0.682432197536844,0.));
#9526=DIRECTION('',(-0.682432197536844,0.730948900926073,0.));
#9527=DIRECTION('',(0.,0.,-1.));
#9528=DIRECTION('',(0.,0.,-1.));
#9529=DIRECTION('',(0.,0.,1.));
#9530=DIRECTION('',(1.,0.,0.));
#9531=DIRECTION('',(0.,0.,1.));
#9532=DIRECTION('',(0.,0.,1.));
#9533=DIRECTION('',(-8.9166746033965E-10,-1.,0.));
#9534=DIRECTION('',(1.,-8.9166746033965E-10,0.));
#9535=DIRECTION('',(0.,0.,1.));
#9536=DIRECTION('',(0.,0.,1.));
#9537=DIRECTION('',(1.,0.,0.));
#9538=DIRECTION('',(0.,0.,1.));
#9539=DIRECTION('',(-0.88859262482947,0.458697228134935,0.));
#9540=DIRECTION('',(-0.458697228134935,-0.88859262482947,0.));
#9541=DIRECTION('',(0.,0.,1.));
#9542=DIRECTION('',(0.,0.,1.));
#9543=DIRECTION('',(0.,0.,1.));
#9544=DIRECTION('',(1.,0.,0.));
#9545=DIRECTION('',(0.,0.,1.));
#9546=DIRECTION('',(0.,0.,1.));
#9547=DIRECTION('',(-0.894117010493572,-0.447833419416236,0.));
#9548=DIRECTION('',(0.447833419416236,-0.894117010493572,0.));
#9549=DIRECTION('',(0.,0.,1.));
#9550=DIRECTION('',(0.,0.,1.));
#9551=DIRECTION('',(0.,0.,1.));
#9552=DIRECTION('',(1.,0.,0.));
#9553=DIRECTION('',(0.,0.,1.));
#9554=DIRECTION('',(0.,0.,1.));
#9555=DIRECTION('',(-0.775948615435214,0.630796120948897,0.));
#9556=DIRECTION('',(-0.630796120948897,-0.775948615435214,0.));
#9557=DIRECTION('',(0.,0.,1.));
#9558=DIRECTION('',(0.,0.,1.));
#9559=DIRECTION('',(0.,0.,1.));
#9560=DIRECTION('',(1.,0.,0.));
#9561=DIRECTION('',(0.,0.,1.));
#9562=DIRECTION('',(0.,0.,1.));
#9563=DIRECTION('',(-0.246859944539586,-0.969051168815101,0.));
#9564=DIRECTION('',(0.969051168815101,-0.246859944539586,0.));
#9565=DIRECTION('',(0.,0.,-1.));
#9566=DIRECTION('',(0.,0.,-1.));
#9567=DIRECTION('',(-0.559043806860588,0.829138119984132,0.));
#9568=DIRECTION('',(-0.829138119984132,-0.559043806860588,0.));
#9569=DIRECTION('',(0.,0.,-1.));
#9570=DIRECTION('',(0.,0.,1.));
#9571=DIRECTION('',(0.,0.,1.));
#9572=DIRECTION('',(1.,0.,0.));
#9573=DIRECTION('',(0.,0.,1.));
#9574=DIRECTION('',(0.,0.,1.));
#9575=DIRECTION('',(-0.230599647953287,-0.973048715308653,0.));
#9576=DIRECTION('',(0.973048715308653,-0.230599647953287,0.));
#9577=DIRECTION('',(0.,0.,1.));
#9578=DIRECTION('',(0.,0.,1.));
#9579=DIRECTION('',(0.,0.,1.));
#9580=DIRECTION('',(1.,0.,0.));
#9581=DIRECTION('',(0.,0.,1.));
#9582=DIRECTION('',(0.,0.,1.));
#9583=DIRECTION('',(0.225097807535225,0.974336172500454,0.));
#9584=DIRECTION('',(-0.974336172500454,0.225097807535225,0.));
#9585=DIRECTION('',(0.,0.,-1.));
#9586=DIRECTION('',(0.,0.,1.));
#9587=DIRECTION('',(0.,0.,1.));
#9588=DIRECTION('',(1.,0.,0.));
#9589=DIRECTION('',(0.,0.,1.));
#9590=DIRECTION('',(0.,0.,1.));
#9591=DIRECTION('',(0.498278055807191,-0.867017288813208,0.));
#9592=DIRECTION('',(0.867017288813208,0.498278055807191,0.));
#9593=DIRECTION('',(0.,0.,1.));
#9594=DIRECTION('',(0.,0.,1.));
#9595=DIRECTION('',(-0.0702614259793322,-0.997528612130675,0.));
#9596=DIRECTION('',(0.997528612130675,-0.0702614259793322,0.));
#9597=DIRECTION('',(0.,0.,-1.));
#9598=DIRECTION('',(0.,0.,1.));
#9599=DIRECTION('',(0.872638431047282,0.488366838206014,0.));
#9600=DIRECTION('',(-0.488366838206014,0.872638431047282,0.));
#9601=DIRECTION('',(0.,0.,-1.));
#9602=DIRECTION('',(0.,0.,-1.));
#9603=DIRECTION('',(0.,0.,1.));
#9604=DIRECTION('',(1.,0.,0.));
#9605=DIRECTION('',(0.,0.,1.));
#9606=DIRECTION('',(0.,0.,1.));
#9607=DIRECTION('',(0.872638431047282,0.488366838206014,0.));
#9608=DIRECTION('',(-0.488366838206014,0.872638431047282,0.));
#9609=DIRECTION('',(0.,0.,1.));
#9610=DIRECTION('',(0.,0.,1.));
#9611=DIRECTION('',(0.,0.,1.));
#9612=DIRECTION('',(1.,0.,0.));
#9613=DIRECTION('',(0.,0.,1.));
#9614=DIRECTION('',(0.,0.,1.));
#9615=DIRECTION('',(-0.55904385845292,-0.829138085198161,0.));
#9616=DIRECTION('',(0.829138085198161,-0.55904385845292,0.));
#9617=DIRECTION('',(0.,0.,-1.));
#9618=DIRECTION('',(0.,0.,1.));
#9619=DIRECTION('',(-0.246859944539586,-0.969051168815101,0.));
#9620=DIRECTION('',(0.969051168815101,-0.246859944539586,0.));
#9621=DIRECTION('',(0.,0.,1.));
#9622=DIRECTION('',(0.,0.,1.));
#9623=DIRECTION('',(-0.742739800768358,-0.669580158274258,0.));
#9624=DIRECTION('',(0.669580158274258,-0.742739800768358,0.));
#9625=DIRECTION('',(0.,0.,1.));
#9626=DIRECTION('',(0.,0.,-1.));
#9627=DIRECTION('',(0.,0.,1.));
#9628=DIRECTION('',(1.,0.,0.));
#9629=DIRECTION('',(0.,0.,1.));
#9630=DIRECTION('',(0.,0.,1.));
#9631=DIRECTION('',(0.326595891808885,0.945164072240137,0.));
#9632=DIRECTION('',(-0.945164072240137,0.326595891808885,0.));
#9633=DIRECTION('',(0.,0.,1.));
#9634=DIRECTION('',(0.,0.,1.));
#9635=DIRECTION('',(-0.698996202319832,0.715125380015597,0.));
#9636=DIRECTION('',(-0.715125380015597,-0.698996202319832,0.));
#9637=DIRECTION('',(0.,0.,1.));
#9638=DIRECTION('',(0.,0.,1.));
#9639=DIRECTION('',(0.576080632380741,-0.817392870653889,0.));
#9640=DIRECTION('',(0.817392870653889,0.576080632380741,0.));
#9641=DIRECTION('',(0.,0.,1.));
#9642=DIRECTION('',(0.,0.,1.));
#9643=DIRECTION('',(0.326595891808885,0.945164072240137,0.));
#9644=DIRECTION('',(-0.945164072240137,0.326595891808885,0.));
#9645=DIRECTION('',(0.,0.,1.));
#9646=DIRECTION('',(0.,0.,1.));
#9647=DIRECTION('',(-0.981220002525307,-0.192891955882658,0.));
#9648=DIRECTION('',(0.192891955882658,-0.981220002525307,0.));
#9649=DIRECTION('',(0.,0.,1.));
#9650=DIRECTION('',(0.,0.,1.));
#9651=DIRECTION('',(0.508004554769677,-0.861354382547197,0.));
#9652=DIRECTION('',(0.861354382547197,0.508004554769677,0.));
#9653=DIRECTION('',(0.,0.,-1.));
#9654=DIRECTION('',(0.,0.,-1.));
#9655=DIRECTION('',(0.,0.,1.));
#9656=DIRECTION('',(1.,0.,0.));
#9657=DIRECTION('',(0.,0.,1.));
#9658=DIRECTION('',(0.,0.,1.));
#9659=DIRECTION('',(0.479342184131773,0.877628093506459,0.));
#9660=DIRECTION('',(-0.877628093506459,0.479342184131773,0.));
#9661=DIRECTION('',(0.,0.,1.));
#9662=DIRECTION('',(0.,0.,-1.));
#9663=DIRECTION('',(-0.98685334971706,0.161618272952712,0.));
#9664=DIRECTION('',(-0.161618272952712,-0.98685334971706,0.));
#9665=DIRECTION('',(0.,0.,1.));
#9666=DIRECTION('',(0.,0.,-1.));
#9667=DIRECTION('',(-0.84916134394845,0.528133517156089,0.));
#9668=DIRECTION('',(-0.528133517156089,-0.849161343948451,0.));
#9669=DIRECTION('',(0.,0.,1.));
#9670=DIRECTION('',(0.,0.,1.));
#9671=DIRECTION('',(0.479342184131773,0.877628093506459,0.));
#9672=DIRECTION('',(-0.877628093506459,0.479342184131773,0.));
#9673=DIRECTION('',(0.,0.,1.));
#9674=DIRECTION('',(0.,0.,1.));
#9675=DIRECTION('',(-0.981220002525307,-0.192891955882658,0.));
#9676=DIRECTION('',(0.192891955882658,-0.981220002525307,0.));
#9677=DIRECTION('',(0.,0.,1.));
#9678=DIRECTION('',(0.,0.,1.));
#9679=DIRECTION('',(0.707106780160012,-0.707106782213083,0.));
#9680=DIRECTION('',(0.707106782213083,0.707106780160012,0.));
#9681=DIRECTION('',(0.,0.,1.));
#9682=DIRECTION('',(0.,0.,1.));
#9683=DIRECTION('',(-0.548050263429223,-0.836445400940886,0.));
#9684=DIRECTION('',(0.836445400940886,-0.548050263429223,0.));
#9685=DIRECTION('',(0.,0.,1.));
#9686=DIRECTION('',(0.,0.,1.));
#9687=DIRECTION('',(0.,0.,1.));
#9688=DIRECTION('',(1.,0.,0.));
#9689=DIRECTION('',(0.,0.,1.));
#9690=DIRECTION('',(0.,0.,1.));
#9691=DIRECTION('',(0.191902368415326,-0.98141402119421,0.));
#9692=DIRECTION('',(0.98141402119421,0.191902368415326,0.));
#9693=DIRECTION('',(0.,0.,-1.));
#9694=DIRECTION('',(0.,0.,1.));
#9695=DIRECTION('',(0.730948900926073,0.682432197536844,0.));
#9696=DIRECTION('',(-0.682432197536844,0.730948900926073,0.));
#9697=DIRECTION('',(0.,0.,-1.));
#9698=DIRECTION('',(0.,0.,1.));
#9699=DIRECTION('',(0.,0.,1.));
#9700=DIRECTION('',(1.,0.,0.));
#9701=DIRECTION('',(0.,0.,1.));
#9702=DIRECTION('',(0.,0.,1.));
#9703=DIRECTION('',(-0.113294233919082,0.993561481016997,0.));
#9704=DIRECTION('',(-0.993561481016997,-0.113294233919082,0.));
#9705=DIRECTION('',(0.,0.,1.));
#9706=DIRECTION('',(0.,0.,1.));
#9707=DIRECTION('',(0.,0.,1.));
#9708=DIRECTION('',(1.,0.,0.));
#9709=DIRECTION('',(0.,0.,1.));
#9710=DIRECTION('',(-0.88859262482947,0.458697228134935,0.));
#9711=DIRECTION('',(-0.458697228134935,-0.88859262482947,0.));
#9712=DIRECTION('',(0.,0.,-1.));
#9713=DIRECTION('',(0.,0.,1.));
#9714=DIRECTION('',(8.9166789807043E-10,1.,0.));
#9715=DIRECTION('',(-1.,8.9166789807043E-10,0.));
#9716=DIRECTION('',(0.,0.,1.));
#9717=DIRECTION('',(0.,0.,1.));
#9718=DIRECTION('',(0.,0.,1.));
#9719=DIRECTION('',(1.,0.,0.));
#9720=DIRECTION('',(0.,0.,1.));
#9721=DIRECTION('',(0.191902368415326,-0.98141402119421,0.));
#9722=DIRECTION('',(0.98141402119421,0.191902368415326,0.));
#9723=DIRECTION('',(0.,0.,1.));
#9724=DIRECTION('',(0.,0.,-1.));
#9725=DIRECTION('',(-0.724908141732335,-0.688845545859282,0.));
#9726=DIRECTION('',(0.688845545859282,-0.724908141732335,0.));
#9727=DIRECTION('',(0.,0.,1.));
#9728=DIRECTION('',(-0.724908141732336,-0.688845545859282,0.));
#9729=DIRECTION('',(0.688845545859282,-0.724908141732336,0.));
#9730=DIRECTION('',(0.,0.,-1.));
#9731=DIRECTION('',(0.,0.,1.));
#9732=DIRECTION('',(-1.,1.65137263441709E-9,0.));
#9733=DIRECTION('',(-1.65137263441709E-9,-1.,0.));
#9734=DIRECTION('',(0.,0.,1.));
#9735=DIRECTION('',(0.,0.,1.));
#9736=DIRECTION('',(0.508004554769677,-0.861354382547197,0.));
#9737=DIRECTION('',(0.861354382547197,0.508004554769677,0.));
#9738=DIRECTION('',(0.,0.,1.));
#9739=DIRECTION('',(0.,0.,1.));
#9740=DIRECTION('',(0.,0.,1.));
#9741=DIRECTION('',(1.,0.,0.));
#9742=DIRECTION('',(0.,0.,1.));
#9743=DIRECTION('',(0.,0.,1.));
#9744=DIRECTION('',(-0.698996202319832,0.715125380015597,0.));
#9745=DIRECTION('',(-0.715125380015597,-0.698996202319832,0.));
#9746=DIRECTION('',(0.,0.,-1.));
#9747=DIRECTION('',(0.,0.,1.));
#9748=DIRECTION('',(0.,0.,1.));
#9749=DIRECTION('',(1.,0.,0.));
#9750=DIRECTION('',(0.,0.,1.));
#9751=DIRECTION('',(0.576080632380742,-0.817392870653889,0.));
#9752=DIRECTION('',(0.817392870653889,0.576080632380742,0.));
#9753=DIRECTION('',(0.,0.,1.));
#9754=DIRECTION('',(0.,0.,1.));
#9755=DIRECTION('',(-0.16870259067367,-0.985667000512847,0.));
#9756=DIRECTION('',(0.985667000512847,-0.16870259067367,0.));
#9757=DIRECTION('',(0.,0.,-1.));
#9758=DIRECTION('',(0.,0.,1.));
#9759=DIRECTION('',(0.,0.,1.));
#9760=DIRECTION('',(1.,0.,0.));
#9761=DIRECTION('',(0.,0.,1.));
#9762=DIRECTION('',(0.,0.,1.));
#9763=DIRECTION('',(1.,0.,0.));
#9764=DIRECTION('',(0.,0.,1.));
#9765=DIRECTION('',(0.,0.,1.));
#9766=DIRECTION('',(1.,0.,0.));
#9767=DIRECTION('',(0.,0.,1.));
#9768=DIRECTION('',(1.,0.,0.));
#9769=DIRECTION('',(0.,0.,1.));
#9770=DIRECTION('',(1.,0.,0.));
#9771=DIRECTION('',(0.,0.,1.));
#9772=DIRECTION('',(1.,0.,0.));
#9773=DIRECTION('',(0.,0.,1.));
#9774=DIRECTION('',(1.,0.,0.));
#9775=DIRECTION('',(0.,0.,1.));
#9776=DIRECTION('',(1.,0.,0.));
#9777=DIRECTION('',(0.,0.,1.));
#9778=DIRECTION('',(1.,0.,0.));
#9779=DIRECTION('',(0.,0.,1.));
#9780=DIRECTION('',(1.,0.,0.));
#9781=DIRECTION('',(0.,0.,1.));
#9782=DIRECTION('',(1.,0.,0.));
#9783=DIRECTION('',(0.,0.,1.));
#9784=DIRECTION('',(1.,0.,0.));
#9785=DIRECTION('',(0.,0.,1.));
#9786=DIRECTION('',(1.,0.,0.));
#9787=DIRECTION('',(0.,0.,1.));
#9788=DIRECTION('',(1.,0.,0.));
#9789=DIRECTION('',(0.,0.,1.));
#9790=DIRECTION('',(1.,0.,0.));
#9791=DIRECTION('',(0.,0.,1.));
#9792=DIRECTION('',(1.,0.,0.));
#9793=DIRECTION('',(0.,0.,-1.));
#9794=DIRECTION('',(-1.,0.,0.));
#9795=DIRECTION('',(0.,0.,1.));
#9796=DIRECTION('',(1.,0.,0.));
#9797=DIRECTION('',(0.,0.,1.));
#9798=DIRECTION('',(1.,0.,0.));
#9799=DIRECTION('',(0.,0.,1.));
#9800=DIRECTION('',(1.,0.,0.));
#9801=DIRECTION('',(0.,0.,1.));
#9802=DIRECTION('',(1.,0.,0.));
#9803=DIRECTION('',(0.,0.,1.));
#9804=DIRECTION('',(1.,0.,0.));
#9805=DIRECTION('',(0.,0.,1.));
#9806=DIRECTION('',(1.,0.,0.));
#9807=DIRECTION('',(0.,0.,1.));
#9808=DIRECTION('',(1.,0.,0.));
#9809=DIRECTION('',(0.,0.,1.));
#9810=DIRECTION('',(1.,0.,0.));
#9811=DIRECTION('',(0.,0.,-1.));
#9812=DIRECTION('',(-1.,0.,0.));
#9813=DIRECTION('',(0.,0.,-1.));
#9814=DIRECTION('',(-1.,0.,0.));
#9815=DIRECTION('',(0.,0.,-1.));
#9816=DIRECTION('',(-1.,0.,0.));
#9817=DIRECTION('',(0.,0.,1.));
#9818=DIRECTION('',(1.,0.,0.));
#9819=DIRECTION('',(0.,0.,1.));
#9820=DIRECTION('',(1.,0.,0.));
#9821=DIRECTION('',(0.,0.,1.));
#9822=DIRECTION('',(1.,0.,0.));
#9823=DIRECTION('',(0.,0.,1.));
#9824=DIRECTION('',(1.,0.,0.));
#9825=DIRECTION('',(0.,0.,1.));
#9826=DIRECTION('',(1.,0.,0.));
#9827=DIRECTION('',(0.,0.,1.));
#9828=DIRECTION('',(1.,0.,0.));
#9829=DIRECTION('',(0.,0.,1.));
#9830=DIRECTION('',(1.,0.,0.));
#9831=DIRECTION('',(0.,0.,1.));
#9832=DIRECTION('',(0.,0.,1.));
#9833=DIRECTION('',(1.,0.,0.));
#9834=DIRECTION('',(0.,0.,1.));
#9835=DIRECTION('',(0.,0.,1.));
#9836=DIRECTION('',(1.,0.,0.));
#9837=DIRECTION('',(0.,0.,1.));
#9838=DIRECTION('',(1.,0.,0.));
#9839=DIRECTION('',(0.,0.,-1.));
#9840=DIRECTION('',(-1.,0.,0.));
#9841=DIRECTION('',(0.,0.,1.));
#9842=DIRECTION('',(1.,0.,0.));
#9843=DIRECTION('',(0.,0.,1.));
#9844=DIRECTION('',(1.,0.,0.));
#9845=DIRECTION('',(0.,0.,-1.));
#9846=DIRECTION('',(-1.,0.,0.));
#9847=DIRECTION('',(0.,0.,1.));
#9848=DIRECTION('',(1.,0.,0.));
#9849=DIRECTION('',(0.,0.,1.));
#9850=DIRECTION('',(1.,0.,0.));
#9851=DIRECTION('',(0.,0.,-1.));
#9852=DIRECTION('',(-1.,0.,0.));
#9853=DIRECTION('',(0.,0.,1.));
#9854=DIRECTION('',(1.,0.,0.));
#9855=DIRECTION('',(0.,0.,-1.));
#9856=DIRECTION('',(-1.,0.,0.));
#9857=DIRECTION('',(0.,0.,-1.));
#9858=DIRECTION('',(-1.,0.,0.));
#9859=DIRECTION('',(0.,0.,-1.));
#9860=DIRECTION('',(-1.,0.,0.));
#9861=DIRECTION('',(0.,0.,1.));
#9862=DIRECTION('',(1.,0.,0.));
#9863=DIRECTION('',(0.,0.,-1.));
#9864=DIRECTION('',(-1.,0.,0.));
#9865=DIRECTION('',(0.,0.,1.));
#9866=DIRECTION('',(1.,0.,0.));
#9867=DIRECTION('',(0.,0.,1.));
#9868=DIRECTION('',(1.,0.,0.));
#9869=DIRECTION('',(0.,0.,1.));
#9870=DIRECTION('',(1.,0.,0.));
#9871=DIRECTION('',(0.,0.,1.));
#9872=DIRECTION('',(1.,0.,0.));
#9873=DIRECTION('',(0.,0.,1.));
#9874=DIRECTION('',(1.,0.,0.));
#9875=DIRECTION('',(0.,0.,1.));
#9876=DIRECTION('',(1.,0.,0.));
#9877=DIRECTION('',(0.,0.,1.));
#9878=DIRECTION('',(1.,0.,0.));
#9879=DIRECTION('',(0.,0.,1.));
#9880=DIRECTION('',(1.,0.,0.));
#9881=DIRECTION('',(0.,0.,1.));
#9882=DIRECTION('',(1.,0.,0.));
#9883=DIRECTION('',(0.,0.,1.));
#9884=DIRECTION('',(1.,0.,0.));
#9885=DIRECTION('',(0.,0.,-1.));
#9886=DIRECTION('',(-1.,0.,0.));
#9887=DIRECTION('',(0.,0.,1.));
#9888=DIRECTION('',(1.,0.,0.));
#9889=DIRECTION('',(0.,0.,1.));
#9890=DIRECTION('',(1.,0.,0.));
#9891=DIRECTION('',(0.,0.,1.));
#9892=DIRECTION('',(1.,0.,0.));
#9893=DIRECTION('',(0.,0.,1.));
#9894=DIRECTION('',(1.,0.,0.));
#9895=DIRECTION('',(0.,0.,1.));
#9896=DIRECTION('',(1.,0.,0.));
#9897=DIRECTION('',(0.,0.,1.));
#9898=DIRECTION('',(1.,0.,0.));
#9899=DIRECTION('',(0.,0.,1.));
#9900=DIRECTION('',(1.,0.,0.));
#9901=DIRECTION('',(0.,0.,1.));
#9902=DIRECTION('',(1.,0.,0.));
#9903=DIRECTION('',(0.,0.,-1.));
#9904=DIRECTION('',(-1.,0.,0.));
#9905=DIRECTION('',(0.,0.,-1.));
#9906=DIRECTION('',(-1.,0.,0.));
#9907=DIRECTION('',(0.,0.,1.));
#9908=DIRECTION('',(1.,0.,0.));
#9909=DIRECTION('',(0.,0.,1.));
#9910=DIRECTION('',(1.,0.,0.));
#9911=DIRECTION('',(0.,0.,1.));
#9912=DIRECTION('',(1.,0.,0.));
#9913=DIRECTION('',(0.,0.,1.));
#9914=DIRECTION('',(1.,0.,0.));
#9915=DIRECTION('',(0.,0.,1.));
#9916=DIRECTION('',(1.,0.,0.));
#9917=DIRECTION('',(0.,0.,1.));
#9918=DIRECTION('',(0.,0.,1.));
#9919=DIRECTION('',(1.,0.,0.));
#9920=DIRECTION('',(0.,0.,-1.));
#9921=DIRECTION('',(-1.,0.,0.));
#9922=DIRECTION('',(0.,0.,1.));
#9923=DIRECTION('',(1.,0.,0.));
#9924=DIRECTION('',(0.,0.,1.));
#9925=DIRECTION('',(1.,0.,0.));
#9926=DIRECTION('',(0.,0.,1.));
#9927=DIRECTION('',(1.,0.,0.));
#9928=DIRECTION('',(0.,0.,1.));
#9929=DIRECTION('',(0.,0.,1.));
#9930=DIRECTION('',(1.,0.,0.));
#9931=DIRECTION('',(0.,0.,1.));
#9932=DIRECTION('',(1.,0.,0.));
#9933=DIRECTION('',(0.,0.,1.));
#9934=DIRECTION('',(1.,0.,0.));
#9935=DIRECTION('',(0.,0.,1.));
#9936=DIRECTION('',(1.,0.,0.));
#9937=DIRECTION('',(0.,0.,1.));
#9938=DIRECTION('',(1.,0.,0.));
#9939=DIRECTION('',(0.,0.,1.));
#9940=DIRECTION('',(1.,0.,0.));
#9941=DIRECTION('',(0.,0.,1.));
#9942=DIRECTION('',(1.,0.,0.));
#9943=DIRECTION('',(0.,0.,1.));
#9944=DIRECTION('',(1.,0.,0.));
#9945=DIRECTION('',(0.,0.,1.));
#9946=DIRECTION('',(1.,0.,0.));
#9947=DIRECTION('',(0.,0.,1.));
#9948=DIRECTION('',(1.,0.,0.));
#9949=DIRECTION('',(0.,0.,1.));
#9950=DIRECTION('',(1.,0.,0.));
#9951=DIRECTION('',(0.,0.,1.));
#9952=DIRECTION('',(1.,0.,0.));
#9953=DIRECTION('',(0.,0.,-1.));
#9954=DIRECTION('',(-1.,0.,0.));
#9955=DIRECTION('',(0.,0.,1.));
#9956=DIRECTION('',(1.,0.,0.));
#9957=DIRECTION('',(0.,0.,1.));
#9958=DIRECTION('',(1.,0.,0.));
#9959=DIRECTION('',(0.,0.,1.));
#9960=DIRECTION('',(1.,0.,0.));
#9961=DIRECTION('',(0.,0.,-1.));
#9962=DIRECTION('',(-1.,0.,0.));
#9963=DIRECTION('',(0.,0.,-1.));
#9964=DIRECTION('',(-1.,0.,0.));
#9965=DIRECTION('',(0.,0.,1.));
#9966=DIRECTION('',(1.,0.,0.));
#9967=DIRECTION('',(0.,0.,-1.));
#9968=DIRECTION('',(-1.,0.,0.));
#9969=DIRECTION('',(-0.0871557427476581,1.26527293570507E-10,-0.996194698091746));
#9970=DIRECTION('',(0.996194698091746,1.10697038140359E-11,-0.0871557427476581));
#9971=DIRECTION('',(0.,1.,0.));
#9972=DIRECTION('',(0.,0.,1.));
#9973=DIRECTION('',(0.,0.,-1.));
#9974=DIRECTION('',(-1.,0.,0.));
#9975=CARTESIAN_POINT('',(0.,0.,0.));
#9976=CARTESIAN_POINT('',(0.0532370034916175,0.0144693313901364,-0.025));
#9977=CARTESIAN_POINT('',(0.0512025299587061,0.0122645825509525,-0.005));
#9978=CARTESIAN_POINT('',(0.0512025299587061,0.0122645825509525,-0.005));
#9979=CARTESIAN_POINT('',(0.0512025299587061,0.0122645825509525,0.));
#9980=CARTESIAN_POINT('',(0.0532370034916175,0.0144693313901364,-0.005));
#9981=CARTESIAN_POINT('',(0.0510622790664205,0.0124027947525585,-0.005));
#9982=CARTESIAN_POINT('',(0.0510622790664205,0.0124027947525585,-0.025));
#9983=CARTESIAN_POINT('',(0.0510622790664205,0.0124027947525585,0.));
#9984=CARTESIAN_POINT('',(0.0532370034916175,0.0144693313901364,0.));
#9985=CARTESIAN_POINT('',(0.00605538192126926,0.0410931250964076,-0.025));
#9986=CARTESIAN_POINT('',(0.0090553287482575,0.0411109866540983,-0.005));
#9987=CARTESIAN_POINT('',(0.0090553287482575,0.0411109866540983,-0.005));
#9988=CARTESIAN_POINT('',(0.0090553287482575,0.0411109866540983,0.));
#9989=CARTESIAN_POINT('',(0.00605538192126926,0.0410931250964076,-0.005));
#9990=CARTESIAN_POINT('',(0.00703113896145181,0.0382562433226049,-0.005));
#9991=CARTESIAN_POINT('',(0.00703113896145181,0.0382562433226048,-0.025));
#9992=CARTESIAN_POINT('',(0.00703113896145181,0.0382562433226048,0.));
#9993=CARTESIAN_POINT('',(0.00605538192126926,0.0410931250964076,0.));
#9994=CARTESIAN_POINT('',(0.,0.,-0.005));
#9995=CARTESIAN_POINT('',(0.0527753160001063,0.0140324232151604,-0.005));
#9996=CARTESIAN_POINT('',(0.0548779065176391,0.0129470524666915,-0.005));
#9997=CARTESIAN_POINT('',(0.0380542687672451,-0.0196438582928674,-0.005));
#9998=CARTESIAN_POINT('',(0.0664616729187144,0.0353872347054099,-0.005));
#9999=CARTESIAN_POINT('',(0.063795895044226,0.0367633263898147,-0.005));
#10000=CARTESIAN_POINT('',(0.063795895046901,0.0397633263898147,-0.005));
#10001=CARTESIAN_POINT('',(3.54556817130168E-11,0.0397633264466994,-0.005));
#10002=CARTESIAN_POINT('',(0.0616388453793019,0.0397633263917381,-0.005));
#10003=CARTESIAN_POINT('',(0.0616388453793019,0.0472633263917381,-0.005));
#10004=CARTESIAN_POINT('',(0.0567491439871646,0.0415764273865042,-0.005));
#10005=CARTESIAN_POINT('',(0.0547932634303097,0.0393016677844105,-0.005));
#10006=CARTESIAN_POINT('',(0.0542175563250638,0.0422459098479932,-0.005));
#10007=CARTESIAN_POINT('',(-0.00595976808155645,0.0304790399754029,-0.005));
#10008=CARTESIAN_POINT('',(0.0330056748313034,0.0380982104985947,-0.005));
#10009=CARTESIAN_POINT('',(0.0335813819365494,0.035153968435012,-0.005));
#10010=CARTESIAN_POINT('',(0.0314066575113524,0.0330874317974342,-0.005));
#10011=CARTESIAN_POINT('',(0.0330261420429111,0.0313831636499614,-0.005));
#10012=CARTESIAN_POINT('',(0.00666168911379073,0.0410291206146253,-0.005));
#10013=CARTESIAN_POINT('',(0.00601998984316964,0.0433365942968573,-0.005));
#10014=CARTESIAN_POINT('',(0.00363771929746047,0.0504481895501775,-0.005));
#10015=CARTESIAN_POINT('',(-0.00314636474335222,0.0472503459443721,-0.005));
#10016=CARTESIAN_POINT('',(-0.00585999835967729,0.0459712085020499,-0.005));
#10017=CARTESIAN_POINT('',(-0.00518470493707161,0.0488942170195513,-0.005));
#10018=CARTESIAN_POINT('',(0.0104608215195816,0.0452796804740292,-0.005));
#10019=CARTESIAN_POINT('',(-0.0361922275520782,0.0560577870015881,-0.005));
#10020=CARTESIAN_POINT('',(-0.0368675209746839,0.0531347784840868,-0.005));
#10021=CARTESIAN_POINT('',(-0.0393508617240436,0.0514516211169431,-0.005));
#10022=CARTESIAN_POINT('',(-0.00306842226100795,-0.00207971360170961,-0.005));
#10023=CARTESIAN_POINT('',(-0.0246175724292907,0.0297140353201647,-0.005));
#10024=CARTESIAN_POINT('',(-0.0221342316799311,0.0313971926873083,-0.005));
#10025=CARTESIAN_POINT('',(-0.0211584746397485,0.0285603109135056,-0.005));
#10026=CARTESIAN_POINT('',(-0.0110225587498546,0.0320466004655037,-0.005));
#10027=CARTESIAN_POINT('',(-0.0730849267355943,-0.0386273843471059,-0.005));
#10028=CARTESIAN_POINT('',(-0.0735330506706417,-0.0127161819862676,-0.005));
#10029=CARTESIAN_POINT('',(-0.0730849268238539,-0.064542461480803,-0.005));
#10030=CARTESIAN_POINT('',(-0.0735849267194027,-0.00971663054054026,-0.005));
#10031=CARTESIAN_POINT('',(-0.0714453440327213,-0.0118195299501301,-0.005));
#10032=CARTESIAN_POINT('',(-0.0737640380369829,-0.00932887723773891,-0.005));
#10033=CARTESIAN_POINT('',(-0.0717277838622598,-0.00660245801922845,-0.005));
#10034=CARTESIAN_POINT('',(-0.0670849267194027,-0.000712307125488936,-0.005));
#10035=CARTESIAN_POINT('',(-0.0740130166606541,0.0021602474459563,-0.005));
#10036=CARTESIAN_POINT('',(-0.0767842526371547,0.0033092692745344,-0.005));
#10037=CARTESIAN_POINT('',(-0.0741663373440128,0.00477436978915244,-0.005));
#10038=CARTESIAN_POINT('',(-0.0544428229901772,-0.0304685977384852,-0.005));
#10039=CARTESIAN_POINT('',(-0.0820339691785593,0.0188326500879881,-0.005));
#10040=CARTESIAN_POINT('',(-0.0846518844717011,0.0173675495733701,-0.005));
#10041=CARTESIAN_POINT('',(-0.0841818919900261,0.0203305053724276,-0.005));
#10042=CARTESIAN_POINT('',(-0.0830069107858384,0.0277378948700716,-0.005));
#10043=CARTESIAN_POINT('',(-0.0904862199907904,0.0271811778713005,-0.005));
#10044=CARTESIAN_POINT('',(-0.0934779436727712,0.0269584910717921,-0.005));
#10045=CARTESIAN_POINT('',(-0.0918008120974124,0.0294459053273865,-0.005));
#10046=CARTESIAN_POINT('',(-0.0150416109357015,-0.022308755030485,-0.005));
#10047=CARTESIAN_POINT('',(-0.101956653504585,0.0362934508297077,-0.005));
#10048=CARTESIAN_POINT('',(-0.1,0.0391954341279013,-0.005));
#10049=CARTESIAN_POINT('',(-0.103104920698565,0.0375800495125166,-0.005));
#10050=CARTESIAN_POINT('',(-0.105766281297335,0.0361954341279012,-0.005));
#10051=CARTESIAN_POINT('',(-0.105766281297335,0.0391954341279012,-0.005));
#10052=CARTESIAN_POINT('',(-0.097947315288901,0.0391954341279012,-0.005));
#10053=CARTESIAN_POINT('',(-0.121861671224002,0.0391954341279012,-0.005));
#10054=CARTESIAN_POINT('',(-0.121861671224002,0.0491954341544191,-0.005));
#10055=CARTESIAN_POINT('',(-0.121861671224002,0.05919543,-0.00499999999873474));
#10056=CARTESIAN_POINT('',(-0.0990355657173392,0.0591954341279012,-0.005));
#10057=CARTESIAN_POINT('',(-0.105766281297335,0.0591954341279012,-0.005));
#10058=CARTESIAN_POINT('',(-0.105766281297335,0.0621954341279012,-0.005));
#10059=CARTESIAN_POINT('',(-0.103104920698565,0.0608108187432858,-0.005));
#10060=CARTESIAN_POINT('',(-0.1,0.0591954341279012,-0.005));
#10061=CARTESIAN_POINT('',(-0.101956653324012,0.0620974175478457,-0.005));
#10062=CARTESIAN_POINT('',(-0.060648186964949,0.0899495229237089,-0.005));
#10063=CARTESIAN_POINT('',(-0.0918008121413905,0.0689449619795418,-0.005));
#10064=CARTESIAN_POINT('',(-0.0934779435619722,0.0714323763394942,-0.005));
#10065=CARTESIAN_POINT('',(-0.0904862198938479,0.0712096893538286,-0.005));
#10066=CARTESIAN_POINT('',(-0.0830069107235371,0.0706529718896647,-0.005));
#10067=CARTESIAN_POINT('',(-0.0762048657407695,0.0738124313453954,-0.005));
#10068=CARTESIAN_POINT('',(-0.0734840477476625,0.0750762151276877,-0.005));
#10069=CARTESIAN_POINT('',(-0.0741758466915224,0.0721570689817617,-0.005));
#10070=CARTESIAN_POINT('',(0.0122465521572623,0.0516761059669894,-0.005));
#10071=CARTESIAN_POINT('',(-0.0587556198964844,0.0685026796234985,-0.005));
#10072=CARTESIAN_POINT('',(-0.0580638209526245,0.0714218257694245,-0.005));
#10073=CARTESIAN_POINT('',(-0.0561995159376297,0.0690714286091418,-0.005));
#10074=CARTESIAN_POINT('',(-0.0515387534001426,0.0631954357084349,-0.005));
#10075=CARTESIAN_POINT('',(-0.0447546693593299,0.0663932793142403,-0.005));
#10076=CARTESIAN_POINT('',(-0.0420410357430048,0.0676724167565625,-0.005));
#10077=CARTESIAN_POINT('',(-0.0427163291656105,0.0647494082390611,-0.005));
#10078=CARTESIAN_POINT('',(0.0120365061723282,0.0521000336815324,-0.005));
#10079=CARTESIAN_POINT('',(-0.00368083598011724,0.0557311615803529,-0.005));
#10080=CARTESIAN_POINT('',(-0.00300554255751156,0.0586541700978543,-0.005));
#10081=CARTESIAN_POINT('',(-0.000884222217031511,0.0565328497512151,-0.005));
#10082=CARTESIAN_POINT('',(-0.0287085359828396,0.0287085360661943,-0.005));
#10083=CARTESIAN_POINT('',(0.00724117409767083,0.0646582460423255,-0.005));
#10084=CARTESIAN_POINT('',(0.0125444749488709,0.0593549451757274,-0.005));
#10085=CARTESIAN_POINT('',(0.0178706930510726,0.0646352293279089,-0.005));
#10086=CARTESIAN_POINT('',(0.0200011802919533,0.0667473429887815,-0.005));
#10087=CARTESIAN_POINT('',(0.0203410629937105,0.0637666585457305,-0.005));
#10088=CARTESIAN_POINT('',(-0.00691679091561145,0.0606584888592669,-0.005));
#10089=CARTESIAN_POINT('',(0.0381226597823133,0.0657942657190286,-0.005));
#10090=CARTESIAN_POINT('',(0.037782777080556,0.0687749501620796,-0.005));
#10091=CARTESIAN_POINT('',(0.0403340714759935,0.0671966926077466,-0.005));
#10092=CARTESIAN_POINT('',(0.0467123074645873,0.063251048721914,-0.005));
#10093=CARTESIAN_POINT('',(0.0541256274085539,0.0621140846026971,-0.005));
#10094=CARTESIAN_POINT('',(0.0570909553861406,0.0616592989550103,-0.005));
#10095=CARTESIAN_POINT('',(0.0548981086833623,0.0596120023623998,-0.005));
#10096=CARTESIAN_POINT('',(0.0590671488470052,0.0551465692592572,-0.005));
#10097=CARTESIAN_POINT('',(0.0585696864670096,0.0556793981340117,-0.005));
#10098=CARTESIAN_POINT('',(0.0607625331697878,0.0577266947266223,-0.005));
#10099=CARTESIAN_POINT('',(0.0610129080867918,0.0547371609166553,-0.005));
#10100=CARTESIAN_POINT('',(0.0616388453793018,0.0472633263917384,-0.005));
#10101=CARTESIAN_POINT('',(0.0616388453726144,0.0547633263917381,-0.005));
#10102=CARTESIAN_POINT('',(4.88306762124797E-11,0.0547633264466994,-0.005));
#10103=CARTESIAN_POINT('',(0.0765310006190442,0.0547633263784592,-0.005));
#10104=CARTESIAN_POINT('',(0.0765310006190442,0.0472633263784514,-0.005));
#10105=CARTESIAN_POINT('',(0.0779548133460658,0.039899716033086,-0.005));
#10106=CARTESIAN_POINT('',(0.0785243384368745,0.0369542718949399,-0.005));
#10107=CARTESIAN_POINT('',(0.0758585605623861,0.0383303635793448,-0.005));
#10108=CARTESIAN_POINT('',(0.0442744171410514,-0.0228547388898119,-0.005));
#10109=CARTESIAN_POINT('',(0.0610980548914454,0.00973617186974698,-0.005));
#10110=CARTESIAN_POINT('',(0.0637638327659338,0.00836008018534218,-0.005));
#10111=CARTESIAN_POINT('',(0.06103287096452,0.00711836860884035,-0.005));
#10112=CARTESIAN_POINT('',(0.0542054664609855,0.00401408966758577,-0.005));
#10113=CARTESIAN_POINT('',(0.0609945304253266,0.000826832149266155,-0.005));
#10114=CARTESIAN_POINT('',(0.0637101560110631,-0.000448070858061692,-0.005));
#10115=CARTESIAN_POINT('',(0.0610278049795823,-0.00179157111631039,-0.005));
#10116=CARTESIAN_POINT('',(0.0480710146887374,0.0240771695764758,-0.005));
#10117=CARTESIAN_POINT('',(0.0846231064850409,-0.0489005172759241,-0.005));
#10118=CARTESIAN_POINT('',(0.0873054575165217,-0.0475570170176754,-0.005));
#10119=CARTESIAN_POINT('',(0.086700077063282,-0.0504953012971207,-0.005));
#10120=CARTESIAN_POINT('',(0.0851866259301828,-0.0578410119957339,-0.005));
#10121=CARTESIAN_POINT('',(0.0850737601662717,-0.0653401627022697,-0.005));
#10122=CARTESIAN_POINT('',(0.0850286138607073,-0.068339822984884,-0.005));
#10123=CARTESIAN_POINT('',(0.0827007680144017,-0.0664474346220374,-0.005));
#10124=CARTESIAN_POINT('',(0.0823175412236857,-0.066918845729015,-0.005));
#10125=CARTESIAN_POINT('',(0.065335072569911,-0.0878091502203388,-0.005));
#10126=CARTESIAN_POINT('',(0.0676629184162167,-0.0897015385831855,-0.005));
#10127=CARTESIAN_POINT('',(0.0647356772533215,-0.0903582418451325,-0.005));
#10128=CARTESIAN_POINT('',(0.0574175743460834,-0.092,-0.005));
#10129=CARTESIAN_POINT('',(0.0505635812812169,-0.0950451238179689,-0.005));
#10130=CARTESIAN_POINT('',(0.0478219840552703,-0.0962631733451565,-0.005));
#10131=CARTESIAN_POINT('',(0.048562563888889,-0.0933560198387112,-0.005));
#10132=CARTESIAN_POINT('',(-0.0193732248955226,-0.0760497871120338,-0.005));
#10133=CARTESIAN_POINT('',(-0.01707267622194,-0.0766358380206413,-0.005));
#10134=CARTESIAN_POINT('',(-0.0178132560555588,-0.0795429915270866,-0.005));
#10135=CARTESIAN_POINT('',(-0.0204680569593895,-0.0781458400818167,-0.005));
#10136=CARTESIAN_POINT('',(-0.042516246714971,-0.0665424614110673,-0.005));
#10137=CARTESIAN_POINT('',(-0.0425162466841335,-0.0914575385346672,-0.005));
#10138=CARTESIAN_POINT('',(5.60015911537987E-18,-0.0914575385346672,-0.005));
#10139=CARTESIAN_POINT('',(-0.0685424614808028,-0.0914575385346672,-0.005));
#10140=CARTESIAN_POINT('',(-0.0685424614808028,-0.1,-0.005));
#10141=CARTESIAN_POINT('',(-0.0770849229461356,-0.1,-0.005));
#10142=CARTESIAN_POINT('',(-0.095,-0.1,-0.005));
#10143=CARTESIAN_POINT('',(-0.10000000001547,-0.1,-0.005));
#10144=CARTESIAN_POINT('',(-0.0685424614808028,-0.1,-0.005));
#10145=CARTESIAN_POINT('',(-0.0685424614808028,-0.0685424614808028,-0.005));
#10146=CARTESIAN_POINT('',(1.57063580939447E-10,-0.0685424613136422,-0.005));
#10147=CARTESIAN_POINT('',(-0.0425162467103881,-0.0685424614110673,-0.005));
#10148=CARTESIAN_POINT('',(-0.042516246714971,-0.0665424614110673,-0.005));
#10149=CARTESIAN_POINT('',(-0.0425162467103881,-0.0645424614110673,-0.005));
#10150=CARTESIAN_POINT('',(1.47897726135861E-10,-0.0645424613136422,-0.005));
#10151=CARTESIAN_POINT('',(-0.042516246714971,-0.0665424614110673,-0.005));
#10152=CARTESIAN_POINT('',(-0.0176037643448256,-0.0669020309205193,-0.005));
#10153=CARTESIAN_POINT('',(-0.0194566110500825,-0.0571077239437323,-0.005));
#10154=CARTESIAN_POINT('',(-0.0146040767765441,-0.0669453263324903,-0.005));
#10155=CARTESIAN_POINT('',(-0.0153446566101629,-0.0698524798389356,-0.005));
#10156=CARTESIAN_POINT('',(-0.0176452052837455,-0.0692664289303281,-0.005));
#10157=CARTESIAN_POINT('',(0.0374671382970417,-0.0833059662815241,-0.005));
#10158=CARTESIAN_POINT('',(0.0382077181306604,-0.0803988127750788,-0.005));
#10159=CARTESIAN_POINT('',(0.0404359375329655,-0.078390072300256,-0.005));
#10160=CARTESIAN_POINT('',(-0.0166782644367649,-0.0150354605068375,-0.005));
#10161=CARTESIAN_POINT('',(0.0325704328940599,-0.0696651671843393,-0.005));
#10162=CARTESIAN_POINT('',(0.0303422134917548,-0.0716739076591621,-0.005));
#10163=CARTESIAN_POINT('',(0.0301440161403917,-0.0686804618504138,-0.005));
#10164=CARTESIAN_POINT('',(0.029648522761984,-0.0611968473285431,-0.005));
#10165=CARTESIAN_POINT('',(0.0225650256880356,-0.0636614100084854,-0.005));
#10166=CARTESIAN_POINT('',(0.0197316268584562,-0.0646472350804623,-0.005));
#10167=CARTESIAN_POINT('',(0.0207114145338829,-0.0618117428637419,-0.005));
#10168=CARTESIAN_POINT('',(-0.0168712826418157,-0.0488252626734941,-0.005));
#10169=CARTESIAN_POINT('',(-0.0127476100335249,-0.0502501735144665,-0.005));
#10170=CARTESIAN_POINT('',(-0.0137273977089515,-0.0530856657311869,-0.005));
#10171=CARTESIAN_POINT('',(-0.0158243863159111,-0.0509402895911401,-0.005));
#10172=CARTESIAN_POINT('',(0.0177317917634782,-0.0181409488079203,-0.005));
#10173=CARTESIAN_POINT('',(-0.0187770115432874,-0.0538263203187376,-0.005));
#10174=CARTESIAN_POINT('',(-0.0166800229363279,-0.0559716964587844,-0.005));
#10175=CARTESIAN_POINT('',(-0.0670849267194027,-0.000712307125488945,-0.005));
#10176=CARTESIAN_POINT('',(-0.0708349267194027,-0.000712307125488945,-0.005));
#10177=CARTESIAN_POINT('',(0.0542054664609855,0.00401408966758576,-0.005));
#10178=CARTESIAN_POINT('',(0.0562054664609855,0.00401408966758576,-0.005));
#10179=CARTESIAN_POINT('',(0.0458517283257138,-0.0285173538820612,-0.005));
#10180=CARTESIAN_POINT('',(0.0418815340641997,-0.0349008447708763,-0.005));
#10181=CARTESIAN_POINT('',(0.0326807534695587,-0.0496943523997646,-0.005));
#10182=CARTESIAN_POINT('',(0.0393340500323544,-0.0333164442194081,-0.005));
#10183=CARTESIAN_POINT('',(0.0407720765847497,-0.0306835599388886,-0.005));
#10184=CARTESIAN_POINT('',(-0.00353993146963457,-0.00648126413590349,-0.005));
#10185=CARTESIAN_POINT('',(0.0262717163883763,-0.0227637652346688,-0.005));
#10186=CARTESIAN_POINT('',(0.0248336898359809,-0.0253966495151881,-0.005));
#10187=CARTESIAN_POINT('',(0.0239405194773119,-0.0225326930367487,-0.005));
#10188=CARTESIAN_POINT('',(0.0255969052468395,-0.02503396994715,-0.005));
#10189=CARTESIAN_POINT('',(0.0226532452392636,-0.025612645814798,-0.005));
#10190=CARTESIAN_POINT('',(0.016962687727585,0.00333458959701164,-0.005));
#10191=CARTESIAN_POINT('',(0.0271896094301374,-0.0486886277159443,-0.005));
#10192=CARTESIAN_POINT('',(0.0301332694377133,-0.0481099518482963,-0.005));
#10193=CARTESIAN_POINT('',(0.0163014451989947,-0.0231298959521466,-0.005));
#10194=CARTESIAN_POINT('',(-0.00723689173378311,-0.0397192014284447,-0.005));
#10195=CARTESIAN_POINT('',(0.0114058710130476,-0.0265801896532052,-0.005));
#10196=CARTESIAN_POINT('',(-0.00550864983664088,-0.0421713800404065,-0.005));
#10197=CARTESIAN_POINT('',(-0.00648843751206753,-0.0450068722571269,-0.005));
#10198=CARTESIAN_POINT('',(-0.0145851113991535,-0.0422091141678131,-0.005));
#10199=CARTESIAN_POINT('',(0.0162841467712625,-0.0528758049548961,-0.005));
#10200=CARTESIAN_POINT('',(0.0172639344466891,-0.0500403127381757,-0.005));
#10201=CARTESIAN_POINT('',(0.0202075944542651,-0.0494616368705277,-0.005));
#10202=CARTESIAN_POINT('',(0.0100941477099078,0.00198434590583304,-0.005));
#10203=CARTESIAN_POINT('',(0.0160777729177657,-0.0284536923975189,-0.005));
#10204=CARTESIAN_POINT('',(0.0131341129101898,-0.0290323682651668,-0.005));
#10205=CARTESIAN_POINT('',(-0.0865069108261066,1.25585345676216E-10,-0.005));
#10206=CARTESIAN_POINT('',(-0.0865069107412802,0.0584309011467128,-0.005));
#10207=CARTESIAN_POINT('',(-0.0865069107680952,0.0399599664976121,-0.005));
#10208=CARTESIAN_POINT('',(-0.0895069107412802,0.0584309011510681,-0.005));
#10209=CARTESIAN_POINT('',(-0.091184042161862,0.0609183155110204,-0.005));
#10210=CARTESIAN_POINT('',(-0.0567348803169249,0.08414555608382,-0.005));
#10211=CARTESIAN_POINT('',(-0.0951771314205818,0.0582259874579193,-0.005));
#10212=CARTESIAN_POINT('',(-0.0935,0.0557385730979669,-0.005));
#10213=CARTESIAN_POINT('',(-0.0965,0.0557385730979669,-0.005));
#10214=CARTESIAN_POINT('',(-0.0965,0.,-0.005));
#10215=CARTESIAN_POINT('',(-0.0965,0.0426522948984097,-0.005));
#10216=CARTESIAN_POINT('',(-0.0935,0.0426522948984097,-0.005));
#10217=CARTESIAN_POINT('',(-0.0951771315753588,0.0401648806428152,-0.005));
#10218=CARTESIAN_POINT('',(-0.0111283039265311,-0.0165047884340978,-0.005));
#10219=CARTESIAN_POINT('',(-0.091184042343454,0.0374725522463728,-0.005));
#10220=CARTESIAN_POINT('',(-0.0895069107680952,0.0399599665019673,-0.005));
#10221=CARTESIAN_POINT('',(-0.00874579232276202,0.0254272096599639,-0.005));
#10222=CARTESIAN_POINT('',(-0.0129159276304474,0.0239928746367128,-0.005));
#10223=CARTESIAN_POINT('',(0.0140528485442839,0.0332688950407381,-0.005));
#10224=CARTESIAN_POINT('',(-0.0119401705902649,0.0211559928629101,-0.005));
#10225=CARTESIAN_POINT('',(-0.0139047891760524,0.018888775667232,-0.005));
#10226=CARTESIAN_POINT('',(0.0033851141708621,0.00390650333506621,-0.005));
#10227=CARTESIAN_POINT('',(0.0122476888114813,-0.0037732103201058,-0.005));
#10228=CARTESIAN_POINT('',(0.0142123073972688,-0.00150599312442774,-0.005));
#10229=CARTESIAN_POINT('',(0.0172123073972688,-0.00150599312938186,-0.005));
#10230=CARTESIAN_POINT('',(0.0172123073997557,-2.8423933724509E-11,-0.005));
#10231=CARTESIAN_POINT('',(0.0172123074509722,0.0310144787591276,-0.005));
#10232=CARTESIAN_POINT('',(0.014828264204801,0.0310144787630645,-0.005));
#10233=CARTESIAN_POINT('',(0.0418121956152824,0.0209423356405622,-0.005));
#10234=CARTESIAN_POINT('',(0.0600601143845571,-0.0154903508681434,-0.005));
#10235=CARTESIAN_POINT('',(0.0699892700869691,-0.0353143001949677,-0.005));
#10236=CARTESIAN_POINT('',(0.0573777633530764,-0.0168338511263921,-0.005));
#10237=CARTESIAN_POINT('',(0.0544172033039252,-0.016348996307534,-0.005));
#10238=CARTESIAN_POINT('',(0.0556033597860037,-0.00910623547212842,-0.005));
#10239=CARTESIAN_POINT('',(0.0525842035864442,-0.0275414306664617,-0.005));
#10240=CARTESIAN_POINT('',(0.0555447636355954,-0.0280262854853198,-0.005));
#10241=CARTESIAN_POINT('',(0.0537698792145978,-0.0304449184240064,-0.005));
#10242=CARTESIAN_POINT('',(0.00429921150527126,0.00585853052402411,-0.005));
#10243=CARTESIAN_POINT('',(0.0655320346344908,-0.0390764333919029,-0.005));
#10244=CARTESIAN_POINT('',(0.0673069190554884,-0.0366578004532164,-0.005));
#10245=CARTESIAN_POINT('',(-0.062629832062168,0.0485021356441177,-0.005));
#10246=CARTESIAN_POINT('',(-0.0627868589162422,0.0560004916350733,-0.005));
#10247=CARTESIAN_POINT('',(-0.07006916425812,0.0475501185863544,-0.005));
#10248=CARTESIAN_POINT('',(-0.0628496696578719,0.0589998340314555,-0.005));
#10249=CARTESIAN_POINT('',(-0.0604552429115912,0.0571924268950594,-0.005));
#10250=CARTESIAN_POINT('',(-0.0660131883809123,0.0498293413909004,-0.005));
#10251=CARTESIAN_POINT('',(-0.059300338292041,0.0587224277757509,-0.005));
#10252=CARTESIAN_POINT('',(-0.060804360165784,0.0598577224228398,-0.005));
#10253=CARTESIAN_POINT('',(-0.0603698174321574,0.061691338616338,-0.005));
#10254=CARTESIAN_POINT('',(0.0106323546215893,0.0448647649598288,-0.005));
#10255=CARTESIAN_POINT('',(-0.0757900442271952,0.0653457279746011,-0.005));
#10256=CARTESIAN_POINT('',(-0.0764818431710551,0.0624265818286751,-0.005));
#10257=CARTESIAN_POINT('',(-0.0783461481860499,0.0647769789889579,-0.005));
#10258=CARTESIAN_POINT('',(-0.0830069107235369,0.0706529718896645,-0.005));
#10259=CARTESIAN_POINT('',(-0.0783640535892308,0.0647628209891849,-0.005));
#10260=CARTESIAN_POINT('',(-0.0765069107355083,0.0624067606289931,-0.005));
#10261=CARTESIAN_POINT('',(-0.0795069107355083,0.0624067606333483,-0.005));
#10262=CARTESIAN_POINT('',(-0.0795069108261066,1.15423183950612E-10,-0.005));
#10263=CARTESIAN_POINT('',(-0.0795069107627505,0.0436415202979187,-0.005));
#10264=CARTESIAN_POINT('',(-0.0765069107627505,0.0436415202935634,-0.005));
#10265=CARTESIAN_POINT('',(-0.0743657224562064,0.0415402557609739,-0.005));
#10266=CARTESIAN_POINT('',(-0.0586490703692019,0.0575555223515372,-0.005));
#10267=CARTESIAN_POINT('',(-0.0709037088299567,0.0450680472306596,-0.005));
#10268=CARTESIAN_POINT('',(-0.0730448971365008,0.0471693117632491,-0.005));
#10269=CARTESIAN_POINT('',(-0.083006910723537,0.0706529718896647,-0.005));
#10270=CARTESIAN_POINT('',(-0.080906910723537,0.0706529718896647,-0.005));
#10271=CARTESIAN_POINT('',(-0.0830069107858384,0.0277378948700716,-0.005));
#10272=CARTESIAN_POINT('',(-0.0809069107858384,0.0277378948700716,-0.005));
#10273=CARTESIAN_POINT('',(0.00400326160818774,-0.0662528205812477,-0.005));
#10274=CARTESIAN_POINT('',(0.0433340636906248,-0.0638762954972664,-0.005));
#10275=CARTESIAN_POINT('',(0.0706289245054757,-0.0622270303423297,-0.005));
#10276=CARTESIAN_POINT('',(0.0435150057295949,-0.0668708338554333,-0.005));
#10277=CARTESIAN_POINT('',(0.0412867863272899,-0.0688795743302561,-0.005));
#10278=CARTESIAN_POINT('',(-0.0114790858313864,-0.0103483993989177,-0.005));
#10279=CARTESIAN_POINT('',(0.0544956642140076,-0.0835316801442038,-0.005));
#10280=CARTESIAN_POINT('',(0.0567238836163126,-0.081522939669381,-0.005));
#10281=CARTESIAN_POINT('',(0.0569220809676757,-0.0845163854781293,-0.005));
#10282=CARTESIAN_POINT('',(0.0574175743460835,-0.092,-0.005));
#10283=CARTESIAN_POINT('',(0.0575304401099945,-0.0845008492934642,-0.005));
#10284=CARTESIAN_POINT('',(0.0575755864155589,-0.0815011890108498,-0.005));
#10285=CARTESIAN_POINT('',(0.0599034322618646,-0.0833935773736965,-0.005));
#10286=CARTESIAN_POINT('',(0.0768859009156392,-0.0625032728823727,-0.005));
#10287=CARTESIAN_POINT('',(0.0731377123907516,-0.0671139570633434,-0.005));
#10288=CARTESIAN_POINT('',(0.0708098665444459,-0.0652215687004967,-0.005));
#10289=CARTESIAN_POINT('',(0.000157814522943434,0.000215053667088675,-0.005));
#10290=CARTESIAN_POINT('',(0.0520738166660177,-0.0378828742699467,-0.005));
#10291=CARTESIAN_POINT('',(0.0686120701438271,-0.0500192708180784,-0.005));
#10292=CARTESIAN_POINT('',(0.05029893224502,-0.0403015072086332,-0.005));
#10293=CARTESIAN_POINT('',(0.0477514482131747,-0.038717106657165,-0.005));
#10294=CARTESIAN_POINT('',(0.051795857733353,-0.0322142885021539,-0.005));
#10295=CARTESIAN_POINT('',(0.0392627228135174,-0.0523657338217461,-0.005));
#10296=CARTESIAN_POINT('',(0.0418102068453627,-0.0539501343732143,-0.005));
#10297=CARTESIAN_POINT('',(0.0419911488843329,-0.0569446727313813,-0.005));
#10298=CARTESIAN_POINT('',(0.00358106351725736,-0.0592655644121915,-0.005));
#10299=CARTESIAN_POINT('',(0.0670181277617996,-0.055432442114932,-0.005));
#10300=CARTESIAN_POINT('',(0.0668371857228294,-0.052437903756765,-0.005));
#10301=CARTESIAN_POINT('',(-0.0604261926395906,0.0456120580726429,-0.005));
#10302=CARTESIAN_POINT('',(-0.0548682471702696,0.0529751435768018,-0.005));
#10303=CARTESIAN_POINT('',(-0.0537133425507194,0.0545051444574933,-0.005));
#10304=CARTESIAN_POINT('',(-0.0524738204239889,0.0511677364404056,-0.005));
#10305=CARTESIAN_POINT('',(-0.0553755380348973,0.0504061362128948,-0.005));
#10306=CARTESIAN_POINT('',(-0.062629832062168,0.0485021356441177,-0.005));
#10307=CARTESIAN_POINT('',(-0.0634416766426263,0.0410462045569107,-0.005));
#10308=CARTESIAN_POINT('',(-0.0637664144748096,0.0380638321220279,-0.005));
#10309=CARTESIAN_POINT('',(-0.0659076027813537,0.0401650966546174,-0.005));
#10310=CARTESIAN_POINT('',(-0.0536529643205989,0.052652571775495,-0.005));
#10311=CARTESIAN_POINT('',(-0.0706486342333784,0.0353339861739569,-0.005));
#10312=CARTESIAN_POINT('',(-0.0685074459268343,0.0332327216413674,-0.005));
#10313=CARTESIAN_POINT('',(-0.0687182302047723,0.0302401358049754,-0.005));
#10314=CARTESIAN_POINT('',(0.00178022498169383,0.0252745419057075,-0.005));
#10315=CARTESIAN_POINT('',(-0.0378186112536478,0.0280637057123219,-0.005));
#10316=CARTESIAN_POINT('',(-0.0376078269757099,0.0310562915487139,-0.005));
#10317=CARTESIAN_POINT('',(-0.0351244862263502,0.0327394489158576,-0.005));
#10318=CARTESIAN_POINT('',(-0.0088628840095138,-0.00600708079171137,-0.005));
#10319=CARTESIAN_POINT('',(-0.0498094272015491,0.0544057013040938,-0.005));
#10320=CARTESIAN_POINT('',(-0.0517969659838527,0.0530585883294524,-0.005));
#10321=CARTESIAN_POINT('',(-0.00119899586264211,-0.00138367012151591,-0.005));
#10322=CARTESIAN_POINT('',(-0.0235252575893285,0.0179627730966366,-0.005));
#10323=CARTESIAN_POINT('',(0.000824943972849334,-0.00313748083929897,-0.005));
#10324=CARTESIAN_POINT('',(-0.025489876175116,0.0156955559009586,-0.005));
#10325=CARTESIAN_POINT('',(-0.0269847103425375,0.0182966077673982,-0.005));
#10326=CARTESIAN_POINT('',(-0.0146042130438896,0.0254117255435853,-0.005));
#10327=CARTESIAN_POINT('',(-0.0496868103833161,0.00524962656297084,-0.005));
#10328=CARTESIAN_POINT('',(-0.0481919762158945,0.00264857469653121,-0.005));
#10329=CARTESIAN_POINT('',(-0.0486980839879155,-0.000308426305007329,-0.005));
#10330=CARTESIAN_POINT('',(-0.0014372614784039,-0.00839738859204213,-0.005));
#10331=CARTESIAN_POINT('',(-0.00164578238495919,-0.00836169903651557,-0.005));
#10332=CARTESIAN_POINT('',(-0.00113967461293818,-0.00540469803497703,-0.005));
#10333=CARTESIAN_POINT('',(-0.0670849267194027,-0.000712307125488951,-0.005));
#10334=CARTESIAN_POINT('',(-0.0642914978913453,0.00624806322260161,-0.005));
#10335=CARTESIAN_POINT('',(-0.065909945515215,0.006695082372155,-0.005));
#10336=CARTESIAN_POINT('',(-0.0631741263601224,0.00903221136183783,-0.005));
#10337=CARTESIAN_POINT('',(-0.0616792921927008,0.0064311594953982,-0.005));
#10338=CARTESIAN_POINT('',(-0.0180921594345399,0.0314808465652779,-0.005));
#10339=CARTESIAN_POINT('',(-0.0449501159291279,0.0160454792228388,-0.005));
#10340=CARTESIAN_POINT('',(-0.0464449500965495,0.0186465310892784,-0.005));
#10341=CARTESIAN_POINT('',(-0.0462341658186115,0.0216391169256704,-0.005));
#10342=CARTESIAN_POINT('',(0.0012883949998385,0.0182918416207928,-0.005));
#10343=CARTESIAN_POINT('',(-0.0712454390864773,0.0234007984493767,-0.005));
#10344=CARTESIAN_POINT('',(-0.0714562233644153,0.0204082126129847,-0.005));
#10345=CARTESIAN_POINT('',(-0.0740741386575572,0.0189431120983667,-0.005));
#10346=CARTESIAN_POINT('',(-0.0483343539728462,-0.0270500298710432,-0.005));
#10347=CARTESIAN_POINT('',(-0.0680578683266818,0.00819293765659453,-0.005));
#10348=CARTESIAN_POINT('',(-0.06543995303354,0.00965803817121257,-0.005));
#10349=CARTESIAN_POINT('',(0.0122322772998879,-0.0207406125828303,-0.005));
#10350=CARTESIAN_POINT('',(0.0293795186581823,-0.0106276127673667,-0.005));
#10351=CARTESIAN_POINT('',(0.0455382551765675,-0.00109760756046454,-0.005));
#10352=CARTESIAN_POINT('',(0.0309035323224913,-0.0132116759150083,-0.005));
#10353=CARTESIAN_POINT('',(0.0279917537657122,-0.0139338570808394,-0.005));
#10354=CARTESIAN_POINT('',(0.0207123073737643,-0.015739309995417,-0.005));
#10355=CARTESIAN_POINT('',(0.0281071865565712,-0.0144880059269793,-0.005));
#10356=CARTESIAN_POINT('',(0.0310651382296939,-0.0139874842996042,-0.005));
#10357=CARTESIAN_POINT('',(0.0296271116772986,-0.0166203685801235,-0.005));
#10358=CARTESIAN_POINT('',(-0.000184536180712159,-0.000337867481358274,
-0.005));
#10359=CARTESIAN_POINT('',(0.0421156279837895,-0.0234413360573623,-0.005));
#10360=CARTESIAN_POINT('',(0.0435536545361848,-0.0208084517768429,-0.005));
#10361=CARTESIAN_POINT('',(0.046514214585336,-0.0212933065957011,-0.005));
#10362=CARTESIAN_POINT('',(0.0486953863379843,-0.00797490756145942,-0.005));
#10363=CARTESIAN_POINT('',(0.0494187413161479,-0.00355804757283582,-0.005));
#10364=CARTESIAN_POINT('',(0.0464581812669967,-0.00307319275397769,-0.005));
#10365=CARTESIAN_POINT('',(0.0488673617001963,-0.00128549880917384,-0.005));
#10366=CARTESIAN_POINT('',(0.0470622688408765,-0.00368167070810614,-0.005));
#10367=CARTESIAN_POINT('',(-0.0181019342804394,0.0181019343329981,-0.005));
#10368=CARTESIAN_POINT('',(0.0151824443041255,0.0513863128209224,-0.005));
#10369=CARTESIAN_POINT('',(0.017847775800071,0.0540516443091292,-0.005));
#10370=CARTESIAN_POINT('',(0.0173037646446055,0.0492649924742832,-0.005));
#10371=CARTESIAN_POINT('',(0.0156596138543178,0.0467556562714605,-0.005));
#10372=CARTESIAN_POINT('',(0.0261369605201641,0.0398907579842594,-0.005));
#10373=CARTESIAN_POINT('',(0.0157329779103093,0.0467075871564087,-0.005));
#10374=CARTESIAN_POINT('',(0.017377128700597,0.0492169233592314,-0.005));
#10375=CARTESIAN_POINT('',(0.0183300369188806,0.0463722852579033,-0.005));
#10376=CARTESIAN_POINT('',(0.0207123074645897,0.0392606900045831,-0.005));
#10377=CARTESIAN_POINT('',(0.025602008856727,0.0449475890098171,-0.005));
#10378=CARTESIAN_POINT('',(0.027557889413582,0.0472223486119106,-0.005));
#10379=CARTESIAN_POINT('',(0.0281335965188279,0.044278106548328,-0.005));
#10380=CARTESIAN_POINT('',(-0.00730308466046373,0.0373489381237624,-0.005));
#10381=CARTESIAN_POINT('',(0.0494658830273818,0.0484493494858646,-0.005));
#10382=CARTESIAN_POINT('',(0.0488901759221358,0.0513935915494473,-0.005));
#10383=CARTESIAN_POINT('',(0.051083022624914,0.0534408881420578,-0.005));
#10384=CARTESIAN_POINT('',(0.0539505065405226,0.0503695438764993,-0.005));
#10385=CARTESIAN_POINT('',(0.0497814663768821,0.0548349769796395,-0.005));
#10386=CARTESIAN_POINT('',(0.0475886196741039,0.0527876803870289,-0.005));
#10387=CARTESIAN_POINT('',(0.0473382447570998,0.0557772141969958,-0.005));
#10388=CARTESIAN_POINT('',(0.0467123074645897,0.0632510487219131,-0.005));
#10389=CARTESIAN_POINT('',(0.0413860893623881,0.0579707645697316,-0.005));
#10390=CARTESIAN_POINT('',(0.0392556021215074,0.055858650908859,-0.005));
#10391=CARTESIAN_POINT('',(0.0389157194197502,0.05883933535191,-0.005));
#10392=CARTESIAN_POINT('',(-0.00612373127817788,0.0537035584921479,-0.005));
#10393=CARTESIAN_POINT('',(0.0211341226311441,0.0568117281786115,-0.005));
#10394=CARTESIAN_POINT('',(0.0214740053329013,0.0538310437355605,-0.005));
#10395=CARTESIAN_POINT('',(0.0189227109374641,0.0554093012898939,-0.005));
#10396=CARTESIAN_POINT('',(0.0125444749488709,0.0593549451757274,-0.005));
#10397=CARTESIAN_POINT('',(0.0279517850507848,0.0265612448289464,-0.005));
#10398=CARTESIAN_POINT('',(0.0293870318629085,0.0250508596551467,-0.005));
#10399=CARTESIAN_POINT('',(0.0459879220742942,0.00758087593154355,-0.005));
#10400=CARTESIAN_POINT('',(0.0272123074377114,0.0229843230175688,-0.005));
#10401=CARTESIAN_POINT('',(0.0242123074377114,0.0229843230225229,-0.005));
#10402=CARTESIAN_POINT('',(0.0242123073997557,-3.99835418560511E-11,-0.005));
#10403=CARTESIAN_POINT('',(0.0242123073925565,-0.00435952274591101,-0.005));
#10404=CARTESIAN_POINT('',(0.0272123073925565,-0.00435952275086512,-0.005));
#10405=CARTESIAN_POINT('',(0.0287363210568656,-0.00694358589850672,-0.005));
#10406=CARTESIAN_POINT('',(0.010454261358194,-0.017725872243915,-0.005));
#10407=CARTESIAN_POINT('',(0.0453245403186301,0.00283971713128045,-0.005));
#10408=CARTESIAN_POINT('',(0.043800526654321,0.00542378027892205,-0.005));
#10409=CARTESIAN_POINT('',(0.0467733665990823,0.00502101153282596,-0.005));
#10410=CARTESIAN_POINT('',(0.0542054664609855,0.00401408966758575,-0.005));
#10411=CARTESIAN_POINT('',(0.0467824173096367,0.00508569654357143,-0.005));
#10412=CARTESIAN_POINT('',(0.0438131976490971,0.0055143392939657,-0.005));
#10413=CARTESIAN_POINT('',(-0.0600534752491811,-0.00851029983014822,-0.005));
#10414=CARTESIAN_POINT('',(-0.0595473674771601,-0.00555329882860968,-0.005));
#10415=CARTESIAN_POINT('',(-0.0620264600057212,-0.00625035931091762,-0.005));
#10416=CARTESIAN_POINT('',(-0.0585849267194027,-0.00987745851540063,-0.005));
#10417=CARTESIAN_POINT('',(-0.0635840605292398,-0.00978439320852585,-0.005));
#10418=CARTESIAN_POINT('',(-0.0605849267194027,-0.00971230721340871,-0.005));
#10419=CARTESIAN_POINT('',(-0.0605849267194027,-0.0127123072134087,-0.005));
#10420=CARTESIAN_POINT('',(0.,-0.0127123072134087,-0.005));
#10421=CARTESIAN_POINT('',(-0.0430849267424687,-0.0127123072134087,-0.005));
#10422=CARTESIAN_POINT('',(-0.0430849267355943,-0.0241698458020807,-0.005));
#10423=CARTESIAN_POINT('',(-0.0430849266855857,-0.0356273843907528,-0.005));
#10424=CARTESIAN_POINT('',(0.,-0.0356273843471058,-0.005));
#10425=CARTESIAN_POINT('',(-0.0730849267424688,-0.0356273843471058,-0.005));
#10426=CARTESIAN_POINT('',(-0.0730849267424688,-0.0386273843471058,-0.005));
#10427=CARTESIAN_POINT('',(-0.0730849267424688,-0.0416273843471058,-0.005));
#10428=CARTESIAN_POINT('',(9.53882969658272E-11,-0.0416273841900422,-0.005));
#10429=CARTESIAN_POINT('',(-0.0425162467287199,-0.0416273842874673,-0.005));
#10430=CARTESIAN_POINT('',(-0.042516246714971,-0.0665424614110673,-0.005));
#10431=CARTESIAN_POINT('',(-0.0325580052704392,-0.0437040180445122,-0.005));
#10432=CARTESIAN_POINT('',(-0.0313589431850445,-0.0409540634784568,-0.005));
#10433=CARTESIAN_POINT('',(-0.029261954578085,-0.0430994396185036,-0.005));
#10434=CARTESIAN_POINT('',(0.00724684872868077,-0.00741406810768641,-0.005));
#10435=CARTESIAN_POINT('',(-0.024869859664321,-0.0388064054866675,-0.005));
#10436=CARTESIAN_POINT('',(-0.0196273881469223,-0.0441698458367846,-0.005));
#10437=CARTESIAN_POINT('',(-0.0174874808782146,-0.0369816056570652,-0.005));
#10438=CARTESIAN_POINT('',(-0.0166315179707315,-0.0341063095851774,-0.005));
#10439=CARTESIAN_POINT('',(-0.0149032760735893,-0.0365584881971391,-0.005));
#10440=CARTESIAN_POINT('',(0.0122688807723296,-0.0174081458575694,-0.005));
#10441=CARTESIAN_POINT('',(0.00583355249749698,-0.0219436245915318,-0.005));
#10442=CARTESIAN_POINT('',(0.00410531060035477,-0.0194914459795702,-0.005));
#10443=CARTESIAN_POINT('',(0.00461141837237578,-0.0165344449780316,-0.005));
#10444=CARTESIAN_POINT('',(-0.00261817961311959,-0.015297057595632,-0.005));
#10445=CARTESIAN_POINT('',(0.0765310006190442,0.0472633263784592,-0.005));
#10446=CARTESIAN_POINT('',(0.0785310006190442,0.0472633263784592,-0.005));
#10447=CARTESIAN_POINT('',(0.0616388453793019,0.0472633263917381,-0.005));
#10448=CARTESIAN_POINT('',(0.0636388453793019,0.0472633263917381,-0.005));
#10449=CARTESIAN_POINT('',(0.0125444749488709,0.0593549451757274,-0.005));
#10450=CARTESIAN_POINT('',(0.0145444749488709,0.0593549451757274,-0.005));
#10451=CARTESIAN_POINT('',(0.00363771929746045,0.0504481895501775,-0.005));
#10452=CARTESIAN_POINT('',(0.00563771929746045,0.0504481895501775,-0.005));
#10453=CARTESIAN_POINT('',(0.0207123074645898,0.0392606900045831,-0.005));
#10454=CARTESIAN_POINT('',(0.0169623074645898,0.0392606900045831,-0.005));
#10455=CARTESIAN_POINT('',(-0.0515387534001426,0.0631954357084349,-0.005));
#10456=CARTESIAN_POINT('',(-0.0552887534001426,0.0631954357084349,-0.005));
#10457=CARTESIAN_POINT('',(-0.062629832062168,0.0485021356441177,-0.005));
#10458=CARTESIAN_POINT('',(-0.066379832062168,0.0485021356441177,-0.005));
#10459=CARTESIAN_POINT('',(0.0574175743460834,-0.092,-0.00499999894248363));
#10460=CARTESIAN_POINT('',(0.0594175743460834,-0.092,-0.00499999894248363));
#10461=CARTESIAN_POINT('',(0.0467123074645898,0.0632510487219131,-0.00499999816062724));
#10462=CARTESIAN_POINT('',(0.0467123074645898,0.0612510487219131,-0.00499999816062724));
#10463=CARTESIAN_POINT('',(-0.0196273881469223,-0.0441698458367846,-0.005));
#10464=CARTESIAN_POINT('',(-0.0233773881469223,-0.0441698458367846,-0.005));
#10465=CARTESIAN_POINT('',(0.0207123073737642,-0.015739309995417,-0.005));
#10466=CARTESIAN_POINT('',(0.0227123073737642,-0.015739309995417,-0.005));
#10467=CARTESIAN_POINT('',(0.029648522761984,-0.0611968473285431,-0.005));
#10468=CARTESIAN_POINT('',(0.031648522761984,-0.0611968473285431,-0.005));
#10469=CARTESIAN_POINT('',(0.0851866259301828,-0.0578410119957339,-0.005));
#10470=CARTESIAN_POINT('',(0.0871866259301828,-0.0578410119957339,-0.005));
#10471=CARTESIAN_POINT('',(-0.0735849267194027,-0.00971663054054026,-0.0025));
#10472=CARTESIAN_POINT('',(-0.0714453440327213,-0.0118195299501301,-0.025));
#10473=CARTESIAN_POINT('',(-0.0714453440327213,-0.0118195299501301,0.));
#10474=CARTESIAN_POINT('',(-0.0735330506706379,-0.0127161819862675,-1.04083408558608E-17));
#10475=CARTESIAN_POINT('',(-0.0735330506706379,-0.0127161819862675,-1.04083408558608E-17));
#10476=CARTESIAN_POINT('',(-0.0735849267194027,-0.00971663054054026,0.));
#10477=CARTESIAN_POINT('',(-0.0990355657173392,0.0591954341279012,-0.005));
#10478=CARTESIAN_POINT('',(-0.105766281297335,0.0591954341279012,-0.005));
#10479=CARTESIAN_POINT('',(-0.105766281297335,0.0591954341279012,0.));
#10480=CARTESIAN_POINT('',(-0.106974270962316,0.05919543,-0.005));
#10481=CARTESIAN_POINT('',(-0.121805020171267,0.05919543,-0.00370247757135068));
#10482=CARTESIAN_POINT('',(-0.121587130814508,0.05919543,-0.00121199082611166));
#10483=CARTESIAN_POINT('',(-0.121369241457639,0.05919543,0.0012784959191177));
#10484=CARTESIAN_POINT('',(-0.109826193780793,0.05919543,0.000268610104854446));
#10485=CARTESIAN_POINT('',(-0.106755966233257,0.0591954320639506,-7.86046575051991E-19));
#10486=CARTESIAN_POINT('',(-0.0990355657173392,0.0591954341279012,0.));
#10487=CARTESIAN_POINT('',(-0.097947315288901,0.0391954341279012,-0.005));
#10488=CARTESIAN_POINT('',(-0.097947315288901,0.0391954341279012,0.));
#10489=CARTESIAN_POINT('',(-0.106755966233257,0.03919543,-7.86046575051991E-19));
#10490=CARTESIAN_POINT('',(-0.105766281297335,0.0391954341279012,0.));
#10491=CARTESIAN_POINT('',(-0.109826193780793,0.03919543,0.000268610104854446));
#10492=CARTESIAN_POINT('',(-0.114254984264216,0.03919543,0.000656079064904439));
#10493=CARTESIAN_POINT('',(-0.114062603845837,0.0391954341279012,0.000639247958031165));
#10494=CARTESIAN_POINT('',(-0.121369241457749,0.0391954341272686,0.00127849591658714));
#10495=CARTESIAN_POINT('',(-0.121587130814897,0.0391954341279012,-0.0012119908282744));
#10496=CARTESIAN_POINT('',(-0.121805020171377,0.0391954341279012,-0.00370247757261113));
#10497=CARTESIAN_POINT('',(-0.106974270962316,0.0391954341279012,-0.005));
#10498=CARTESIAN_POINT('',(-0.105766281297335,0.0391954341279012,-0.005));
#10499=CARTESIAN_POINT('',(0.,0.,0.));
#10500=CARTESIAN_POINT('',(-0.0605849267194027,-0.00971230721340871,0.));
#10501=CARTESIAN_POINT('',(-0.0605849267194027,-0.0127123072134087,-3.46944695195361E-18));
#10502=CARTESIAN_POINT('',(-0.0635840605292398,-0.00978439320852585,0.));
#10503=CARTESIAN_POINT('',(-0.0585849267194027,-0.00987745851540063,0.));
#10504=CARTESIAN_POINT('',(-0.0620264600057212,-0.00625035931091762,0.));
#10505=CARTESIAN_POINT('',(-0.0600534752491811,-0.00851029983014822,0.));
#10506=CARTESIAN_POINT('',(-0.0595473674771601,-0.00555329882860968,0.));
#10507=CARTESIAN_POINT('',(-0.0246835661134799,-0.0115204394630479,0.));
#10508=CARTESIAN_POINT('',(0.00461141837237578,-0.0165344449780316,0.));
#10509=CARTESIAN_POINT('',(0.00410531060035477,-0.0194914459795702,0.));
#10510=CARTESIAN_POINT('',(0.00583355249749699,-0.0219436245915318,0.));
#10511=CARTESIAN_POINT('',(-0.0022258105508928,-0.0276236875431309,0.));
#10512=CARTESIAN_POINT('',(-0.0149032760735893,-0.0365584881971391,0.));
#10513=CARTESIAN_POINT('',(-0.0166315179707315,-0.0341063095851774,0.));
#10514=CARTESIAN_POINT('',(-0.0174874808782146,-0.0369816056570652,0.));
#10515=CARTESIAN_POINT('',(-0.0196273881469223,-0.0441698458367846,0.));
#10516=CARTESIAN_POINT('',(-0.024869859664321,-0.0388064054866675,0.));
#10517=CARTESIAN_POINT('',(-0.0278187990747106,-0.0416888335284308,0.));
#10518=CARTESIAN_POINT('',(-0.029261954578085,-0.0430994396185036,0.));
#10519=CARTESIAN_POINT('',(-0.0313589431850445,-0.0409540634784568,0.));
#10520=CARTESIAN_POINT('',(-0.0325580052704392,-0.0437040180445122,0.));
#10521=CARTESIAN_POINT('',(-0.042516246714971,-0.0665424614110673,0.));
#10522=CARTESIAN_POINT('',(-0.0194566110500825,-0.0571077239437323,0.));
#10523=CARTESIAN_POINT('',(-0.0166800229363279,-0.0559716964587844,0.));
#10524=CARTESIAN_POINT('',(-0.0187770115432874,-0.0538263203187376,0.));
#10525=CARTESIAN_POINT('',(-0.0173909712401358,-0.0524715412335035,0.));
#10526=CARTESIAN_POINT('',(-0.015824386315911,-0.0509402895911401,0.));
#10527=CARTESIAN_POINT('',(-0.0137273977089515,-0.0530856657311869,0.));
#10528=CARTESIAN_POINT('',(-0.0127476100335249,-0.0502501735144665,0.));
#10529=CARTESIAN_POINT('',(0.00386839046239701,-0.0559917348577797,0.));
#10530=CARTESIAN_POINT('',(0.0207114145338829,-0.0618117428637419,0.));
#10531=CARTESIAN_POINT('',(0.0197316268584562,-0.0646472350804623,0.));
#10532=CARTESIAN_POINT('',(0.0225650256880356,-0.0636614100084854,0.));
#10533=CARTESIAN_POINT('',(0.029648522761984,-0.0611968473285431,0.));
#10534=CARTESIAN_POINT('',(0.0301440161403917,-0.0686804618504138,0.));
#10535=CARTESIAN_POINT('',(0.0303422134917548,-0.0716739076591621,0.));
#10536=CARTESIAN_POINT('',(0.0325704328940599,-0.0696651671843393,0.));
#10537=CARTESIAN_POINT('',(0.0392821156890608,-0.0771101816167077,0.));
#10538=CARTESIAN_POINT('',(0.0404359375329655,-0.078390072300256,0.));
#10539=CARTESIAN_POINT('',(0.0382077181306604,-0.0803988127750788,0.));
#10540=CARTESIAN_POINT('',(0.0374671382970417,-0.0833059662815241,0.));
#10541=CARTESIAN_POINT('',(0.00374437381615231,-0.0747152952856334,0.));
#10542=CARTESIAN_POINT('',(-0.0153446566101629,-0.0698524798389356,0.));
#10543=CARTESIAN_POINT('',(-0.0146040767765441,-0.0669453263324903,0.));
#10544=CARTESIAN_POINT('',(-0.0176037643448256,-0.0669020309205193,0.));
#10545=CARTESIAN_POINT('',(-0.042516246714971,-0.0665424614110673,0.));
#10546=CARTESIAN_POINT('',(-0.0204680569593895,-0.0781458400818167,0.));
#10547=CARTESIAN_POINT('',(-0.0178132560555588,-0.0795429915270866,0.));
#10548=CARTESIAN_POINT('',(-0.01707267622194,-0.0766358380206413,0.));
#10549=CARTESIAN_POINT('',(0.00337267488005259,-0.0818441679845807,0.));
#10550=CARTESIAN_POINT('',(0.048562563888889,-0.0933560198387112,0.));
#10551=CARTESIAN_POINT('',(0.0478219840552703,-0.0962631733451565,0.));
#10552=CARTESIAN_POINT('',(0.0505635812812169,-0.0950451238179689,0.));
#10553=CARTESIAN_POINT('',(0.0574175743460834,-0.092,0.));
#10554=CARTESIAN_POINT('',(0.0647356772533215,-0.0903582418451325,0.));
#10555=CARTESIAN_POINT('',(0.0676629184162167,-0.0897015385831855,0.));
#10556=CARTESIAN_POINT('',(0.065335072569911,-0.0878091502203388,0.));
#10557=CARTESIAN_POINT('',(0.0740179202921563,-0.0771282924211881,0.));
#10558=CARTESIAN_POINT('',(0.0827007680144016,-0.0664474346220374,0.));
#10559=CARTESIAN_POINT('',(0.0850286138607073,-0.068339822984884,0.));
#10560=CARTESIAN_POINT('',(0.0850737601662717,-0.0653401627022697,0.));
#10561=CARTESIAN_POINT('',(0.0851866259301828,-0.0578410119957339,0.));
#10562=CARTESIAN_POINT('',(0.086700077063282,-0.0504953012971207,0.));
#10563=CARTESIAN_POINT('',(0.0873054575165217,-0.0475570170176754,0.));
#10564=CARTESIAN_POINT('',(0.0846231064850409,-0.0489005172759241,0.));
#10565=CARTESIAN_POINT('',(0.0728254557323116,-0.0253460441961172,0.));
#10566=CARTESIAN_POINT('',(0.0610278049795823,-0.0017915711163104,0.));
#10567=CARTESIAN_POINT('',(0.0637101560110631,-0.000448070858061692,0.));
#10568=CARTESIAN_POINT('',(0.0609945304253266,0.000826832149266155,0.));
#10569=CARTESIAN_POINT('',(0.0542054664609855,0.00401408966758577,0.));
#10570=CARTESIAN_POINT('',(0.06103287096452,0.00711836860884035,0.));
#10571=CARTESIAN_POINT('',(0.0637638327659338,0.00836008018534218,0.));
#10572=CARTESIAN_POINT('',(0.0610980548914454,0.00973617186974698,0.));
#10573=CARTESIAN_POINT('',(0.068478307726918,0.0240332677245502,0.));
#10574=CARTESIAN_POINT('',(0.0758585605623861,0.0383303635793448,0.));
#10575=CARTESIAN_POINT('',(0.0785243384368745,0.0369542718949399,0.));
#10576=CARTESIAN_POINT('',(0.0779548133460658,0.039899716033086,0.));
#10577=CARTESIAN_POINT('',(0.0765310006190442,0.0472633263784514,0.));
#10578=CARTESIAN_POINT('',(0.0765310006190442,0.0547633263784592,0.));
#10579=CARTESIAN_POINT('',(0.069084922999173,0.0547633263850987,0.));
#10580=CARTESIAN_POINT('',(0.0616388453726144,0.0547633263917381,0.));
#10581=CARTESIAN_POINT('',(0.0616388453793018,0.0472633263917384,0.));
#10582=CARTESIAN_POINT('',(0.0610129080867918,0.0547371609166553,0.));
#10583=CARTESIAN_POINT('',(0.0607625331697878,0.0577266947266223,0.));
#10584=CARTESIAN_POINT('',(0.0585696864670096,0.0556793981340117,0.));
#10585=CARTESIAN_POINT('',(0.0567338975751871,0.0576457002482045,0.));
#10586=CARTESIAN_POINT('',(0.0548981086833623,0.0596120023623998,0.));
#10587=CARTESIAN_POINT('',(0.0570909553861406,0.0616592989550103,0.));
#10588=CARTESIAN_POINT('',(0.0541256274085539,0.0621140846026971,0.));
#10589=CARTESIAN_POINT('',(0.0467123074645873,0.063251048721914,0.));
#10590=CARTESIAN_POINT('',(0.0403340714759935,0.0671966926077466,0.));
#10591=CARTESIAN_POINT('',(0.037782777080556,0.0687749501620796,0.));
#10592=CARTESIAN_POINT('',(0.0381226597823133,0.0657942657190286,0.));
#10593=CARTESIAN_POINT('',(0.0292318613880135,0.0647804621323797,0.));
#10594=CARTESIAN_POINT('',(0.0203410629937105,0.0637666585457305,0.));
#10595=CARTESIAN_POINT('',(0.0200011802919533,0.0667473429887815,0.));
#10596=CARTESIAN_POINT('',(0.0178706930510726,0.0646352293279089,0.));
#10597=CARTESIAN_POINT('',(0.0125444749488709,0.0593549451757274,0.));
#10598=CARTESIAN_POINT('',(0.00724117409767083,0.0646582460423255,0.));
#10599=CARTESIAN_POINT('',(0.00278779627196561,0.0602048682295506,0.));
#10600=CARTESIAN_POINT('',(-0.000884222217031521,0.0565328497512151,0.));
#10601=CARTESIAN_POINT('',(-0.00300554255751156,0.0586541700978543,0.));
#10602=CARTESIAN_POINT('',(-0.00368083598011724,0.055731161580353,0.));
#10603=CARTESIAN_POINT('',(-0.0231626747249678,0.0602319892330578,0.));
#10604=CARTESIAN_POINT('',(-0.0427163291656105,0.0647494082390611,0.));
#10605=CARTESIAN_POINT('',(-0.0420410357430048,0.0676724167565625,0.));
#10606=CARTESIAN_POINT('',(-0.0447546693593299,0.0663932793142403,0.));
#10607=CARTESIAN_POINT('',(-0.0515387534001426,0.0631954357084349,0.));
#10608=CARTESIAN_POINT('',(-0.0561995159376297,0.0690714286091418,0.));
#10609=CARTESIAN_POINT('',(-0.0580638209526245,0.0714218257694245,0.));
#10610=CARTESIAN_POINT('',(-0.0587556198964844,0.0685026796234985,0.));
#10611=CARTESIAN_POINT('',(-0.0664657332940033,0.0703298743026301,0.));
#10612=CARTESIAN_POINT('',(-0.0741758466915224,0.0721570689817617,0.));
#10613=CARTESIAN_POINT('',(-0.0734840477476625,0.0750762151276877,0.));
#10614=CARTESIAN_POINT('',(-0.0762048657407695,0.0738124313453954,0.));
#10615=CARTESIAN_POINT('',(-0.0830069107235371,0.0706529718896647,0.));
#10616=CARTESIAN_POINT('',(-0.0904862198938479,0.0712096893538286,0.));
#10617=CARTESIAN_POINT('',(-0.0934779435619722,0.0714323763394942,0.));
#10618=CARTESIAN_POINT('',(-0.0918008121413905,0.0689449619795418,0.));
#10619=CARTESIAN_POINT('',(-0.0962100487291486,0.0659720478799989,0.));
#10620=CARTESIAN_POINT('',(-0.101956653324012,0.0620974175478457,0.));
#10621=CARTESIAN_POINT('',(-0.1,0.0591954341279012,0.));
#10622=CARTESIAN_POINT('',(-0.103104920698565,0.0608108187432858,0.));
#10623=CARTESIAN_POINT('',(-0.105766281297335,0.0621954341279012,0.));
#10624=CARTESIAN_POINT('',(-0.106755966233257,0.,0.));
#10625=CARTESIAN_POINT('',(-0.105766281297335,0.0361954341279012,0.));
#10626=CARTESIAN_POINT('',(-0.103104920698565,0.0375800495125166,0.));
#10627=CARTESIAN_POINT('',(-0.1,0.0391954341279013,0.));
#10628=CARTESIAN_POINT('',(-0.101956653504585,0.0362934508297077,0.));
#10629=CARTESIAN_POINT('',(-0.0962100488255005,0.0324188199206338,0.));
#10630=CARTESIAN_POINT('',(-0.0918008120974124,0.0294459053273865,0.));
#10631=CARTESIAN_POINT('',(-0.0934779436727712,0.0269584910717921,0.));
#10632=CARTESIAN_POINT('',(-0.0904862199907904,0.0271811778713005,0.));
#10633=CARTESIAN_POINT('',(-0.0830069107858384,0.0277378948700716,0.));
#10634=CARTESIAN_POINT('',(-0.0841818919900261,0.0203305053724276,0.));
#10635=CARTESIAN_POINT('',(-0.0846518844717011,0.0173675495733701,0.));
#10636=CARTESIAN_POINT('',(-0.0820339691785593,0.0188326500879881,0.));
#10637=CARTESIAN_POINT('',(-0.078100153261286,0.0118035099385703,0.));
#10638=CARTESIAN_POINT('',(-0.0741663373440128,0.00477436978915244,0.));
#10639=CARTESIAN_POINT('',(-0.0767842526371547,0.0033092692745344,0.));
#10640=CARTESIAN_POINT('',(-0.0740130166606541,0.0021602474459563,0.));
#10641=CARTESIAN_POINT('',(-0.0670849267194027,-0.000712307125488936,0.));
#10642=CARTESIAN_POINT('',(-0.0717277838622598,-0.00660245801922845,0.));
#10643=CARTESIAN_POINT('',(-0.0737640380369829,-0.00932887723773891,0.));
#10644=CARTESIAN_POINT('',(-0.0730849267355943,-0.0386273843471058,0.));
#10645=CARTESIAN_POINT('',(-0.0730849267287199,-0.0127123072134087,0.));
#10646=CARTESIAN_POINT('',(-0.0530849267424687,-0.0127123072134087,-3.46944695195361E-18));
#10647=CARTESIAN_POINT('',(0.0542054664609855,0.00401408966758576,1.98826235683902E-9));
#10648=CARTESIAN_POINT('',(0.0492054664609855,0.00401408966758576,1.98826235683902E-9));
#10649=CARTESIAN_POINT('',(0.0690849230009564,0.0492633263850987,0.));
#10650=CARTESIAN_POINT('',(0.0687802738096281,0.0492633263853703,0.));
#10651=CARTESIAN_POINT('',(0.0693895721922847,0.049263326384827,0.));
#10652=CARTESIAN_POINT('',(0.069389572196743,0.054263326384827,0.));
#10653=CARTESIAN_POINT('',(0.0729602864078936,0.0507633263816431,0.));
#10654=CARTESIAN_POINT('',(0.0765310006190442,0.0472633263784592,0.));
#10655=CARTESIAN_POINT('',(0.0729602864016519,0.0437633263816432,0.));
#10656=CARTESIAN_POINT('',(0.0693895721842597,0.040263326384827,0.));
#10657=CARTESIAN_POINT('',(0.069389572188718,0.045263326384827,0.));
#10658=CARTESIAN_POINT('',(0.0690849229973897,0.0452633263850987,0.));
#10659=CARTESIAN_POINT('',(0.0687802738060614,0.0452633263853703,0.));
#10660=CARTESIAN_POINT('',(0.0687802738016031,0.0402633263853703,0.));
#10661=CARTESIAN_POINT('',(0.0652095595904525,0.0437633263885542,0.));
#10662=CARTESIAN_POINT('',(0.0616388453793019,0.0472633263917381,0.));
#10663=CARTESIAN_POINT('',(0.0652095595966942,0.0507633263885542,0.));
#10664=CARTESIAN_POINT('',(0.0687802738140864,0.0542633263853703,0.));
#10665=CARTESIAN_POINT('',(0.0851866259301828,-0.0578410119957339,0.));
#10666=CARTESIAN_POINT('',(0.0901866259301828,-0.0578410119957339,0.));
#10667=CARTESIAN_POINT('',(0.029648522761984,-0.0611968473285431,0.));
#10668=CARTESIAN_POINT('',(0.034648522761984,-0.0611968473285431,0.));
#10669=CARTESIAN_POINT('',(0.0207123073737642,-0.015739309995417,0.));
#10670=CARTESIAN_POINT('',(0.0257123073737642,-0.015739309995417,0.));
#10671=CARTESIAN_POINT('',(-0.0196273881469223,-0.0441698458367846,0.));
#10672=CARTESIAN_POINT('',(-0.0146273881469223,-0.0441698458367846,0.));
#10673=CARTESIAN_POINT('',(-0.0670849267194027,-0.000712307125488945,0.));
#10674=CARTESIAN_POINT('',(-0.0620849267194027,-0.000712307125488945,0.));
#10675=CARTESIAN_POINT('',(-0.0830069107858384,0.0277378948700716,0.));
#10676=CARTESIAN_POINT('',(-0.0809069107858384,0.0277378948700716,0.));
#10677=CARTESIAN_POINT('',(-0.083006910723537,0.0706529718896647,0.));
#10678=CARTESIAN_POINT('',(-0.080906910723537,0.0706529718896647,0.));
#10679=CARTESIAN_POINT('',(0.00363771929746047,0.0504481895501775,3.22562840326946E-9));
#10680=CARTESIAN_POINT('',(0.00855946667521406,0.051329326741298,3.22562840326946E-9));
#10681=CARTESIAN_POINT('',(0.00451885650287113,0.0553699369253727,3.22562840326946E-9));
#10682=CARTESIAN_POINT('',(0.0048713113850354,0.0573386358754508,3.22562840326946E-9));
#10683=CARTESIAN_POINT('',(0.00628552494535542,0.0559244223110247,3.22562840326946E-9));
#10684=CARTESIAN_POINT('',(0.00667688356284567,0.0563157809273786,3.22562840326946E-9));
#10685=CARTESIAN_POINT('',(0.00706824218033591,0.0567071395437325,3.22562840326946E-9));
#10686=CARTESIAN_POINT('',(0.00565402862001589,0.0581213531081587,3.22562840326946E-9));
#10687=CARTESIAN_POINT('',(0.00762272757111733,0.0584738079846069,0.));
#10688=CARTESIAN_POINT('',(0.0125444749488709,0.0593549451757274,3.22562840326946E-9));
#10689=CARTESIAN_POINT('',(0.0116633377434602,0.0544331978005321,3.22562840326946E-9));
#10690=CARTESIAN_POINT('',(0.011310882861296,0.052464498850454,3.22562840326946E-9));
#10691=CARTESIAN_POINT('',(0.00989666930097597,0.0538787124148802,3.22562840326946E-9));
#10692=CARTESIAN_POINT('',(0.00950531068348572,0.0534873537985263,3.22562840326946E-9));
#10693=CARTESIAN_POINT('',(0.00911395206599547,0.0530959951821723,3.22562840326946E-9));
#10694=CARTESIAN_POINT('',(0.0105281656263155,0.0516817816177462,3.22562840326946E-9));
#10695=CARTESIAN_POINT('',(0.0207123074645897,0.039260690004583,2.22867030386098E-9));
#10696=CARTESIAN_POINT('',(0.0207123074645897,0.044260690004583,2.22867030108542E-9));
#10697=CARTESIAN_POINT('',(0.0467123074645898,0.0632510487219131,1.83937276521107E-9));
#10698=CARTESIAN_POINT('',(0.0467123074645898,0.0682510487219131,1.83937276229673E-9));
#10699=CARTESIAN_POINT('',(-0.0515387534001426,0.0631954357084349,1.68270181122309E-9));
#10700=CARTESIAN_POINT('',(-0.0515387534001426,0.0681954357084349,1.68647552868976E-9));
#10701=CARTESIAN_POINT('',(0.0574175743460834,-0.092,1.05751637308193E-9));
#10702=CARTESIAN_POINT('',(0.0534175743460834,-0.092,1.05751637308193E-9));
#10703=CARTESIAN_POINT('',(-0.0626298320620469,0.0485021356444621,2.62476266069122E-9));
#10704=CARTESIAN_POINT('',(-0.0626298320620469,0.052403971672364,2.6249418252587E-9));
#10705=CARTESIAN_POINT('',(-0.0598777906018161,0.0579574273354052,0.));
#10706=CARTESIAN_POINT('',(-0.0604552429115912,0.0571924268950594,0.));
#10707=CARTESIAN_POINT('',(-0.059300338292041,0.0587224277757509,0.));
#10708=CARTESIAN_POINT('',(-0.0628496696578719,0.0589998340314555,0.));
#10709=CARTESIAN_POINT('',(-0.0627868589162422,0.0560004916350733,0.));
#10710=CARTESIAN_POINT('',(-0.062629832062168,0.0485021356441177,0.));
#10711=CARTESIAN_POINT('',(-0.07006916425812,0.0475501185863544,0.));
#10712=CARTESIAN_POINT('',(-0.0730448971365008,0.0471693117632491,0.));
#10713=CARTESIAN_POINT('',(-0.0709037088299567,0.0450680472306596,0.));
#10714=CARTESIAN_POINT('',(-0.074640433276565,0.0412603254679955,0.));
#10715=CARTESIAN_POINT('',(-0.0743657224562064,0.0415402557609739,0.));
#10716=CARTESIAN_POINT('',(-0.0765069107627505,0.0436415202935634,0.));
#10717=CARTESIAN_POINT('',(-0.0795069107627505,0.0436415202979187,0.));
#10718=CARTESIAN_POINT('',(-0.0795069107532866,0.0501605538932969,0.));
#10719=CARTESIAN_POINT('',(-0.0795069107355083,0.0624067606333483,0.));
#10720=CARTESIAN_POINT('',(-0.0765069107355083,0.0624067606289931,0.));
#10721=CARTESIAN_POINT('',(-0.0783640535892308,0.0647628209891849,0.));
#10722=CARTESIAN_POINT('',(-0.0830069107235369,0.0706529718896645,0.));
#10723=CARTESIAN_POINT('',(-0.0783461481860499,0.0647769789889579,0.));
#10724=CARTESIAN_POINT('',(-0.0764818431710551,0.0624265818286751,0.));
#10725=CARTESIAN_POINT('',(-0.0757900442271952,0.0653457279746011,0.));
#10726=CARTESIAN_POINT('',(-0.0680799308296763,0.0635185332954695,0.));
#10727=CARTESIAN_POINT('',(-0.0603698174321574,0.061691338616338,0.));
#10728=CARTESIAN_POINT('',(-0.060804360165784,0.0598577224228398,0.));
#10729=CARTESIAN_POINT('',(0.0463453809292111,-0.0744908809085193,0.));
#10730=CARTESIAN_POINT('',(0.0412867863272899,-0.0688795743302561,0.));
#10731=CARTESIAN_POINT('',(0.0544956642140075,-0.0835316801442038,0.));
#10732=CARTESIAN_POINT('',(0.0435150057295949,-0.0668708338554333,0.));
#10733=CARTESIAN_POINT('',(0.0433340636906248,-0.0638762954972664,0.));
#10734=CARTESIAN_POINT('',(0.057280192233511,-0.0630336143783528,0.));
#10735=CARTESIAN_POINT('',(0.0706289245054757,-0.0622270303423297,0.));
#10736=CARTESIAN_POINT('',(0.0708098665444459,-0.0652215687004967,0.));
#10737=CARTESIAN_POINT('',(0.0731377123907516,-0.0671139570633434,0.));
#10738=CARTESIAN_POINT('',(0.068165638125053,-0.0732301553311866,0.));
#10739=CARTESIAN_POINT('',(0.0599034322618646,-0.0833935773736965,0.));
#10740=CARTESIAN_POINT('',(0.0575755864155589,-0.0815011890108498,0.));
#10741=CARTESIAN_POINT('',(0.0575304401099945,-0.0845008492934642,0.));
#10742=CARTESIAN_POINT('',(0.0574175743460835,-0.092,0.));
#10743=CARTESIAN_POINT('',(0.0569220809676757,-0.0845163854781293,0.));
#10744=CARTESIAN_POINT('',(0.0567238836163126,-0.081522939669381,0.));
#10745=CARTESIAN_POINT('',(0.0541002731508101,-0.0182841956975155,0.));
#10746=CARTESIAN_POINT('',(0.0544172033039252,-0.016348996307534,0.));
#10747=CARTESIAN_POINT('',(0.0525842035864442,-0.0275414306664617,0.));
#10748=CARTESIAN_POINT('',(0.0573777633530764,-0.0168338511263921,0.));
#10749=CARTESIAN_POINT('',(0.0600601143845571,-0.0154903508681434,0.));
#10750=CARTESIAN_POINT('',(0.0657363588925755,-0.0268231959625441,0.));
#10751=CARTESIAN_POINT('',(0.0699892700869691,-0.0353143001949677,0.));
#10752=CARTESIAN_POINT('',(0.0673069190554884,-0.0366578004532164,0.));
#10753=CARTESIAN_POINT('',(0.0655320346344908,-0.0390764333919029,0.));
#10754=CARTESIAN_POINT('',(0.0639230057174281,-0.037895667053965,0.));
#10755=CARTESIAN_POINT('',(0.0537698792145978,-0.0304449184240064,0.));
#10756=CARTESIAN_POINT('',(0.0555447636355954,-0.0280262854853198,0.));
#10757=CARTESIAN_POINT('',(0.0428296817091935,-0.0466305863424279,0.));
#10758=CARTESIAN_POINT('',(0.0477514482131747,-0.038717106657165,0.));
#10759=CARTESIAN_POINT('',(0.0392627228135174,-0.0523657338217461,0.));
#10760=CARTESIAN_POINT('',(0.05029893224502,-0.0403015072086332,0.));
#10761=CARTESIAN_POINT('',(0.0520738166660177,-0.0378828742699467,0.));
#10762=CARTESIAN_POINT('',(0.0623841998304035,-0.0454490237919663,0.));
#10763=CARTESIAN_POINT('',(0.068612070143827,-0.0500192708180784,0.));
#10764=CARTESIAN_POINT('',(0.0668371857228294,-0.052437903756765,0.));
#10765=CARTESIAN_POINT('',(0.0670181277617996,-0.0554324421149319,0.));
#10766=CARTESIAN_POINT('',(0.0557516400050133,-0.056113208571366,0.));
#10767=CARTESIAN_POINT('',(0.0419911488843329,-0.0569446727313813,0.));
#10768=CARTESIAN_POINT('',(0.0418102068453627,-0.0539501343732143,0.));
#10769=CARTESIAN_POINT('',(-0.0236259985269131,0.0531546508126781,0.));
#10770=CARTESIAN_POINT('',(-0.00518470493707161,0.0488942170195513,0.));
#10771=CARTESIAN_POINT('',(-0.0361922275520782,0.0560577870015881,0.));
#10772=CARTESIAN_POINT('',(-0.00585999835967729,0.0459712085020499,0.));
#10773=CARTESIAN_POINT('',(-0.00314636474335222,0.0472503459443721,0.));
#10774=CARTESIAN_POINT('',(0.00363771929746047,0.0504481895501775,0.));
#10775=CARTESIAN_POINT('',(0.00601998984316964,0.0433365942968573,0.));
#10776=CARTESIAN_POINT('',(0.00666168911379073,0.0410291206146253,0.));
#10777=CARTESIAN_POINT('',(-0.00525468406970068,0.0340304844532056,0.));
#10778=CARTESIAN_POINT('',(-0.0211584746397485,0.0285603109135056,0.));
#10779=CARTESIAN_POINT('',(-0.0221342316799311,0.0313971926873083,0.));
#10780=CARTESIAN_POINT('',(-0.0246175724292907,0.0297140353201647,0.));
#10781=CARTESIAN_POINT('',(-0.033484171972011,0.0427958709123158,0.));
#10782=CARTESIAN_POINT('',(-0.0393508617240436,0.0514516211169431,0.));
#10783=CARTESIAN_POINT('',(-0.0368675209746839,0.0531347784840868,0.));
#10784=CARTESIAN_POINT('',(-0.0699886781810553,0.0360064813120754,0.));
#10785=CARTESIAN_POINT('',(-0.0706486342333784,0.0353339861739569,0.));
#10786=CARTESIAN_POINT('',(-0.0659076027813537,0.0401650966546174,0.));
#10787=CARTESIAN_POINT('',(-0.0637664144748096,0.0380638321220279,0.));
#10788=CARTESIAN_POINT('',(-0.0634416766426263,0.0410462045569107,0.));
#10789=CARTESIAN_POINT('',(-0.062629832062168,0.0485021356441177,0.));
#10790=CARTESIAN_POINT('',(-0.0553755380348973,0.0504061362128948,0.));
#10791=CARTESIAN_POINT('',(-0.0524738204239889,0.0511677364404056,0.));
#10792=CARTESIAN_POINT('',(-0.0548682471702696,0.0529751435768018,0.));
#10793=CARTESIAN_POINT('',(-0.0542907948604945,0.0537401440171475,0.));
#10794=CARTESIAN_POINT('',(-0.0537133425507194,0.0545051444574933,0.));
#10795=CARTESIAN_POINT('',(-0.0517969659838527,0.0530585883294524,0.));
#10796=CARTESIAN_POINT('',(-0.0498094272015491,0.0544057013040938,0.));
#10797=CARTESIAN_POINT('',(-0.0411879020815425,0.0416854500251097,0.));
#10798=CARTESIAN_POINT('',(-0.0351244862263502,0.0327394489158576,0.));
#10799=CARTESIAN_POINT('',(-0.0376078269757099,0.0310562915487139,0.));
#10800=CARTESIAN_POINT('',(-0.0378186112536478,0.0280637057123219,0.));
#10801=CARTESIAN_POINT('',(-0.0534304637431524,0.0291633343392629,0.));
#10802=CARTESIAN_POINT('',(-0.0687182302047723,0.0302401358049754,0.));
#10803=CARTESIAN_POINT('',(-0.0685074459268343,0.0332327216413674,0.));
#10804=CARTESIAN_POINT('',(-0.000314033861442709,0.00711193728718119,0.));
#10805=CARTESIAN_POINT('',(-0.0139047891760524,0.018888775667232,0.));
#10806=CARTESIAN_POINT('',(0.0122476888114813,-0.0037732103201058,0.));
#10807=CARTESIAN_POINT('',(-0.0119401705902649,0.0211559928629101,0.));
#10808=CARTESIAN_POINT('',(-0.0129159276304474,0.0239928746367128,0.));
#10809=CARTESIAN_POINT('',(-0.00113113302168546,0.0280463027396369,0.));
#10810=CARTESIAN_POINT('',(0.0140528485442839,0.0332688950407381,0.));
#10811=CARTESIAN_POINT('',(0.014828264204801,0.0310144787630645,0.));
#10812=CARTESIAN_POINT('',(0.0172123074509722,0.0310144787591276,0.));
#10813=CARTESIAN_POINT('',(0.0172123074200282,0.0122761120669993,0.));
#10814=CARTESIAN_POINT('',(0.0172123073972688,-0.00150599312938186,0.));
#10815=CARTESIAN_POINT('',(0.0142123073972688,-0.00150599312442774,0.));
#10816=CARTESIAN_POINT('',(-0.0239829719952177,-0.00453856023440602,0.));
#10817=CARTESIAN_POINT('',(-0.0486980839879155,-0.00030842630500733,0.));
#10818=CARTESIAN_POINT('',(-0.00164578238495919,-0.00836169903651557,0.));
#10819=CARTESIAN_POINT('',(-0.0481919762158945,0.00264857469653121,0.));
#10820=CARTESIAN_POINT('',(-0.0496868103833161,0.00524962656297083,0.));
#10821=CARTESIAN_POINT('',(-0.0410240849747159,0.0102281270268973,0.));
#10822=CARTESIAN_POINT('',(-0.0269847103425375,0.0182966077673982,0.));
#10823=CARTESIAN_POINT('',(-0.025489876175116,0.0156955559009586,0.));
#10824=CARTESIAN_POINT('',(-0.0235252575893285,0.0179627730966366,0.));
#10825=CARTESIAN_POINT('',(-0.00809525744472757,0.00459216832150788,0.));
#10826=CARTESIAN_POINT('',(0.000824943972849332,-0.00313748083929897,0.));
#10827=CARTESIAN_POINT('',(-0.00113967461293818,-0.00540469803497703,0.));
#10828=CARTESIAN_POINT('',(-0.0915250687431305,0.0606883793958691,0.));
#10829=CARTESIAN_POINT('',(-0.091184042161862,0.0609183155110204,0.));
#10830=CARTESIAN_POINT('',(-0.0951771314205818,0.0582259874579193,0.));
#10831=CARTESIAN_POINT('',(-0.0895069107412802,0.0584309011510681,0.));
#10832=CARTESIAN_POINT('',(-0.0865069107412802,0.0584309011467128,0.));
#10833=CARTESIAN_POINT('',(-0.0865069107546877,0.0491954333849492,0.));
#10834=CARTESIAN_POINT('',(-0.0865069107680952,0.039959966497612,0.));
#10835=CARTESIAN_POINT('',(-0.0895069107680952,0.0399599665019673,0.));
#10836=CARTESIAN_POINT('',(-0.0911840423434539,0.0374725522463728,0.));
#10837=CARTESIAN_POINT('',(-0.0915250685686226,0.0377024881522917,0.));
#10838=CARTESIAN_POINT('',(-0.0951771315753588,0.0401648806428152,0.));
#10839=CARTESIAN_POINT('',(-0.0935,0.0426522948984097,0.));
#10840=CARTESIAN_POINT('',(-0.0965,0.0426522948984097,0.));
#10841=CARTESIAN_POINT('',(-0.0965,0.0491954340580558,0.));
#10842=CARTESIAN_POINT('',(-0.0965,0.0557385730979669,0.));
#10843=CARTESIAN_POINT('',(-0.0935,0.0557385730979669,0.));
#10844=CARTESIAN_POINT('',(-0.0497488148068874,0.0132876491563968,0.));
#10845=CARTESIAN_POINT('',(-0.0616792921927008,0.0064311594953982,0.));
#10846=CARTESIAN_POINT('',(-0.0449501159291279,0.0160454792228388,0.));
#10847=CARTESIAN_POINT('',(-0.0631741263601224,0.00903221136183783,0.));
#10848=CARTESIAN_POINT('',(-0.0642914978913453,0.00624806322260161,0.));
#10849=CARTESIAN_POINT('',(-0.0670849267194027,-0.000712307125488951,0.));
#10850=CARTESIAN_POINT('',(-0.065909945515215,0.006695082372155,0.));
#10851=CARTESIAN_POINT('',(-0.06543995303354,0.00965803817121257,0.));
#10852=CARTESIAN_POINT('',(-0.0680578683266818,0.00819293765659453,0.));
#10853=CARTESIAN_POINT('',(-0.0719916842439551,0.0152220778060124,0.));
#10854=CARTESIAN_POINT('',(-0.0740741386575572,0.0189431120983667,0.));
#10855=CARTESIAN_POINT('',(-0.0714562233644153,0.0204082126129847,0.));
#10856=CARTESIAN_POINT('',(-0.0712454390864773,0.0234007984493767,0.));
#10857=CARTESIAN_POINT('',(-0.0565279206475697,0.0223641626879362,0.));
#10858=CARTESIAN_POINT('',(-0.0462341658186115,0.0216391169256704,0.));
#10859=CARTESIAN_POINT('',(-0.0464449500965495,0.0186465310892784,0.));
#10860=CARTESIAN_POINT('',(0.0181996950287702,-0.0392476750163941,0.));
#10861=CARTESIAN_POINT('',(0.0160777729177657,-0.0284536923975189,0.));
#10862=CARTESIAN_POINT('',(0.0202075944542651,-0.0494616368705277,0.));
#10863=CARTESIAN_POINT('',(0.0172639344466891,-0.0500403127381757,0.));
#10864=CARTESIAN_POINT('',(0.0162841467712625,-0.0528758049548961,0.));
#10865=CARTESIAN_POINT('',(0.00459431239668755,-0.0488364513709054,0.));
#10866=CARTESIAN_POINT('',(-0.00648843751206753,-0.0450068722571268,0.));
#10867=CARTESIAN_POINT('',(-0.00550864983664088,-0.0421713800404065,0.));
#10868=CARTESIAN_POINT('',(-0.0072368917337831,-0.0397192014284447,0.));
#10869=CARTESIAN_POINT('',(0.00158039203685028,-0.0335049725149928,0.));
#10870=CARTESIAN_POINT('',(0.0114058710130476,-0.0265801896532052,0.));
#10871=CARTESIAN_POINT('',(0.0131341129101898,-0.0290323682651668,0.));
#10872=CARTESIAN_POINT('',(0.0370208500618156,-0.0206586744779819,0.));
#10873=CARTESIAN_POINT('',(0.0421156279837895,-0.0234413360573623,0.));
#10874=CARTESIAN_POINT('',(0.0296271116772986,-0.0166203685801235,0.));
#10875=CARTESIAN_POINT('',(0.0310651382296939,-0.0139874842996042,0.));
#10876=CARTESIAN_POINT('',(0.0281071865565712,-0.0144880059269793,0.));
#10877=CARTESIAN_POINT('',(0.0207123073737643,-0.015739309995417,0.));
#10878=CARTESIAN_POINT('',(0.0279917537657122,-0.0139338570808394,0.));
#10879=CARTESIAN_POINT('',(0.0309035323224913,-0.0132116759150083,0.));
#10880=CARTESIAN_POINT('',(0.0293795186581823,-0.0106276127673667,0.));
#10881=CARTESIAN_POINT('',(0.0374588869173749,-0.00586261016391563,0.));
#10882=CARTESIAN_POINT('',(0.0455382551765675,-0.00109760756046454,0.));
#10883=CARTESIAN_POINT('',(0.0470622688408765,-0.00368167070810614,0.));
#10884=CARTESIAN_POINT('',(0.0488673617001963,-0.00128549880917384,0.));
#10885=CARTESIAN_POINT('',(0.0464581812669967,-0.00307319275397769,0.));
#10886=CARTESIAN_POINT('',(0.0494187413161479,-0.00355804757283582,0.));
#10887=CARTESIAN_POINT('',(0.0477547971589055,-0.0137182159456118,0.));
#10888=CARTESIAN_POINT('',(0.046514214585336,-0.021293306595701,0.));
#10889=CARTESIAN_POINT('',(0.0435536545361848,-0.0208084517768429,0.));
#10890=CARTESIAN_POINT('',(0.0342071050509385,-0.0270979092320989,0.));
#10891=CARTESIAN_POINT('',(0.0407720765847496,-0.0306835599388886,0.));
#10892=CARTESIAN_POINT('',(0.0262717163883763,-0.0227637652346688,0.));
#10893=CARTESIAN_POINT('',(0.0393340500323544,-0.0333164442194081,0.));
#10894=CARTESIAN_POINT('',(0.0418815340641997,-0.0349008447708763,0.));
#10895=CARTESIAN_POINT('',(0.0368688868393508,-0.042960447344697,0.));
#10896=CARTESIAN_POINT('',(0.0326807534695587,-0.0496943523997646,0.));
#10897=CARTESIAN_POINT('',(0.0301332694377133,-0.0481099518482963,0.));
#10898=CARTESIAN_POINT('',(0.0271896094301374,-0.0486886277159443,0.));
#10899=CARTESIAN_POINT('',(0.0251804150678742,-0.03846807866198,0.));
#10900=CARTESIAN_POINT('',(0.0226532452392636,-0.025612645814798,0.));
#10901=CARTESIAN_POINT('',(0.0255969052468395,-0.02503396994715,0.));
#10902=CARTESIAN_POINT('',(0.0239405194773119,-0.0225326930367487,0.));
#10903=CARTESIAN_POINT('',(0.0248336898359809,-0.0253966495151881,0.));
#10904=CARTESIAN_POINT('',(0.01482792217029,0.0473005918357073,0.));
#10905=CARTESIAN_POINT('',(0.0156596138543178,0.0467556562714605,0.));
#10906=CARTESIAN_POINT('',(0.0157329779103093,0.0467075871564087,0.));
#10907=CARTESIAN_POINT('',(0.0173037646446055,0.0492649924742832,0.));
#10908=CARTESIAN_POINT('',(0.0151824443041255,0.0513863128209224,0.));
#10909=CARTESIAN_POINT('',(0.0152107439295688,0.0514146124462836,0.));
#10910=CARTESIAN_POINT('',(0.017847775800071,0.0540516443091292,0.));
#10911=CARTESIAN_POINT('',(0.0125444749488709,0.0593549451757274,0.));
#10912=CARTESIAN_POINT('',(0.0189227109374641,0.0554093012898939,0.));
#10913=CARTESIAN_POINT('',(0.0214740053329013,0.0538310437355605,0.));
#10914=CARTESIAN_POINT('',(0.0211341226311441,0.0568117281786115,0.));
#10915=CARTESIAN_POINT('',(0.0300249210254471,0.0578255317652607,0.));
#10916=CARTESIAN_POINT('',(0.0389157194197502,0.05883933535191,0.));
#10917=CARTESIAN_POINT('',(0.0392556021215074,0.055858650908859,0.));
#10918=CARTESIAN_POINT('',(0.0413860893623881,0.0579707645697316,0.));
#10919=CARTESIAN_POINT('',(0.0467123074645897,0.0632510487219131,0.));
#10920=CARTESIAN_POINT('',(0.0473382447570998,0.0557772141969958,0.));
#10921=CARTESIAN_POINT('',(0.0475886196741039,0.0527876803870289,0.));
#10922=CARTESIAN_POINT('',(0.0497814663768821,0.0548349769796395,0.));
#10923=CARTESIAN_POINT('',(0.0516172552687046,0.0528686748654466,0.));
#10924=CARTESIAN_POINT('',(0.051083022624914,0.0534408881420578,0.));
#10925=CARTESIAN_POINT('',(0.0488901759221358,0.0513935915494473,0.));
#10926=CARTESIAN_POINT('',(0.0494658830273818,0.0484493494858646,0.));
#10927=CARTESIAN_POINT('',(0.0405039181324922,0.0466969572723403,0.));
#10928=CARTESIAN_POINT('',(0.0281335965188279,0.044278106548328,0.));
#10929=CARTESIAN_POINT('',(0.027557889413582,0.0472223486119106,0.));
#10930=CARTESIAN_POINT('',(0.025602008856727,0.0449475890098171,0.));
#10931=CARTESIAN_POINT('',(0.0207123074645897,0.0392606900045831,0.));
#10932=CARTESIAN_POINT('',(0.0183300369188806,0.0463722852579033,0.));
#10933=CARTESIAN_POINT('',(0.017377128700597,0.0492169233592314,0.));
#10934=CARTESIAN_POINT('',(0.0651797424845647,0.0397633263885808,0.));
#10935=CARTESIAN_POINT('',(0.063795895046901,0.0397633263898147,0.));
#10936=CARTESIAN_POINT('',(0.0616388453793019,0.0397633263917381,0.));
#10937=CARTESIAN_POINT('',(0.063795895044226,0.0367633263898147,0.));
#10938=CARTESIAN_POINT('',(0.0664616729187144,0.0353872347054099,0.));
#10939=CARTESIAN_POINT('',(0.0614293425300545,0.0256385565037771,0.));
#10940=CARTESIAN_POINT('',(0.0548779065176391,0.0129470524666915,0.));
#10941=CARTESIAN_POINT('',(0.0527753160001063,0.0140324232151604,0.));
#10942=CARTESIAN_POINT('',(0.0399960654588508,0.0240483492465919,0.));
#10943=CARTESIAN_POINT('',(0.0314066575113524,0.0330874317974342,0.));
#10944=CARTESIAN_POINT('',(0.0335813819365494,0.035153968435012,0.));
#10945=CARTESIAN_POINT('',(0.0330056748313034,0.0380982104985947,0.));
#10946=CARTESIAN_POINT('',(0.0418472347113995,0.0398270591239809,0.));
#10947=CARTESIAN_POINT('',(0.0542175563250638,0.0422459098479932,0.));
#10948=CARTESIAN_POINT('',(0.0547932634303097,0.0393016677844105,0.));
#10949=CARTESIAN_POINT('',(0.0567491439871646,0.0415764273865042,0.));
#10950=CARTESIAN_POINT('',(0.0616388453793019,0.0472633263917381,0.));
#10951=CARTESIAN_POINT('',(0.0242123074174176,0.0106952159878524,0.));
#10952=CARTESIAN_POINT('',(0.0242123074377114,0.0229843230225229,0.));
#10953=CARTESIAN_POINT('',(0.0242123073925565,-0.00435952274591101,0.));
#10954=CARTESIAN_POINT('',(0.0272123074377114,0.0229843230175688,0.));
#10955=CARTESIAN_POINT('',(0.0293870318629085,0.0250508596551467,0.));
#10956=CARTESIAN_POINT('',(0.0356556554933968,0.0184540596402345,0.));
#10957=CARTESIAN_POINT('',(0.0459879220742942,0.00758087593154355,0.));
#10958=CARTESIAN_POINT('',(0.0438131976490971,0.0055143392939657,0.));
#10959=CARTESIAN_POINT('',(0.0467824173096367,0.00508569654357143,0.));
#10960=CARTESIAN_POINT('',(0.0542054664609855,0.00401408966758575,0.));
#10961=CARTESIAN_POINT('',(0.0467733665990823,0.00502101153282596,0.));
#10962=CARTESIAN_POINT('',(0.043800526654321,0.00542378027892205,0.));
#10963=CARTESIAN_POINT('',(0.0453245403186301,0.00283971713128046,0.));
#10964=CARTESIAN_POINT('',(0.035680870975681,-0.00284786982500044,0.));
#10965=CARTESIAN_POINT('',(0.0287363210568656,-0.00694358589850672,0.));
#10966=CARTESIAN_POINT('',(0.0272123073925565,-0.00435952275086512,0.));
#10967=CARTESIAN_POINT('',(-0.095,-0.1,-0.005));
#10968=CARTESIAN_POINT('',(-0.0770849229461583,-0.1,9.89191607328552E-6));
#10969=CARTESIAN_POINT('',(-0.0770849229616057,-0.1,0.00875115940411682));
#10970=CARTESIAN_POINT('',(-0.0780849229616057,-0.1,0.00875115940411682));
#10971=CARTESIAN_POINT('',(-0.079084922948142,-0.1,0.00875115940411682));
#10972=CARTESIAN_POINT('',(-0.079084922948142,-0.1,0.00675115940411682));
#10973=CARTESIAN_POINT('',(-0.0810849229616057,-0.1,0.00675115940411682));
#10974=CARTESIAN_POINT('',(-0.0810849229461582,-0.1,9.89190690740133E-6));
#10975=CARTESIAN_POINT('',(-0.0810849229461356,-0.1,1.01643953670516E-20));
#10976=CARTESIAN_POINT('',(-0.095,-0.1,0.));
#10977=CARTESIAN_POINT('',(-0.0960000000154702,-0.1,2.03287907341032E-20));
#10978=CARTESIAN_POINT('',(-0.0960000000154476,-0.1,9.89190690739786E-6));
#10979=CARTESIAN_POINT('',(-0.096,-0.1,0.0067511594132827));
#10980=CARTESIAN_POINT('',(-0.0980000000134639,-0.1,0.0067511594132827));
#10981=CARTESIAN_POINT('',(-0.0980000000134639,-0.1,0.0087511594132827));
#10982=CARTESIAN_POINT('',(-0.099,-0.1,0.0087511594132827));
#10983=CARTESIAN_POINT('',(-0.1,-0.1,0.0087511594132827));
#10984=CARTESIAN_POINT('',(-0.10000000001461,-0.1,0.000375579708932837));
#10985=CARTESIAN_POINT('',(-0.0596006630941021,0.0574627855601075,0.0158036126252231));
#10986=CARTESIAN_POINT('',(-0.062629832062168,0.0485021356441177,0.0158036126247626));
#10987=CARTESIAN_POINT('',(-0.062629832062168,0.0462521356441177,0.0158036126246593));
#10988=CARTESIAN_POINT('',(-0.0626298320623021,0.0485021356437364,0.0158036126247626));
#10989=CARTESIAN_POINT('',(-0.0626298320623021,0.0446002996158345,0.0158036126245835));
#10990=CARTESIAN_POINT('',(-0.0626298320620469,0.0485021356444621,2.62476266069122E-9));
#10991=CARTESIAN_POINT('',(-0.062629832062168,0.0485021356441177,-0.0175));
#10992=CARTESIAN_POINT('',(-0.062629832062168,0.0485021356441177,-0.001));
#10993=CARTESIAN_POINT('',(-0.060379832062168,0.0485021356441177,-0.001));
#10994=CARTESIAN_POINT('',(-0.0515387534001426,0.0631954355885378,0.158858131682702));
#10995=CARTESIAN_POINT('',(-0.0515387534001426,0.0631954356895664,0.025));
#10996=CARTESIAN_POINT('',(-0.0495387534001426,0.0631954356895664,0.025));
#10997=CARTESIAN_POINT('',(-0.0515387534001426,0.0631954357084349,0.015));
#10998=CARTESIAN_POINT('',(-0.0495387534001426,0.0631954357084349,0.015));
#10999=CARTESIAN_POINT('',(-0.013132285693193,0.,0.025));
#11000=CARTESIAN_POINT('',(-0.0515387534001426,0.0631954356895664,0.025));
#11001=CARTESIAN_POINT('',(-0.0465387534001426,0.0631954356895664,0.025));
#11002=CARTESIAN_POINT('',(-0.0515387534001426,0.0631954355885378,0.158858131682702));
#11003=CARTESIAN_POINT('',(0.0207123074645898,0.0392606900045831,0.));
#11004=CARTESIAN_POINT('',(0.0207123074645898,0.0392606900045831,0.025));
#11005=CARTESIAN_POINT('',(0.0227123074645898,0.0392606900045831,0.025));
#11006=CARTESIAN_POINT('',(0.0207123074645898,0.0392606900045831,0.015));
#11007=CARTESIAN_POINT('',(0.0187123074645898,0.0392606900045831,0.015));
#11008=CARTESIAN_POINT('',(-0.013132285693193,0.,0.025));
#11009=CARTESIAN_POINT('',(0.0207123074645897,0.039260690004583,0.025));
#11010=CARTESIAN_POINT('',(0.0257123074645897,0.039260690004583,0.025));
#11011=CARTESIAN_POINT('',(0.0207123074645898,0.0392606900045831,0.13686850222867));
#11012=CARTESIAN_POINT('',(0.00363771929746047,0.0504481895501775,3.22562840326946E-9));
#11013=CARTESIAN_POINT('',(0.00855946667521406,0.051329326741298,3.22562840326946E-9));
#11014=CARTESIAN_POINT('',(0.00855946667521406,0.051329326741298,0.149746763225628));
#11015=CARTESIAN_POINT('',(0.00363771929746047,0.0504481895501775,0.149746763225628));
#11016=CARTESIAN_POINT('',(0.00451885650287113,0.0553699369253727,0.149746763225628));
#11017=CARTESIAN_POINT('',(0.00451885650287113,0.0553699369253727,3.22562840326946E-9));
#11018=CARTESIAN_POINT('',(0.00667688356284567,0.0563157809273786,3.22562840326946E-9));
#11019=CARTESIAN_POINT('',(0.00628552494535542,0.0559244223110247,3.22562840326946E-9));
#11020=CARTESIAN_POINT('',(0.00628552494535542,0.0559244223110247,0.149746763225628));
#11021=CARTESIAN_POINT('',(0.00667688356284567,0.0563157809273786,0.149746763225628));
#11022=CARTESIAN_POINT('',(0.00706824218033591,0.0567071395437325,0.149746763225628));
#11023=CARTESIAN_POINT('',(0.00706824218033591,0.0567071395437325,3.22562840326946E-9));
#11024=CARTESIAN_POINT('',(0.0125444749488709,0.0593549451757274,3.22562840326946E-9));
#11025=CARTESIAN_POINT('',(0.0125444749488709,0.0593549451757274,0.149746763225628));
#11026=CARTESIAN_POINT('',(0.00762272757111733,0.0584738079846069,0.149746763225628));
#11027=CARTESIAN_POINT('',(0.0116633377434602,0.0544331978005321,0.149746763225628));
#11028=CARTESIAN_POINT('',(0.0116633377434602,0.0544331978005321,3.22562840326946E-9));
#11029=CARTESIAN_POINT('',(0.00762272757111733,0.0584738079846069,3.22562840326946E-9));
#11030=CARTESIAN_POINT('',(0.00363771929746045,0.0504481895501775,3.22562840326946E-9));
#11031=CARTESIAN_POINT('',(0.00363771929746045,0.0504481895501775,0.149746763225628));
#11032=CARTESIAN_POINT('',(0.00163771929746045,0.0504481895501775,0.149746763225628));
#11033=CARTESIAN_POINT('',(0.00950531068348572,0.0534873537985263,3.22562840326946E-9));
#11034=CARTESIAN_POINT('',(0.00989666930097597,0.0538787124148802,0.149746763225628));
#11035=CARTESIAN_POINT('',(0.00989666930097597,0.0538787124148802,0.149746763225628));
#11036=CARTESIAN_POINT('',(0.00950531068348572,0.0534873537985263,0.149746763225628));
#11037=CARTESIAN_POINT('',(0.00911395206599547,0.0530959951821723,0.149746763225628));
#11038=CARTESIAN_POINT('',(0.00911395206599547,0.0530959951821723,3.22562840326946E-9));
#11039=CARTESIAN_POINT('',(0.0125444749488709,0.0593549451757274,3.22562840326946E-9));
#11040=CARTESIAN_POINT('',(0.0125444749488709,0.0593549451757274,0.149746763225628));
#11041=CARTESIAN_POINT('',(0.0105444749488709,0.0593549451757274,0.149746763225628));
#11042=CARTESIAN_POINT('',(0.011297230486272,0.0516954340192384,0.149746763225628));
#11043=CARTESIAN_POINT('',(0.0105281656263155,0.0516817816177462,0.149746763225628));
#11044=CARTESIAN_POINT('',(0.011310882861296,0.052464498850454,0.149746763225628));
#11045=CARTESIAN_POINT('',(0.00565402862001589,0.0581213531081587,0.149746763225628));
#11046=CARTESIAN_POINT('',(0.0048713113850354,0.0573386358754508,0.149746763225628));
#11047=CARTESIAN_POINT('',(0.011310882861296,0.052464498850454,3.22562840326946E-9));
#11048=CARTESIAN_POINT('',(0.0105281656263155,0.0516817816177462,3.22562840326946E-9));
#11049=CARTESIAN_POINT('',(0.0048713113850354,0.0573386358754508,3.22562840326946E-9));
#11050=CARTESIAN_POINT('',(0.00565402862001589,0.0581213531081587,3.22562840326946E-9));
#11051=CARTESIAN_POINT('',(-0.083006910723537,0.0706529718896647,-0.019));
#11052=CARTESIAN_POINT('',(-0.0830069107858384,0.0277378948700716,-0.019));
#11053=CARTESIAN_POINT('',(-0.121805020171377,0.0491954341544191,-0.00370247757261113));
#11054=CARTESIAN_POINT('',(-0.121805020171377,0.0491954341544191,-0.00370247757261113));
#11055=CARTESIAN_POINT('',(-0.121369241457639,0.0491954341537864,0.0012784959178476));
#11056=CARTESIAN_POINT('',(-0.121805020171377,0.0491954341544191,-0.00370247757261113));
#11057=CARTESIAN_POINT('',(-0.121369241457639,0.0491954341537864,0.0012784959178476));
#11058=CARTESIAN_POINT('',(-0.128342604344281,0.0491954341537864,0.0018885861170812));
#11059=CARTESIAN_POINT('',(-0.121805020171377,0.0491954341544191,-0.00370247757261113));
#11060=CARTESIAN_POINT('',(-0.128778383058019,0.0491954341544191,-0.00309238737337752));
#11061=CARTESIAN_POINT('',(0.,0.,0.015));
#11062=CARTESIAN_POINT('',(-0.0670849267194027,-0.000712307125488945,0.015));
#11063=CARTESIAN_POINT('',(-0.0708349267194027,-0.000712307125488945,0.015));
#11064=CARTESIAN_POINT('',(-0.0670849267194027,-0.000712307125488945,0.015));
#11065=CARTESIAN_POINT('',(-0.0650849267194027,-0.000712307125488945,0.015));
#11066=CARTESIAN_POINT('',(-0.0670849267194027,-0.000712307125488945,0.015));
#11067=CARTESIAN_POINT('',(0.,0.,0.015));
#11068=CARTESIAN_POINT('',(-0.0196273881469223,-0.0441698458367846,0.015));
#11069=CARTESIAN_POINT('',(-0.0233773881469223,-0.0441698458367846,0.015));
#11070=CARTESIAN_POINT('',(-0.0196273881469223,-0.0441698458367846,0.015));
#11071=CARTESIAN_POINT('',(-0.0176273881469223,-0.0441698458367846,0.015));
#11072=CARTESIAN_POINT('',(-0.0196273881469223,-0.0441698458367846,0.015));
#11073=CARTESIAN_POINT('',(-0.0430849267541065,-0.0241698458020807,0.058));
#11074=CARTESIAN_POINT('',(-0.0430849267775834,-0.0336273858020808,0.058));
#11075=CARTESIAN_POINT('',(-0.0430849267775833,-0.0336273858020808,0.0583131212762095));
#11076=CARTESIAN_POINT('',(-0.0429319750183098,-0.0337814633480123,0.0589160965088107));
#11077=CARTESIAN_POINT('',(-0.0422538626229652,-0.0344363369908619,0.0597588812443069));
#11078=CARTESIAN_POINT('',(-0.0415563950441035,-0.0350561383269272,0.06));
#11079=CARTESIAN_POINT('',(-0.0410849266895475,-0.035451477891161,0.06));
#11080=CARTESIAN_POINT('',(-0.0430849267775833,-0.0336273858020808,0.058));
#11081=CARTESIAN_POINT('',(-0.0410849266895475,-0.0354514764611088,0.06));
#11082=CARTESIAN_POINT('',(-0.0430849267355943,-0.0241698458020807,0.06));
#11083=CARTESIAN_POINT('',(-0.0410849267420321,-0.0128882151337483,0.06));
#11084=CARTESIAN_POINT('',(-0.0430849267707088,-0.0147123058020807,0.058));
#11085=CARTESIAN_POINT('',(-0.0430849267707088,-0.0147123058020807,0.0583131212721661));
#11086=CARTESIAN_POINT('',(-0.0429319750372559,-0.0145582282580774,0.0589160965051069));
#11087=CARTESIAN_POINT('',(-0.042253862650499,-0.0139033546154489,0.0597588812419016));
#11088=CARTESIAN_POINT('',(-0.0415563950863119,-0.0132835532712205,0.06));
#11089=CARTESIAN_POINT('',(-0.0410849267420321,-0.0128882137036961,0.06));
#11090=CARTESIAN_POINT('',(-0.0430849267707088,-0.0147123058020807,0.058));
#11091=CARTESIAN_POINT('',(-0.0430849267541065,-0.0241698458020807,0.058));
#11092=CARTESIAN_POINT('',(-0.0410849267399864,-0.01371230650278,0.058));
#11093=CARTESIAN_POINT('',(-0.0430849267424687,-0.0127123072134087,0.058));
#11094=CARTESIAN_POINT('',(-0.0430849267424687,-0.0127123072134087,0.0585298602071499));
#11095=CARTESIAN_POINT('',(-0.0426468675031063,-0.0127008546488997,0.0595691229706403));
#11096=CARTESIAN_POINT('',(-0.041606625146093,-0.0127957287870987,0.06));
#11097=CARTESIAN_POINT('',(-0.0410849267420321,-0.0128882151337483,0.06));
#11098=CARTESIAN_POINT('',(-0.0430849267424687,-0.0127123072134087,0.058));
#11099=CARTESIAN_POINT('',(-0.0430849267399864,-0.0137123065077447,0.058));
#11100=CARTESIAN_POINT('',(-0.0410849269436319,-0.0241698458791854,0.058));
#11101=CARTESIAN_POINT('',(-0.0430849267306296,-0.0336273858020808,0.058));
#11102=CARTESIAN_POINT('',(-0.0430849266855857,-0.0356273843907528,0.058));
#11103=CARTESIAN_POINT('',(-0.0410849266895475,-0.0354514764611088,0.06));
#11104=CARTESIAN_POINT('',(-0.0416065659601845,-0.0355439523271272,0.06));
#11105=CARTESIAN_POINT('',(-0.0426447727672789,-0.0356387328230459,0.0595712434715909));
#11106=CARTESIAN_POINT('',(-0.0430849266855857,-0.0356273843907528,0.0585298476398832));
#11107=CARTESIAN_POINT('',(-0.0430849266855857,-0.0356273843907528,0.058));
#11108=CARTESIAN_POINT('',(-0.0670849267194027,-0.000712307125488945,0.066));
#11109=CARTESIAN_POINT('',(-0.0670849267194027,-0.000712307125488945,0.06));
#11110=CARTESIAN_POINT('',(-0.0620849267194027,-0.000712307125488945,0.06));
#11111=CARTESIAN_POINT('',(-0.013132285693193,0.,0.06));
#11112=CARTESIAN_POINT('',(-0.0670849267194027,-0.000712307125488945,0.06));
#11113=CARTESIAN_POINT('',(-0.0650849267194027,-0.000712307125488945,0.06));
#11114=CARTESIAN_POINT('',(-0.013132285693193,0.,0.06));
#11115=CARTESIAN_POINT('',(-0.0196273881469223,-0.0441698458367846,0.06));
#11116=CARTESIAN_POINT('',(-0.0146273881469223,-0.0441698458367846,0.06));
#11117=CARTESIAN_POINT('',(-0.0196273881469223,-0.0441698458367846,0.06));
#11118=CARTESIAN_POINT('',(-0.0176273881469223,-0.0441698458367846,0.06));
#11119=CARTESIAN_POINT('',(-0.0196273881469223,-0.0441698458367846,0.0628));
#11120=CARTESIAN_POINT('',(0.,0.,0.09658209));
#11121=CARTESIAN_POINT('',(0.0207123073737642,-0.015739309995417,0.09658209));
#11122=CARTESIAN_POINT('',(0.0257123073737642,-0.015739309995417,0.09658209));
#11123=CARTESIAN_POINT('',(0.0207123073737642,-0.015739309995417,0.09658209));
#11124=CARTESIAN_POINT('',(0.0227123073737642,-0.015739309995417,0.09658209));
#11125=CARTESIAN_POINT('',(0.0207123073737642,-0.015739309995417,0.09658209));
#11126=CARTESIAN_POINT('',(0.,0.,0.06762953));
#11127=CARTESIAN_POINT('',(0.0851866259301828,-0.0578410119957339,0.06762953));
#11128=CARTESIAN_POINT('',(0.0901866259301828,-0.0578410119957339,0.06762953));
#11129=CARTESIAN_POINT('',(0.0851866259301828,-0.0578410119957339,0.06762953));
#11130=CARTESIAN_POINT('',(0.0871866259301828,-0.0578410119957339,0.06762953));
#11131=CARTESIAN_POINT('',(0.0851866259301828,-0.0578410119957339,0.06762953));
#11132=CARTESIAN_POINT('',(0.,0.,0.06762953));
#11133=CARTESIAN_POINT('',(0.029648522761984,-0.0611968473285431,0.06762953));
#11134=CARTESIAN_POINT('',(0.034648522761984,-0.0611968473285431,0.06762953));
#11135=CARTESIAN_POINT('',(0.029648522761984,-0.0611968473285431,0.06762953));
#11136=CARTESIAN_POINT('',(0.031648522761984,-0.0611968473285431,0.06762953));
#11137=CARTESIAN_POINT('',(0.029648522761984,-0.0611968473285431,0.06762953));
#11138=CARTESIAN_POINT('',(0.0687802738016031,0.0402633263853703,0.08210581));
#11139=CARTESIAN_POINT('',(0.0687802738016031,0.0402633263853703,0.08210581));
#11140=CARTESIAN_POINT('',(0.0652095595904525,0.0437633263885542,0.08210581));
#11141=CARTESIAN_POINT('',(0.0687802738060614,0.0452633263853703,0.08210581));
#11142=CARTESIAN_POINT('',(0.0652095595904525,0.0437633263885542,0.08210581));
#11143=CARTESIAN_POINT('',(0.0687802738060614,0.0452633263853703,0.));
#11144=CARTESIAN_POINT('',(0.0693895721842597,0.040263326384827,0.08210581));
#11145=CARTESIAN_POINT('',(0.0693895721842597,0.040263326384827,0.08210581));
#11146=CARTESIAN_POINT('',(0.069389572188718,0.045263326384827,0.08210581));
#11147=CARTESIAN_POINT('',(0.0729602864016519,0.0437633263816432,0.08210581));
#11148=CARTESIAN_POINT('',(0.069389572188718,0.045263326384827,0.08210581));
#11149=CARTESIAN_POINT('',(0.0729602864016519,0.0437633263816432,0.08210581));
#11150=CARTESIAN_POINT('',(0.0687802738140864,0.0542633263853703,0.08210581));
#11151=CARTESIAN_POINT('',(0.0687802738140864,0.0542633263853703,0.08210581));
#11152=CARTESIAN_POINT('',(0.0687802738096281,0.0492633263853703,0.08210581));
#11153=CARTESIAN_POINT('',(0.0652095595966942,0.0507633263885542,0.08210581));
#11154=CARTESIAN_POINT('',(0.0687802738096281,0.0492633263853703,0.08210581));
#11155=CARTESIAN_POINT('',(0.0652095595966942,0.0507633263885542,0.08210581));
#11156=CARTESIAN_POINT('',(0.069389572196743,0.054263326384827,0.08210581));
#11157=CARTESIAN_POINT('',(0.069389572196743,0.054263326384827,0.08210581));
#11158=CARTESIAN_POINT('',(0.0729602864078936,0.0507633263816431,0.08210581));
#11159=CARTESIAN_POINT('',(0.0693895721922847,0.049263326384827,0.08210581));
#11160=CARTESIAN_POINT('',(0.0729602864078936,0.0507633263816431,0.08210581));
#11161=CARTESIAN_POINT('',(0.0693895721922847,0.049263326384827,0.08210581));
#11162=CARTESIAN_POINT('',(0.,0.,0.08210581));
#11163=CARTESIAN_POINT('',(0.0690849230009564,0.0492633263850987,0.08210581));
#11164=CARTESIAN_POINT('',(0.0616388453793019,0.0472633263917381,0.08210581));
#11165=CARTESIAN_POINT('',(0.0690849229973897,0.0452633263850987,0.08210581));
#11166=CARTESIAN_POINT('',(0.0765310006190442,0.0472633263784592,0.08210581));
#11167=CARTESIAN_POINT('',(0.0765310006190442,0.0472633263784592,0.08210581));
#11168=CARTESIAN_POINT('',(0.0785310006190442,0.0472633263784592,0.08210581));
#11169=CARTESIAN_POINT('',(0.0616388453793019,0.0472633263917381,0.08210581));
#11170=CARTESIAN_POINT('',(0.0636388453793019,0.0472633263917381,0.08210581));
#11171=CARTESIAN_POINT('',(0.0690849230009564,0.0492633263850987,0.08210581));
#11172=CARTESIAN_POINT('',(0.0765310006190442,0.0472633263784592,0.08210581));
#11173=CARTESIAN_POINT('',(0.0690849229973897,0.0452633263850987,0.08210581));
#11174=CARTESIAN_POINT('',(0.0616388453793019,0.0472633263917381,0.08210581));
#11175=CARTESIAN_POINT('',(-0.0685424614808028,-0.1,0.00675115940411682));
#11176=CARTESIAN_POINT('',(-0.0739014453297546,-0.0909211902819255,0.00675115940411682));
#11177=CARTESIAN_POINT('',(-0.0739014453297546,-0.0909211902819255,0.00875115940411682));
#11178=CARTESIAN_POINT('',(-0.0749180928869791,-0.0891988582162687,0.00675115940411682));
#11179=CARTESIAN_POINT('',(-0.0685424614808028,-0.1,0.00675115940411682));
#11180=CARTESIAN_POINT('',(-0.0685424614808028,-0.1,0.00875115940411682));
#11181=CARTESIAN_POINT('',(-0.0685424614808028,-0.0874575385326609,0.00741383782672473));
#11182=CARTESIAN_POINT('',(-0.0690296418308621,-0.0874575385326609,0.00935359433405048));
#11183=CARTESIAN_POINT('',(-0.0690296418307892,-0.08945753853296,0.00935359433376038));
#11184=CARTESIAN_POINT('',(-0.0696420614572229,-0.0874575385326609,0.00718170502508263));
#11185=CARTESIAN_POINT('',(-0.0700241945506762,-0.0874997984824899,0.00910380703360271));
#11186=CARTESIAN_POINT('',(-0.0698698778278827,-0.0894575385333832,0.00914256451344506));
#11187=CARTESIAN_POINT('',(-0.0718348454565989,-0.0877430949026534,0.00684654919752747));
#11188=CARTESIAN_POINT('',(-0.0720417645767493,-0.0878206385349356,0.00875753483450543));
#11189=CARTESIAN_POINT('',(-0.0715454472081345,-0.0896975605592815,0.00883787739779786));
#11190=CARTESIAN_POINT('',(-0.0739415618611902,-0.0886224375005901,0.00675115940268907));
#11191=CARTESIAN_POINT('',(-0.0740055535892238,-0.088660210144638,0.0087135848214815));
#11192=CARTESIAN_POINT('',(-0.0731552498600747,-0.090436684653808,0.00875115940411682));
#11193=CARTESIAN_POINT('',(-0.0749180928869791,-0.0891988582162687,0.00675115940411682));
#11194=CARTESIAN_POINT('',(-0.0749180928869791,-0.0891988582162687,0.00875115940411681));
#11195=CARTESIAN_POINT('',(-0.0739014453297546,-0.0909211902819255,0.00875115940411682));
#11196=CARTESIAN_POINT('',(-0.0685424614808028,-0.089457538517679,0.00741383782672473));
#11197=CARTESIAN_POINT('',(-0.0690296418307892,-0.0894575385179782,0.00935359433376037));
#11198=CARTESIAN_POINT('',(-0.0685424614808028,-0.0874575385176787,0.00741383782241372));
#11199=CARTESIAN_POINT('',(-0.0749180928869791,-0.0891988582162687,0.00675115940411682));
#11200=CARTESIAN_POINT('',(-0.0729711443285276,-0.0880496254199573,0.00675115940411682));
#11201=CARTESIAN_POINT('',(-0.0707543057504414,-0.0874575385326609,0.00694690292333007));
#11202=CARTESIAN_POINT('',(-0.0685424614808028,-0.0874575385326609,0.00741383782672472));
#11203=CARTESIAN_POINT('',(-0.0690296418307892,-0.08945753853296,0.00935359433376037));
#11204=CARTESIAN_POINT('',(-0.0707277699213205,-0.0894575385328557,0.00892710026893));
#11205=CARTESIAN_POINT('',(-0.0724333876609884,-0.0899679786453671,0.00875115940411682));
#11206=CARTESIAN_POINT('',(-0.0739014453297546,-0.0909211902819255,0.00875115940411682));
#11207=CARTESIAN_POINT('',(-0.0739014453306533,-0.0894575384687848,0.0287511594041168));
#11208=CARTESIAN_POINT('',(-0.0629014453306533,-0.0894575385124432,0.00969860052085917));
#11209=CARTESIAN_POINT('',(-0.0639014453306533,-0.0894575385130572,0.011430651328428));
#11210=CARTESIAN_POINT('',(-0.0629014453306533,-0.0874575385124432,0.00969860051627623));
#11211=CARTESIAN_POINT('',(-0.0739014453306533,-0.0874575384687848,0.0287511593995339));
#11212=CARTESIAN_POINT('',(-0.0639014453306533,-0.0894575385132186,0.011430651328428));
#11213=CARTESIAN_POINT('',(-0.0655141474013934,-0.0894575385153522,0.0104995573537635));
#11214=CARTESIAN_POINT('',(-0.0672235462347721,-0.0894575385169388,0.00980720502220764));
#11215=CARTESIAN_POINT('',(-0.0690296418307892,-0.0894575385179782,0.00935359433376036));
#11216=CARTESIAN_POINT('',(-0.0458918263884833,-0.0894575384899398,0.019519108595934));
#11217=CARTESIAN_POINT('',(-0.0526999138400433,-0.0894575384989468,0.0155884574731093));
#11218=CARTESIAN_POINT('',(-0.0536999138400433,-0.0894575384995607,0.0173205082806781));
#11219=CARTESIAN_POINT('',(-0.0526999138400433,-0.0874575384989468,0.0155884574685263));
#11220=CARTESIAN_POINT('',(-0.0526999138469177,-0.0874575384989468,0.0155884574645574));
#11221=CARTESIAN_POINT('',(-0.0639014453295898,-0.0894575385130572,0.011430651329042));
#11222=CARTESIAN_POINT('',(-0.0436999138400433,-0.0894575385346672,2.04989382104795E-10));
#11223=CARTESIAN_POINT('',(-0.0436999138400433,-0.0894575384934208,0.0180000002049894));
#11224=CARTESIAN_POINT('',(-0.0436999138400433,-0.0894575384888378,0.0200000002049894));
#11225=CARTESIAN_POINT('',(-0.0436999138400433,-0.0874575384934208,0.0180000002004065));
#11226=CARTESIAN_POINT('',(-0.0436999138400433,-0.0874575385346672,2.00406439470958E-10));
#11227=CARTESIAN_POINT('',(-0.0436999138400433,-0.0894575384934208,0.0200000002049894));
#11228=CARTESIAN_POINT('',(-0.0454578325282876,-0.0894575384934208,0.0200000002049894));
#11229=CARTESIAN_POINT('',(-0.0488991783884972,-0.089457538494459,0.0195468580799674));
#11230=CARTESIAN_POINT('',(-0.0521775115982363,-0.0894575384975466,0.0181994676248003));
#11231=CARTESIAN_POINT('',(-0.0536999138400433,-0.0894575384995607,0.0173205082806781));
#11232=CARTESIAN_POINT('',(-0.0425211926421701,-0.0894575384934208,0.0180000002049894));
#11233=CARTESIAN_POINT('',(-0.0425162466841335,-0.0894575385346672,0.0180000002049894));
#11234=CARTESIAN_POINT('',(-0.0425162466841335,-0.0894575385300843,0.0200000002049894));
#11235=CARTESIAN_POINT('',(-0.0425162466841335,-0.0874575384934208,0.0180000001958241));
#11236=CARTESIAN_POINT('',(-0.0425211926421701,-0.0874575384934208,0.0180000002004065));
#11237=CARTESIAN_POINT('',(-0.053737878922492,-0.0894575384888378,0.0200000002049894));
#11238=CARTESIAN_POINT('',(-0.042516246714971,-0.0665424614110673,0.0180000001524802));
#11239=CARTESIAN_POINT('',(-0.0421887568105949,-0.043629724561379,0.0180000000999762));
#11240=CARTESIAN_POINT('',(-0.0421887568105949,-0.043629724556796,0.0200000000999762));
#11241=CARTESIAN_POINT('',(-0.0422173397302691,-0.0456295203051245,0.0180000000999762));
#11242=CARTESIAN_POINT('',(-0.0425162466841335,-0.0874575385346672,0.0180000001958241));
#11243=CARTESIAN_POINT('',(-0.0411408650756115,-0.0874575385326393,0.0180000001958241));
#11244=CARTESIAN_POINT('',(-0.0384438143128614,-0.0871932587725094,0.0180000001952185));
#11245=CARTESIAN_POINT('',(-0.0344821726846704,-0.085997301000112,0.018000000192478));
#11246=CARTESIAN_POINT('',(-0.0308867219622547,-0.084086777905319,0.0180000001881001));
#11247=CARTESIAN_POINT('',(-0.0276760531639435,-0.0814692182041454,0.018000000182102));
#11248=CARTESIAN_POINT('',(-0.0255162290715189,-0.078859912507612,0.0180000001761229));
#11249=CARTESIAN_POINT('',(-0.0240869197200561,-0.0765031398535962,0.0180000001707224));
#11250=CARTESIAN_POINT('',(-0.0232083929420086,-0.0746670376678098,0.018000000166515));
#11251=CARTESIAN_POINT('',(-0.0225106816033238,-0.0727575122738845,0.0180000001621394));
#11252=CARTESIAN_POINT('',(-0.021825065381075,-0.070091425401231,0.0180000001560301));
#11253=CARTESIAN_POINT('',(-0.0214682357268278,-0.0667165771594728,0.0180000001482968));
#11254=CARTESIAN_POINT('',(-0.0218414076663666,-0.062594053826303,0.0180000001388501));
#11255=CARTESIAN_POINT('',(-0.0229882306982467,-0.0586878170994222,0.0180000001298991));
#11256=CARTESIAN_POINT('',(-0.0249027152446634,-0.0550181350287599,0.0180000001214901));
#11257=CARTESIAN_POINT('',(-0.0270272958207241,-0.0523713349967786,0.018000000115425));
#11258=CARTESIAN_POINT('',(-0.0290460603847557,-0.0504990257184526,0.0180000001111347));
#11259=CARTESIAN_POINT('',(-0.0312003704762445,-0.0488615764995025,0.0180000001073825));
#11260=CARTESIAN_POINT('',(-0.0354208150443641,-0.0465345096039464,0.0180000001020501));
#11261=CARTESIAN_POINT('',(-0.039466857443521,-0.0456688327271623,0.0180000001000664));
#11262=CARTESIAN_POINT('',(-0.0422173397302691,-0.0456295203051245,0.0180000000999763));
#11263=CARTESIAN_POINT('',(-0.042516246714971,-0.0665424614064843,0.0200000001524802));
#11264=CARTESIAN_POINT('',(-0.0425162467287199,-0.0456273842874673,0.0180024377270019));
#11265=CARTESIAN_POINT('',(-0.0424864749177945,-0.0456273842874477,0.0200022161290249));
#11266=CARTESIAN_POINT('',(-0.0424864749191759,-0.0436273842829669,0.0200022161245445));
#11267=CARTESIAN_POINT('',(-0.0424166114953033,-0.0456273842874018,0.0180008125593388));
#11268=CARTESIAN_POINT('',(-0.0423967582862458,-0.045627526119365,0.0200008804677816));
#11269=CARTESIAN_POINT('',(-0.0423872359806606,-0.0436273842828771,0.0200007386993904));
#11270=CARTESIAN_POINT('',(-0.0423169758279767,-0.0456280962143961,0.0180000000999766));
#11271=CARTESIAN_POINT('',(-0.0423070570558477,-0.0456282379826154,0.0200001419377259));
#11272=CARTESIAN_POINT('',(-0.0422879966099624,-0.0436281642877138,0.0200000000999727));
#11273=CARTESIAN_POINT('',(-0.0422173397302691,-0.0456295203051245,0.0180000000999762));
#11274=CARTESIAN_POINT('',(-0.0422173397303346,-0.0456295203051236,0.0200000001045587));
#11275=CARTESIAN_POINT('',(-0.0421887568105949,-0.043629724556796,0.0200000000999762));
#11276=CARTESIAN_POINT('',(-0.0425162467300347,-0.0436273842874825,0.0180024377270019));
#11277=CARTESIAN_POINT('',(-0.0424864749191759,-0.0436273842829821,0.0200022161245445));
#11278=CARTESIAN_POINT('',(-0.0425162467287199,-0.0456273842874673,0.0180024377270506));
#11279=CARTESIAN_POINT('',(-0.0422173397302691,-0.0456295203051245,0.0180000000999762));
#11280=CARTESIAN_POINT('',(-0.0423169769340737,-0.0456280961985867,0.0180000000999727));
#11281=CARTESIAN_POINT('',(-0.0424166126014301,-0.0456273842874018,0.0180008125773745));
#11282=CARTESIAN_POINT('',(-0.0425162467287199,-0.0456273842874673,0.0180024377270019));
#11283=CARTESIAN_POINT('',(-0.0424864749191759,-0.043627384282967,0.0200022161245445));
#11284=CARTESIAN_POINT('',(-0.0423872349164879,-0.0436273842828675,0.0200007386835474));
#11285=CARTESIAN_POINT('',(-0.0422879955457334,-0.0436281643044404,0.0200000000999727));
#11286=CARTESIAN_POINT('',(-0.0421887568105949,-0.043629724556796,0.0200000000999762));
#11287=CARTESIAN_POINT('',(-0.0421887568105884,-0.0436273842867169,0.0400000000999709));
#11288=CARTESIAN_POINT('',(-0.0512834409154738,-0.0436273843075572,0.0199678579021842));
#11289=CARTESIAN_POINT('',(-0.0504566514513933,-0.0436273843056626,0.0217889617383467));
#11290=CARTESIAN_POINT('',(-0.0512834409108909,-0.0456273843075572,0.0199678579021842));
#11291=CARTESIAN_POINT('',(-0.0421887568060055,-0.0456273842867169,0.0400000000999709));
#11292=CARTESIAN_POINT('',(-0.0504566514513933,-0.0436273843012456,0.0217889617383467));
#11293=CARTESIAN_POINT('',(-0.0491983807225137,-0.0436273842983623,0.0212177010771255));
#11294=CARTESIAN_POINT('',(-0.0466137177779146,-0.0436273842924396,0.0203528941102224));
#11295=CARTESIAN_POINT('',(-0.0438681987791268,-0.0436273842861482,0.0200227866144888));
#11296=CARTESIAN_POINT('',(-0.0424864749191759,-0.0436273842829821,0.0200022161245445));
#11297=CARTESIAN_POINT('',(-0.0656050725398186,-0.0436273843403749,0.0264699441096365));
#11298=CARTESIAN_POINT('',(-0.0654288417495142,-0.043627384339971,0.0263899345254619));
#11299=CARTESIAN_POINT('',(-0.0646020522854337,-0.0436273843380765,0.0282110383616243));
#11300=CARTESIAN_POINT('',(-0.0654288417449312,-0.0456273843399711,0.0263899345254619));
#11301=CARTESIAN_POINT('',(-0.0656050725352356,-0.0456273843403749,0.0264699441096365));
#11302=CARTESIAN_POINT('',(-0.0575293517583145,-0.0436273843218696,0.025));
#11303=CARTESIAN_POINT('',(-0.0728699469262385,-0.0436273843570222,0.01));
#11304=CARTESIAN_POINT('',(-0.0728699469262385,-0.0436273843570222,0.028));
#11305=CARTESIAN_POINT('',(-0.0728699469262385,-0.0436273843570222,0.03));
#11306=CARTESIAN_POINT('',(-0.0728699469216556,-0.0456273843570222,0.028));
#11307=CARTESIAN_POINT('',(-0.0728699469216556,-0.0456273843570222,0.01));
#11308=CARTESIAN_POINT('',(-0.0728699469262385,-0.0436273843570222,0.01));
#11309=CARTESIAN_POINT('',(9.99712559396772E-11,-0.0436273841900422,0.028));
#11310=CARTESIAN_POINT('',(-0.0730849267333028,-0.0436273843471058,0.028));
#11311=CARTESIAN_POINT('',(-0.0730849267333028,-0.0436273843471058,0.03));
#11312=CARTESIAN_POINT('',(-0.0730849267287199,-0.0456273843471058,0.028));
#11313=CARTESIAN_POINT('',(-0.0685424567287199,-0.0456273843471058,0.028));
#11314=CARTESIAN_POINT('',(9.99712559396772E-11,-0.0436273841900422,0.03));
#11315=CARTESIAN_POINT('',(-0.0730849267267558,-0.0436273843471058,0.03));
#11316=CARTESIAN_POINT('',(-0.0730849267287199,-0.0456273843471059,0.03));
#11317=CARTESIAN_POINT('',(-0.0730849267287199,-0.0456273843471059,0.028));
#11318=CARTESIAN_POINT('',(-0.0737455143417521,-0.0436273843438285,0.03));
#11319=CARTESIAN_POINT('',(-0.0740097439403934,-0.0456273843425552,0.03000000000006));
#11320=CARTESIAN_POINT('',(-0.0740097439402891,-0.0456273843461976,0.0280000000000183));
#11321=CARTESIAN_POINT('',(-0.0750467576226152,-0.0433665401441992,0.03));
#11322=CARTESIAN_POINT('',(-0.0758314925013528,-0.045262202463019,0.0299999999999721));
#11323=CARTESIAN_POINT('',(-0.0758314925014012,-0.0452622024613289,0.0279999999999915));
#11324=CARTESIAN_POINT('',(-0.0767132099014779,-0.0422546245521641,0.03));
#11325=CARTESIAN_POINT('',(-0.0781645224998118,-0.043705520634192,0.0300000000000075));
#11326=CARTESIAN_POINT('',(-0.0781645224997988,-0.043705520634644,0.0280000000000023));
#11327=CARTESIAN_POINT('',(-0.0778235343342456,-0.0405921034453929,0.03));
#11328=CARTESIAN_POINT('',(-0.0797189775218546,-0.0413779910847065,0.029999999999998));
#11329=CARTESIAN_POINT('',(-0.0797189775218582,-0.0413779910845888,0.0279999999999994));
#11330=CARTESIAN_POINT('',(-0.0782148707577227,-0.0386307677253405,0.03));
#11331=CARTESIAN_POINT('',(-0.0802668484419995,-0.0386321210766348,0.0300000000000005));
#11332=CARTESIAN_POINT('',(-0.0802668484419982,-0.0386321210766534,0.028));
#11333=CARTESIAN_POINT('',(-0.0778265361991459,-0.0366694038101369,0.03));
#11334=CARTESIAN_POINT('',(-0.0797231795347162,-0.0358862115953487,0.0300000000000002));
#11335=CARTESIAN_POINT('',(-0.0797231795347178,-0.0358862115953919,0.0280000000000008));
#11336=CARTESIAN_POINT('',(-0.0763443503333865,-0.0344428783478516,0.03));
#11337=CARTESIAN_POINT('',(-0.0776481222210877,-0.0327690759481529,0.0299999999999986));
#11338=CARTESIAN_POINT('',(-0.0776481222210799,-0.032769075947883,0.0279999999999959));
#11339=CARTESIAN_POINT('',(-0.0744061019580086,-0.0336273843475413,0.03));
#11340=CARTESIAN_POINT('',(-0.0749345611536032,-0.0316273843477022,0.0300000000000065));
#11341=CARTESIAN_POINT('',(-0.0749345611536372,-0.0316273843489223,0.0280000000000183));
#11342=CARTESIAN_POINT('',(-0.0730849267267558,-0.0336273843471058,0.03));
#11343=CARTESIAN_POINT('',(-0.0730849267287199,-0.0316273843471058,0.03));
#11344=CARTESIAN_POINT('',(-0.0730849267287199,-0.0316273843471058,0.028));
#11345=CARTESIAN_POINT('',(-0.0730849267267558,-0.0336273843471058,0.028));
#11346=CARTESIAN_POINT('',(-0.0730849267267558,-0.0336273843471058,0.03));
#11347=CARTESIAN_POINT('',(-0.0730849267287199,-0.0316273843471058,0.028));
#11348=CARTESIAN_POINT('',(-0.0730849267424688,-0.0456273843471059,0.028));
#11349=CARTESIAN_POINT('',(-0.0749083203270822,-0.0456273765307044,0.028));
#11350=CARTESIAN_POINT('',(-0.0785760838480542,-0.0441097597625034,0.028));
#11351=CARTESIAN_POINT('',(-0.0804541713692656,-0.0395491677185096,0.028));
#11352=CARTESIAN_POINT('',(-0.0797220501788867,-0.0358858883287574,0.028));
#11353=CARTESIAN_POINT('',(-0.0776487973904438,-0.0327692696280667,0.028));
#11354=CARTESIAN_POINT('',(-0.074934571977376,-0.0316273843489223,0.028));
#11355=CARTESIAN_POINT('',(-0.0730849267287199,-0.0316273843471059,0.028));
#11356=CARTESIAN_POINT('',(-0.0730849267267558,-0.0336273843471058,0.03));
#11357=CARTESIAN_POINT('',(-0.0744061019574199,-0.0336273843484033,0.03));
#11358=CARTESIAN_POINT('',(-0.0770002275911437,-0.0347124429851152,0.0300000000000001));
#11359=CARTESIAN_POINT('',(-0.0786283586359882,-0.0386320313671564,0.03));
#11360=CARTESIAN_POINT('',(-0.0769958914291994,-0.042544009683204,0.0300000000000001));
#11361=CARTESIAN_POINT('',(-0.0744061019638339,-0.0436273843458084,0.03));
#11362=CARTESIAN_POINT('',(-0.0730849267333029,-0.0436273843471058,0.03));
#11363=CARTESIAN_POINT('',(0.,-0.0336273843471058,0.028));
#11364=CARTESIAN_POINT('',(-0.0692981301742109,-0.0336273843471058,0.028));
#11365=CARTESIAN_POINT('',(-0.0692981301742109,-0.0336273843471058,0.03));
#11366=CARTESIAN_POINT('',(-0.0692981301742109,-0.0316273843471058,0.028));
#11367=CARTESIAN_POINT('',(-0.0530849267287199,-0.0316273843471058,0.028));
#11368=CARTESIAN_POINT('',(0.,-0.0336273843471058,0.03));
#11369=CARTESIAN_POINT('',(-0.0692981301742109,-0.0336273843471058,0.045));
#11370=CARTESIAN_POINT('',(-0.0572773148899078,-0.0336273843471058,0.0329791847239605));
#11371=CARTESIAN_POINT('',(-0.058691528452767,-0.0336273843471058,0.0343933982858475));
#11372=CARTESIAN_POINT('',(-0.0572773148899078,-0.0316273843471058,0.0329791847239605));
#11373=CARTESIAN_POINT('',(-0.0692981301742109,-0.0316273843471058,0.045));
#11374=CARTESIAN_POINT('',(-0.0692981301742109,-0.0336273843471058,0.045));
#11375=CARTESIAN_POINT('',(-0.0566707131761724,-0.0336273843471058,0.033585786438113));
#11376=CARTESIAN_POINT('',(-0.0560641114624369,-0.0336273843471058,0.0341923881522655));
#11377=CARTESIAN_POINT('',(-0.057478325025296,-0.0336273843471058,0.0356066017141525));
#11378=CARTESIAN_POINT('',(-0.0560641114624369,-0.0316273843471058,0.0341923881522655));
#11379=CARTESIAN_POINT('',(-0.0560641114624369,-0.0316273843471058,0.0341923881522655));
#11380=CARTESIAN_POINT('',(-0.058691528452767,-0.0336273843471058,0.0343933982858475));
#11381=CARTESIAN_POINT('',(-0.0468717233038521,-0.0336273843471058,0.025));
#11382=CARTESIAN_POINT('',(-0.0468717233038521,-0.0336273843471058,0.038));
#11383=CARTESIAN_POINT('',(-0.0468717233038521,-0.0336273843471058,0.04));
#11384=CARTESIAN_POINT('',(-0.0468717233038521,-0.0316273843471058,0.038));
#11385=CARTESIAN_POINT('',(-0.0468717233038521,-0.0316273843471058,0.025));
#11386=CARTESIAN_POINT('',(-0.0468717233038521,-0.0336273843471058,0.025));
#11387=CARTESIAN_POINT('',(-0.0530849267287199,-0.0336273843471058,0.038));
#11388=CARTESIAN_POINT('',(-0.0430849267756735,-0.0336273843471058,0.038));
#11389=CARTESIAN_POINT('',(-0.0430849267775833,-0.0336273858020808,0.04));
#11390=CARTESIAN_POINT('',(-0.0430849267756735,-0.0316273843471058,0.038));
#11391=CARTESIAN_POINT('',(-0.0530849267287199,-0.0316273843471058,0.038));
#11392=CARTESIAN_POINT('',(0.,-0.0336273843471058,0.04));
#11393=CARTESIAN_POINT('',(-0.0430849267649249,-0.0336273843471058,0.04));
#11394=CARTESIAN_POINT('',(-0.0430849267756736,-0.0316273843471058,0.04));
#11395=CARTESIAN_POINT('',(-0.0430849267756736,-0.0316273843471058,0.038));
#11396=CARTESIAN_POINT('',(-0.0418358126889507,-0.0336273843503475,0.04));
#11397=CARTESIAN_POINT('',(-0.0420999329836239,-0.0316273843496677,0.0399999999999724));
#11398=CARTESIAN_POINT('',(-0.0420999329836197,-0.0316273843418122,0.0379999999999783));
#11399=CARTESIAN_POINT('',(-0.0393658411670501,-0.0331310741098961,0.04));
#11400=CARTESIAN_POINT('',(-0.0401523365576765,-0.0312360295874412,0.0400000000000129));
#11401=CARTESIAN_POINT('',(-0.0401523365576785,-0.0312360295910866,0.0380000000000101));
#11402=CARTESIAN_POINT('',(-0.0362214288356233,-0.0310290292868638,0.04));
#11403=CARTESIAN_POINT('',(-0.0376728591840242,-0.0295785073667839,0.0399999999999964));
#11404=CARTESIAN_POINT('',(-0.0376728591840238,-0.0295785073658084,0.0379999999999973));
#11405=CARTESIAN_POINT('',(-0.0341212064945596,-0.027884958301587,0.04));
#11406=CARTESIAN_POINT('',(-0.0360167790475617,-0.0270993178346051,0.0400000000000014));
#11407=CARTESIAN_POINT('',(-0.0360167790475615,-0.0270993178348617,0.0380000000000008));
#11408=CARTESIAN_POINT('',(-0.0333815176485881,-0.0241752536290396,0.04));
#11409=CARTESIAN_POINT('',(-0.0354335119814457,-0.0241741100276819,0.0399999999999981));
#11410=CARTESIAN_POINT('',(-0.035433511981447,-0.0241741100276309,0.0379999999999994));
#11411=CARTESIAN_POINT('',(-0.0341170601710559,-0.0204634524684535,0.04));
#11412=CARTESIAN_POINT('',(-0.0360135085702036,-0.0212472490802229,0.0400000000000063));
#11413=CARTESIAN_POINT('',(-0.0360135085701987,-0.02124724908017,0.0380000000000015));
#11414=CARTESIAN_POINT('',(-0.0369225904297621,-0.0162529390156439,0.0399999999999999));
#11415=CARTESIAN_POINT('',(-0.0382257489767627,-0.0179271392842879,0.0399999999999667));
#11416=CARTESIAN_POINT('',(-0.0382257489767892,-0.017927139284656,0.0379999999999921));
#11417=CARTESIAN_POINT('',(-0.0405866583003182,-0.0147123072601629,0.04));
#11418=CARTESIAN_POINT('',(-0.0411149709102914,-0.0167123072595439,0.0400000000001471));
#11419=CARTESIAN_POINT('',(-0.0411149709101742,-0.0167123072578626,0.0380000000000347));
#11420=CARTESIAN_POINT('',(-0.0430849267317201,-0.0147123072570556,0.04));
#11421=CARTESIAN_POINT('',(-0.0430849267325394,-0.0167123072570556,0.04));
#11422=CARTESIAN_POINT('',(-0.0430849267325394,-0.0167123072570556,0.038));
#11423=CARTESIAN_POINT('',(-0.0430849267325394,-0.0147123072570556,0.038));
#11424=CARTESIAN_POINT('',(-0.0430849267707088,-0.0147123058020807,0.04));
#11425=CARTESIAN_POINT('',(-0.0430849267325394,-0.0167123072570556,0.038));
#11426=CARTESIAN_POINT('',(-0.0430849266955151,-0.0316273843471058,0.038));
#11427=CARTESIAN_POINT('',(-0.0421104769627735,-0.0316273843418688,0.038));
#11428=CARTESIAN_POINT('',(-0.040147442170097,-0.0312360292878643,0.038));
#11429=CARTESIAN_POINT('',(-0.0376741700822239,-0.0295785069785555,0.038));
#11430=CARTESIAN_POINT('',(-0.0360164275581287,-0.0270993174015309,0.038));
#11431=CARTESIAN_POINT('',(-0.0354336060092324,-0.0241741096586391,0.038));
#11432=CARTESIAN_POINT('',(-0.0360134839473327,-0.0212472488253102,0.038));
#11433=CARTESIAN_POINT('',(-0.0382257639687252,-0.0179271392070632,0.038));
#11434=CARTESIAN_POINT('',(-0.0411149709706343,-0.0167123072578626,0.038));
#11435=CARTESIAN_POINT('',(-0.0430849267325394,-0.0167123072570556,0.038));
#11436=CARTESIAN_POINT('',(-0.0430849267541065,-0.0241698458020807,0.04));
#11437=CARTESIAN_POINT('',(-0.0530849267287199,-0.0147123072570556,0.038));
#11438=CARTESIAN_POINT('',(-0.0468717233038521,-0.0147123072570556,0.038));
#11439=CARTESIAN_POINT('',(-0.0468717233038521,-0.0147123072570556,0.04));
#11440=CARTESIAN_POINT('',(-0.0468717233038521,-0.0167123072570556,0.038));
#11441=CARTESIAN_POINT('',(-0.0468717233038521,-0.0167123072570556,0.038));
#11442=CARTESIAN_POINT('',(-0.0430849267325394,-0.0147123072570556,0.04));
#11443=CARTESIAN_POINT('',(-0.0468717233038521,-0.0147123072570556,0.025));
#11444=CARTESIAN_POINT('',(-0.0560641114624369,-0.0147123072570556,0.0341923881522655));
#11445=CARTESIAN_POINT('',(-0.057478325025296,-0.0147123072570556,0.0356066017141525));
#11446=CARTESIAN_POINT('',(-0.0560641114624369,-0.0167123072570556,0.0341923881522655));
#11447=CARTESIAN_POINT('',(-0.0468717233038521,-0.0167123072570556,0.025));
#11448=CARTESIAN_POINT('',(-0.0468717233038521,-0.0147123072570556,0.025));
#11449=CARTESIAN_POINT('',(-0.0566707131727351,-0.0147123072570556,0.0335857864415502));
#11450=CARTESIAN_POINT('',(-0.0572773148899078,-0.0147123072570556,0.0329791847239605));
#11451=CARTESIAN_POINT('',(-0.058691528452767,-0.0147123072570556,0.0343933982858475));
#11452=CARTESIAN_POINT('',(-0.0572773148899078,-0.0167123072570556,0.0329791847239605));
#11453=CARTESIAN_POINT('',(-0.0566707131727351,-0.0167123072570556,0.0335857864415502));
#11454=CARTESIAN_POINT('',(-0.0580849267390315,-0.0147123072570556,0.035));
#11455=CARTESIAN_POINT('',(-0.0692981301742109,-0.0147123072570556,0.045));
#11456=CARTESIAN_POINT('',(-0.0692981301742109,-0.0147123072570556,0.028));
#11457=CARTESIAN_POINT('',(-0.0692981301742109,-0.0147123072570556,0.03));
#11458=CARTESIAN_POINT('',(-0.0692981301742109,-0.0167123072570556,0.028));
#11459=CARTESIAN_POINT('',(-0.0692981301742109,-0.0167123072570556,0.045));
#11460=CARTESIAN_POINT('',(-0.0692981301742109,-0.0147123072570556,0.045));
#11461=CARTESIAN_POINT('',(-0.0530849267287199,-0.0147123072570556,0.028));
#11462=CARTESIAN_POINT('',(-0.0730849267293473,-0.0147123072570556,0.028));
#11463=CARTESIAN_POINT('',(-0.0730849267293473,-0.0147123072570556,0.03));
#11464=CARTESIAN_POINT('',(-0.0730849267287199,-0.0167123072570556,0.028));
#11465=CARTESIAN_POINT('',(-0.0730849267287199,-0.0167123072570556,0.028));
#11466=CARTESIAN_POINT('',(-0.0692981301742109,-0.0147123072570556,0.03));
#11467=CARTESIAN_POINT('',(-0.0730849267293473,-0.0147123072570556,0.03));
#11468=CARTESIAN_POINT('',(-0.0730849267287199,-0.0167123072570556,0.03));
#11469=CARTESIAN_POINT('',(-0.0730849267287199,-0.0167123072570556,0.028));
#11470=CARTESIAN_POINT('',(-0.074664727103017,-0.0147123072571186,0.03));
#11471=CARTESIAN_POINT('',(-0.0745326123041734,-0.0167123072571273,0.0300000000000349));
#11472=CARTESIAN_POINT('',(-0.0745326123040775,-0.0167123072575097,0.028000000000011));
#11473=CARTESIAN_POINT('',(-0.0777624765835789,-0.0150172240762318,0.03));
#11474=CARTESIAN_POINT('',(-0.0773712953262221,-0.0169917241108246,0.0299999999999838));
#11475=CARTESIAN_POINT('',(-0.0773712953262666,-0.0169917241106471,0.0279999999999949));
#11476=CARTESIAN_POINT('',(-0.082311537150844,-0.0163970849731247,0.03));
#11477=CARTESIAN_POINT('',(-0.0815399229653655,-0.0182561882735486,0.0300000000000043));
#11478=CARTESIAN_POINT('',(-0.0815399229653536,-0.0182561882735961,0.0280000000000014));
#11479=CARTESIAN_POINT('',(-0.0864366065865878,-0.0186008873777241,0.03));
#11480=CARTESIAN_POINT('',(-0.0853200155015766,-0.0202756883322824,0.0299999999999989));
#11481=CARTESIAN_POINT('',(-0.0853200155015798,-0.0202756883322697,0.0279999999999996));
#11482=CARTESIAN_POINT('',(-0.0901147716843753,-0.0216184101681239,0.03));
#11483=CARTESIAN_POINT('',(-0.08869057852063,-0.0230408579499092,0.0300000000000003));
#11484=CARTESIAN_POINT('',(-0.0886905785206292,-0.0230408579499127,0.0280000000000001));
#11485=CARTESIAN_POINT('',(-0.0925847161478047,-0.0246267832098842,0.03));
#11486=CARTESIAN_POINT('',(-0.0909539633489964,-0.0257976430055272,0.03));
#11487=CARTESIAN_POINT('',(-0.0909539633489966,-0.0257976430055268,0.028));
#11488=CARTESIAN_POINT('',(-0.0942133678355567,-0.0273409073504763,0.03));
#11489=CARTESIAN_POINT('',(-0.0924464121185881,-0.0282847869753783,0.03));
#11490=CARTESIAN_POINT('',(-0.092446412118588,-0.0282847869753783,0.028));
#11491=CARTESIAN_POINT('',(-0.0952113266957906,-0.0294541021250287,0.03));
#11492=CARTESIAN_POINT('',(-0.0933609124254337,-0.0302212568523612,0.03));
#11493=CARTESIAN_POINT('',(-0.0933609124254337,-0.0302212568523612,0.028));
#11494=CARTESIAN_POINT('',(-0.0960009543033359,-0.0316525347400235,0.03));
#11495=CARTESIAN_POINT('',(-0.0940845040672806,-0.0322358361929788,0.03));
#11496=CARTESIAN_POINT('',(-0.0940845040672806,-0.0322358361929788,0.028));
#11497=CARTESIAN_POINT('',(-0.0967704166093062,-0.0347214331505946,0.03));
#11498=CARTESIAN_POINT('',(-0.0947896168163716,-0.0350480849261087,0.03));
#11499=CARTESIAN_POINT('',(-0.0947896168163716,-0.0350480849261087,0.028));
#11500=CARTESIAN_POINT('',(-0.0971540521702723,-0.0385975227210435,0.03));
#11501=CARTESIAN_POINT('',(-0.0951411692225024,-0.0386000200264839,0.03));
#11502=CARTESIAN_POINT('',(-0.0951411692225024,-0.0386000200264839,0.028));
#11503=CARTESIAN_POINT('',(-0.0966900920154236,-0.0433310383029863,0.03));
#11504=CARTESIAN_POINT('',(-0.0947160097081853,-0.0429376752426735,0.03));
#11505=CARTESIAN_POINT('',(-0.0947160097081853,-0.0429376752426735,0.028));
#11506=CARTESIAN_POINT('',(-0.0953341631614281,-0.04780761272988,0.03));
#11507=CARTESIAN_POINT('',(-0.0934734761695318,-0.0470398771003266,0.03));
#11508=CARTESIAN_POINT('',(-0.0934734761695318,-0.0470398771003266,0.028));
#11509=CARTESIAN_POINT('',(-0.0930983845976646,-0.0519990187347521,0.03));
#11510=CARTESIAN_POINT('',(-0.0914246740938922,-0.0508807589576837,0.03));
#11511=CARTESIAN_POINT('',(-0.0914246740938922,-0.0508807589576838,0.028));
#11512=CARTESIAN_POINT('',(-0.0906223444781457,-0.0550196439296825,0.03));
#11513=CARTESIAN_POINT('',(-0.0891557033566042,-0.0536487715280713,0.03));
#11514=CARTESIAN_POINT('',(-0.0891557033566043,-0.0536487715280711,0.028));
#11515=CARTESIAN_POINT('',(-0.0882835971337863,-0.0571413281514849,0.03));
#11516=CARTESIAN_POINT('',(-0.0870125437024331,-0.055593020886184,0.0300000000000001));
#11517=CARTESIAN_POINT('',(-0.0870125437024331,-0.0555930208861844,0.0280000000000001));
#11518=CARTESIAN_POINT('',(-0.0857897379003394,-0.0589936108483203,0.03));
#11519=CARTESIAN_POINT('',(-0.0847272440503797,-0.0572903985672532,0.0299999999999992));
#11520=CARTESIAN_POINT('',(-0.0847272440503798,-0.0572903985672511,0.0279999999999994));
#11521=CARTESIAN_POINT('',(-0.0822947906853432,-0.0608650367804622,0.03));
#11522=CARTESIAN_POINT('',(-0.0815245766555019,-0.0590053185491909,0.0300000000000069));
#11523=CARTESIAN_POINT('',(-0.0815245766555011,-0.0590053185492078,0.0280000000000049));
#11524=CARTESIAN_POINT('',(-0.0778203433375702,-0.0622248587788615,0.03));
#11525=CARTESIAN_POINT('',(-0.0774243239909332,-0.0602514196514807,0.0299999999999748));
#11526=CARTESIAN_POINT('',(-0.0774243239909361,-0.0602514196514194,0.0279999999999822));
#11527=CARTESIAN_POINT('',(-0.0746647271094369,-0.0625424614369807,0.03));
#11528=CARTESIAN_POINT('',(-0.0745326095864309,-0.0605424614370243,0.0300000000000543));
#11529=CARTESIAN_POINT('',(-0.0745326095864246,-0.0605424614371561,0.0280000000000384));
#11530=CARTESIAN_POINT('',(-0.0730849267355943,-0.0625424614371561,0.03));
#11531=CARTESIAN_POINT('',(-0.0730849267355943,-0.0605424614371561,0.03));
#11532=CARTESIAN_POINT('',(-0.0730849267355943,-0.0605424614371561,0.028));
#11533=CARTESIAN_POINT('',(-0.0730849267310114,-0.0625424614475651,0.028));
#11534=CARTESIAN_POINT('',(-0.0730849267310114,-0.0625424614371561,0.03));
#11535=CARTESIAN_POINT('',(-0.0730849267355943,-0.0605424614371561,0.028));
#11536=CARTESIAN_POINT('',(-0.0730849267424688,-0.0167123072570556,0.028));
#11537=CARTESIAN_POINT('',(-0.0737984944601496,-0.0167123072572794,0.028));
#11538=CARTESIAN_POINT('',(-0.0752496626445751,-0.0167842084568543,0.028));
#11539=CARTESIAN_POINT('',(-0.0780618065453197,-0.0172012850198523,0.028));
#11540=CARTESIAN_POINT('',(-0.0815413731651747,-0.01825660292259,0.028));
#11541=CARTESIAN_POINT('',(-0.0853196210863564,-0.0202755341810331,0.028));
#11542=CARTESIAN_POINT('',(-0.0886907095483914,-0.0230410622866371,0.028));
#11543=CARTESIAN_POINT('',(-0.0909538794355568,-0.025797126727132,0.028));
#11544=CARTESIAN_POINT('',(-0.0924465379721286,-0.0282856769264075,0.028));
#11545=CARTESIAN_POINT('',(-0.0936650768339113,-0.0308619274632891,0.028));
#11546=CARTESIAN_POINT('',(-0.0947180365007751,-0.0343284022348988,0.028));
#11547=CARTESIAN_POINT('',(-0.0951414660427202,-0.0386025476140286,0.028));
#11548=CARTESIAN_POINT('',(-0.0947160922634644,-0.0429368631971437,0.028));
#11549=CARTESIAN_POINT('',(-0.0934728486779462,-0.0470405999608759,0.028));
#11550=CARTESIAN_POINT('',(-0.091427100747367,-0.0508786813945013,0.028));
#11551=CARTESIAN_POINT('',(-0.0886928291737552,-0.0542099628022326,0.028));
#11552=CARTESIAN_POINT('',(-0.0853570707422475,-0.0569553911960113,0.028));
#11553=CARTESIAN_POINT('',(-0.0802568213338283,-0.0596843055968112,0.028));
#11554=CARTESIAN_POINT('',(-0.0759802924000733,-0.0605424614371561,0.028));
#11555=CARTESIAN_POINT('',(-0.0730849267355943,-0.0605424614371561,0.028));
#11556=CARTESIAN_POINT('',(-0.0730849267310114,-0.0625424614371561,0.03));
#11557=CARTESIAN_POINT('',(-0.0746647271048592,-0.0625424614371561,0.03));
#11558=CARTESIAN_POINT('',(-0.0778203433334396,-0.0622248587797774,0.03));
#11559=CARTESIAN_POINT('',(-0.0822947906816065,-0.0608650367820078,0.03));
#11560=CARTESIAN_POINT('',(-0.0857897378971782,-0.0589936108503103,0.03));
#11561=CARTESIAN_POINT('',(-0.0882835971310473,-0.0571413281537363,0.03));
#11562=CARTESIAN_POINT('',(-0.0906223444758036,-0.0550196439322029,0.03));
#11563=CARTESIAN_POINT('',(-0.0930983845959589,-0.0519990187373453,0.03));
#11564=CARTESIAN_POINT('',(-0.0953341631603447,-0.0478076127325452,0.03));
#11565=CARTESIAN_POINT('',(-0.0966900920149425,-0.0433310383055132,0.03));
#11566=CARTESIAN_POINT('',(-0.0971540521702918,-0.0385975227233129,0.03));
#11567=CARTESIAN_POINT('',(-0.0967704166096532,-0.03472143315263,0.03));
#11568=CARTESIAN_POINT('',(-0.096000954303879,-0.0316525347417892,0.03));
#11569=CARTESIAN_POINT('',(-0.0952113266964436,-0.0294541021265919,0.03));
#11570=CARTESIAN_POINT('',(-0.0942133678362978,-0.027340907351855,0.03));
#11571=CARTESIAN_POINT('',(-0.0925847161486235,-0.024626783211005,0.03));
#11572=CARTESIAN_POINT('',(-0.0901147716851893,-0.0216184101689158,0.03));
#11573=CARTESIAN_POINT('',(-0.0864366065873122,-0.0186008873781699,0.03));
#11574=CARTESIAN_POINT('',(-0.0823115371513738,-0.0163970849733807,0.03));
#11575=CARTESIAN_POINT('',(-0.0777624765838856,-0.0150172240760677,0.03));
#11576=CARTESIAN_POINT('',(-0.074664727103056,-0.0147123072575512,0.03));
#11577=CARTESIAN_POINT('',(-0.0730849267293473,-0.0147123072570556,0.03));
#11578=CARTESIAN_POINT('',(-0.0685424567241369,-0.0625424614371561,0.028));
#11579=CARTESIAN_POINT('',(-0.072869946882895,-0.0625424614470724,0.028));
#11580=CARTESIAN_POINT('',(-0.072869946882895,-0.0625424614470724,0.03));
#11581=CARTESIAN_POINT('',(-0.072869946887478,-0.0605424614470724,0.028));
#11582=CARTESIAN_POINT('',(-0.072869946887478,-0.0605424614470724,0.028));
#11583=CARTESIAN_POINT('',(-0.0730849267310114,-0.0625424614475651,0.03));
#11584=CARTESIAN_POINT('',(-0.072869946882895,-0.0625424614470724,0.01));
#11585=CARTESIAN_POINT('',(-0.0654288417061707,-0.0625424614300213,0.0263899345254619));
#11586=CARTESIAN_POINT('',(-0.0646020522420902,-0.0625424614281267,0.0282110383616243));
#11587=CARTESIAN_POINT('',(-0.0654288417107536,-0.0605424614300213,0.0263899345254619));
#11588=CARTESIAN_POINT('',(-0.072869946887478,-0.0605424614470724,0.01));
#11589=CARTESIAN_POINT('',(-0.072869946882895,-0.0625424614470724,0.01));
#11590=CARTESIAN_POINT('',(-0.0583561411790515,-0.0625424614138143,0.0231788961638376));
#11591=CARTESIAN_POINT('',(-0.0512834409675993,-0.0625424613976074,0.0199678579455276));
#11592=CARTESIAN_POINT('',(-0.0504566515035188,-0.0625424613957128,0.02178896178169));
#11593=CARTESIAN_POINT('',(-0.0512834409721822,-0.0605424613976074,0.0199678579455276));
#11594=CARTESIAN_POINT('',(-0.0512834409620878,-0.0605424613976074,0.0199678579409447));
#11595=CARTESIAN_POINT('',(-0.0646020522420902,-0.0625424614281267,0.0282110383616243));
#11596=CARTESIAN_POINT('',(-0.0421887568627139,-0.0625424613767671,0.0400000001433143));
#11597=CARTESIAN_POINT('',(-0.042516246724137,-0.0625424613775176,0.0180024377694815));
#11598=CARTESIAN_POINT('',(-0.042486474918553,-0.0625424613774493,0.0200022161671026));
#11599=CARTESIAN_POINT('',(-0.0425162467287199,-0.0605424613775176,0.0180024377694815));
#11600=CARTESIAN_POINT('',(-0.0421887568672969,-0.0605424613767671,0.0400000001433143));
#11601=CARTESIAN_POINT('',(-0.0421887568627139,-0.0625424613767671,0.0400000001433143));
#11602=CARTESIAN_POINT('',(-0.042486474918553,-0.0625424613730172,0.0200022161671026));
#11603=CARTESIAN_POINT('',(-0.042486474923202,-0.0605424613774494,0.0200022161626709));
#11604=CARTESIAN_POINT('',(-0.0425162467287199,-0.0605424613775176,0.0180024377694815));
#11605=CARTESIAN_POINT('',(-0.0423870742207959,-0.062542461373002,0.0200007363340111));
#11606=CARTESIAN_POINT('',(-0.042332447293527,-0.0605432750298706,0.0199999230683173));
#11607=CARTESIAN_POINT('',(-0.0423522355778783,-0.0605424613771418,0.0180008099531341));
#11608=CARTESIAN_POINT('',(-0.0422878348319149,-0.0625469371250702,0.0200000001433245));
#11609=CARTESIAN_POINT('',(-0.0421786180533273,-0.0605499860170126,0.0199991891274281));
#11610=CARTESIAN_POINT('',(-0.0421884905866451,-0.060549175005216,0.0180000001432737));
#11611=CARTESIAN_POINT('',(-0.0421887568627509,-0.0625558901146233,0.020000000143345));
#11612=CARTESIAN_POINT('',(-0.0420250119383883,-0.0605626044899635,0.0200000001387775));
#11613=CARTESIAN_POINT('',(-0.0420250119380143,-0.0605626044899942,0.018000000143345));
#11614=CARTESIAN_POINT('',(-0.0421887568627509,-0.0625558901192062,0.018000000143345));
#11615=CARTESIAN_POINT('',(-0.0421887568627509,-0.0625558901146233,0.0200000001433451));
#11616=CARTESIAN_POINT('',(-0.0420250119380143,-0.0605626044899943,0.018000000143345));
#11617=CARTESIAN_POINT('',(-0.0425162467287199,-0.0605424613775176,0.0180024377694815));
#11618=CARTESIAN_POINT('',(-0.0423522305211232,-0.0605424613771418,0.0180008099028923));
#11619=CARTESIAN_POINT('',(-0.0421884855635444,-0.060549175417855,0.0180000001433245));
#11620=CARTESIAN_POINT('',(-0.0420250119380143,-0.0605626044899943,0.018000000143345));
#11621=CARTESIAN_POINT('',(-0.042188756862751,-0.0625558901146233,0.0200000001433451));
#11622=CARTESIAN_POINT('',(-0.0422877999290878,-0.0625469402786982,0.0200000001433245));
#11623=CARTESIAN_POINT('',(-0.0423870391836015,-0.0625424613727388,0.020000735812393));
#11624=CARTESIAN_POINT('',(-0.042486474918553,-0.0625424613730172,0.0200022161671026));
#11625=CARTESIAN_POINT('',(-0.042516246714971,-0.0665424614110673,0.0180000001524802));
#11626=CARTESIAN_POINT('',(-0.0425162467058051,-0.070542461441262,0.0180000001616461));
#11627=CARTESIAN_POINT('',(-0.0425162467058051,-0.0705424614400341,0.0200000001616461));
#11628=CARTESIAN_POINT('',(-0.0425162467012222,-0.072542461441262,0.0180000001616461));
#11629=CARTESIAN_POINT('',(-0.0420250119380143,-0.0605626044899943,0.0180000001341945));
#11630=CARTESIAN_POINT('',(-0.0412552339820365,-0.0606258404014052,0.0180000001343395));
#11631=CARTESIAN_POINT('',(-0.039764271007779,-0.0610468181617741,0.0180000001353041));
#11632=CARTESIAN_POINT('',(-0.0372844569442765,-0.0629451675856084,0.0180000001396541));
#11633=CARTESIAN_POINT('',(-0.0359083764496514,-0.066814636126823,0.0180000001485209));
#11634=CARTESIAN_POINT('',(-0.0375970732552847,-0.0705581084128877,0.0180000001570989));
#11635=CARTESIAN_POINT('',(-0.0402287110059821,-0.0722467063823242,0.0180000001609683));
#11636=CARTESIAN_POINT('',(-0.0417438757527775,-0.0725424614428471,0.0180000001616461));
#11637=CARTESIAN_POINT('',(-0.0425162467012222,-0.072542461444617,0.0180000001616461));
#11638=CARTESIAN_POINT('',(-0.042516246714971,-0.0665424614064843,0.0200000001524802));
#11639=CARTESIAN_POINT('',(-0.0537378789131315,-0.0705424614669762,0.0180000001616461));
#11640=CARTESIAN_POINT('',(-0.0436999139450618,-0.0705424614439744,0.0180000001616461));
#11641=CARTESIAN_POINT('',(-0.0436999139450618,-0.0705424614393914,0.0200000001616461));
#11642=CARTESIAN_POINT('',(-0.0436999139404788,-0.0725424614439744,0.018000000158291));
#11643=CARTESIAN_POINT('',(-0.0436999139358959,-0.0725424614439744,0.018000000158291));
#11644=CARTESIAN_POINT('',(-0.0425162467058051,-0.0705424614366791,0.0200000001616461));
#11645=CARTESIAN_POINT('',(-0.0436999139450618,-0.0705424614137796,1.61646025424986E-10));
#11646=CARTESIAN_POINT('',(-0.0526999139450618,-0.0705424614605524,0.015588457429766));
#11647=CARTESIAN_POINT('',(-0.0536999139450618,-0.0705424614578114,0.0173205082373348));
#11648=CARTESIAN_POINT('',(-0.0526999139404788,-0.0725424614605524,0.0155884574264109));
#11649=CARTESIAN_POINT('',(-0.0436999139404788,-0.0725424614137796,1.5829105360926E-10));
#11650=CARTESIAN_POINT('',(-0.0536999139450618,-0.0705424614578114,0.0173205082373348));
#11651=CARTESIAN_POINT('',(-0.0521775117032548,-0.0705424614557973,0.0181994675814569));
#11652=CARTESIAN_POINT('',(-0.0489706477025939,-0.0705424614506769,0.0195277079197679));
#11653=CARTESIAN_POINT('',(-0.045457832633306,-0.0705424614434196,0.0200000001616461));
#11654=CARTESIAN_POINT('',(-0.0436999139450618,-0.0705424614393914,0.0200000001616461));
#11655=CARTESIAN_POINT('',(-0.0458918264147379,-0.0705424614515454,0.0195191085980649));
#11656=CARTESIAN_POINT('',(-0.0629014453447231,-0.0705424614740488,0.00969860053002505));
#11657=CARTESIAN_POINT('',(-0.0639014453447231,-0.0705424614746628,0.0114306513375939));
#11658=CARTESIAN_POINT('',(-0.0629014453401401,-0.0725424614740488,0.00969860052667007));
#11659=CARTESIAN_POINT('',(-0.045891826410155,-0.0725424614515454,0.01951910859471));
#11660=CARTESIAN_POINT('',(-0.0468918264147379,-0.0705424614521594,0.0212511594056338));
#11661=CARTESIAN_POINT('',(-0.0739014453447231,-0.0705424615312155,0.0287511594132827));
#11662=CARTESIAN_POINT('',(-0.0685424614808028,-0.070542461467339,0.00741383783942432));
#11663=CARTESIAN_POINT('',(-0.0690296418320683,-0.0705424614829297,0.00935359434613872));
#11664=CARTESIAN_POINT('',(-0.0685424614808028,-0.0725424614823213,0.00741383783518569));
#11665=CARTESIAN_POINT('',(-0.0739014453401401,-0.0725424615312155,0.0287511594099277));
#11666=CARTESIAN_POINT('',(-0.0690296418320683,-0.0705424614829297,0.00935359434613872));
#11667=CARTESIAN_POINT('',(-0.067223546240697,-0.070542461479552,0.00980720503468523));
#11668=CARTESIAN_POINT('',(-0.065514147411582,-0.0705424614767964,0.0104995573651703));
#11669=CARTESIAN_POINT('',(-0.0639014453447231,-0.0705424614746628,0.0114306513375939));
#11670=CARTESIAN_POINT('',(-0.0690296418320683,-0.0705424614676381,0.00935359434613873));
#11671=CARTESIAN_POINT('',(-0.0690296418319954,-0.072542461467339,0.00935359434584862));
#11672=CARTESIAN_POINT('',(-0.0685424614808028,-0.072542461467339,0.00741383783942433));
#11673=CARTESIAN_POINT('',(-0.0706419962861601,-0.0705424614672828,0.00894864279341037));
#11674=CARTESIAN_POINT('',(-0.0705397987467511,-0.0725720104796351,0.0089743102597473));
#11675=CARTESIAN_POINT('',(-0.0701956346730042,-0.072542461467339,0.00696839113211365));
#11676=CARTESIAN_POINT('',(-0.0722667567266749,-0.0707013458374851,0.00875115941328271));
#11677=CARTESIAN_POINT('',(-0.0720082162157734,-0.0727176972305858,0.00878112080165399));
#11678=CARTESIAN_POINT('',(-0.0718615279242933,-0.072690558488272,0.00675115941344529));
#11679=CARTESIAN_POINT('',(-0.0739014453444213,-0.0710340222268834,0.00875115941328271));
#11680=CARTESIAN_POINT('',(-0.073537600696799,-0.0730006480358254,0.00875115941328271));
#11681=CARTESIAN_POINT('',(-0.073537600696799,-0.0730006480358254,0.00675115941328271));
#11682=CARTESIAN_POINT('',(-0.0739014453444213,-0.0710340222268834,0.0067511594132827));
#11683=CARTESIAN_POINT('',(-0.0739014453444213,-0.0710340222268834,0.0087511594132827));
#11684=CARTESIAN_POINT('',(-0.0735376006967989,-0.0730006480358253,0.0067511594132827));
#11685=CARTESIAN_POINT('',(-0.0685424614808028,-0.072542461467339,0.00741383783942433));
#11686=CARTESIAN_POINT('',(-0.0701918616722799,-0.072542461467339,0.00696940776458856));
#11687=CARTESIAN_POINT('',(-0.0718577479147276,-0.0726898591502269,0.00675115941328271));
#11688=CARTESIAN_POINT('',(-0.073537600696799,-0.0730006480358253,0.00675115941328271));
#11689=CARTESIAN_POINT('',(-0.0739014453444213,-0.0710340222268834,0.0087511594132827));
#11690=CARTESIAN_POINT('',(-0.072269653570346,-0.0707019353752945,0.0087511594132827));
#11691=CARTESIAN_POINT('',(-0.0706447791660787,-0.0705424614675389,0.00894794385804837));
#11692=CARTESIAN_POINT('',(-0.0690296418320683,-0.0705424614676381,0.00935359434613873));
#11693=CARTESIAN_POINT('',(-0.0685424614808028,-0.1,0.0067511594132827));
#11694=CARTESIAN_POINT('',(-0.0685424614808028,-0.1,0.0067511594132827));
#11695=CARTESIAN_POINT('',(-0.0685424614808028,-0.1,0.0087511594132827));
#11696=CARTESIAN_POINT('',(-0.0430849267399864,-0.0137123065077447,0.06));
#11697=CARTESIAN_POINT('',(-0.0430849267707088,-0.0147123058020807,0.06));
#11698=CARTESIAN_POINT('',(-0.0430849267424687,-0.0127123072134087,0.06));
#11699=CARTESIAN_POINT('',(-0.0430849267424687,-0.0127123072134087,0.04));
#11700=CARTESIAN_POINT('',(-0.0430849267399864,-0.0137123065077447,0.04));
#11701=CARTESIAN_POINT('',(-0.0430849267081077,-0.0346273850964167,0.06));
#11702=CARTESIAN_POINT('',(-0.0430849266855857,-0.0356273843907528,0.06));
#11703=CARTESIAN_POINT('',(-0.0430849266855857,-0.0356273843907528,0.04));
#11704=CARTESIAN_POINT('',(-0.0430849267775833,-0.0336273858020808,0.06));
#11705=CARTESIAN_POINT('',(-0.0430849267081077,-0.0346273850964167,0.04));
#11706=CARTESIAN_POINT('',(-0.0430849267541065,-0.0241698458020807,0.06));
#11707=CARTESIAN_POINT('',(-0.0692981301742109,0.,0.045));
#11708=CARTESIAN_POINT('',(-0.058691528452767,-0.0356273872134087,0.0343933982858475));
#11709=CARTESIAN_POINT('',(-0.058691528452767,-0.0356273872134087,0.0343933982858475));
#11710=CARTESIAN_POINT('',(-0.0692981301742109,0.,0.03));
#11711=CARTESIAN_POINT('',(-0.0692981301742109,-0.0356273843471058,0.03));
#11712=CARTESIAN_POINT('',(-0.0692981301742109,-0.0356273843471058,0.045));
#11713=CARTESIAN_POINT('',(-0.0692981301742109,0.,0.045));
#11714=CARTESIAN_POINT('',(-0.0692981301742109,0.,0.03));
#11715=CARTESIAN_POINT('',(-0.0692981301742109,-0.0127123072134087,0.03));
#11716=CARTESIAN_POINT('',(-0.058691528452767,-0.0167123072134087,0.0343933982858475));
#11717=CARTESIAN_POINT('',(-0.058691528452767,-0.0127123072134087,0.0343933982858475));
#11718=CARTESIAN_POINT('',(-0.0692981301742109,-0.0127123072134087,0.045));
#11719=CARTESIAN_POINT('',(-0.0468717233038521,-0.0167123072134087,0.025));
#11720=CARTESIAN_POINT('',(-0.057478325025296,-0.0127123072134087,0.0356066017141525));
#11721=CARTESIAN_POINT('',(-0.057478325025296,-0.0127123072134087,0.0356066017141525));
#11722=CARTESIAN_POINT('',(-0.0468717233038521,-0.0167123072134087,0.04));
#11723=CARTESIAN_POINT('',(-0.0468717233038521,-0.0127123072134087,0.04));
#11724=CARTESIAN_POINT('',(-0.0468717233038521,-0.0127123072134087,0.025));
#11725=CARTESIAN_POINT('',(-0.0468717233038521,-0.0356273872134087,0.025));
#11726=CARTESIAN_POINT('',(-0.0468717233038521,-0.0356273872134087,0.04));
#11727=CARTESIAN_POINT('',(-0.0468717233038521,-0.0356273843742246,0.04));
#11728=CARTESIAN_POINT('',(-0.057478325025296,-0.0316273872134087,0.0356066017141525));
#11729=CARTESIAN_POINT('',(-0.057478325025296,-0.0356273872134087,0.0356066017141525));
#11730=CARTESIAN_POINT('',(-0.0468717233038521,-0.0356273843471058,0.025));
#11731=CARTESIAN_POINT('',(-0.0580849267390315,-0.0356273872134087,0.035));
#11732=CARTESIAN_POINT('',(-0.0580849267390315,-0.0356273872134087,0.035));
#11733=CARTESIAN_POINT('',(-0.0580849267390315,-0.0167123072134087,0.035));
#11734=CARTESIAN_POINT('',(-0.0580849267390315,-0.0127123072134087,0.035));
#11735=CARTESIAN_POINT('',(-0.0430849267355943,-0.0241698458020807,0.04));
#11736=CARTESIAN_POINT('',(-0.0430849266855857,-0.0356273843907528,0.04));
#11737=CARTESIAN_POINT('',(-0.0430849267424687,-0.0127123072134087,0.04));
#11738=CARTESIAN_POINT('',(-0.0430849267355943,-0.0241698458020807,0.04));
#11739=CARTESIAN_POINT('',(-0.0430849267756735,-0.0316273843471058,0.04));
#11740=CARTESIAN_POINT('',(-0.0430849267756735,-0.0316273843471058,0.));
#11741=CARTESIAN_POINT('',(-0.0430849267325394,-0.0167123072570556,0.04));
#11742=CARTESIAN_POINT('',(-0.0430849267325394,-0.0167123072570556,0.));
#11743=CARTESIAN_POINT('',(-0.0430849267355943,-0.0241698458020807,-1.32060454492129E-27));
#11744=CARTESIAN_POINT('',(-0.0436999139454509,-0.0664575384886638,1.52285541710262E-10));
#11745=CARTESIAN_POINT('',(-0.0436999138308774,-0.0914575384665694,0.0200000002095723));
#11746=CARTESIAN_POINT('',(-0.0436999138308774,-0.0914575384888378,0.0200000002095723));
#11747=CARTESIAN_POINT('',(-0.0536999138492092,-0.0874575385162473,0.0173205082760952));
#11748=CARTESIAN_POINT('',(-0.0536999138308774,-0.0914575384995607,0.0173205082852611));
#11749=CARTESIAN_POINT('',(-0.0436999138308774,-0.0914575385346672,2.0957232473863E-10));
#11750=CARTESIAN_POINT('',(-0.0436999139637827,-0.0664575384886638,1.52285541710262E-10));
#11751=CARTESIAN_POINT('',(-0.0536999139542276,-0.0685424614837083,0.0173205082327519));
#11752=CARTESIAN_POINT('',(-0.0536999139542276,-0.0685424614611664,0.0173205082327519));
#11753=CARTESIAN_POINT('',(-0.0436999139358959,-0.072542461432758,0.020000000166229));
#11754=CARTESIAN_POINT('',(-0.0436999139542276,-0.0685424614473294,0.0200000001570631));
#11755=CARTESIAN_POINT('',(-0.0436999139542276,-0.0685424614137796,1.5706308279115E-10));
#11756=CARTESIAN_POINT('',(-0.0421887568735029,-0.066457538474835,0.0400000001522856));
#11757=CARTESIAN_POINT('',(-0.0421887568682255,-0.0645424614321587,0.0200000001478972));
#11758=CARTESIAN_POINT('',(-0.0421887568682998,-0.0645694559877784,0.0199999999954789));
#11759=CARTESIAN_POINT('',(-0.0504566514980073,-0.060542461405275,0.0217889617771071));
#11760=CARTESIAN_POINT('',(-0.0504566515090303,-0.0645424614292626,0.021788961786273));
#11761=CARTESIAN_POINT('',(-0.0421887568682255,-0.0645424614103169,0.0400000001478972));
#11762=CARTESIAN_POINT('',(-0.0425162467103881,-0.0645424614110673,0.0200026815675654));
#11763=CARTESIAN_POINT('',(-0.0421887568682998,-0.0645694559877784,0.0200000001479591));
#11764=CARTESIAN_POINT('',(-0.0422971856588501,-0.0645514584052209,0.0200000001479178));
#11765=CARTESIAN_POINT('',(-0.0424063491377651,-0.0645424614113189,0.0200008818093345));
#11766=CARTESIAN_POINT('',(-0.042516246710388,-0.0645424614110671,0.0200026815675654));
#11767=CARTESIAN_POINT('',(-0.0421887568735029,-0.066457538474835,0.0400000001522856));
#11768=CARTESIAN_POINT('',(-0.0421887568161,-0.0456273843085588,0.0200000001045538));
#11769=CARTESIAN_POINT('',(-0.0421887568050828,-0.0416295366844549,0.0199999999429127));
#11770=CARTESIAN_POINT('',(-0.0425162467287199,-0.0416273842874673,0.0200026815163906));
#11771=CARTESIAN_POINT('',(-0.0424070860243068,-0.0416273842874071,0.0200008938251753));
#11772=CARTESIAN_POINT('',(-0.0422979227151633,-0.041628101656876,0.0200000000953896));
#11773=CARTESIAN_POINT('',(-0.0421887568050828,-0.0416295366844549,0.0200000000953929));
#11774=CARTESIAN_POINT('',(-0.0425162467287199,-0.0416273842874673,0.0200026815163906));
#11775=CARTESIAN_POINT('',(-0.042188756805077,-0.0416273842867169,0.0400000000953879));
#11776=CARTESIAN_POINT('',(-0.0504566514458818,-0.0416273814292626,0.0217889617337637));
#11777=CARTESIAN_POINT('',(-0.0504566514458818,-0.041627381405275,0.0217889617337637));
#11778=CARTESIAN_POINT('',(-0.0728699470262098,-1.6697998882387E-10,0.01));
#11779=CARTESIAN_POINT('',(-0.0728699470262098,-1.6697998882387E-10,0.03));
#11780=CARTESIAN_POINT('',(-0.0728699469308215,-0.0416273843471058,0.03));
#11781=CARTESIAN_POINT('',(-0.0646020522900166,-0.0416273814616765,0.0282110383616243));
#11782=CARTESIAN_POINT('',(-0.0646020522900166,-0.0416273814616765,0.0282110383616243));
#11783=CARTESIAN_POINT('',(-0.0728699469308215,-0.0416273843570222,0.01));
#11784=CARTESIAN_POINT('',(-0.0728699470262098,-1.6697998882387E-10,0.01));
#11785=CARTESIAN_POINT('',(-0.0646020522466731,-0.0605424614616765,0.0282110383616243));
#11786=CARTESIAN_POINT('',(-0.0646020522375072,-0.0645424614616765,0.0282110383616243));
#11787=CARTESIAN_POINT('',(-0.0728699470262098,-1.6697998882387E-10,0.03));
#11788=CARTESIAN_POINT('',(-0.0728699468783121,-0.0645424614800708,0.03));
#11789=CARTESIAN_POINT('',(-0.0728699468783121,-0.0645424614806222,0.01));
#11790=CARTESIAN_POINT('',(-0.0530849267424687,-0.0356273843471058,0.03));
#11791=CARTESIAN_POINT('',(-0.0480849267571614,-0.0356273843689293,0.04));
#11792=CARTESIAN_POINT('',(-0.0530849267424687,-0.0356273843471058,0.03));
#11793=CARTESIAN_POINT('',(-0.0730849267424688,-0.0356273843471058,0.03));
#11794=CARTESIAN_POINT('',(-0.0730849267424688,-0.0356273843471058,0.03));
#11795=CARTESIAN_POINT('',(-0.0530849267287199,-0.0316273843471058,0.03));
#11796=CARTESIAN_POINT('',(-0.0730849267287199,-0.0316273843471058,0.03));
#11797=CARTESIAN_POINT('',(-0.0730849267424688,-0.0316273843471058,-3.46944695195361E-18));
#11798=CARTESIAN_POINT('',(-0.0530849267424687,-0.0316273843471058,-3.46944695195361E-18));
#11799=CARTESIAN_POINT('',(-0.0530849267287199,-0.0167123072570556,0.03));
#11800=CARTESIAN_POINT('',(-0.0730849267287199,-0.0167123072570556,0.03));
#11801=CARTESIAN_POINT('',(-0.0730849267287199,-0.0167123072570556,0.));
#11802=CARTESIAN_POINT('',(-0.0530849267287199,-0.0167123072570556,0.));
#11803=CARTESIAN_POINT('',(-0.0530849267287199,-0.0127123072134087,0.03));
#11804=CARTESIAN_POINT('',(-0.0605849267194027,-0.0127123072134087,0.03));
#11805=CARTESIAN_POINT('',(-0.0730849267287199,-0.0127123072134087,0.03));
#11806=CARTESIAN_POINT('',(-0.0730849267287199,-0.0127123072134087,0.03));
#11807=CARTESIAN_POINT('',(-0.0530849267287199,-0.0127123072134087,0.03));
#11808=CARTESIAN_POINT('',(-0.0480849267355943,-0.0127123072134087,0.04));
#11809=CARTESIAN_POINT('',(-0.0575293517628975,-0.0416273814454695,0.025));
#11810=CARTESIAN_POINT('',(-0.0575293517628975,-0.0416273814454695,0.025));
#11811=CARTESIAN_POINT('',(-0.057529351719554,-0.0605424614454695,0.025));
#11812=CARTESIAN_POINT('',(-0.0575293517103881,-0.0645424614454695,0.025));
#11813=CARTESIAN_POINT('',(-0.0730849267355943,-0.0386273843471058,0.03));
#11814=CARTESIAN_POINT('',(-0.0730849268238539,-0.064542461480803,0.03));
#11815=CARTESIAN_POINT('',(-0.0730849268238539,-0.064542461480803,0.03));
#11816=CARTESIAN_POINT('',(-0.0730849267355943,-0.0386273843471059,0.03));
#11817=CARTESIAN_POINT('',(-0.0730849267355943,-0.0386273843471058,0.03));
#11818=CARTESIAN_POINT('',(-0.0730849267355943,-0.0605424614371561,0.03));
#11819=CARTESIAN_POINT('',(-0.0730849267355943,-0.0605424614371561,0.));
#11820=CARTESIAN_POINT('',(-0.0730849267355943,-0.0386273843471058,-2.10469211858224E-28));
#11821=CARTESIAN_POINT('',(-0.0730849267355944,-0.0386273843471059,0.03));
#11822=CARTESIAN_POINT('',(-0.0730849267287199,-0.0456273843471058,0.03));
#11823=CARTESIAN_POINT('',(-0.0730849267287199,-0.0456273843471058,0.));
#11824=CARTESIAN_POINT('',(-0.0730849267424688,-0.0386273843471059,0.));
#11825=CARTESIAN_POINT('',(-0.0730849267355944,-0.0386273843471059,0.03));
#11826=CARTESIAN_POINT('',(-0.0730849267424688,-0.0416273843471058,0.03));
#11827=CARTESIAN_POINT('',(-0.0730849267424688,-0.0416273843471058,0.03));
#11828=CARTESIAN_POINT('',(-0.0730849267424688,-0.0386273843471058,0.03));
#11829=CARTESIAN_POINT('',(-0.0685424567287199,-0.0605424614371561,0.02));
#11830=CARTESIAN_POINT('',(-0.0425162467287199,-0.0605424613775176,0.02));
#11831=CARTESIAN_POINT('',(-0.0425162467287199,-0.0605424613775176,0.));
#11832=CARTESIAN_POINT('',(-0.0685424567287199,-0.0605424614371561,0.));
#11833=CARTESIAN_POINT('',(-0.0685424567103881,-0.0645424614707058,0.02));
#11834=CARTESIAN_POINT('',(-0.0425162467103881,-0.0645424614110673,0.02));
#11835=CARTESIAN_POINT('',(-0.0708136941093443,-0.0645424614730678,0.03));
#11836=CARTESIAN_POINT('',(-0.0685424567287199,-0.0416273843471058,0.02));
#11837=CARTESIAN_POINT('',(-0.0708136917287199,-0.0416273843471058,0.03));
#11838=CARTESIAN_POINT('',(-0.0425162467287199,-0.0416273842874673,0.02));
#11839=CARTESIAN_POINT('',(-0.0685424567287199,-0.0456273843471058,0.02));
#11840=CARTESIAN_POINT('',(-0.0425162467287199,-0.0456273842874673,0.02));
#11841=CARTESIAN_POINT('',(-0.0425162467287199,-0.0456273842874673,0.));
#11842=CARTESIAN_POINT('',(-0.0685424567287199,-0.0456273843471058,0.));
#11843=CARTESIAN_POINT('',(-0.042516246714971,-0.0665424614110673,0.02));
#11844=CARTESIAN_POINT('',(-0.0176037643448256,-0.0669020309205193,0.02));
#11845=CARTESIAN_POINT('',(-0.0194566110500825,-0.0571077239437323,0.02));
#11846=CARTESIAN_POINT('',(-0.0325580052704392,-0.0437040180445122,0.02));
#11847=CARTESIAN_POINT('',(-0.042516246714971,-0.0665424614110673,0.02));
#11848=CARTESIAN_POINT('',(-0.0425162466841335,-0.0914575384888378,0.0200000002095723));
#11849=CARTESIAN_POINT('',(-0.0425162466841335,-0.0914575385117525,0.0100000002095723));
#11850=CARTESIAN_POINT('',(-0.0204680569593895,-0.0781458400818167,0.02));
#11851=CARTESIAN_POINT('',(-0.042516246714971,-0.0665424614110673,0.02));
#11852=CARTESIAN_POINT('',(-0.0425162466841335,-0.0874575385117525,0.0100000002004064));
#11853=CARTESIAN_POINT('',(-0.0425162466841335,-0.0874575385346672,2.00406442594098E-10));
#11854=CARTESIAN_POINT('',(-0.042516246714971,-0.0665424614110673,0.));
#11855=CARTESIAN_POINT('',(-0.042516246714971,-0.0665424614110673,0.02));
#11856=CARTESIAN_POINT('',(-0.0425162467103881,-0.0685424614393098,0.0168362165988064));
#11857=CARTESIAN_POINT('',(-0.0425162467103881,-0.068542461444617,0.0200000001570631));
#11858=CARTESIAN_POINT('',(-0.042516246714971,-0.0665424614110673,0.02));
#11859=CARTESIAN_POINT('',(-0.042516246714971,-0.0665424614110673,0.02));
#11860=CARTESIAN_POINT('',(-0.0425162467012222,-0.0725424614393098,0.0168362165920964));
#11861=CARTESIAN_POINT('',(-0.0425162467012222,-0.072542461444617,0.));
#11862=CARTESIAN_POINT('',(-0.042516246714971,-0.0665424614110673,0.));
#11863=CARTESIAN_POINT('',(-0.0739014453453371,-0.0695424614687433,0.0287511594132827));
#11864=CARTESIAN_POINT('',(-0.0739014453459511,-0.0685424614840932,0.0087511594132827));
#11865=CARTESIAN_POINT('',(-0.0739014453456687,-0.069002290058411,0.0087511594132827));
#11866=CARTESIAN_POINT('',(-0.0639014453434951,-0.0725424614779532,0.0114306513375939));
#11867=CARTESIAN_POINT('',(-0.0639014453459511,-0.0685424614746628,0.0114306513375939));
#11868=CARTESIAN_POINT('',(-0.0739014453459511,-0.0685424615312155,0.0287511594132827));
#11869=CARTESIAN_POINT('',(-0.0685424614808028,-0.0685424614870616,0.00948249853783315));
#11870=CARTESIAN_POINT('',(-0.0739014453456687,-0.0690022900584111,0.0087511594132827));
#11871=CARTESIAN_POINT('',(-0.0720954870304876,-0.0686900701721707,0.00875115941328271));
#11872=CARTESIAN_POINT('',(-0.0703081918502952,-0.0685424614808635,0.00899141508271304));
#11873=CARTESIAN_POINT('',(-0.0685424614818849,-0.0685424614808028,0.00948249853753221));
#11874=CARTESIAN_POINT('',(-0.0739014453300393,-0.0904575385071376,0.0287511594041168));
#11875=CARTESIAN_POINT('',(-0.0739014453318813,-0.0874575385224876,0.00875115940411682));
#11876=CARTESIAN_POINT('',(-0.0739014453282648,-0.0933475613288327,0.00875115940411682));
#11877=CARTESIAN_POINT('',(-0.0685424614808028,-0.0914575385129384,0.00948249852407112));
#11878=CARTESIAN_POINT('',(-0.0704399246367372,-0.0914575385129384,0.00895477765808509));
#11879=CARTESIAN_POINT('',(-0.0723674802269408,-0.0921118499614407,0.00875115940472561));
#11880=CARTESIAN_POINT('',(-0.0739014453203274,-0.0933475613397275,0.00875115940411682));
#11881=CARTESIAN_POINT('',(-0.0685424614808028,-0.0914575385129384,0.00948249852407112));
#11882=CARTESIAN_POINT('',(-0.0739014453294253,-0.0914575384687848,0.0287511594041168));
#11883=CARTESIAN_POINT('',(-0.0639014453294253,-0.0914575385130572,0.011430651328428));
#11884=CARTESIAN_POINT('',(-0.0639014453294253,-0.0914575385163476,0.011430651328428));
#11885=CARTESIAN_POINT('',(-0.0425211926592588,-0.0725424614340283,0.0136809996844513));
#11886=CARTESIAN_POINT('',(-0.0685424614808028,-0.0725424614653553,9.89190690739786E-6));
#11887=CARTESIAN_POINT('',(-0.0685424614808028,-0.0725424614808028,0.));
#11888=CARTESIAN_POINT('',(-0.0555293540864295,-0.0725424614408865,-1.21688954567631E-10));
#11889=CARTESIAN_POINT('',(-0.0427040365648545,-0.0685424614349785,0.0139976946096314));
#11890=CARTESIAN_POINT('',(-0.0468918264170294,-0.0685424614521594,0.0212511594050198));
#11891=CARTESIAN_POINT('',(-0.0427040365648545,-0.0685424614450473,0.0200000001570631));
#11892=CARTESIAN_POINT('',(-0.0685424614808028,-0.0685424614661932,0.000375579708932837));
#11893=CARTESIAN_POINT('',(-0.0468918264158837,-0.0695424614521594,0.0212511594053268));
#11894=CARTESIAN_POINT('',(-0.0425211926421701,-0.0914575385033176,0.0136809996981961));
#11895=CARTESIAN_POINT('',(-0.053737878922492,-0.0914575384888378,0.0200000002095723));
#11896=CARTESIAN_POINT('',(-0.0468918263861918,-0.0914575384905538,0.0212511594041168));
#11897=CARTESIAN_POINT('',(-0.0685424614808028,-0.0914575385346446,9.89191607328552E-6));
#11898=CARTESIAN_POINT('',(-0.0425211926421701,-0.0874575385033176,0.0136809996890302));
#11899=CARTESIAN_POINT('',(-0.0685424614808028,-0.0874575385346446,9.89190690740133E-6));
#11900=CARTESIAN_POINT('',(-0.0685424614808028,-0.0874575385346672,-9.16588526767251E-12));
#11901=CARTESIAN_POINT('',(-0.0555293540824681,-0.0874575385346672,2.00406441000452E-10));
#11902=CARTESIAN_POINT('',(-0.0468918263873376,-0.0904575384905538,0.0212511594038098));
#11903=CARTESIAN_POINT('',(-0.0685424614808028,-0.1,0.));
#11904=CARTESIAN_POINT('',(-0.0685424614808028,-0.1,0.00875115940411682));
#11905=CARTESIAN_POINT('',(-0.0685424614808028,-0.1,0.));
#11906=CARTESIAN_POINT('',(-0.0685424614808028,-0.1,0.));
#11907=CARTESIAN_POINT('',(-0.0685424614808028,-0.0904575385191972,0.00875115940411682));
#11908=CARTESIAN_POINT('',(-0.0685424614808028,-0.1,0.));
#11909=CARTESIAN_POINT('',(-0.0685424614808028,-0.1,0.0087511594132827));
#11910=CARTESIAN_POINT('',(-0.0685424614808028,-0.0695424614808028,0.0087511594132827));
#11911=CARTESIAN_POINT('',(-0.0685424614808028,-0.1,0.));
#11912=CARTESIAN_POINT('',(-0.0685424614808028,-0.1,0.));
#11913=CARTESIAN_POINT('',(-0.053737878922492,-0.0664575384888378,0.0200000001522855));
#11914=CARTESIAN_POINT('',(-0.053737878922492,-0.0664575384888378,0.0200000001522855));
#11915=CARTESIAN_POINT('',(0.,0.,0.));
#11916=CARTESIAN_POINT('',(0.,0.,0.03));
#11917=CARTESIAN_POINT('',(0.,0.,0.03));
#11918=CARTESIAN_POINT('',(0.,0.,0.04));
#11919=CARTESIAN_POINT('',(0.,0.,0.04));
#11920=CARTESIAN_POINT('',(-0.121369241457639,0.0491954341537864,0.00127849591784759));
#11921=CARTESIAN_POINT('',(-0.00176937670838797,0.,0.015));
#11922=CARTESIAN_POINT('',(0.0207123074645898,0.0392606900045831,0.015));
#11923=CARTESIAN_POINT('',(0.0169623074645898,0.0392606900045831,0.015));
#11924=CARTESIAN_POINT('',(0.0207123074645898,0.0392606900045831,0.015));
#11925=CARTESIAN_POINT('',(-0.0196273881469223,-0.0441698458367846,0.015));
#11926=CARTESIAN_POINT('',(-0.0670849267194027,-0.000712307125488945,0.015));
#11927=CARTESIAN_POINT('',(0.0851866259301828,-0.0578410119957339,-0.005));
#11928=CARTESIAN_POINT('',(0.029648522761984,-0.0611968473285431,-0.005));
#11929=CARTESIAN_POINT('',(0.0207123073737642,-0.015739309995417,-0.005));
#11930=CARTESIAN_POINT('',(0.0765310006190442,0.0472633263784592,-0.005));
#11931=CARTESIAN_POINT('',(0.0616388453793019,0.0472633263917381,-0.005));
#11932=CARTESIAN_POINT('',(0.0467123074645898,0.0632510487219131,1.83937276521107E-9));
#11933=CARTESIAN_POINT('',(0.0467123074645898,0.0632510487219132,0.132294201839373));
#11934=CARTESIAN_POINT('',(0.0467123074645898,0.0682510487219132,0.132294201839373));
#11935=CARTESIAN_POINT('',(0.0467123074645898,0.0557510487219132,0.132294201839373));
#11936=CARTESIAN_POINT('',(0.0467123074645898,0.0632510487219132,0.132294201839373));
#11937=CARTESIAN_POINT('',(0.0467123074645898,0.0612510487219132,0.132294201839373));
#11938=CARTESIAN_POINT('',(0.0467123074645898,0.063251048721913,-0.118605798160627));
#11939=CARTESIAN_POINT('',(-0.0515387534001426,0.0631954357084349,0.015));
#11940=CARTESIAN_POINT('',(-0.0515387534001426,0.0631954357084349,0.015));
#11941=CARTESIAN_POINT('',(-0.0552887534001426,0.0631954357084349,0.015));
#11942=CARTESIAN_POINT('',(-0.00348713548115816,0.,0.015));
#11943=CARTESIAN_POINT('',(0.0574175743460834,-0.092,1.05751637308193E-9));
#11944=CARTESIAN_POINT('',(0.0574175743460834,-0.092,0.0409457510575164));
#11945=CARTESIAN_POINT('',(0.0534175743460834,-0.092,0.0409457510575164));
#11946=CARTESIAN_POINT('',(0.0574175743460834,-0.0957286442550956,0.0409457510575164));
#11947=CARTESIAN_POINT('',(0.0574175743460834,-0.092,0.0409457510575164));
#11948=CARTESIAN_POINT('',(0.0594175743460834,-0.092,0.0409457510575164));
#11949=CARTESIAN_POINT('',(0.0574175743460834,-0.092,-0.00499999894248363));
#11950=CARTESIAN_POINT('',(-0.062629832062168,0.0485021356441177,-0.001));
#11951=CARTESIAN_POINT('',(-0.062629832062168,0.0485021356441177,-0.001));
#11952=CARTESIAN_POINT('',(-0.066379832062168,0.0485021356441177,-0.001));
#11953=CARTESIAN_POINT('',(-0.00348713548115816,0.,-0.001));
#11954=CARTESIAN_POINT('',(0.0542054664609855,0.00401408966758576,1.98826235683902E-9));
#11955=CARTESIAN_POINT('',(0.0542054664609855,0.00401408966758576,0.0302876919882623));
#11956=CARTESIAN_POINT('',(0.0492054664609855,0.00401408966758576,0.0302876919882623));
#11957=CARTESIAN_POINT('',(0.0542054664609855,0.00401408966758576,1.98826235683902E-9));
#11958=CARTESIAN_POINT('',(0.0542054664609855,0.00401408966758576,0.0302876919882623));
#11959=CARTESIAN_POINT('',(0.0522054664609855,0.00401408966758576,0.0302876919882623));
#11960=CARTESIAN_POINT('',(0.0554127547877085,0.00756172569176667,0.0302876919882623));
#11961=CARTESIAN_POINT('',(-0.062629832062168,0.0485021356441177,-0.025));
#11962=CARTESIAN_POINT('',(-0.07006916425812,0.0475501185863544,-0.025));
#11963=CARTESIAN_POINT('',(-0.0627868589162422,0.0560004916350733,-0.025));
#11964=CARTESIAN_POINT('',(-0.0598777906018161,0.0579574273354052,-0.025));
#11965=CARTESIAN_POINT('',(-0.0604552429115912,0.0571924268950594,-0.025));
#11966=CARTESIAN_POINT('',(-0.059300338292041,0.0587224277757509,-0.025));
#11967=CARTESIAN_POINT('',(-0.0680799308296763,0.0635185332954695,-0.025));
#11968=CARTESIAN_POINT('',(-0.0757900442271952,0.0653457279746011,-0.005));
#11969=CARTESIAN_POINT('',(-0.0603698174321574,0.061691338616338,0.));
#11970=CARTESIAN_POINT('',(-0.0830069107235369,0.0706529718896645,-0.025));
#11971=CARTESIAN_POINT('',(-0.0783640535892308,0.0647628209891849,-0.025));
#11972=CARTESIAN_POINT('',(-0.0783461481860499,0.0647769789889579,-0.025));
#11973=CARTESIAN_POINT('',(-0.0795069107532866,0.0501605538932969,-0.025));
#11974=CARTESIAN_POINT('',(-0.0795069107355083,0.0624067606333483,-0.025));
#11975=CARTESIAN_POINT('',(-0.0795069107627505,0.0436415202979187,-0.005));
#11976=CARTESIAN_POINT('',(-0.074640433276565,0.0412603254679955,-0.025));
#11977=CARTESIAN_POINT('',(-0.0743657224562064,0.0415402557609739,0.));
#11978=CARTESIAN_POINT('',(-0.0709037088299567,0.0450680472306596,-0.025));
#11979=CARTESIAN_POINT('',(0.057280192233511,-0.0630336143783528,-0.025));
#11980=CARTESIAN_POINT('',(0.0706289245054757,-0.0622270303423297,0.));
#11981=CARTESIAN_POINT('',(0.0433340636906248,-0.0638762954972664,-0.025));
#11982=CARTESIAN_POINT('',(0.0463453809292111,-0.0744908809085193,-0.025));
#11983=CARTESIAN_POINT('',(0.0544956642140075,-0.0835316801442038,-0.025));
#11984=CARTESIAN_POINT('',(0.0412867863272899,-0.0688795743302561,-0.025));
#11985=CARTESIAN_POINT('',(0.0574175743460835,-0.092,-0.025));
#11986=CARTESIAN_POINT('',(0.0575304401099945,-0.0845008492934642,-0.025));
#11987=CARTESIAN_POINT('',(0.0569220809676757,-0.0845163854781293,-0.025));
#11988=CARTESIAN_POINT('',(0.068165638125053,-0.0732301553311866,-0.025));
#11989=CARTESIAN_POINT('',(0.0731377123907516,-0.0671139570633434,-0.005));
#11990=CARTESIAN_POINT('',(0.0599034322618646,-0.0833935773736965,0.));
#11991=CARTESIAN_POINT('',(0.0657363588925755,-0.0268231959625441,-0.025));
#11992=CARTESIAN_POINT('',(0.0699892700869691,-0.0353143001949677,-0.025));
#11993=CARTESIAN_POINT('',(0.0600601143845571,-0.0154903508681434,-0.025));
#11994=CARTESIAN_POINT('',(0.0541002731508101,-0.0182841956975155,-0.025));
#11995=CARTESIAN_POINT('',(0.0525842035864442,-0.0275414306664617,-0.005));
#11996=CARTESIAN_POINT('',(0.0544172033039252,-0.016348996307534,-0.025));
#11997=CARTESIAN_POINT('',(0.0639230057174281,-0.037895667053965,-0.025));
#11998=CARTESIAN_POINT('',(0.0655320346344908,-0.0390764333919029,-0.025));
#11999=CARTESIAN_POINT('',(0.0537698792145978,-0.0304449184240064,0.));
#12000=CARTESIAN_POINT('',(0.0623841998304035,-0.0454490237919663,-0.025));
#12001=CARTESIAN_POINT('',(0.068612070143827,-0.0500192708180784,-0.025));
#12002=CARTESIAN_POINT('',(0.0520738166660177,-0.0378828742699467,-0.025));
#12003=CARTESIAN_POINT('',(0.0428296817091935,-0.0466305863424279,-0.025));
#12004=CARTESIAN_POINT('',(0.0392627228135174,-0.0523657338217461,-0.005));
#12005=CARTESIAN_POINT('',(0.0477514482131747,-0.038717106657165,-0.025));
#12006=CARTESIAN_POINT('',(0.0557516400050133,-0.056113208571366,-0.025));
#12007=CARTESIAN_POINT('',(0.0670181277617996,-0.0554324421149319,-0.025));
#12008=CARTESIAN_POINT('',(0.0419911488843329,-0.0569446727313813,0.));
#12009=CARTESIAN_POINT('',(0.00363771929746047,0.0504481895501775,-0.025));
#12010=CARTESIAN_POINT('',(0.00601998984316964,0.0433365942968573,-0.025));
#12011=CARTESIAN_POINT('',(-0.00314636474335222,0.0472503459443721,-0.025));
#12012=CARTESIAN_POINT('',(-0.0236259985269131,0.0531546508126781,-0.025));
#12013=CARTESIAN_POINT('',(-0.0361922275520782,0.0560577870015881,-0.005));
#12014=CARTESIAN_POINT('',(-0.00518470493707161,0.0488942170195513,-0.025));
#12015=CARTESIAN_POINT('',(-0.033484171972011,0.0427958709123158,-0.025));
#12016=CARTESIAN_POINT('',(-0.0393508617240436,0.0514516211169431,-6.93889390390723E-18));
#12017=CARTESIAN_POINT('',(-0.0246175724292907,0.0297140353201647,-0.005));
#12018=CARTESIAN_POINT('',(-0.00525468406970068,0.0340304844532056,-0.025));
#12019=CARTESIAN_POINT('',(-0.0211584746397485,0.0285603109135056,0.));
#12020=CARTESIAN_POINT('',(-0.0542907948604945,0.0537401440171475,-0.025));
#12021=CARTESIAN_POINT('',(-0.0548682471702696,0.0529751435768018,-0.005));
#12022=CARTESIAN_POINT('',(-0.0537133425507194,0.0545051444574933,0.));
#12023=CARTESIAN_POINT('',(-0.062629832062168,0.0485021356441177,-0.025));
#12024=CARTESIAN_POINT('',(-0.0634416766426263,0.0410462045569107,-0.025));
#12025=CARTESIAN_POINT('',(-0.0553755380348973,0.0504061362128948,-0.025));
#12026=CARTESIAN_POINT('',(-0.0699886781810553,0.0360064813120754,-0.025));
#12027=CARTESIAN_POINT('',(-0.0706486342333784,0.0353339861739569,-0.025));
#12028=CARTESIAN_POINT('',(-0.0659076027813537,0.0401650966546174,0.));
#12029=CARTESIAN_POINT('',(-0.0534304637431524,0.0291633343392629,-0.025));
#12030=CARTESIAN_POINT('',(-0.0378186112536478,0.0280637057123219,-0.025));
#12031=CARTESIAN_POINT('',(-0.0687182302047723,0.0302401358049754,-0.025));
#12032=CARTESIAN_POINT('',(-0.0411879020815425,0.0416854500251097,-0.025));
#12033=CARTESIAN_POINT('',(-0.0351244862263502,0.0327394489158576,-0.025));
#12034=CARTESIAN_POINT('',(-0.0498094272015491,0.0544057013040938,-0.005));
#12035=CARTESIAN_POINT('',(-0.00113113302168546,0.0280463027396369,-0.025));
#12036=CARTESIAN_POINT('',(0.0140528485442839,0.0332688950407381,0.));
#12037=CARTESIAN_POINT('',(-0.0129159276304474,0.0239928746367128,-0.025));
#12038=CARTESIAN_POINT('',(-0.000314033861442709,0.00711193728718119,-0.025));
#12039=CARTESIAN_POINT('',(-0.0139047891760524,0.018888775667232,-0.025));
#12040=CARTESIAN_POINT('',(0.0122476888114813,-0.0037732103201058,-0.025));
#12041=CARTESIAN_POINT('',(0.0172123074200282,0.0122761120669993,-0.025));
#12042=CARTESIAN_POINT('',(0.0172123074509722,0.0310144787591276,-0.005));
#12043=CARTESIAN_POINT('',(0.0172123073972688,-0.00150599312938186,-0.025));
#12044=CARTESIAN_POINT('',(-0.00809525744472757,0.00459216832150788,-0.025));
#12045=CARTESIAN_POINT('',(0.000824943972849332,-0.00313748083929897,-0.025));
#12046=CARTESIAN_POINT('',(-0.0235252575893285,0.0179627730966366,-0.005));
#12047=CARTESIAN_POINT('',(-0.0410240849747159,0.0102281270268973,-0.025));
#12048=CARTESIAN_POINT('',(-0.0269847103425375,0.0182966077673982,0.));
#12049=CARTESIAN_POINT('',(-0.0496868103833161,0.00524962656297083,-0.025));
#12050=CARTESIAN_POINT('',(-0.0239829719952177,-0.00453856023440602,-0.025));
#12051=CARTESIAN_POINT('',(-0.00164578238495919,-0.00836169903651557,-0.025));
#12052=CARTESIAN_POINT('',(-0.0486980839879155,-0.00030842630500733,-0.025));
#12053=CARTESIAN_POINT('',(-0.0915250687431305,0.0606883793958691,-0.025));
#12054=CARTESIAN_POINT('',(-0.091184042161862,0.0609183155110205,-0.025));
#12055=CARTESIAN_POINT('',(-0.0951771314205818,0.0582259874579193,-0.005));
#12056=CARTESIAN_POINT('',(-0.0965,0.0491954340580558,-0.025));
#12057=CARTESIAN_POINT('',(-0.0965,0.0426522948984097,-0.005));
#12058=CARTESIAN_POINT('',(-0.0965,0.0557385730979669,0.));
#12059=CARTESIAN_POINT('',(-0.0915250685686226,0.0377024881522917,-0.025));
#12060=CARTESIAN_POINT('',(-0.0911840423434539,0.0374725522463728,-0.025));
#12061=CARTESIAN_POINT('',(-0.0951771315753588,0.0401648806428152,0.));
#12062=CARTESIAN_POINT('',(-0.0865069107546877,0.0491954333849492,-0.025));
#12063=CARTESIAN_POINT('',(-0.0865069107680952,0.039959966497612,-0.025));
#12064=CARTESIAN_POINT('',(-0.0865069107412802,0.0584309011467128,-0.025));
#12065=CARTESIAN_POINT('',(0.00278779627196561,0.0602048682295506,-0.025));
#12066=CARTESIAN_POINT('',(-0.000884222217031522,0.0565328497512151,-0.025));
#12067=CARTESIAN_POINT('',(0.00724117409767083,0.0646582460423255,-0.025));
#12068=CARTESIAN_POINT('',(0.0125444749488709,0.0593549451757274,-0.025));
#12069=CARTESIAN_POINT('',(0.0178706930510726,0.0646352293279089,-0.025));
#12070=CARTESIAN_POINT('',(0.0292318613880135,0.0647804621323797,-0.025));
#12071=CARTESIAN_POINT('',(0.0203410629937105,0.0637666585457305,0.));
#12072=CARTESIAN_POINT('',(0.0381226597823133,0.0657942657190286,-0.005));
#12073=CARTESIAN_POINT('',(0.0467123074645873,0.063251048721914,-0.025));
#12074=CARTESIAN_POINT('',(0.0403340714759935,0.0671966926077466,-0.025));
#12075=CARTESIAN_POINT('',(0.0541256274085539,0.0621140846026971,-0.025));
#12076=CARTESIAN_POINT('',(0.0567338975751871,0.0576457002482045,-0.025));
#12077=CARTESIAN_POINT('',(0.0548981086833623,0.0596120023623998,0.));
#12078=CARTESIAN_POINT('',(0.0585696864670096,0.0556793981340117,-0.005));
#12079=CARTESIAN_POINT('',(0.0616388453793018,0.0472633263917384,-0.025));
#12080=CARTESIAN_POINT('',(0.0610129080867918,0.0547371609166553,-0.025));
#12081=CARTESIAN_POINT('',(0.0616388453726144,0.0547633263917381,-0.025));
#12082=CARTESIAN_POINT('',(0.069084922999173,0.0547633263850987,-0.025));
#12083=CARTESIAN_POINT('',(0.0765310006190442,0.0547633263784592,-0.025));
#12084=CARTESIAN_POINT('',(0.0765310006190442,0.0472633263784514,-0.025));
#12085=CARTESIAN_POINT('',(0.0779548133460658,0.039899716033086,-0.025));
#12086=CARTESIAN_POINT('',(0.068478307726918,0.0240332677245502,-0.025));
#12087=CARTESIAN_POINT('',(0.0758585605623861,0.0383303635793448,-0.025));
#12088=CARTESIAN_POINT('',(0.0610980548914454,0.00973617186974698,-0.025));
#12089=CARTESIAN_POINT('',(0.0542054664609855,0.00401408966758577,-0.025));
#12090=CARTESIAN_POINT('',(0.06103287096452,0.00711836860884035,-0.025));
#12091=CARTESIAN_POINT('',(0.0609945304253266,0.000826832149266154,-0.025));
#12092=CARTESIAN_POINT('',(0.0728254557323116,-0.0253460441961172,-0.025));
#12093=CARTESIAN_POINT('',(0.0610278049795823,-0.0017915711163104,-0.025));
#12094=CARTESIAN_POINT('',(0.0846231064850409,-0.0489005172759241,-0.025));
#12095=CARTESIAN_POINT('',(0.0851866259301828,-0.0578410119957339,-0.025));
#12096=CARTESIAN_POINT('',(0.086700077063282,-0.0504953012971207,-0.025));
#12097=CARTESIAN_POINT('',(0.0850737601662717,-0.0653401627022697,-0.025));
#12098=CARTESIAN_POINT('',(0.0740179202921563,-0.0771282924211881,-0.025));
#12099=CARTESIAN_POINT('',(0.0827007680144016,-0.0664474346220374,-0.025));
#12100=CARTESIAN_POINT('',(0.065335072569911,-0.0878091502203388,-0.025));
#12101=CARTESIAN_POINT('',(0.0574175743460834,-0.092,-0.025));
#12102=CARTESIAN_POINT('',(0.0647356772533215,-0.0903582418451325,-0.025));
#12103=CARTESIAN_POINT('',(0.0505635812812169,-0.0950451238179689,-0.025));
#12104=CARTESIAN_POINT('',(0.00337267488005259,-0.0818441679845807,-0.025));
#12105=CARTESIAN_POINT('',(0.048562563888889,-0.0933560198387112,0.));
#12106=CARTESIAN_POINT('',(-0.01707267622194,-0.0766358380206413,-0.025));
#12107=CARTESIAN_POINT('',(-0.0962100487291486,0.0659720478799989,-0.025));
#12108=CARTESIAN_POINT('',(-0.0918008121413905,0.0689449619795418,-0.005));
#12109=CARTESIAN_POINT('',(-0.101956653324012,0.0620974175478457,-0.005));
#12110=CARTESIAN_POINT('',(-0.0830069107235371,0.0706529718896647,-0.025));
#12111=CARTESIAN_POINT('',(-0.0904862198938479,0.0712096893538286,-0.025));
#12112=CARTESIAN_POINT('',(-0.0762048657407695,0.0738124313453954,-0.025));
#12113=CARTESIAN_POINT('',(-0.0664657332940033,0.0703298743026301,-0.025));
#12114=CARTESIAN_POINT('',(-0.0741758466915224,0.0721570689817617,-0.025));
#12115=CARTESIAN_POINT('',(-0.0587556198964844,0.0685026796234985,-0.025));
#12116=CARTESIAN_POINT('',(-0.0515387534001426,0.0631954357084349,-0.025));
#12117=CARTESIAN_POINT('',(-0.0561995159376297,0.0690714286091418,-0.025));
#12118=CARTESIAN_POINT('',(-0.0447546693593299,0.0663932793142403,-0.025));
#12119=CARTESIAN_POINT('',(-0.0231626747249678,0.0602319892330578,-0.025));
#12120=CARTESIAN_POINT('',(-0.0427163291656105,0.0647494082390611,0.));
#12121=CARTESIAN_POINT('',(-0.00368083598011724,0.055731161580353,-0.025));
#12122=CARTESIAN_POINT('',(-0.0670849267194027,-0.000712307125488951,-0.025));
#12123=CARTESIAN_POINT('',(-0.065909945515215,0.006695082372155,-0.025));
#12124=CARTESIAN_POINT('',(-0.0642914978913453,0.00624806322260161,-0.025));
#12125=CARTESIAN_POINT('',(-0.0497488148068874,0.0132876491563968,-0.025));
#12126=CARTESIAN_POINT('',(-0.0616792921927008,0.0064311594953982,-0.025));
#12127=CARTESIAN_POINT('',(-0.0449501159291279,0.0160454792228388,-0.025));
#12128=CARTESIAN_POINT('',(-0.0565279206475697,0.0223641626879362,-0.025));
#12129=CARTESIAN_POINT('',(-0.0712454390864773,0.0234007984493767,-0.025));
#12130=CARTESIAN_POINT('',(-0.0462341658186115,0.0216391169256704,-0.025));
#12131=CARTESIAN_POINT('',(-0.0719916842439551,0.0152220778060124,-0.025));
#12132=CARTESIAN_POINT('',(-0.0740741386575572,0.0189431120983667,-0.025));
#12133=CARTESIAN_POINT('',(-0.0680578683266818,0.00819293765659453,-0.005));
#12134=CARTESIAN_POINT('',(-0.0670849267194027,-0.000712307125488936,-0.025));
#12135=CARTESIAN_POINT('',(-0.0717277838622598,-0.00660245801922845,-0.025));
#12136=CARTESIAN_POINT('',(-0.0740130166606541,0.0021602474459563,-0.025));
#12137=CARTESIAN_POINT('',(-0.078100153261286,0.0118035099385703,-0.025));
#12138=CARTESIAN_POINT('',(-0.0741663373440128,0.00477436978915244,-0.025));
#12139=CARTESIAN_POINT('',(-0.0820339691785593,0.0188326500879881,-0.025));
#12140=CARTESIAN_POINT('',(-0.0830069107858384,0.0277378948700716,-0.025));
#12141=CARTESIAN_POINT('',(-0.0841818919900261,0.0203305053724276,-0.025));
#12142=CARTESIAN_POINT('',(-0.0904862199907904,0.0271811778713005,-0.025));
#12143=CARTESIAN_POINT('',(-0.0962100488255005,0.0324188199206338,-0.025));
#12144=CARTESIAN_POINT('',(-0.0918008120974124,0.0294459053273865,0.));
#12145=CARTESIAN_POINT('',(-0.101956653504585,0.0362934508297077,-0.005));
#12146=CARTESIAN_POINT('',(0.00374437381615231,-0.0747152952856334,-0.025));
#12147=CARTESIAN_POINT('',(-0.0153446566101629,-0.0698524798389356,0.));
#12148=CARTESIAN_POINT('',(0.0374671382970417,-0.0833059662815241,-0.025));
#12149=CARTESIAN_POINT('',(0.0392821156890608,-0.0771101816167077,-0.025));
#12150=CARTESIAN_POINT('',(0.0404359375329655,-0.078390072300256,-0.025));
#12151=CARTESIAN_POINT('',(0.0325704328940599,-0.0696651671843393,-0.005));
#12152=CARTESIAN_POINT('',(0.029648522761984,-0.0611968473285431,-0.025));
#12153=CARTESIAN_POINT('',(0.0301440161403917,-0.0686804618504138,-0.025));
#12154=CARTESIAN_POINT('',(0.0225650256880356,-0.0636614100084854,-0.025));
#12155=CARTESIAN_POINT('',(0.00386839046239701,-0.0559917348577797,-0.025));
#12156=CARTESIAN_POINT('',(0.0207114145338829,-0.0618117428637419,-0.025));
#12157=CARTESIAN_POINT('',(-0.0127476100335249,-0.0502501735144665,-0.005));
#12158=CARTESIAN_POINT('',(-0.0173909712401358,-0.0524715412335035,-0.025));
#12159=CARTESIAN_POINT('',(-0.0187770115432874,-0.0538263203187376,-0.005));
#12160=CARTESIAN_POINT('',(-0.015824386315911,-0.0509402895911401,-6.93889390390723E-18));
#12161=CARTESIAN_POINT('',(0.00158039203685028,-0.0335049725149928,-0.025));
#12162=CARTESIAN_POINT('',(0.0114058710130476,-0.0265801896532052,0.));
#12163=CARTESIAN_POINT('',(-0.0072368917337831,-0.0397192014284447,-0.005));
#12164=CARTESIAN_POINT('',(0.00459431239668755,-0.0488364513709054,-0.025));
#12165=CARTESIAN_POINT('',(0.0162841467712625,-0.0528758049548961,-0.005));
#12166=CARTESIAN_POINT('',(-0.00648843751206753,-0.0450068722571268,0.));
#12167=CARTESIAN_POINT('',(0.0181996950287702,-0.0392476750163941,-0.025));
#12168=CARTESIAN_POINT('',(0.0202075944542651,-0.0494616368705277,0.));
#12169=CARTESIAN_POINT('',(0.0160777729177657,-0.0284536923975189,-0.005));
#12170=CARTESIAN_POINT('',(0.0374588869173749,-0.00586261016391563,-0.025));
#12171=CARTESIAN_POINT('',(0.0293795186581823,-0.0106276127673667,-0.005));
#12172=CARTESIAN_POINT('',(0.0455382551765675,-0.00109760756046454,0.));
#12173=CARTESIAN_POINT('',(0.0207123073737643,-0.015739309995417,-0.025));
#12174=CARTESIAN_POINT('',(0.0281071865565712,-0.0144880059269793,-0.025));
#12175=CARTESIAN_POINT('',(0.0279917537657122,-0.0139338570808394,-0.025));
#12176=CARTESIAN_POINT('',(0.0370208500618156,-0.0206586744779819,-0.025));
#12177=CARTESIAN_POINT('',(0.0421156279837895,-0.0234413360573623,-0.005));
#12178=CARTESIAN_POINT('',(0.0296271116772986,-0.0166203685801235,0.));
#12179=CARTESIAN_POINT('',(0.0477547971589055,-0.0137182159456118,-0.025));
#12180=CARTESIAN_POINT('',(0.046514214585336,-0.021293306595701,0.));
#12181=CARTESIAN_POINT('',(0.0494187413161479,-0.00355804757283582,-0.005));
#12182=CARTESIAN_POINT('',(0.0368688868393508,-0.042960447344697,-0.025));
#12183=CARTESIAN_POINT('',(0.0326807534695587,-0.0496943523997646,-0.025));
#12184=CARTESIAN_POINT('',(0.0418815340641997,-0.0349008447708763,-0.025));
#12185=CARTESIAN_POINT('',(0.0342071050509385,-0.0270979092320989,-0.025));
#12186=CARTESIAN_POINT('',(0.0407720765847496,-0.0306835599388886,-0.025));
#12187=CARTESIAN_POINT('',(0.0262717163883763,-0.0227637652346688,-0.025));
#12188=CARTESIAN_POINT('',(0.0251804150678742,-0.03846807866198,-0.025));
#12189=CARTESIAN_POINT('',(0.0271896094301374,-0.0486886277159443,-0.025));
#12190=CARTESIAN_POINT('',(0.0226532452392636,-0.025612645814798,-0.025));
#12191=CARTESIAN_POINT('',(0.0152107439295688,0.0514146124462836,-0.025));
#12192=CARTESIAN_POINT('',(0.0151824443041255,0.0513863128209224,-0.025));
#12193=CARTESIAN_POINT('',(0.017847775800071,0.0540516443091292,-0.025));
#12194=CARTESIAN_POINT('',(0.01482792217029,0.0473005918357073,-0.025));
#12195=CARTESIAN_POINT('',(0.0157329779103093,0.0467075871564087,-0.025));
#12196=CARTESIAN_POINT('',(0.0156596138543178,0.0467556562714605,-0.025));
#12197=CARTESIAN_POINT('',(0.0207123074645897,0.0392606900045831,-0.025));
#12198=CARTESIAN_POINT('',(0.025602008856727,0.0449475890098171,-0.025));
#12199=CARTESIAN_POINT('',(0.0183300369188806,0.0463722852579033,-0.025));
#12200=CARTESIAN_POINT('',(0.0405039181324922,0.0466969572723403,-0.025));
#12201=CARTESIAN_POINT('',(0.0494658830273818,0.0484493494858646,-0.025));
#12202=CARTESIAN_POINT('',(0.0281335965188279,0.044278106548328,-0.025));
#12203=CARTESIAN_POINT('',(0.0516172552687046,0.0528686748654466,-0.025));
#12204=CARTESIAN_POINT('',(0.0510830226249141,0.0534408881420578,-0.025));
#12205=CARTESIAN_POINT('',(0.0497814663768821,0.0548349769796395,-0.025));
#12206=CARTESIAN_POINT('',(0.0467123074645897,0.0632510487219131,-0.025));
#12207=CARTESIAN_POINT('',(0.0473382447570998,0.0557772141969958,-0.025));
#12208=CARTESIAN_POINT('',(0.0413860893623881,0.0579707645697316,-0.025));
#12209=CARTESIAN_POINT('',(0.0300249210254471,0.0578255317652607,-0.025));
#12210=CARTESIAN_POINT('',(0.0389157194197502,0.05883933535191,-0.025));
#12211=CARTESIAN_POINT('',(0.0211341226311441,0.0568117281786115,-0.025));
#12212=CARTESIAN_POINT('',(0.0125444749488709,0.0593549451757274,-0.025));
#12213=CARTESIAN_POINT('',(0.0189227109374641,0.0554093012898939,-0.025));
#12214=CARTESIAN_POINT('',(0.0614293425300545,0.0256385565037771,-0.025));
#12215=CARTESIAN_POINT('',(0.0548779065176391,0.0129470524666915,0.));
#12216=CARTESIAN_POINT('',(0.0664616729187144,0.0353872347054099,-0.025));
#12217=CARTESIAN_POINT('',(0.0651797424845647,0.0397633263885808,-0.025));
#12218=CARTESIAN_POINT('',(0.063795895046901,0.0397633263898147,-0.025));
#12219=CARTESIAN_POINT('',(0.0616388453793019,0.0397633263917381,-0.025));
#12220=CARTESIAN_POINT('',(0.0616388453793019,0.0472633263917381,-0.025));
#12221=CARTESIAN_POINT('',(0.0567491439871646,0.0415764273865042,-0.025));
#12222=CARTESIAN_POINT('',(0.0418472347113995,0.0398270591239809,-0.025));
#12223=CARTESIAN_POINT('',(0.0330056748313034,0.0380982104985947,-0.025));
#12224=CARTESIAN_POINT('',(0.0542175563250638,0.0422459098479932,0.));
#12225=CARTESIAN_POINT('',(0.0399960654588508,0.0240483492465919,-0.025));
#12226=CARTESIAN_POINT('',(0.0314066575113524,0.0330874317974342,-0.025));
#12227=CARTESIAN_POINT('',(0.0356556554933968,0.0184540596402345,-0.025));
#12228=CARTESIAN_POINT('',(0.0459879220742942,0.00758087593154355,0.));
#12229=CARTESIAN_POINT('',(0.0293870318629085,0.0250508596551467,-0.025));
#12230=CARTESIAN_POINT('',(0.0242123074174176,0.0106952159878524,-0.025));
#12231=CARTESIAN_POINT('',(0.0242123073925565,-0.00435952274591101,-0.025));
#12232=CARTESIAN_POINT('',(0.0242123074377114,0.0229843230225229,-0.025));
#12233=CARTESIAN_POINT('',(0.035680870975681,-0.00284786982500044,-0.025));
#12234=CARTESIAN_POINT('',(0.0287363210568656,-0.00694358589850672,-0.025));
#12235=CARTESIAN_POINT('',(0.0453245403186301,0.00283971713128046,-0.025));
#12236=CARTESIAN_POINT('',(0.0542054664609855,0.00401408966758575,-0.025));
#12237=CARTESIAN_POINT('',(0.0467733665990823,0.00502101153282596,-0.025));
#12238=CARTESIAN_POINT('',(0.0467824173096367,0.00508569654357143,-0.025));
#12239=CARTESIAN_POINT('',(-0.0278187990747106,-0.0416888335284308,-0.025));
#12240=CARTESIAN_POINT('',(-0.029261954578085,-0.0430994396185036,-0.025));
#12241=CARTESIAN_POINT('',(-0.024869859664321,-0.0388064054866675,-0.025));
#12242=CARTESIAN_POINT('',(-0.0196273881469223,-0.0441698458367846,-0.025));
#12243=CARTESIAN_POINT('',(-0.0174874808782146,-0.0369816056570652,-0.025));
#12244=CARTESIAN_POINT('',(-0.0022258105508928,-0.0276236875431309,-0.025));
#12245=CARTESIAN_POINT('',(0.00583355249749698,-0.0219436245915318,-0.025));
#12246=CARTESIAN_POINT('',(-0.0149032760735893,-0.0365584881971391,-0.025));
#12247=CARTESIAN_POINT('',(-0.0246835661134799,-0.0115204394630479,-0.025));
#12248=CARTESIAN_POINT('',(-0.0595473674771601,-0.00555329882860968,-0.005));
#12249=CARTESIAN_POINT('',(0.00461141837237578,-0.0165344449780316,-0.025));
#12250=CARTESIAN_POINT('',(-0.1,0.0391954341279013,-0.005));
#12251=CARTESIAN_POINT('',(-0.103104920698565,0.0375800495125166,-0.005));
#12252=CARTESIAN_POINT('',(-0.1,0.0591954341279012,-0.005));
#12253=CARTESIAN_POINT('',(-0.103104920698565,0.0608108187432858,-0.005));
#12254=CARTESIAN_POINT('',(-0.0934779435619722,0.0714323763394942,-0.025));
#12255=CARTESIAN_POINT('',(-0.0734840477476625,0.0750762151276877,-0.025));
#12256=CARTESIAN_POINT('',(-0.0580638209526245,0.0714218257694245,-0.025));
#12257=CARTESIAN_POINT('',(-0.0420410357430048,0.0676724167565625,-0.025));
#12258=CARTESIAN_POINT('',(-0.00300554255751156,0.0586541700978543,-0.025));
#12259=CARTESIAN_POINT('',(0.0200011802919533,0.0667473429887815,-0.025));
#12260=CARTESIAN_POINT('',(0.037782777080556,0.0687749501620796,-0.025));
#12261=CARTESIAN_POINT('',(0.0570909553861406,0.0616592989550103,-0.025));
#12262=CARTESIAN_POINT('',(0.0607625331697878,0.0577266947266223,-0.025));
#12263=CARTESIAN_POINT('',(0.0785243384368745,0.0369542718949399,-0.025));
#12264=CARTESIAN_POINT('',(0.0637638327659338,0.00836008018534218,-0.025));
#12265=CARTESIAN_POINT('',(0.0637101560110631,-0.000448070858061692,-0.025));
#12266=CARTESIAN_POINT('',(0.0873054575165217,-0.0475570170176754,-0.025));
#12267=CARTESIAN_POINT('',(0.0850286138607073,-0.068339822984884,-0.025));
#12268=CARTESIAN_POINT('',(0.0708098665444459,-0.0652215687004967,-0.025));
#12269=CARTESIAN_POINT('',(0.0575755864155589,-0.0815011890108498,-0.025));
#12270=CARTESIAN_POINT('',(0.0567238836163126,-0.081522939669381,-0.025));
#12271=CARTESIAN_POINT('',(0.0435150057295949,-0.0668708338554333,-0.025));
#12272=CARTESIAN_POINT('',(0.0676629184162167,-0.0897015385831855,-0.025));
#12273=CARTESIAN_POINT('',(0.0478219840552703,-0.0962631733451565,-0.025));
#12274=CARTESIAN_POINT('',(0.0382077181306604,-0.0803988127750788,-0.025));
#12275=CARTESIAN_POINT('',(0.0303422134917548,-0.0716739076591621,-0.025));
#12276=CARTESIAN_POINT('',(0.0197316268584562,-0.0646472350804623,-0.025));
#12277=CARTESIAN_POINT('',(-0.0166800229363279,-0.0559716964587844,0.02));
#12278=CARTESIAN_POINT('',(-0.0137273977089515,-0.0530856657311869,-0.025));
#12279=CARTESIAN_POINT('',(-0.0178132560555588,-0.0795429915270866,0.02));
#12280=CARTESIAN_POINT('',(-0.0767842526371547,0.0033092692745344,-0.025));
#12281=CARTESIAN_POINT('',(-0.0846518844717011,0.0173675495733701,-0.025));
#12282=CARTESIAN_POINT('',(-0.0934779436727712,0.0269584910717921,-0.025));
#12283=CARTESIAN_POINT('',(-0.105766281297335,0.0361954341279012,-0.005));
#12284=CARTESIAN_POINT('',(-0.105766281297335,0.0621954341279012,-0.005));
#12285=CARTESIAN_POINT('',(-0.0737640380369829,-0.00932887723773891,-0.025));
#12286=CARTESIAN_POINT('',(-0.0600534752491811,-0.00851029983014822,-0.025));
#12287=CARTESIAN_POINT('',(-0.0620264600057212,-0.00625035931091762,-0.0025));
#12288=CARTESIAN_POINT('',(-0.0605849267194027,-0.00971230721340871,0.03));
#12289=CARTESIAN_POINT('',(-0.0635840605292398,-0.00978439320852585,-0.0025));
#12290=CARTESIAN_POINT('',(0.00410531060035477,-0.0194914459795702,-0.025));
#12291=CARTESIAN_POINT('',(-0.0166315179707315,-0.0341063095851774,-0.025));
#12292=CARTESIAN_POINT('',(-0.0313589431850445,-0.0409540634784568,0.02));
#12293=CARTESIAN_POINT('',(-0.0585849267194027,-0.00987745851540063,-0.025));
#12294=CARTESIAN_POINT('',(0.0673069190554884,-0.0366578004532164,-0.025));
#12295=CARTESIAN_POINT('',(0.0555447636355954,-0.0280262854853198,-0.025));
#12296=CARTESIAN_POINT('',(0.0573777633530764,-0.0168338511263921,-0.025));
#12297=CARTESIAN_POINT('',(0.0668371857228294,-0.052437903756765,-0.025));
#12298=CARTESIAN_POINT('',(0.0418102068453627,-0.0539501343732143,-0.025));
#12299=CARTESIAN_POINT('',(0.05029893224502,-0.0403015072086332,-0.025));
#12300=CARTESIAN_POINT('',(0.0172639344466891,-0.0500403127381757,-0.025));
#12301=CARTESIAN_POINT('',(0.0131341129101898,-0.0290323682651668,-0.025));
#12302=CARTESIAN_POINT('',(-0.00550864983664088,-0.0421713800404065,-0.025));
#12303=CARTESIAN_POINT('',(-0.00113967461293818,-0.00540469803497703,-0.025));
#12304=CARTESIAN_POINT('',(-0.025489876175116,0.0156955559009586,-0.025));
#12305=CARTESIAN_POINT('',(-0.0481919762158945,0.00264857469653121,-0.025));
#12306=CARTESIAN_POINT('',(-0.06543995303354,0.00965803817121257,-0.025));
#12307=CARTESIAN_POINT('',(-0.0631741263601224,0.00903221136183783,-0.025));
#12308=CARTESIAN_POINT('',(-0.0464449500965495,0.0186465310892784,-0.025));
#12309=CARTESIAN_POINT('',(-0.0376078269757099,0.0310562915487139,-0.025));
#12310=CARTESIAN_POINT('',(-0.0685074459268343,0.0332327216413674,-0.025));
#12311=CARTESIAN_POINT('',(-0.0637664144748096,0.0380638321220279,-0.025));
#12312=CARTESIAN_POINT('',(-0.0524738204239889,0.0511677364404056,-0.025));
#12313=CARTESIAN_POINT('',(-0.0765069107355083,0.0624067606289931,-0.025));
#12314=CARTESIAN_POINT('',(-0.0764818431710551,0.0624265818286751,-0.025));
#12315=CARTESIAN_POINT('',(-0.0765069107627505,0.0436415202935634,-0.025));
#12316=CARTESIAN_POINT('',(-0.0730448971365008,0.0471693117632491,-0.025));
#12317=CARTESIAN_POINT('',(-0.0628496696578719,0.0589998340314555,-0.025));
#12318=CARTESIAN_POINT('',(-0.060804360165784,0.0598577224228398,-0.005));
#12319=CARTESIAN_POINT('',(-0.0517969659838527,0.0530585883294524,-0.005));
#12320=CARTESIAN_POINT('',(-0.0714562233644153,0.0204082126129847,-0.025));
#12321=CARTESIAN_POINT('',(0.0272123074377114,0.0229843230175688,-0.025));
#12322=CARTESIAN_POINT('',(-0.0119401705902649,0.0211559928629101,-0.025));
#12323=CARTESIAN_POINT('',(0.0142123073972688,-0.00150599312442774,-0.025));
#12324=CARTESIAN_POINT('',(-0.0368675209746839,0.0531347784840868,-0.025));
#12325=CARTESIAN_POINT('',(-0.0221342316799311,0.0313971926873083,-0.025));
#12326=CARTESIAN_POINT('',(-0.00585999835967729,0.0459712085020499,-0.025));
#12327=CARTESIAN_POINT('',(0.00666168911379073,0.0410291206146253,-0.005));
#12328=CARTESIAN_POINT('',(0.014828264204801,0.0310144787630645,-0.005));
#12329=CARTESIAN_POINT('',(0.0393340500323544,-0.0333164442194081,-0.025));
#12330=CARTESIAN_POINT('',(0.0255969052468395,-0.02503396994715,-0.025));
#12331=CARTESIAN_POINT('',(0.0239405194773119,-0.0225326930367487,-0.0025));
#12332=CARTESIAN_POINT('',(0.0248336898359809,-0.0253966495151881,-0.025));
#12333=CARTESIAN_POINT('',(0.0435536545361848,-0.0208084517768429,-0.025));
#12334=CARTESIAN_POINT('',(0.0310651382296939,-0.0139874842996042,-0.025));
#12335=CARTESIAN_POINT('',(0.0309035323224913,-0.0132116759150083,-0.025));
#12336=CARTESIAN_POINT('',(0.0470622688408765,-0.00368167070810614,-0.025));
#12337=CARTESIAN_POINT('',(0.0488673617001963,-0.00128549880917384,-0.0025));
#12338=CARTESIAN_POINT('',(0.0464581812669967,-0.00307319275397769,-0.025));
#12339=CARTESIAN_POINT('',(0.043800526654321,0.00542378027892205,-0.025));
#12340=CARTESIAN_POINT('',(0.0438131976490971,0.0055143392939657,-0.025));
#12341=CARTESIAN_POINT('',(0.063795895044226,0.0367633263898147,-0.025));
#12342=CARTESIAN_POINT('',(0.0547932634303097,0.0393016677844105,-0.025));
#12343=CARTESIAN_POINT('',(0.0475886196741039,0.0527876803870289,-0.025));
#12344=CARTESIAN_POINT('',(0.0392556021215074,0.055858650908859,-0.025));
#12345=CARTESIAN_POINT('',(0.0214740053329013,0.0538310437355605,-0.025));
#12346=CARTESIAN_POINT('',(0.027557889413582,0.0472223486119106,-0.025));
#12347=CARTESIAN_POINT('',(0.017377128700597,0.0492169233592314,-0.025));
#12348=CARTESIAN_POINT('',(0.0173037646446055,0.0492649924742832,-0.025));
#12349=CARTESIAN_POINT('',(0.0301332694377133,-0.0481099518482963,-0.025));
#12350=CARTESIAN_POINT('',(0.0272123073925565,-0.00435952275086512,-0.025));
#12351=CARTESIAN_POINT('',(0.0335813819365494,0.035153968435012,-0.025));
#12352=CARTESIAN_POINT('',(0.0527753160001063,0.0140324232151604,-0.005));
#12353=CARTESIAN_POINT('',(0.0488901759221358,0.0513935915494473,-0.025));
#12354=CARTESIAN_POINT('',(-0.0935,0.0426522948984097,-0.025));
#12355=CARTESIAN_POINT('',(-0.0935,0.0557385730979669,-0.025));
#12356=CARTESIAN_POINT('',(-0.0895069107680952,0.0399599665019673,-0.025));
#12357=CARTESIAN_POINT('',(-0.0895069107412802,0.0584309011510681,-0.025));
#12358=CARTESIAN_POINT('',(-0.119370619057305,0.0491954320772095,-0.00391546007256728));
#12359=CARTESIAN_POINT('',(-0.106974270962316,0.0491954341544191,-0.005));
#12360=CARTESIAN_POINT('',(-0.0146040767765441,-0.0669453263324903,0.02));
#12361=MECHANICAL_DESIGN_GEOMETRIC_PRESENTATION_REPRESENTATION('',(#6952),
#12362);
#12362=(
GEOMETRIC_REPRESENTATION_CONTEXT(3)
GLOBAL_UNCERTAINTY_ASSIGNED_CONTEXT((#12363))
GLOBAL_UNIT_ASSIGNED_CONTEXT((#12366,#12365,#12364))
REPRESENTATION_CONTEXT('Part 18','TOP_LEVEL_ASSEMBLY_PART')
);
#12363=UNCERTAINTY_MEASURE_WITH_UNIT(LENGTH_MEASURE(2.E-5),#12366,
'DISTANCE_ACCURACY_VALUE','Maximum Tolerance applied to model');
#12364=(
NAMED_UNIT(*)
SI_UNIT($,.STERADIAN.)
SOLID_ANGLE_UNIT()
);
#12365=(
NAMED_UNIT(*)
PLANE_ANGLE_UNIT()
SI_UNIT($,.RADIAN.)
);
#12366=(
LENGTH_UNIT()
NAMED_UNIT(*)
SI_UNIT($,.METRE.)
);
#12367=PRODUCT_DEFINITION_SHAPE('','',#12368);
#12368=PRODUCT_DEFINITION('','',#12370,#12369);
#12369=PRODUCT_DEFINITION_CONTEXT('',#12376,'design');
#12370=PRODUCT_DEFINITION_FORMATION_WITH_SPECIFIED_SOURCE('','',#12372,
 .NOT_KNOWN.);
#12371=PRODUCT_RELATED_PRODUCT_CATEGORY('','',(#12372));
#12372=PRODUCT('Part 18','Part 18','Part 18',(#12374));
#12373=PRODUCT_CATEGORY('','');
#12374=PRODUCT_CONTEXT('',#12376,'mechanical');
#12375=APPLICATION_PROTOCOL_DEFINITION('international standard',
'ap242_managed_model_based_3d_engineering',2020,#12376);
#12376=APPLICATION_CONTEXT('managed model based 3d engineering');
ENDSEC;
END-ISO-10303-21;
