ISO-10303-21;
HEADER;
/* Generated by software containing ST-Developer
 * from STEP Tools, Inc. (www.steptools.com) 
 */
/* OPTION: using custom renumber hook */

FILE_DESCRIPTION(
/* description */ ('STEP AP242 Edition 2',
'CAx-IF Rec.Pracs.---Representation and Presentation of Product Manufa
cturing Information (PMI)---4.0---2014-10-13',
'CAx-IF Rec.Pracs.---3D Tessellated Geometry---0.4---2014-09-14','2;1',
'CAx-IF Rec.Pracs.---User Defined Attributes---1.5---2016-08-15'),
/* implementation_level */ '2;1');

FILE_NAME(
/* name */ 'Assembly 1 - Part 3',
/* time_stamp */ '2026-07-25T03:56:15Z',
/* author */ (''),
/* organization */ (''),
/* preprocessor_version */ 'ST-DEVELOPER v20',
/* originating_system */ 'ONSHAPE BY PTC INC, 1.218',
/* authorisation */ '  ');

FILE_SCHEMA (('AP242_MANAGED_MODEL_BASED_3D_ENGINEERING_MIM_LF { 1 0 10303 442 3 1 4 }'));
ENDSEC;

DATA;
#10=SHAPE_REPRESENTATION_RELATIONSHIP('','',#1322,#11);
#11=ADVANCED_BREP_SHAPE_REPRESENTATION('',(#1320),#2803);
#12=(
BOUNDED_CURVE()
B_SPLINE_CURVE(3,(#2732,#2733,#2734,#2735),.CIRCULAR_ARC.,.F.,.F.)
B_SPLINE_CURVE_WITH_KNOTS((4,4),(0.,1.),.PIECEWISE_BEZIER_KNOTS.)
CURVE()
GEOMETRIC_REPRESENTATION_ITEM()
RATIONAL_B_SPLINE_CURVE((1.,0.333333333368158,0.333333333368158,1.))
REPRESENTATION_ITEM('')
);
#13=(
BOUNDED_SURFACE()
B_SPLINE_SURFACE(3,2,((#2158,#2159,#2160),(#2161,#2162,#2163),(#2164,#2165,
#2166),(#2167,#2168,#2169),(#2170,#2171,#2172)),.UNSPECIFIED.,.F.,.F.,.F.)
B_SPLINE_SURFACE_WITH_KNOTS((4,1,4),(3,3),(-0.0133450903653344,-0.00442552163757683,
0.00449404709018077),(0.,1.),.UNSPECIFIED.)
GEOMETRIC_REPRESENTATION_ITEM()
RATIONAL_B_SPLINE_SURFACE(((1.,0.922181443862846,1.),(1.,0.943430745447307,
1.),(1.,0.97735538498615,1.),(1.,0.993995713058996,1.),(1.,0.997713490706419,
1.)))
REPRESENTATION_ITEM('')
SURFACE()
);
#14=(
BOUNDED_SURFACE()
B_SPLINE_SURFACE(3,2,((#2186,#2187,#2188),(#2189,#2190,#2191),(#2192,#2193,
#2194),(#2195,#2196,#2197),(#2198,#2199,#2200),(#2201,#2202,#2203),(#2204,
#2205,#2206),(#2207,#2208,#2209),(#2210,#2211,#2212)),.UNSPECIFIED.,.F.,
 .F.,.F.)
B_SPLINE_SURFACE_WITH_KNOTS((4,1,1,1,1,1,4),(3,3),(0.0426505363824049,0.0475702949898199,
0.0524900535972349,0.0549499329009423,0.0574098122046498,0.0598696915083573,
0.0623295708120648),(0.,1.),.UNSPECIFIED.)
GEOMETRIC_REPRESENTATION_ITEM()
RATIONAL_B_SPLINE_SURFACE(((1.,0.974534967982133,1.),(1.,0.978749404754542,
1.),(1.,0.986036177056175,1.),(1.,0.99246129116397,1.),(1.,0.996072974733553,
1.),(1.,0.998026534004013,1.),(1.,0.99923139025382,1.),(1.,0.999532476289248,
1.),(1.,0.999532476289703,1.)))
REPRESENTATION_ITEM('')
SURFACE()
);
#15=(
BOUNDED_SURFACE()
B_SPLINE_SURFACE(3,2,((#2234,#2235,#2236),(#2237,#2238,#2239),(#2240,#2241,
#2242),(#2243,#2244,#2245)),.UNSPECIFIED.,.F.,.F.,.F.)
B_SPLINE_SURFACE_WITH_KNOTS((4,4),(3,3),(-8.89045781438114E-18,0.00268566426130376),
(0.,1.),.PIECEWISE_BEZIER_KNOTS.)
GEOMETRIC_REPRESENTATION_ITEM()
RATIONAL_B_SPLINE_SURFACE(((1.,0.837181797727008,1.),(1.,0.849371809099817,
1.),(1.,0.861304357450228,1.),(1.,0.872903797233997,1.)))
REPRESENTATION_ITEM('')
SURFACE()
);
#16=(
BOUNDED_SURFACE()
B_SPLINE_SURFACE(3,2,((#2247,#2248,#2249),(#2250,#2251,#2252),(#2253,#2254,
#2255),(#2256,#2257,#2258)),.UNSPECIFIED.,.F.,.F.,.F.)
B_SPLINE_SURFACE_WITH_KNOTS((4,4),(3,3),(1.73472347597681E-17,0.0103747059035609),
(0.,1.),.PIECEWISE_BEZIER_KNOTS.)
GEOMETRIC_REPRESENTATION_ITEM()
RATIONAL_B_SPLINE_SURFACE(((1.,0.872903797233969,1.),(1.,0.955909047803149,
1.),(1.,0.999999999940105,1.),(1.,1.,1.)))
REPRESENTATION_ITEM('')
SURFACE()
);
#17=(
BOUNDED_SURFACE()
B_SPLINE_SURFACE(3,2,((#2259,#2260,#2261),(#2262,#2263,#2264),(#2265,#2266,
#2267),(#2268,#2269,#2270),(#2271,#2272,#2273),(#2274,#2275,#2276),(#2277,
#2278,#2279),(#2280,#2281,#2282),(#2283,#2284,#2285)),.UNSPECIFIED.,.F.,
 .F.,.F.)
B_SPLINE_SURFACE_WITH_KNOTS((4,1,1,1,1,1,4),(3,3),(3.46944695195361E-18,
0.00533981713558897,0.0106796342711779,0.0133495428389724,0.0160194514067669,
0.0186893599745614,0.0213592685423559),(0.,1.),.UNSPECIFIED.)
GEOMETRIC_REPRESENTATION_ITEM()
RATIONAL_B_SPLINE_SURFACE(((1.,0.960385711049039,1.),(1.,0.967288358205145,
1.),(1.,0.978951043516233,1.),(1.,0.988827454155527,1.),(1.,0.994263953456238,
1.),(1.,0.997174509990039,1.),(1.,0.998967312563601,1.),(1.,0.999406153629263,
1.),(1.,0.99940615363267,1.)))
REPRESENTATION_ITEM('')
SURFACE()
);
#18=(
BOUNDED_SURFACE()
B_SPLINE_SURFACE(3,2,((#2287,#2288,#2289),(#2290,#2291,#2292),(#2293,#2294,
#2295),(#2296,#2297,#2298)),.UNSPECIFIED.,.F.,.F.,.F.)
B_SPLINE_SURFACE_WITH_KNOTS((4,4),(3,3),(-2.86229373536173E-17,0.00356244502341961),
(0.,1.),.PIECEWISE_BEZIER_KNOTS.)
GEOMETRIC_REPRESENTATION_ITEM()
RATIONAL_B_SPLINE_SURFACE(((1.,0.95936959559155,1.),(1.,0.959735621126255,
1.),(1.,0.960132148275552,1.),(1.,0.960385711049039,1.)))
REPRESENTATION_ITEM('')
SURFACE()
);
#19=(
BOUNDED_SURFACE()
B_SPLINE_SURFACE(3,2,((#2300,#2301,#2302),(#2303,#2304,#2305),(#2306,#2307,
#2308),(#2309,#2310,#2311)),.UNSPECIFIED.,.F.,.F.,.F.)
B_SPLINE_SURFACE_WITH_KNOTS((4,4),(3,3),(-3.46944695195361E-17,0.00501349602820953),
(0.,1.),.PIECEWISE_BEZIER_KNOTS.)
GEOMETRIC_REPRESENTATION_ITEM()
RATIONAL_B_SPLINE_SURFACE(((1.,0.954179395862125,1.),(1.,0.956964502401745,
1.),(1.,0.958681491337161,1.),(1.,0.95936959559155,1.)))
REPRESENTATION_ITEM('')
SURFACE()
);
#20=(
BOUNDED_SURFACE()
B_SPLINE_SURFACE(3,2,((#2313,#2314,#2315),(#2316,#2317,#2318),(#2319,#2320,
#2321),(#2322,#2323,#2324),(#2325,#2326,#2327)),.UNSPECIFIED.,.F.,.F.,.F.)
B_SPLINE_SURFACE_WITH_KNOTS((4,1,4),(3,3),(-3.41653788593632E-15,0.00269419793900356,
0.00538839587801054),(0.,1.),.UNSPECIFIED.)
GEOMETRIC_REPRESENTATION_ITEM()
RATIONAL_B_SPLINE_SURFACE(((1.,0.95417939586212,1.),(1.,0.945187559755613,
1.),(1.,0.92210515252537,1.),(1.,0.889301642518778,1.),(1.,0.870606178006734,
1.)))
REPRESENTATION_ITEM('')
SURFACE()
);
#21=(
BOUNDED_SURFACE()
B_SPLINE_SURFACE(3,2,((#2329,#2330,#2331),(#2332,#2333,#2334),(#2335,#2336,
#2337),(#2338,#2339,#2340)),.UNSPECIFIED.,.F.,.F.,.F.)
B_SPLINE_SURFACE_WITH_KNOTS((4,4),(3,3),(-4.98732999343332E-18,0.00164682444060139),
(0.,1.),.PIECEWISE_BEZIER_KNOTS.)
GEOMETRIC_REPRESENTATION_ITEM()
RATIONAL_B_SPLINE_SURFACE(((1.,0.870606178006732,1.),(1.,0.846919402487271,
1.),(1.,0.819602267019876,1.),(1.,0.792380155772775,1.)))
REPRESENTATION_ITEM('')
SURFACE()
);
#22=(
BOUNDED_SURFACE()
B_SPLINE_SURFACE(3,2,((#2342,#2343,#2344),(#2345,#2346,#2347),(#2348,#2349,
#2350),(#2351,#2352,#2353),(#2354,#2355,#2356),(#2357,#2358,#2359)),
 .UNSPECIFIED.,.F.,.F.,.F.)
B_SPLINE_SURFACE_WITH_KNOTS((4,1,1,4),(3,3),(-5.98479599211998E-17,0.00362829914960057,
0.00544244872440088,0.0072565982992012),(0.,1.),.UNSPECIFIED.)
GEOMETRIC_REPRESENTATION_ITEM()
RATIONAL_B_SPLINE_SURFACE(((1.,0.792380155772779,1.),(1.,0.762505262961254,
1.),(1.,0.712061888314341,1.),(1.,0.639256070757939,1.),(1.,0.606123069287112,
1.),(1.,0.591590724157955,1.)))
REPRESENTATION_ITEM('')
SURFACE()
);
#23=(
BOUNDED_SURFACE()
B_SPLINE_SURFACE(3,2,((#2361,#2362,#2363),(#2364,#2365,#2366),(#2367,#2368,
#2369),(#2370,#2371,#2372)),.UNSPECIFIED.,.F.,.F.,.F.)
B_SPLINE_SURFACE_WITH_KNOTS((4,4),(3,3),(0.012517155510178,0.0148112974563101),
(0.,1.),.PIECEWISE_BEZIER_KNOTS.)
GEOMETRIC_REPRESENTATION_ITEM()
RATIONAL_B_SPLINE_SURFACE(((1.,0.590853198177038,1.),(1.,0.590844707852083,
1.),(1.,0.59101403441099,1.),(1.,0.591590724157949,1.)))
REPRESENTATION_ITEM('')
SURFACE()
);
#24=(
BOUNDED_SURFACE()
B_SPLINE_SURFACE(3,2,((#2380,#2381,#2382),(#2383,#2384,#2385),(#2386,#2387,
#2388),(#2389,#2390,#2391),(#2392,#2393,#2394),(#2395,#2396,#2397),(#2398,
#2399,#2400),(#2401,#2402,#2403),(#2404,#2405,#2406),(#2407,#2408,#2409)),
 .UNSPECIFIED.,.F.,.F.,.F.)
B_SPLINE_SURFACE_WITH_KNOTS((4,1,1,1,1,1,1,4),(3,3),(0.0560652852041375,
0.0612361846204825,0.0664070840368275,0.0715779834531725,0.0767488828695175,
0.0819197822858625,0.0870906817022075,0.0974324805348976),(0.150864203565427,
1.),.UNSPECIFIED.)
GEOMETRIC_REPRESENTATION_ITEM()
RATIONAL_B_SPLINE_SURFACE(((0.923622497730088,0.746866717004909,1.),(0.923674139851535,
0.747037871328556,1.),(0.92252123659174,0.743216874589277,1.),(0.919865536770204,
0.734415251146561,1.),(0.917975465903938,0.728151104909093,1.),(0.916659087872309,
0.723788313734915,1.),(0.915748030687221,0.720768852644887,1.),(0.91488192264233,
0.717898363740222,1.),(0.914476375239381,0.716554282794031,1.),(0.914254415533585,
0.715818655320615,1.)))
REPRESENTATION_ITEM('')
SURFACE()
);
#25=(
BOUNDED_SURFACE()
B_SPLINE_SURFACE(3,2,((#2457,#2458,#2459),(#2460,#2461,#2462),(#2463,#2464,
#2465),(#2466,#2467,#2468)),.UNSPECIFIED.,.F.,.F.,.F.)
B_SPLINE_SURFACE_WITH_KNOTS((4,4),(3,3),(0.0194249082933153,0.0235609590175207),
(0.,1.),.PIECEWISE_BEZIER_KNOTS.)
GEOMETRIC_REPRESENTATION_ITEM()
RATIONAL_B_SPLINE_SURFACE(((1.,0.666164469483031,1.),(1.,0.666164469570065,
1.),(1.,0.673176691550032,1.),(1.,0.682100311664683,1.)))
REPRESENTATION_ITEM('')
SURFACE()
);
#26=(
BOUNDED_SURFACE()
B_SPLINE_SURFACE(3,2,((#2494,#2495,#2496),(#2497,#2498,#2499),(#2500,#2501,
#2502),(#2503,#2504,#2505),(#2506,#2507,#2508),(#2509,#2510,#2511),(#2512,
#2513,#2514)),.UNSPECIFIED.,.F.,.F.,.F.)
B_SPLINE_SURFACE_WITH_KNOTS((4,1,1,1,4),(3,3),(8.67361737988404E-19,0.00145428446233119,
0.00290856892466238,0.00436285338699357,0.00581713784932476),(0.,1.),
 .UNSPECIFIED.)
GEOMETRIC_REPRESENTATION_ITEM()
RATIONAL_B_SPLINE_SURFACE(((1.,0.85701359496892,1.),(1.,0.86582498184683,
1.),(1.,0.869975557846852,1.),(1.,0.832003776634726,1.),(1.,0.771280117694401,
1.),(1.,0.727948471624404,1.),(1.,0.707106781186548,1.)))
REPRESENTATION_ITEM('')
SURFACE()
);
#27=(
BOUNDED_SURFACE()
B_SPLINE_SURFACE(3,2,((#2515,#2516,#2517),(#2518,#2519,#2520),(#2521,#2522,
#2523),(#2524,#2525,#2526)),.UNSPECIFIED.,.F.,.F.,.F.)
B_SPLINE_SURFACE_WITH_KNOTS((4,4),(3,3),(-1.29800684089965E-15,0.00219003865092582),
(0.,1.),.PIECEWISE_BEZIER_KNOTS.)
GEOMETRIC_REPRESENTATION_ITEM()
RATIONAL_B_SPLINE_SURFACE(((1.,0.707106781186283,1.),(1.,0.728605404467091,
1.),(1.,0.749111420653161,1.),(1.,0.768706114785263,1.)))
REPRESENTATION_ITEM('')
SURFACE()
);
#28=(
BOUNDED_SURFACE()
B_SPLINE_SURFACE(3,2,((#2532,#2533,#2534),(#2535,#2536,#2537),(#2538,#2539,
#2540),(#2541,#2542,#2543)),.UNSPECIFIED.,.F.,.F.,.F.)
B_SPLINE_SURFACE_WITH_KNOTS((4,4),(3,3),(4.2658768998084,4.52302729101558),
(0.,1.),.PIECEWISE_BEZIER_KNOTS.)
GEOMETRIC_REPRESENTATION_ITEM()
RATIONAL_B_SPLINE_SURFACE(((1.,0.841756563033657,1.),(1.,0.819577158360607,
1.),(1.,0.795151869671659,1.),(1.,0.768706114785809,1.)))
REPRESENTATION_ITEM('')
SURFACE()
);
#29=(
BOUNDED_SURFACE()
B_SPLINE_SURFACE(3,2,((#2545,#2546,#2547),(#2548,#2549,#2550),(#2551,#2552,
#2553),(#2554,#2555,#2556)),.UNSPECIFIED.,.F.,.F.,.F.)
B_SPLINE_SURFACE_WITH_KNOTS((4,4),(3,3),(-6.93889390390723E-18,0.0031085346080766),
(0.,1.),.PIECEWISE_BEZIER_KNOTS.)
GEOMETRIC_REPRESENTATION_ITEM()
RATIONAL_B_SPLINE_SURFACE(((1.,0.857013594968916,1.),(1.,0.857013594966322,
1.),(1.,0.851464565257794,1.),(1.,0.841756563033656,1.)))
REPRESENTATION_ITEM('')
SURFACE()
);
#30=(
BOUNDED_SURFACE()
B_SPLINE_SURFACE(3,2,((#2584,#2585,#2586),(#2587,#2588,#2589),(#2590,#2591,
#2592),(#2593,#2594,#2595)),.UNSPECIFIED.,.F.,.F.,.F.)
B_SPLINE_SURFACE_WITH_KNOTS((4,4),(3,3),(-1.7130394325271E-17,0.000636117406346974),
(0.,1.),.PIECEWISE_BEZIER_KNOTS.)
GEOMETRIC_REPRESENTATION_ITEM()
RATIONAL_B_SPLINE_SURFACE(((1.,0.849319653321283,1.),(1.,0.849319653301727,
1.),(1.,0.848937926596549,1.),(1.,0.848174691451314,1.)))
REPRESENTATION_ITEM('')
SURFACE()
);
#31=(
BOUNDED_SURFACE()
B_SPLINE_SURFACE(3,2,((#2597,#2598,#2599),(#2600,#2601,#2602),(#2603,#2604,
#2605),(#2606,#2607,#2608),(#2609,#2610,#2611),(#2612,#2613,#2614),(#2615,
#2616,#2617)),.UNSPECIFIED.,.F.,.F.,.F.)
B_SPLINE_SURFACE_WITH_KNOTS((4,1,1,1,4),(3,3),(-1.55691431968918E-16,0.00177433944282277,
0.00354867888564571,0.00532301832846864,0.00709735777129157),(0.,1.),
 .UNSPECIFIED.)
GEOMETRIC_REPRESENTATION_ITEM()
RATIONAL_B_SPLINE_SURFACE(((1.,0.984835425358645,1.),(1.,0.975748794495527,
1.),(1.,0.95001070205538,1.),(1.,0.896718434456622,1.),(1.,0.849889474491531,
1.),(1.,0.843479289363452,1.),(1.,0.84817469145157,1.)))
REPRESENTATION_ITEM('')
SURFACE()
);
#32=(
BOUNDED_SURFACE()
B_SPLINE_SURFACE(3,2,((#2619,#2620,#2621),(#2622,#2623,#2624),(#2625,#2626,
#2627),(#2628,#2629,#2630),(#2631,#2632,#2633),(#2634,#2635,#2636),(#2637,
#2638,#2639),(#2640,#2641,#2642),(#2643,#2644,#2645),(#2646,#2647,#2648),
(#2649,#2650,#2651),(#2652,#2653,#2654),(#2655,#2656,#2657)),
 .UNSPECIFIED.,.F.,.F.,.F.)
B_SPLINE_SURFACE_WITH_KNOTS((4,1,1,1,1,1,1,1,1,1,4),(3,3),(5.85469173142172E-18,
0.000721907486929258,0.00108286123039388,0.00144381497385851,0.00180476871732314,
0.00216572246078776,0.00234619933252008,0.00252667620425239,0.00261691464011855,
0.0027071530759847,0.00288762994771702),(0.,1.),.UNSPECIFIED.)
GEOMETRIC_REPRESENTATION_ITEM()
RATIONAL_B_SPLINE_SURFACE(((1.,0.777482888367786,1.),(1.,0.805204599482605,
1.),(1.,0.845031143705982,1.),(1.,0.893565457477035,1.),(1.,0.927122239734817,
1.),(1.,0.956403531657104,1.),(1.,0.976913259029237,1.),(1.,0.989768414556442,
1.),(1.,0.996294383904073,1.),(1.,0.996470016243146,1.),(1.,0.992634679856687,
1.),(1.,0.988165044235636,1.),(1.,0.984835425358704,1.)))
REPRESENTATION_ITEM('')
SURFACE()
);
#33=(
BOUNDED_SURFACE()
B_SPLINE_SURFACE(3,2,((#2659,#2660,#2661),(#2662,#2663,#2664),(#2665,#2666,
#2667),(#2668,#2669,#2670)),.UNSPECIFIED.,.F.,.F.,.F.)
B_SPLINE_SURFACE_WITH_KNOTS((4,4),(3,3),(-1.99493199737333E-17,0.00304517853160066),
(0.,1.),.PIECEWISE_BEZIER_KNOTS.)
GEOMETRIC_REPRESENTATION_ITEM()
RATIONAL_B_SPLINE_SURFACE(((1.,0.777482888364305,1.),(1.,0.803961589652095,
1.),(1.,0.828427168713796,1.),(1.,0.851170266328518,1.)))
REPRESENTATION_ITEM('')
SURFACE()
);
#34=(
BOUNDED_SURFACE()
B_SPLINE_SURFACE(3,2,((#2672,#2673,#2674),(#2675,#2676,#2677),(#2678,#2679,
#2680),(#2681,#2682,#2683),(#2684,#2685,#2686),(#2687,#2688,#2689),(#2690,
#2691,#2692)),.UNSPECIFIED.,.F.,.F.,.F.)
B_SPLINE_SURFACE_WITH_KNOTS((4,1,1,1,4),(3,3),(0.00752099741925619,0.00832980285762932,
0.00913860829600245,0.00994741373437558,0.0107562191727487),(0.,1.),
 .UNSPECIFIED.)
GEOMETRIC_REPRESENTATION_ITEM()
RATIONAL_B_SPLINE_SURFACE(((1.,0.851170266328505,1.),(1.,0.86543874211315,
1.),(1.,0.881847650200463,1.),(1.,0.857449665620782,1.),(1.,0.797977933392557,
1.),(1.,0.751249945503809,1.),(1.,0.73003094428105,1.)))
REPRESENTATION_ITEM('')
SURFACE()
);
#35=(
BOUNDED_SURFACE()
B_SPLINE_SURFACE(3,2,((#2751,#2752,#2753),(#2754,#2755,#2756),(#2757,#2758,
#2759),(#2760,#2761,#2762)),.UNSPECIFIED.,.F.,.F.,.F.)
B_SPLINE_SURFACE_WITH_KNOTS((4,4),(3,3),(4.71238898038469,5.16266513984543),
(0.,1.),.PIECEWISE_BEZIER_KNOTS.)
GEOMETRIC_REPRESENTATION_ITEM()
RATIONAL_B_SPLINE_SURFACE(((1.,0.707106781186548,1.),(1.,0.720841157359899,
1.),(1.,0.734146393170996,1.),(1.,0.745869197530464,1.)))
REPRESENTATION_ITEM('')
SURFACE()
);
#36=DEGENERATE_TOROIDAL_SURFACE('',#1366,0.048393192089968,0.06525,.F.);
#37=DEGENERATE_TOROIDAL_SURFACE('',#1368,0.0651272792307494,0.06525,.T.);
#38=DEGENERATE_TOROIDAL_SURFACE('',#1370,0.00900000000000018,0.0602499999999992,
 .T.);
#39=DEGENERATE_TOROIDAL_SURFACE('',#1380,0.00900000000000018,0.06525,.T.);
#40=SPHERICAL_SURFACE('',#1364,0.009);
#41=ELLIPSE('',#1343,0.0420275218263383,0.009);
#42=ELLIPSE('',#1355,0.0425007363567191,0.011);
#43=ELLIPSE('',#1426,0.00274190476065454,0.002);
#44=ELLIPSE('',#1427,0.00772740661031256,0.002);
#45=ELLIPSE('',#1447,0.00724693326287058,0.007);
#46=ELLIPSE('',#1449,0.00200000000000011,0.0019999999999999);
#47=TOROIDAL_SURFACE('',#1332,0.0167340871407814,0.009);
#48=TOROIDAL_SURFACE('',#1387,0.032,0.003);
#49=TOROIDAL_SURFACE('',#1404,0.005,0.002);
#50=TOROIDAL_SURFACE('',#1408,0.037,0.002);
#51=TOROIDAL_SURFACE('',#1416,0.010816653826392,0.002);
#52=TOROIDAL_SURFACE('',#1423,0.00841253247119838,0.002);
#53=TOROIDAL_SURFACE('',#1429,0.00832155466958304,0.002);
#54=TOROIDAL_SURFACE('',#1433,0.037,0.002);
#55=B_SPLINE_CURVE_WITH_KNOTS('',3,(#1856,#1857,#1858,#1859,#1860,#1861,
#1862),.UNSPECIFIED.,.F.,.F.,(4,1,1,1,4),(0.,0.00145381557618472,0.00290763115236944,
0.00436144672855417,0.00581526230473889),.UNSPECIFIED.);
#56=B_SPLINE_CURVE_WITH_KNOTS('',3,(#1891,#1892,#1893,#1894),
 .UNSPECIFIED.,.F.,.F.,(4,4),(0.,0.00333111038297027),.UNSPECIFIED.);
#57=B_SPLINE_CURVE_WITH_KNOTS('',3,(#1898,#1899,#1900,#1901),
 .UNSPECIFIED.,.F.,.F.,(4,4),(0.00631595646995872,0.00877338643144067),
 .UNSPECIFIED.);
#58=B_SPLINE_CURVE_WITH_KNOTS('',3,(#1909,#1910,#1911,#1912),
 .UNSPECIFIED.,.F.,.F.,(4,4),(0.0011946804139681,0.00167527668374),
 .UNSPECIFIED.);
#59=B_SPLINE_CURVE_WITH_KNOTS('',3,(#1914,#1915,#1916,#1917,#1918),
 .UNSPECIFIED.,.F.,.F.,(4,1,4),(0.,0.0027000261474357,0.00540005229487139),
 .UNSPECIFIED.);
#60=B_SPLINE_CURVE_WITH_KNOTS('',3,(#1929,#1930,#1931,#1932),
 .UNSPECIFIED.,.F.,.F.,(4,4),(0.,0.0136385863199848),.UNSPECIFIED.);
#61=B_SPLINE_CURVE_WITH_KNOTS('',3,(#1939,#1940,#1941,#1942,#1943,#1944,
#1945,#1946),.UNSPECIFIED.,.F.,.F.,(4,1,1,1,1,4),(0.,0.00514318792901201,
0.010286375858024,0.015429563787036,0.0180011577515421,0.0205727517160481),
 .UNSPECIFIED.);
#62=B_SPLINE_CURVE_WITH_KNOTS('',3,(#1950,#1951,#1952,#1953,#1954,#1955,
#1956,#1957),.UNSPECIFIED.,.F.,.F.,(4,1,1,1,1,4),(0.,0.00229575274490817,
0.00459150548981633,0.00918301097963267,0.013774516469449,0.0183660219592653),
 .UNSPECIFIED.);
#63=B_SPLINE_CURVE_WITH_KNOTS('',3,(#1963,#1964,#1965,#1966),
 .UNSPECIFIED.,.F.,.F.,(4,4),(0.,0.00519483700030076),.UNSPECIFIED.);
#64=B_SPLINE_CURVE_WITH_KNOTS('',3,(#1968,#1969,#1970,#1971),
 .UNSPECIFIED.,.F.,.F.,(4,4),(1.73472347597681E-18,0.00500599913097285),
 .UNSPECIFIED.);
#65=B_SPLINE_CURVE_WITH_KNOTS('',3,(#1976,#1977,#1978,#1979),
 .UNSPECIFIED.,.F.,.F.,(4,4),(0.,0.00305285116918579),.UNSPECIFIED.);
#66=B_SPLINE_CURVE_WITH_KNOTS('',3,(#1981,#1982,#1983,#1984),
 .UNSPECIFIED.,.F.,.F.,(4,4),(0.00247223194072419,0.00666885903978079),
 .UNSPECIFIED.);
#67=B_SPLINE_CURVE_WITH_KNOTS('',3,(#2004,#2005,#2006,#2007),
 .UNSPECIFIED.,.F.,.F.,(4,4),(0.,0.00310853460807661),.UNSPECIFIED.);
#68=B_SPLINE_CURVE_WITH_KNOTS('',3,(#2015,#2016,#2017,#2018),
 .UNSPECIFIED.,.F.,.F.,(4,4),(0.,0.00219081892038897),.UNSPECIFIED.);
#69=B_SPLINE_CURVE_WITH_KNOTS('',3,(#2031,#2032,#2033,#2034,#2035,#2036),
 .UNSPECIFIED.,.F.,.F.,(4,1,1,4),(3.90312782094782E-18,0.01007995569067,
0.015119933536005,0.02015991138134),.UNSPECIFIED.);
#70=B_SPLINE_CURVE_WITH_KNOTS('',3,(#2038,#2039,#2040,#2041),
 .UNSPECIFIED.,.F.,.F.,(4,4),(1.47451495458029E-17,0.00806387680279281),
 .UNSPECIFIED.);
#71=B_SPLINE_CURVE_WITH_KNOTS('',3,(#2044,#2045,#2046,#2047,#2048,#2049),
 .UNSPECIFIED.,.F.,.F.,(4,1,1,4),(0.,0.00127657217991714,0.00191485826987571,
0.00255314435983428),.UNSPECIFIED.);
#72=B_SPLINE_CURVE_WITH_KNOTS('',3,(#2058,#2059,#2060,#2061),
 .UNSPECIFIED.,.F.,.F.,(4,4),(0.,0.0022901432293412),.UNSPECIFIED.);
#73=B_SPLINE_CURVE_WITH_KNOTS('',3,(#2064,#2065,#2066,#2067),
 .UNSPECIFIED.,.F.,.F.,(4,4),(2.51534904016637E-17,0.00438038759406117),
 .UNSPECIFIED.);
#74=B_SPLINE_CURVE_WITH_KNOTS('',3,(#2069,#2070,#2071,#2072),
 .UNSPECIFIED.,.F.,.F.,(4,4),(0.,0.000101240151848628),.UNSPECIFIED.);
#75=B_SPLINE_CURVE_WITH_KNOTS('',3,(#2078,#2079,#2080,#2081,#2082,#2083,
#2084,#2085,#2086),.UNSPECIFIED.,.F.,.F.,(4,1,1,1,1,1,4),(0.,0.00253735606457533,
0.00507471212915066,0.00761206819372599,0.0101494242583013,0.015224136387452,
0.0202988485166026),.UNSPECIFIED.);
#76=B_SPLINE_CURVE_WITH_KNOTS('',3,(#2088,#2089,#2090,#2091),
 .UNSPECIFIED.,.F.,.F.,(4,4),(0.,0.00338861208383105),.UNSPECIFIED.);
#77=B_SPLINE_CURVE_WITH_KNOTS('',3,(#2093,#2094,#2095,#2096),
 .UNSPECIFIED.,.F.,.F.,(4,4),(0.,0.00467480768317867),.UNSPECIFIED.);
#78=B_SPLINE_CURVE_WITH_KNOTS('',3,(#2100,#2101,#2102,#2103),
 .UNSPECIFIED.,.F.,.F.,(4,4),(0.,0.00278707080707929),.UNSPECIFIED.);
#79=B_SPLINE_CURVE_WITH_KNOTS('',3,(#2105,#2106,#2107,#2108,#2109,#2110),
 .UNSPECIFIED.,.F.,.F.,(4,1,1,4),(0.00286258463238495,0.00698076682124834,
0.00903985791568003,0.0110989490101117),.UNSPECIFIED.);
#80=B_SPLINE_CURVE_WITH_KNOTS('',3,(#2114,#2115,#2116,#2117),
 .UNSPECIFIED.,.F.,.F.,(4,4),(0.,0.00224043506492445),.UNSPECIFIED.);
#81=B_SPLINE_CURVE_WITH_KNOTS('',3,(#2122,#2123,#2124,#2125),
 .UNSPECIFIED.,.F.,.F.,(4,4),(0.00322684102288567,0.00658733216159142),
 .UNSPECIFIED.);
#82=B_SPLINE_CURVE_WITH_KNOTS('',3,(#2136,#2137,#2138,#2139),
 .UNSPECIFIED.,.F.,.F.,(4,4),(1.04083408558608E-17,0.000651373849642778),
 .UNSPECIFIED.);
#83=B_SPLINE_CURVE_WITH_KNOTS('',3,(#2141,#2142,#2143,#2144,#2145,#2146,
#2147),.UNSPECIFIED.,.F.,.F.,(4,1,1,1,4),(0.00121817174860054,0.0105811769769525,
0.0199441822053044,0.0293071874336564,0.0386701926620083),.UNSPECIFIED.);
#84=B_SPLINE_CURVE_WITH_KNOTS('',3,(#2173,#2174,#2175,#2176),
 .UNSPECIFIED.,.F.,.F.,(4,4),(1.51789097162345E-15,0.00236544366257753),
 .UNSPECIFIED.);
#85=B_SPLINE_CURVE_WITH_KNOTS('',3,(#2177,#2178,#2179,#2180),
 .UNSPECIFIED.,.F.,.F.,(4,4),(8.67361737988404E-18,0.0101549692851606),
 .UNSPECIFIED.);
#86=B_SPLINE_CURVE_WITH_KNOTS('',3,(#2182,#2183,#2184,#2185),
 .UNSPECIFIED.,.F.,.F.,(4,4),(0.,0.00262366326841912),.UNSPECIFIED.);
#87=B_SPLINE_CURVE_WITH_KNOTS('',3,(#2213,#2214,#2215,#2216),
 .UNSPECIFIED.,.F.,.F.,(4,4),(1.04083408558608E-17,0.0101300572296505),
 .UNSPECIFIED.);
#88=B_SPLINE_CURVE_WITH_KNOTS('',3,(#2218,#2219,#2220,#2221),
 .UNSPECIFIED.,.F.,.F.,(4,4),(3.62436834868315E-16,0.00396994377942132),
 .UNSPECIFIED.);
#89=B_SPLINE_CURVE_WITH_KNOTS('',3,(#2223,#2224,#2225,#2226),
 .UNSPECIFIED.,.F.,.F.,(4,4),(0.,0.00128357262502238),.UNSPECIFIED.);
#90=B_SPLINE_CURVE_WITH_KNOTS('',3,(#2228,#2229,#2230,#2231,#2232),
 .UNSPECIFIED.,.F.,.F.,(4,1,4),(0.,0.00255214181729429,0.00510428363458858),
 .UNSPECIFIED.);
#91=B_SPLINE_CURVE_WITH_KNOTS('',3,(#2373,#2374,#2375,#2376,#2377,#2378,
#2379),.UNSPECIFIED.,.F.,.F.,(4,1,1,1,4),(0.,0.00235081146633293,0.00470162293266587,
0.0070524343989988,0.00940324586533174),.UNSPECIFIED.);
#92=B_SPLINE_CURVE_WITH_KNOTS('',3,(#2410,#2411,#2412,#2413),
 .UNSPECIFIED.,.F.,.F.,(4,4),(3.5381555418773E-17,0.00289712965122353),
 .UNSPECIFIED.);
#93=B_SPLINE_CURVE_WITH_KNOTS('',3,(#2416,#2417,#2418,#2419,#2420),
 .UNSPECIFIED.,.F.,.F.,(4,1,4),(3.41718509801018E-16,0.00146926966661138,
0.00293853933322242),.UNSPECIFIED.);
#94=B_SPLINE_CURVE_WITH_KNOTS('',3,(#2421,#2422,#2423,#2424,#2425,#2426),
 .UNSPECIFIED.,.F.,.F.,(4,1,1,4),(5.55111512312578E-17,0.00117260630131392,
0.00234521260262778,0.00469042520525549),.UNSPECIFIED.);
#95=B_SPLINE_CURVE_WITH_KNOTS('',3,(#2428,#2429,#2430,#2431,#2432,#2433,
#2434,#2435,#2436,#2437,#2438),.UNSPECIFIED.,.F.,.F.,(4,1,1,1,1,1,1,1,4),
(0.,0.000173645503536119,0.000347291007072238,0.000520936510608357,0.000694582014144476,
0.00104187302121671,0.00138916402828895,0.00208374604243343,0.0027783280565779),
 .UNSPECIFIED.);
#96=B_SPLINE_CURVE_WITH_KNOTS('',3,(#2441,#2442,#2443,#2444),
 .UNSPECIFIED.,.F.,.F.,(4,4),(0.,0.00101664951214455),.UNSPECIFIED.);
#97=B_SPLINE_CURVE_WITH_KNOTS('',3,(#2446,#2447,#2448,#2449,#2450,#2451),
 .UNSPECIFIED.,.F.,.F.,(4,1,1,4),(3.73670872517614E-17,0.00232365643404273,
0.00348548465106408,0.00464731286808542),.UNSPECIFIED.);
#98=B_SPLINE_CURVE_WITH_KNOTS('',3,(#2453,#2454,#2455,#2456),
 .UNSPECIFIED.,.F.,.F.,(4,4),(0.,0.000382100602634435),.UNSPECIFIED.);
#99=B_SPLINE_CURVE_WITH_KNOTS('',3,(#2469,#2470,#2471,#2472,#2473,#2474,
#2475,#2476),.UNSPECIFIED.,.F.,.F.,(4,1,1,1,1,4),(8.73957474794751E-15,
0.00132517101762776,0.00265034203524678,0.0039755130528658,0.00463809856167531,
0.00530068407048482),.UNSPECIFIED.);
#100=B_SPLINE_CURVE_WITH_KNOTS('',3,(#2570,#2571,#2572,#2573),
 .UNSPECIFIED.,.F.,.F.,(4,4),(0.,0.00222983950716379),.UNSPECIFIED.);
#101=B_SPLINE_CURVE_WITH_KNOTS('',3,(#2746,#2747,#2748,#2749,#2750),
 .UNSPECIFIED.,.F.,.F.,(4,1,4),(0.,0.00367821460866044,0.00735642921732088),
 .UNSPECIFIED.);
#102=PLANE('',#1327);
#103=PLANE('',#1330);
#104=PLANE('',#1337);
#105=PLANE('',#1347);
#106=PLANE('',#1354);
#107=PLANE('',#1377);
#108=PLANE('',#1444);
#109=PLANE('',#1445);
#110=PLANE('',#1446);
#111=PLANE('',#1450);
#112=PLANE('',#1455);
#113=PLANE('',#1464);
#114=PLANE('',#1468);
#115=PLANE('',#1472);
#116=PLANE('',#1475);
#117=LINE('',#1850,#168);
#118=LINE('',#1854,#169);
#119=LINE('',#1865,#170);
#120=LINE('',#1867,#171);
#121=LINE('',#1869,#172);
#122=LINE('',#1875,#173);
#123=LINE('',#1878,#174);
#124=LINE('',#1880,#175);
#125=LINE('',#1884,#176);
#126=LINE('',#1886,#177);
#127=LINE('',#1903,#178);
#128=LINE('',#1907,#179);
#129=LINE('',#1920,#180);
#130=LINE('',#1923,#181);
#131=LINE('',#1925,#182);
#132=LINE('',#1927,#183);
#133=LINE('',#1935,#184);
#134=LINE('',#1986,#185);
#135=LINE('',#1990,#186);
#136=LINE('',#1994,#187);
#137=LINE('',#2002,#188);
#138=LINE('',#2013,#189);
#139=LINE('',#2022,#190);
#140=LINE('',#2027,#191);
#141=LINE('',#2053,#192);
#142=LINE('',#2152,#193);
#143=LINE('',#2156,#194);
#144=LINE('',#2484,#195);
#145=LINE('',#2577,#196);
#146=LINE('',#2697,#197);
#147=LINE('',#2701,#198);
#148=LINE('',#2703,#199);
#149=LINE('',#2706,#200);
#150=LINE('',#2708,#201);
#151=LINE('',#2710,#202);
#152=LINE('',#2712,#203);
#153=LINE('',#2715,#204);
#154=LINE('',#2717,#205);
#155=LINE('',#2719,#206);
#156=LINE('',#2721,#207);
#157=LINE('',#2726,#208);
#158=LINE('',#2728,#209);
#159=LINE('',#2730,#210);
#160=LINE('',#2769,#211);
#161=LINE('',#2772,#212);
#162=LINE('',#2774,#213);
#163=LINE('',#2776,#214);
#164=LINE('',#2780,#215);
#165=LINE('',#2784,#216);
#166=LINE('',#2786,#217);
#167=LINE('',#2788,#218);
#168=VECTOR('',#1486,1.);
#169=VECTOR('',#1489,1.);
#170=VECTOR('',#1492,1.);
#171=VECTOR('',#1493,1.);
#172=VECTOR('',#1494,1.);
#173=VECTOR('',#1501,1.);
#174=VECTOR('',#1502,1.);
#175=VECTOR('',#1503,1.);
#176=VECTOR('',#1506,1.);
#177=VECTOR('',#1507,1.);
#178=VECTOR('',#1516,1.);
#179=VECTOR('',#1519,1.);
#180=VECTOR('',#1522,1.);
#181=VECTOR('',#1523,1.);
#182=VECTOR('',#1524,1.);
#183=VECTOR('',#1525,1.);
#184=VECTOR('',#1528,1.);
#185=VECTOR('',#1543,1.);
#186=VECTOR('',#1546,1.);
#187=VECTOR('',#1551,1.);
#188=VECTOR('',#1564,1.);
#189=VECTOR('',#1569,1.);
#190=VECTOR('',#1572,1.);
#191=VECTOR('',#1577,1.);
#192=VECTOR('',#1584,1.);
#193=VECTOR('',#1629,1.);
#194=VECTOR('',#1632,1.);
#195=VECTOR('',#1669,1.);
#196=VECTOR('',#1726,1.);
#197=VECTOR('',#1749,1.);
#198=VECTOR('',#1752,1.);
#199=VECTOR('',#1755,1.);
#200=VECTOR('',#1756,1.);
#201=VECTOR('',#1757,1.);
#202=VECTOR('',#1758,1.);
#203=VECTOR('',#1761,1.);
#204=VECTOR('',#1762,1.);
#205=VECTOR('',#1763,1.);
#206=VECTOR('',#1764,1.);
#207=VECTOR('',#1767,1.);
#208=VECTOR('',#1770,1.);
#209=VECTOR('',#1771,1.);
#210=VECTOR('',#1772,1.);
#211=VECTOR('',#1807,1.);
#212=VECTOR('',#1808,1.);
#213=VECTOR('',#1809,1.);
#214=VECTOR('',#1810,1.);
#215=VECTOR('',#1815,1.);
#216=VECTOR('',#1820,1.);
#217=VECTOR('',#1821,1.);
#218=VECTOR('',#1822,1.);
#219=ORIENTED_EDGE('',*,*,#613,.T.);
#220=ORIENTED_EDGE('',*,*,#614,.T.);
#221=ORIENTED_EDGE('',*,*,#615,.T.);
#222=ORIENTED_EDGE('',*,*,#616,.T.);
#223=ORIENTED_EDGE('',*,*,#617,.T.);
#224=ORIENTED_EDGE('',*,*,#618,.T.);
#225=ORIENTED_EDGE('',*,*,#619,.T.);
#226=ORIENTED_EDGE('',*,*,#620,.T.);
#227=ORIENTED_EDGE('',*,*,#621,.T.);
#228=ORIENTED_EDGE('',*,*,#622,.T.);
#229=ORIENTED_EDGE('',*,*,#623,.T.);
#230=ORIENTED_EDGE('',*,*,#624,.T.);
#231=ORIENTED_EDGE('',*,*,#625,.T.);
#232=ORIENTED_EDGE('',*,*,#626,.T.);
#233=ORIENTED_EDGE('',*,*,#627,.T.);
#234=ORIENTED_EDGE('',*,*,#628,.F.);
#235=ORIENTED_EDGE('',*,*,#629,.F.);
#236=ORIENTED_EDGE('',*,*,#630,.T.);
#237=ORIENTED_EDGE('',*,*,#631,.T.);
#238=ORIENTED_EDGE('',*,*,#632,.T.);
#239=ORIENTED_EDGE('',*,*,#631,.F.);
#240=ORIENTED_EDGE('',*,*,#633,.T.);
#241=ORIENTED_EDGE('',*,*,#634,.T.);
#242=ORIENTED_EDGE('',*,*,#635,.T.);
#243=ORIENTED_EDGE('',*,*,#636,.T.);
#244=ORIENTED_EDGE('',*,*,#637,.T.);
#245=ORIENTED_EDGE('',*,*,#638,.T.);
#246=ORIENTED_EDGE('',*,*,#639,.T.);
#247=ORIENTED_EDGE('',*,*,#640,.T.);
#248=ORIENTED_EDGE('',*,*,#641,.T.);
#249=ORIENTED_EDGE('',*,*,#642,.T.);
#250=ORIENTED_EDGE('',*,*,#643,.T.);
#251=ORIENTED_EDGE('',*,*,#644,.T.);
#252=ORIENTED_EDGE('',*,*,#645,.T.);
#253=ORIENTED_EDGE('',*,*,#646,.F.);
#254=ORIENTED_EDGE('',*,*,#647,.T.);
#255=ORIENTED_EDGE('',*,*,#648,.F.);
#256=ORIENTED_EDGE('',*,*,#649,.T.);
#257=ORIENTED_EDGE('',*,*,#629,.T.);
#258=ORIENTED_EDGE('',*,*,#650,.T.);
#259=ORIENTED_EDGE('',*,*,#651,.T.);
#260=ORIENTED_EDGE('',*,*,#652,.F.);
#261=ORIENTED_EDGE('',*,*,#653,.T.);
#262=ORIENTED_EDGE('',*,*,#654,.T.);
#263=ORIENTED_EDGE('',*,*,#655,.T.);
#264=ORIENTED_EDGE('',*,*,#656,.T.);
#265=ORIENTED_EDGE('',*,*,#657,.T.);
#266=ORIENTED_EDGE('',*,*,#634,.F.);
#267=ORIENTED_EDGE('',*,*,#658,.T.);
#268=ORIENTED_EDGE('',*,*,#659,.F.);
#269=ORIENTED_EDGE('',*,*,#660,.T.);
#270=ORIENTED_EDGE('',*,*,#628,.T.);
#271=ORIENTED_EDGE('',*,*,#661,.T.);
#272=ORIENTED_EDGE('',*,*,#656,.F.);
#273=ORIENTED_EDGE('',*,*,#662,.T.);
#274=ORIENTED_EDGE('',*,*,#640,.F.);
#275=ORIENTED_EDGE('',*,*,#663,.T.);
#276=ORIENTED_EDGE('',*,*,#619,.F.);
#277=ORIENTED_EDGE('',*,*,#664,.T.);
#278=ORIENTED_EDGE('',*,*,#659,.T.);
#279=ORIENTED_EDGE('',*,*,#665,.T.);
#280=ORIENTED_EDGE('',*,*,#666,.T.);
#281=ORIENTED_EDGE('',*,*,#667,.T.);
#282=ORIENTED_EDGE('',*,*,#668,.T.);
#283=ORIENTED_EDGE('',*,*,#669,.T.);
#284=ORIENTED_EDGE('',*,*,#670,.T.);
#285=ORIENTED_EDGE('',*,*,#671,.T.);
#286=ORIENTED_EDGE('',*,*,#672,.T.);
#287=ORIENTED_EDGE('',*,*,#673,.T.);
#288=ORIENTED_EDGE('',*,*,#674,.T.);
#289=ORIENTED_EDGE('',*,*,#675,.F.);
#290=ORIENTED_EDGE('',*,*,#676,.T.);
#291=ORIENTED_EDGE('',*,*,#677,.T.);
#292=ORIENTED_EDGE('',*,*,#678,.T.);
#293=ORIENTED_EDGE('',*,*,#679,.T.);
#294=ORIENTED_EDGE('',*,*,#680,.T.);
#295=ORIENTED_EDGE('',*,*,#681,.F.);
#296=ORIENTED_EDGE('',*,*,#644,.F.);
#297=ORIENTED_EDGE('',*,*,#682,.T.);
#298=ORIENTED_EDGE('',*,*,#648,.T.);
#299=ORIENTED_EDGE('',*,*,#683,.T.);
#300=ORIENTED_EDGE('',*,*,#681,.T.);
#301=ORIENTED_EDGE('',*,*,#684,.T.);
#302=ORIENTED_EDGE('',*,*,#673,.F.);
#303=ORIENTED_EDGE('',*,*,#685,.T.);
#304=ORIENTED_EDGE('',*,*,#679,.F.);
#305=ORIENTED_EDGE('',*,*,#686,.T.);
#306=ORIENTED_EDGE('',*,*,#652,.T.);
#307=ORIENTED_EDGE('',*,*,#687,.T.);
#308=ORIENTED_EDGE('',*,*,#688,.F.);
#309=ORIENTED_EDGE('',*,*,#689,.T.);
#310=ORIENTED_EDGE('',*,*,#690,.T.);
#311=ORIENTED_EDGE('',*,*,#691,.T.);
#312=ORIENTED_EDGE('',*,*,#692,.T.);
#313=ORIENTED_EDGE('',*,*,#693,.T.);
#314=ORIENTED_EDGE('',*,*,#694,.T.);
#315=ORIENTED_EDGE('',*,*,#695,.F.);
#316=ORIENTED_EDGE('',*,*,#696,.T.);
#317=ORIENTED_EDGE('',*,*,#697,.T.);
#318=ORIENTED_EDGE('',*,*,#698,.T.);
#319=ORIENTED_EDGE('',*,*,#699,.T.);
#320=ORIENTED_EDGE('',*,*,#688,.T.);
#321=ORIENTED_EDGE('',*,*,#700,.T.);
#322=ORIENTED_EDGE('',*,*,#646,.T.);
#323=ORIENTED_EDGE('',*,*,#701,.T.);
#324=ORIENTED_EDGE('',*,*,#702,.T.);
#325=ORIENTED_EDGE('',*,*,#703,.T.);
#326=ORIENTED_EDGE('',*,*,#704,.T.);
#327=ORIENTED_EDGE('',*,*,#705,.T.);
#328=ORIENTED_EDGE('',*,*,#675,.T.);
#329=ORIENTED_EDGE('',*,*,#706,.T.);
#330=ORIENTED_EDGE('',*,*,#707,.T.);
#331=ORIENTED_EDGE('',*,*,#708,.T.);
#332=ORIENTED_EDGE('',*,*,#709,.T.);
#333=ORIENTED_EDGE('',*,*,#702,.F.);
#334=ORIENTED_EDGE('',*,*,#695,.T.);
#335=ORIENTED_EDGE('',*,*,#698,.F.);
#336=ORIENTED_EDGE('',*,*,#710,.T.);
#337=ORIENTED_EDGE('',*,*,#642,.F.);
#338=ORIENTED_EDGE('',*,*,#711,.T.);
#339=ORIENTED_EDGE('',*,*,#712,.T.);
#340=ORIENTED_EDGE('',*,*,#694,.F.);
#341=ORIENTED_EDGE('',*,*,#713,.T.);
#342=ORIENTED_EDGE('',*,*,#647,.F.);
#343=ORIENTED_EDGE('',*,*,#700,.F.);
#344=ORIENTED_EDGE('',*,*,#692,.F.);
#345=ORIENTED_EDGE('',*,*,#714,.T.);
#346=ORIENTED_EDGE('',*,*,#715,.T.);
#347=ORIENTED_EDGE('',*,*,#716,.T.);
#348=ORIENTED_EDGE('',*,*,#699,.F.);
#349=ORIENTED_EDGE('',*,*,#717,.F.);
#350=ORIENTED_EDGE('',*,*,#717,.T.);
#351=ORIENTED_EDGE('',*,*,#712,.F.);
#352=ORIENTED_EDGE('',*,*,#718,.F.);
#353=ORIENTED_EDGE('',*,*,#693,.F.);
#354=ORIENTED_EDGE('',*,*,#718,.T.);
#355=ORIENTED_EDGE('',*,*,#711,.F.);
#356=ORIENTED_EDGE('',*,*,#713,.F.);
#357=ORIENTED_EDGE('',*,*,#701,.F.);
#358=ORIENTED_EDGE('',*,*,#645,.F.);
#359=ORIENTED_EDGE('',*,*,#719,.F.);
#360=ORIENTED_EDGE('',*,*,#689,.F.);
#361=ORIENTED_EDGE('',*,*,#719,.T.);
#362=ORIENTED_EDGE('',*,*,#683,.F.);
#363=ORIENTED_EDGE('',*,*,#720,.F.);
#364=ORIENTED_EDGE('',*,*,#690,.F.);
#365=ORIENTED_EDGE('',*,*,#720,.T.);
#366=ORIENTED_EDGE('',*,*,#651,.F.);
#367=ORIENTED_EDGE('',*,*,#721,.F.);
#368=ORIENTED_EDGE('',*,*,#691,.F.);
#369=ORIENTED_EDGE('',*,*,#721,.T.);
#370=ORIENTED_EDGE('',*,*,#650,.F.);
#371=ORIENTED_EDGE('',*,*,#722,.F.);
#372=ORIENTED_EDGE('',*,*,#714,.F.);
#373=ORIENTED_EDGE('',*,*,#722,.T.);
#374=ORIENTED_EDGE('',*,*,#632,.F.);
#375=ORIENTED_EDGE('',*,*,#723,.F.);
#376=ORIENTED_EDGE('',*,*,#715,.F.);
#377=ORIENTED_EDGE('',*,*,#723,.T.);
#378=ORIENTED_EDGE('',*,*,#637,.F.);
#379=ORIENTED_EDGE('',*,*,#724,.F.);
#380=ORIENTED_EDGE('',*,*,#716,.F.);
#381=ORIENTED_EDGE('',*,*,#636,.F.);
#382=ORIENTED_EDGE('',*,*,#725,.T.);
#383=ORIENTED_EDGE('',*,*,#696,.F.);
#384=ORIENTED_EDGE('',*,*,#724,.T.);
#385=ORIENTED_EDGE('',*,*,#726,.T.);
#386=ORIENTED_EDGE('',*,*,#727,.T.);
#387=ORIENTED_EDGE('',*,*,#677,.F.);
#388=ORIENTED_EDGE('',*,*,#685,.F.);
#389=ORIENTED_EDGE('',*,*,#676,.F.);
#390=ORIENTED_EDGE('',*,*,#705,.F.);
#391=ORIENTED_EDGE('',*,*,#728,.T.);
#392=ORIENTED_EDGE('',*,*,#729,.T.);
#393=ORIENTED_EDGE('',*,*,#709,.F.);
#394=ORIENTED_EDGE('',*,*,#730,.T.);
#395=ORIENTED_EDGE('',*,*,#638,.F.);
#396=ORIENTED_EDGE('',*,*,#731,.T.);
#397=ORIENTED_EDGE('',*,*,#732,.T.);
#398=ORIENTED_EDGE('',*,*,#733,.T.);
#399=ORIENTED_EDGE('',*,*,#654,.F.);
#400=ORIENTED_EDGE('',*,*,#734,.T.);
#401=ORIENTED_EDGE('',*,*,#731,.F.);
#402=ORIENTED_EDGE('',*,*,#735,.F.);
#403=ORIENTED_EDGE('',*,*,#662,.F.);
#404=ORIENTED_EDGE('',*,*,#655,.F.);
#405=ORIENTED_EDGE('',*,*,#735,.T.);
#406=ORIENTED_EDGE('',*,*,#641,.F.);
#407=ORIENTED_EDGE('',*,*,#663,.F.);
#408=ORIENTED_EDGE('',*,*,#639,.F.);
#409=ORIENTED_EDGE('',*,*,#736,.F.);
#410=ORIENTED_EDGE('',*,*,#620,.F.);
#411=ORIENTED_EDGE('',*,*,#660,.F.);
#412=ORIENTED_EDGE('',*,*,#672,.F.);
#413=ORIENTED_EDGE('',*,*,#737,.F.);
#414=ORIENTED_EDGE('',*,*,#738,.F.);
#415=ORIENTED_EDGE('',*,*,#623,.F.);
#416=ORIENTED_EDGE('',*,*,#736,.T.);
#417=ORIENTED_EDGE('',*,*,#730,.F.);
#418=ORIENTED_EDGE('',*,*,#739,.F.);
#419=ORIENTED_EDGE('',*,*,#621,.F.);
#420=ORIENTED_EDGE('',*,*,#664,.F.);
#421=ORIENTED_EDGE('',*,*,#618,.F.);
#422=ORIENTED_EDGE('',*,*,#740,.F.);
#423=ORIENTED_EDGE('',*,*,#635,.F.);
#424=ORIENTED_EDGE('',*,*,#613,.F.);
#425=ORIENTED_EDGE('',*,*,#741,.F.);
#426=ORIENTED_EDGE('',*,*,#737,.T.);
#427=ORIENTED_EDGE('',*,*,#671,.F.);
#428=ORIENTED_EDGE('',*,*,#742,.F.);
#429=ORIENTED_EDGE('',*,*,#697,.F.);
#430=ORIENTED_EDGE('',*,*,#743,.T.);
#431=ORIENTED_EDGE('',*,*,#622,.F.);
#432=ORIENTED_EDGE('',*,*,#739,.T.);
#433=ORIENTED_EDGE('',*,*,#708,.F.);
#434=ORIENTED_EDGE('',*,*,#744,.T.);
#435=ORIENTED_EDGE('',*,*,#740,.T.);
#436=ORIENTED_EDGE('',*,*,#617,.F.);
#437=ORIENTED_EDGE('',*,*,#743,.F.);
#438=ORIENTED_EDGE('',*,*,#725,.F.);
#439=ORIENTED_EDGE('',*,*,#742,.T.);
#440=ORIENTED_EDGE('',*,*,#670,.F.);
#441=ORIENTED_EDGE('',*,*,#745,.F.);
#442=ORIENTED_EDGE('',*,*,#710,.F.);
#443=ORIENTED_EDGE('',*,*,#745,.T.);
#444=ORIENTED_EDGE('',*,*,#669,.F.);
#445=ORIENTED_EDGE('',*,*,#746,.F.);
#446=ORIENTED_EDGE('',*,*,#643,.F.);
#447=ORIENTED_EDGE('',*,*,#746,.T.);
#448=ORIENTED_EDGE('',*,*,#668,.F.);
#449=ORIENTED_EDGE('',*,*,#747,.F.);
#450=ORIENTED_EDGE('',*,*,#682,.F.);
#451=ORIENTED_EDGE('',*,*,#747,.T.);
#452=ORIENTED_EDGE('',*,*,#667,.F.);
#453=ORIENTED_EDGE('',*,*,#748,.F.);
#454=ORIENTED_EDGE('',*,*,#649,.F.);
#455=ORIENTED_EDGE('',*,*,#748,.T.);
#456=ORIENTED_EDGE('',*,*,#666,.F.);
#457=ORIENTED_EDGE('',*,*,#749,.F.);
#458=ORIENTED_EDGE('',*,*,#630,.F.);
#459=ORIENTED_EDGE('',*,*,#749,.T.);
#460=ORIENTED_EDGE('',*,*,#665,.F.);
#461=ORIENTED_EDGE('',*,*,#658,.F.);
#462=ORIENTED_EDGE('',*,*,#633,.F.);
#463=ORIENTED_EDGE('',*,*,#661,.F.);
#464=ORIENTED_EDGE('',*,*,#627,.F.);
#465=ORIENTED_EDGE('',*,*,#750,.F.);
#466=ORIENTED_EDGE('',*,*,#657,.F.);
#467=ORIENTED_EDGE('',*,*,#750,.T.);
#468=ORIENTED_EDGE('',*,*,#626,.F.);
#469=ORIENTED_EDGE('',*,*,#751,.F.);
#470=ORIENTED_EDGE('',*,*,#687,.F.);
#471=ORIENTED_EDGE('',*,*,#625,.F.);
#472=ORIENTED_EDGE('',*,*,#752,.T.);
#473=ORIENTED_EDGE('',*,*,#753,.T.);
#474=ORIENTED_EDGE('',*,*,#754,.F.);
#475=ORIENTED_EDGE('',*,*,#680,.F.);
#476=ORIENTED_EDGE('',*,*,#751,.T.);
#477=ORIENTED_EDGE('',*,*,#754,.T.);
#478=ORIENTED_EDGE('',*,*,#755,.T.);
#479=ORIENTED_EDGE('',*,*,#756,.F.);
#480=ORIENTED_EDGE('',*,*,#684,.F.);
#481=ORIENTED_EDGE('',*,*,#756,.T.);
#482=ORIENTED_EDGE('',*,*,#757,.F.);
#483=ORIENTED_EDGE('',*,*,#758,.F.);
#484=ORIENTED_EDGE('',*,*,#674,.F.);
#485=ORIENTED_EDGE('',*,*,#758,.T.);
#486=ORIENTED_EDGE('',*,*,#759,.T.);
#487=ORIENTED_EDGE('',*,*,#615,.F.);
#488=ORIENTED_EDGE('',*,*,#760,.F.);
#489=ORIENTED_EDGE('',*,*,#706,.F.);
#490=ORIENTED_EDGE('',*,*,#761,.F.);
#491=ORIENTED_EDGE('',*,*,#703,.F.);
#492=ORIENTED_EDGE('',*,*,#761,.T.);
#493=ORIENTED_EDGE('',*,*,#733,.F.);
#494=ORIENTED_EDGE('',*,*,#762,.F.);
#495=ORIENTED_EDGE('',*,*,#704,.F.);
#496=ORIENTED_EDGE('',*,*,#762,.T.);
#497=ORIENTED_EDGE('',*,*,#732,.F.);
#498=ORIENTED_EDGE('',*,*,#763,.F.);
#499=ORIENTED_EDGE('',*,*,#728,.F.);
#500=ORIENTED_EDGE('',*,*,#763,.T.);
#501=ORIENTED_EDGE('',*,*,#734,.F.);
#502=ORIENTED_EDGE('',*,*,#764,.F.);
#503=ORIENTED_EDGE('',*,*,#729,.F.);
#504=ORIENTED_EDGE('',*,*,#764,.T.);
#505=ORIENTED_EDGE('',*,*,#653,.F.);
#506=ORIENTED_EDGE('',*,*,#765,.F.);
#507=ORIENTED_EDGE('',*,*,#726,.F.);
#508=ORIENTED_EDGE('',*,*,#678,.F.);
#509=ORIENTED_EDGE('',*,*,#727,.F.);
#510=ORIENTED_EDGE('',*,*,#765,.T.);
#511=ORIENTED_EDGE('',*,*,#686,.F.);
#512=ORIENTED_EDGE('',*,*,#766,.F.);
#513=ORIENTED_EDGE('',*,*,#767,.F.);
#514=ORIENTED_EDGE('',*,*,#768,.T.);
#515=ORIENTED_EDGE('',*,*,#769,.T.);
#516=ORIENTED_EDGE('',*,*,#770,.F.);
#517=ORIENTED_EDGE('',*,*,#771,.T.);
#518=ORIENTED_EDGE('',*,*,#772,.T.);
#519=ORIENTED_EDGE('',*,*,#773,.T.);
#520=ORIENTED_EDGE('',*,*,#774,.F.);
#521=ORIENTED_EDGE('',*,*,#775,.T.);
#522=ORIENTED_EDGE('',*,*,#776,.T.);
#523=ORIENTED_EDGE('',*,*,#777,.T.);
#524=ORIENTED_EDGE('',*,*,#778,.F.);
#525=ORIENTED_EDGE('',*,*,#779,.T.);
#526=ORIENTED_EDGE('',*,*,#780,.T.);
#527=ORIENTED_EDGE('',*,*,#781,.T.);
#528=ORIENTED_EDGE('',*,*,#782,.T.);
#529=ORIENTED_EDGE('',*,*,#783,.F.);
#530=ORIENTED_EDGE('',*,*,#769,.F.);
#531=ORIENTED_EDGE('',*,*,#784,.T.);
#532=ORIENTED_EDGE('',*,*,#767,.T.);
#533=ORIENTED_EDGE('',*,*,#776,.F.);
#534=ORIENTED_EDGE('',*,*,#785,.T.);
#535=ORIENTED_EDGE('',*,*,#781,.F.);
#536=ORIENTED_EDGE('',*,*,#786,.T.);
#537=ORIENTED_EDGE('',*,*,#738,.T.);
#538=ORIENTED_EDGE('',*,*,#741,.T.);
#539=ORIENTED_EDGE('',*,*,#787,.T.);
#540=ORIENTED_EDGE('',*,*,#770,.T.);
#541=ORIENTED_EDGE('',*,*,#788,.T.);
#542=ORIENTED_EDGE('',*,*,#768,.F.);
#543=ORIENTED_EDGE('',*,*,#784,.F.);
#544=ORIENTED_EDGE('',*,*,#778,.T.);
#545=ORIENTED_EDGE('',*,*,#789,.T.);
#546=ORIENTED_EDGE('',*,*,#774,.T.);
#547=ORIENTED_EDGE('',*,*,#790,.T.);
#548=ORIENTED_EDGE('',*,*,#772,.F.);
#549=ORIENTED_EDGE('',*,*,#791,.T.);
#550=ORIENTED_EDGE('',*,*,#759,.F.);
#551=ORIENTED_EDGE('',*,*,#757,.T.);
#552=ORIENTED_EDGE('',*,*,#755,.F.);
#553=ORIENTED_EDGE('',*,*,#753,.F.);
#554=ORIENTED_EDGE('',*,*,#792,.T.);
#555=ORIENTED_EDGE('',*,*,#766,.T.);
#556=ORIENTED_EDGE('',*,*,#783,.T.);
#557=ORIENTED_EDGE('',*,*,#792,.F.);
#558=ORIENTED_EDGE('',*,*,#752,.F.);
#559=ORIENTED_EDGE('',*,*,#793,.F.);
#560=ORIENTED_EDGE('',*,*,#779,.F.);
#561=ORIENTED_EDGE('',*,*,#786,.F.);
#562=ORIENTED_EDGE('',*,*,#780,.F.);
#563=ORIENTED_EDGE('',*,*,#793,.T.);
#564=ORIENTED_EDGE('',*,*,#624,.F.);
#565=ORIENTED_EDGE('',*,*,#787,.F.);
#566=ORIENTED_EDGE('',*,*,#616,.F.);
#567=ORIENTED_EDGE('',*,*,#791,.F.);
#568=ORIENTED_EDGE('',*,*,#771,.F.);
#569=ORIENTED_EDGE('',*,*,#785,.F.);
#570=ORIENTED_EDGE('',*,*,#775,.F.);
#571=ORIENTED_EDGE('',*,*,#789,.F.);
#572=ORIENTED_EDGE('',*,*,#782,.F.);
#573=ORIENTED_EDGE('',*,*,#788,.F.);
#574=ORIENTED_EDGE('',*,*,#773,.F.);
#575=ORIENTED_EDGE('',*,*,#790,.F.);
#576=ORIENTED_EDGE('',*,*,#777,.F.);
#577=ORIENTED_EDGE('',*,*,#794,.T.);
#578=ORIENTED_EDGE('',*,*,#795,.T.);
#579=ORIENTED_EDGE('',*,*,#796,.F.);
#580=ORIENTED_EDGE('',*,*,#797,.F.);
#581=ORIENTED_EDGE('',*,*,#798,.T.);
#582=ORIENTED_EDGE('',*,*,#799,.F.);
#583=ORIENTED_EDGE('',*,*,#800,.F.);
#584=ORIENTED_EDGE('',*,*,#797,.T.);
#585=ORIENTED_EDGE('',*,*,#801,.T.);
#586=ORIENTED_EDGE('',*,*,#802,.T.);
#587=ORIENTED_EDGE('',*,*,#803,.F.);
#588=ORIENTED_EDGE('',*,*,#799,.T.);
#589=ORIENTED_EDGE('',*,*,#804,.T.);
#590=ORIENTED_EDGE('',*,*,#805,.F.);
#591=ORIENTED_EDGE('',*,*,#794,.F.);
#592=ORIENTED_EDGE('',*,*,#800,.T.);
#593=ORIENTED_EDGE('',*,*,#803,.T.);
#594=ORIENTED_EDGE('',*,*,#806,.T.);
#595=ORIENTED_EDGE('',*,*,#744,.F.);
#596=ORIENTED_EDGE('',*,*,#807,.T.);
#597=ORIENTED_EDGE('',*,*,#804,.F.);
#598=ORIENTED_EDGE('',*,*,#796,.T.);
#599=ORIENTED_EDGE('',*,*,#808,.T.);
#600=ORIENTED_EDGE('',*,*,#760,.T.);
#601=ORIENTED_EDGE('',*,*,#809,.T.);
#602=ORIENTED_EDGE('',*,*,#801,.F.);
#603=ORIENTED_EDGE('',*,*,#798,.F.);
#604=ORIENTED_EDGE('',*,*,#805,.T.);
#605=ORIENTED_EDGE('',*,*,#807,.F.);
#606=ORIENTED_EDGE('',*,*,#707,.F.);
#607=ORIENTED_EDGE('',*,*,#808,.F.);
#608=ORIENTED_EDGE('',*,*,#795,.F.);
#609=ORIENTED_EDGE('',*,*,#806,.F.);
#610=ORIENTED_EDGE('',*,*,#802,.F.);
#611=ORIENTED_EDGE('',*,*,#809,.F.);
#612=ORIENTED_EDGE('',*,*,#614,.F.);
#613=EDGE_CURVE('',#810,#811,#930,.T.);
#614=EDGE_CURVE('',#811,#812,#117,.F.);
#615=EDGE_CURVE('',#812,#813,#931,.F.);
#616=EDGE_CURVE('',#813,#810,#118,.T.);
#617=EDGE_CURVE('',#814,#815,#55,.T.);
#618=EDGE_CURVE('',#815,#816,#119,.T.);
#619=EDGE_CURVE('',#816,#817,#120,.T.);
#620=EDGE_CURVE('',#817,#818,#121,.F.);
#621=EDGE_CURVE('',#818,#819,#932,.T.);
#622=EDGE_CURVE('',#819,#814,#933,.T.);
#623=EDGE_CURVE('',#820,#821,#122,.T.);
#624=EDGE_CURVE('',#821,#822,#123,.T.);
#625=EDGE_CURVE('',#822,#823,#124,.T.);
#626=EDGE_CURVE('',#823,#824,#934,.T.);
#627=EDGE_CURVE('',#824,#825,#125,.T.);
#628=EDGE_CURVE('',#820,#825,#126,.T.);
#629=EDGE_CURVE('',#826,#827,#935,.T.);
#630=EDGE_CURVE('',#826,#828,#56,.T.);
#631=EDGE_CURVE('',#828,#829,#936,.T.);
#632=EDGE_CURVE('',#829,#827,#57,.T.);
#633=EDGE_CURVE('',#828,#830,#127,.F.);
#634=EDGE_CURVE('',#830,#831,#937,.T.);
#635=EDGE_CURVE('',#831,#832,#128,.T.);
#636=EDGE_CURVE('',#832,#833,#58,.T.);
#637=EDGE_CURVE('',#833,#829,#59,.T.);
#638=EDGE_CURVE('',#834,#835,#129,.F.);
#639=EDGE_CURVE('',#835,#836,#130,.T.);
#640=EDGE_CURVE('',#836,#837,#131,.T.);
#641=EDGE_CURVE('',#837,#834,#132,.T.);
#642=EDGE_CURVE('',#838,#839,#60,.T.);
#643=EDGE_CURVE('',#839,#840,#133,.F.);
#644=EDGE_CURVE('',#840,#841,#938,.T.);
#645=EDGE_CURVE('',#841,#842,#61,.T.);
#646=EDGE_CURVE('',#843,#842,#939,.T.);
#647=EDGE_CURVE('',#843,#838,#62,.T.);
#648=EDGE_CURVE('',#844,#845,#940,.T.);
#649=EDGE_CURVE('',#844,#826,#41,.T.);
#650=EDGE_CURVE('',#827,#846,#63,.T.);
#651=EDGE_CURVE('',#846,#845,#64,.T.);
#652=EDGE_CURVE('',#847,#848,#941,.T.);
#653=EDGE_CURVE('',#847,#849,#65,.T.);
#654=EDGE_CURVE('',#849,#850,#66,.T.);
#655=EDGE_CURVE('',#850,#851,#134,.F.);
#656=EDGE_CURVE('',#851,#852,#942,.T.);
#657=EDGE_CURVE('',#852,#848,#135,.T.);
#658=EDGE_CURVE('',#830,#853,#943,.T.);
#659=EDGE_CURVE('',#854,#853,#136,.T.);
#660=EDGE_CURVE('',#854,#820,#944,.T.);
#661=EDGE_CURVE('',#825,#852,#945,.T.);
#662=EDGE_CURVE('',#851,#837,#946,.T.);
#663=EDGE_CURVE('',#836,#817,#947,.T.);
#664=EDGE_CURVE('',#816,#831,#948,.T.);
#665=EDGE_CURVE('',#853,#855,#137,.F.);
#666=EDGE_CURVE('',#855,#856,#67,.T.);
#667=EDGE_CURVE('',#856,#857,#42,.T.);
#668=EDGE_CURVE('',#857,#858,#949,.T.);
#669=EDGE_CURVE('',#858,#859,#138,.F.);
#670=EDGE_CURVE('',#859,#860,#68,.T.);
#671=EDGE_CURVE('',#860,#861,#950,.T.);
#672=EDGE_CURVE('',#861,#854,#139,.F.);
#673=EDGE_CURVE('',#862,#863,#951,.T.);
#674=EDGE_CURVE('',#863,#864,#140,.T.);
#675=EDGE_CURVE('',#865,#864,#952,.T.);
#676=EDGE_CURVE('',#865,#862,#69,.F.);
#677=EDGE_CURVE('',#866,#867,#70,.T.);
#678=EDGE_CURVE('',#867,#868,#71,.T.);
#679=EDGE_CURVE('',#868,#869,#953,.T.);
#680=EDGE_CURVE('',#869,#870,#141,.T.);
#681=EDGE_CURVE('',#866,#870,#954,.T.);
#682=EDGE_CURVE('',#840,#844,#955,.T.);
#683=EDGE_CURVE('',#845,#841,#72,.T.);
#684=EDGE_CURVE('',#870,#863,#956,.T.);
#685=EDGE_CURVE('',#862,#866,#73,.T.);
#686=EDGE_CURVE('',#868,#847,#74,.T.);
#687=EDGE_CURVE('',#848,#869,#957,.F.);
#688=EDGE_CURVE('',#871,#872,#958,.T.);
#689=EDGE_CURVE('',#871,#873,#75,.T.);
#690=EDGE_CURVE('',#873,#874,#76,.T.);
#691=EDGE_CURVE('',#874,#875,#77,.T.);
#692=EDGE_CURVE('',#875,#876,#959,.T.);
#693=EDGE_CURVE('',#876,#877,#78,.T.);
#694=EDGE_CURVE('',#877,#872,#79,.T.);
#695=EDGE_CURVE('',#878,#878,#960,.T.);
#696=EDGE_CURVE('',#879,#880,#80,.T.);
#697=EDGE_CURVE('',#880,#881,#961,.F.);
#698=EDGE_CURVE('',#881,#882,#81,.F.);
#699=EDGE_CURVE('',#882,#879,#962,.T.);
#700=EDGE_CURVE('',#872,#843,#963,.T.);
#701=EDGE_CURVE('',#842,#871,#964,.T.);
#702=EDGE_CURVE('',#883,#883,#965,.T.);
#703=EDGE_CURVE('',#864,#884,#966,.F.);
#704=EDGE_CURVE('',#884,#885,#82,.T.);
#705=EDGE_CURVE('',#885,#865,#83,.T.);
#706=EDGE_CURVE('',#886,#887,#967,.F.);
#707=EDGE_CURVE('',#887,#888,#142,.T.);
#708=EDGE_CURVE('',#888,#889,#968,.T.);
#709=EDGE_CURVE('',#889,#886,#143,.F.);
#710=EDGE_CURVE('',#881,#839,#84,.T.);
#711=EDGE_CURVE('',#838,#890,#85,.F.);
#712=EDGE_CURVE('',#890,#882,#86,.T.);
#713=EDGE_CURVE('',#877,#838,#87,.T.);
#714=EDGE_CURVE('',#875,#891,#88,.T.);
#715=EDGE_CURVE('',#891,#892,#89,.T.);
#716=EDGE_CURVE('',#892,#879,#90,.T.);
#717=EDGE_CURVE('',#876,#882,#969,.T.);
#718=EDGE_CURVE('',#877,#890,#970,.T.);
#719=EDGE_CURVE('',#873,#841,#971,.T.);
#720=EDGE_CURVE('',#874,#845,#972,.T.);
#721=EDGE_CURVE('',#875,#846,#973,.T.);
#722=EDGE_CURVE('',#891,#827,#974,.T.);
#723=EDGE_CURVE('',#892,#829,#975,.T.);
#724=EDGE_CURVE('',#879,#833,#976,.T.);
#725=EDGE_CURVE('',#832,#880,#91,.T.);
#726=EDGE_CURVE('',#893,#894,#92,.T.);
#727=EDGE_CURVE('',#894,#867,#93,.T.);
#728=EDGE_CURVE('',#885,#895,#94,.T.);
#729=EDGE_CURVE('',#895,#893,#95,.T.);
#730=EDGE_CURVE('',#889,#835,#977,.F.);
#731=EDGE_CURVE('',#834,#896,#96,.T.);
#732=EDGE_CURVE('',#896,#897,#97,.T.);
#733=EDGE_CURVE('',#897,#886,#98,.T.);
#734=EDGE_CURVE('',#849,#896,#99,.T.);
#735=EDGE_CURVE('',#850,#834,#978,.T.);
#736=EDGE_CURVE('',#818,#835,#979,.T.);
#737=EDGE_CURVE('',#898,#861,#980,.T.);
#738=EDGE_CURVE('',#821,#898,#144,.T.);
#739=EDGE_CURVE('',#819,#889,#981,.T.);
#740=EDGE_CURVE('',#832,#815,#982,.T.);
#741=EDGE_CURVE('',#898,#810,#983,.T.);
#742=EDGE_CURVE('',#881,#860,#984,.T.);
#743=EDGE_CURVE('',#880,#814,#985,.T.);
#744=EDGE_CURVE('',#888,#811,#986,.T.);
#745=EDGE_CURVE('',#839,#859,#987,.T.);
#746=EDGE_CURVE('',#840,#858,#988,.T.);
#747=EDGE_CURVE('',#844,#857,#989,.T.);
#748=EDGE_CURVE('',#826,#856,#990,.T.);
#749=EDGE_CURVE('',#828,#855,#991,.T.);
#750=EDGE_CURVE('',#848,#824,#992,.T.);
#751=EDGE_CURVE('',#869,#823,#993,.T.);
#752=EDGE_CURVE('',#822,#899,#43,.F.);
#753=EDGE_CURVE('',#899,#900,#44,.F.);
#754=EDGE_CURVE('',#870,#900,#994,.T.);
#755=EDGE_CURVE('',#900,#901,#100,.T.);
#756=EDGE_CURVE('',#863,#901,#995,.T.);
#757=EDGE_CURVE('',#902,#901,#145,.T.);
#758=EDGE_CURVE('',#864,#902,#996,.T.);
#759=EDGE_CURVE('',#902,#813,#997,.T.);
#760=EDGE_CURVE('',#887,#812,#998,.T.);
#761=EDGE_CURVE('',#884,#886,#999,.T.);
#762=EDGE_CURVE('',#885,#897,#1000,.T.);
#763=EDGE_CURVE('',#895,#896,#1001,.T.);
#764=EDGE_CURVE('',#893,#849,#1002,.T.);
#765=EDGE_CURVE('',#894,#847,#1003,.T.);
#766=EDGE_CURVE('',#903,#904,#1004,.T.);
#767=EDGE_CURVE('',#905,#903,#146,.T.);
#768=EDGE_CURVE('',#905,#906,#1005,.T.);
#769=EDGE_CURVE('',#906,#904,#147,.T.);
#770=EDGE_CURVE('',#907,#908,#148,.T.);
#771=EDGE_CURVE('',#907,#909,#149,.F.);
#772=EDGE_CURVE('',#909,#910,#150,.T.);
#773=EDGE_CURVE('',#910,#908,#151,.F.);
#774=EDGE_CURVE('',#911,#912,#152,.T.);
#775=EDGE_CURVE('',#911,#913,#153,.F.);
#776=EDGE_CURVE('',#913,#914,#154,.T.);
#777=EDGE_CURVE('',#914,#912,#155,.T.);
#778=EDGE_CURVE('',#915,#916,#156,.T.);
#779=EDGE_CURVE('',#915,#917,#45,.F.);
#780=EDGE_CURVE('',#917,#918,#157,.F.);
#781=EDGE_CURVE('',#918,#919,#158,.T.);
#782=EDGE_CURVE('',#919,#916,#159,.T.);
#783=EDGE_CURVE('',#904,#903,#12,.T.);
#784=EDGE_CURVE('',#906,#905,#46,.T.);
#785=EDGE_CURVE('',#913,#919,#1006,.T.);
#786=EDGE_CURVE('',#918,#821,#1007,.F.);
#787=EDGE_CURVE('',#810,#907,#1008,.F.);
#788=EDGE_CURVE('',#908,#914,#1009,.T.);
#789=EDGE_CURVE('',#916,#911,#1010,.F.);
#790=EDGE_CURVE('',#912,#910,#1011,.F.);
#791=EDGE_CURVE('',#909,#813,#1012,.T.);
#792=EDGE_CURVE('',#899,#915,#101,.F.);
#793=EDGE_CURVE('',#917,#822,#1013,.T.);
#794=EDGE_CURVE('',#920,#921,#160,.T.);
#795=EDGE_CURVE('',#921,#922,#161,.T.);
#796=EDGE_CURVE('',#923,#922,#162,.T.);
#797=EDGE_CURVE('',#920,#923,#163,.T.);
#798=EDGE_CURVE('',#923,#924,#1014,.T.);
#799=EDGE_CURVE('',#925,#924,#164,.T.);
#800=EDGE_CURVE('',#920,#925,#1015,.T.);
#801=EDGE_CURVE('',#924,#926,#165,.T.);
#802=EDGE_CURVE('',#926,#927,#166,.T.);
#803=EDGE_CURVE('',#925,#927,#167,.T.);
#804=EDGE_CURVE('',#928,#928,#1016,.T.);
#805=EDGE_CURVE('',#929,#929,#1017,.T.);
#806=EDGE_CURVE('',#927,#811,#1018,.F.);
#807=EDGE_CURVE('',#888,#921,#1019,.F.);
#808=EDGE_CURVE('',#922,#887,#1020,.T.);
#809=EDGE_CURVE('',#812,#926,#1021,.T.);
#810=VERTEX_POINT('',#1848);
#811=VERTEX_POINT('',#1849);
#812=VERTEX_POINT('',#1851);
#813=VERTEX_POINT('',#1853);
#814=VERTEX_POINT('',#1863);
#815=VERTEX_POINT('',#1864);
#816=VERTEX_POINT('',#1866);
#817=VERTEX_POINT('',#1868);
#818=VERTEX_POINT('',#1870);
#819=VERTEX_POINT('',#1872);
#820=VERTEX_POINT('',#1876);
#821=VERTEX_POINT('',#1877);
#822=VERTEX_POINT('',#1879);
#823=VERTEX_POINT('',#1881);
#824=VERTEX_POINT('',#1883);
#825=VERTEX_POINT('',#1885);
#826=VERTEX_POINT('',#1889);
#827=VERTEX_POINT('',#1890);
#828=VERTEX_POINT('',#1895);
#829=VERTEX_POINT('',#1897);
#830=VERTEX_POINT('',#1904);
#831=VERTEX_POINT('',#1906);
#832=VERTEX_POINT('',#1908);
#833=VERTEX_POINT('',#1913);
#834=VERTEX_POINT('',#1921);
#835=VERTEX_POINT('',#1922);
#836=VERTEX_POINT('',#1924);
#837=VERTEX_POINT('',#1926);
#838=VERTEX_POINT('',#1933);
#839=VERTEX_POINT('',#1934);
#840=VERTEX_POINT('',#1936);
#841=VERTEX_POINT('',#1938);
#842=VERTEX_POINT('',#1947);
#843=VERTEX_POINT('',#1949);
#844=VERTEX_POINT('',#1960);
#845=VERTEX_POINT('',#1961);
#846=VERTEX_POINT('',#1967);
#847=VERTEX_POINT('',#1974);
#848=VERTEX_POINT('',#1975);
#849=VERTEX_POINT('',#1980);
#850=VERTEX_POINT('',#1985);
#851=VERTEX_POINT('',#1987);
#852=VERTEX_POINT('',#1989);
#853=VERTEX_POINT('',#1993);
#854=VERTEX_POINT('',#1995);
#855=VERTEX_POINT('',#2003);
#856=VERTEX_POINT('',#2008);
#857=VERTEX_POINT('',#2010);
#858=VERTEX_POINT('',#2012);
#859=VERTEX_POINT('',#2014);
#860=VERTEX_POINT('',#2019);
#861=VERTEX_POINT('',#2021);
#862=VERTEX_POINT('',#2025);
#863=VERTEX_POINT('',#2026);
#864=VERTEX_POINT('',#2028);
#865=VERTEX_POINT('',#2030);
#866=VERTEX_POINT('',#2042);
#867=VERTEX_POINT('',#2043);
#868=VERTEX_POINT('',#2050);
#869=VERTEX_POINT('',#2052);
#870=VERTEX_POINT('',#2054);
#871=VERTEX_POINT('',#2076);
#872=VERTEX_POINT('',#2077);
#873=VERTEX_POINT('',#2087);
#874=VERTEX_POINT('',#2092);
#875=VERTEX_POINT('',#2097);
#876=VERTEX_POINT('',#2099);
#877=VERTEX_POINT('',#2104);
#878=VERTEX_POINT('',#2112);
#879=VERTEX_POINT('',#2118);
#880=VERTEX_POINT('',#2119);
#881=VERTEX_POINT('',#2121);
#882=VERTEX_POINT('',#2126);
#883=VERTEX_POINT('',#2133);
#884=VERTEX_POINT('',#2135);
#885=VERTEX_POINT('',#2140);
#886=VERTEX_POINT('',#2150);
#887=VERTEX_POINT('',#2151);
#888=VERTEX_POINT('',#2153);
#889=VERTEX_POINT('',#2155);
#890=VERTEX_POINT('',#2181);
#891=VERTEX_POINT('',#2222);
#892=VERTEX_POINT('',#2227);
#893=VERTEX_POINT('',#2414);
#894=VERTEX_POINT('',#2415);
#895=VERTEX_POINT('',#2427);
#896=VERTEX_POINT('',#2445);
#897=VERTEX_POINT('',#2452);
#898=VERTEX_POINT('',#2483);
#899=VERTEX_POINT('',#2565);
#900=VERTEX_POINT('',#2567);
#901=VERTEX_POINT('',#2574);
#902=VERTEX_POINT('',#2578);
#903=VERTEX_POINT('',#2695);
#904=VERTEX_POINT('',#2696);
#905=VERTEX_POINT('',#2698);
#906=VERTEX_POINT('',#2700);
#907=VERTEX_POINT('',#2704);
#908=VERTEX_POINT('',#2705);
#909=VERTEX_POINT('',#2707);
#910=VERTEX_POINT('',#2709);
#911=VERTEX_POINT('',#2713);
#912=VERTEX_POINT('',#2714);
#913=VERTEX_POINT('',#2716);
#914=VERTEX_POINT('',#2718);
#915=VERTEX_POINT('',#2722);
#916=VERTEX_POINT('',#2723);
#917=VERTEX_POINT('',#2725);
#918=VERTEX_POINT('',#2727);
#919=VERTEX_POINT('',#2729);
#920=VERTEX_POINT('',#2770);
#921=VERTEX_POINT('',#2771);
#922=VERTEX_POINT('',#2773);
#923=VERTEX_POINT('',#2775);
#924=VERTEX_POINT('',#2779);
#925=VERTEX_POINT('',#2781);
#926=VERTEX_POINT('',#2785);
#927=VERTEX_POINT('',#2787);
#928=VERTEX_POINT('',#2791);
#929=VERTEX_POINT('',#2793);
#930=CIRCLE('',#1325,0.039);
#931=CIRCLE('',#1326,0.039);
#932=CIRCLE('',#1328,0.005);
#933=CIRCLE('',#1329,0.037);
#934=CIRCLE('',#1331,0.00841253247119838);
#935=CIRCLE('',#1333,0.009);
#936=CIRCLE('',#1334,0.009);
#937=CIRCLE('',#1336,0.009);
#938=CIRCLE('',#1339,0.009);
#939=CIRCLE('',#1340,0.009);
#940=CIRCLE('',#1342,0.009);
#941=CIRCLE('',#1345,0.06525);
#942=CIRCLE('',#1346,0.06525);
#943=CIRCLE('',#1348,0.002);
#944=CIRCLE('',#1349,0.002);
#945=CIRCLE('',#1350,0.002);
#946=CIRCLE('',#1351,0.003);
#947=CIRCLE('',#1352,0.002);
#948=CIRCLE('',#1353,0.002);
#949=CIRCLE('',#1356,0.010816653826392);
#950=CIRCLE('',#1357,0.037);
#951=CIRCLE('',#1359,0.06525);
#952=CIRCLE('',#1360,0.06525);
#953=CIRCLE('',#1362,0.06525);
#954=CIRCLE('',#1363,0.06525);
#955=CIRCLE('',#1365,0.0088499894943207);
#956=CIRCLE('',#1367,0.0101149063457744);
#957=CIRCLE('',#1369,0.00661918079500704);
#958=CIRCLE('',#1371,0.0602499999999992);
#959=CIRCLE('',#1372,0.0332052401746725);
#960=CIRCLE('',#1373,0.009);
#961=CIRCLE('',#1375,0.035);
#962=CIRCLE('',#1376,0.035);
#963=CIRCLE('',#1378,0.008);
#964=CIRCLE('',#1379,0.005);
#965=CIRCLE('',#1381,0.009);
#966=CIRCLE('',#1382,0.0378853754940711);
#967=CIRCLE('',#1384,0.039);
#968=CIRCLE('',#1385,0.039);
#969=CIRCLE('',#1388,0.003);
#970=CIRCLE('',#1389,0.003);
#971=CIRCLE('',#1390,0.005);
#972=CIRCLE('',#1391,0.005);
#973=CIRCLE('',#1392,0.005);
#974=CIRCLE('',#1393,0.005);
#975=CIRCLE('',#1394,0.005);
#976=CIRCLE('',#1395,0.005);
#977=CIRCLE('',#1397,0.003);
#978=CIRCLE('',#1398,0.003);
#979=CIRCLE('',#1401,0.002);
#980=CIRCLE('',#1403,0.002);
#981=CIRCLE('',#1405,0.002);
#982=CIRCLE('',#1407,0.002);
#983=CIRCLE('',#1409,0.039);
#984=CIRCLE('',#1410,0.002);
#985=CIRCLE('',#1411,0.002);
#986=CIRCLE('',#1412,0.039000000000001);
#987=CIRCLE('',#1413,0.002);
#988=CIRCLE('',#1415,0.002);
#989=CIRCLE('',#1417,0.002);
#990=CIRCLE('',#1418,0.002);
#991=CIRCLE('',#1419,0.002);
#992=CIRCLE('',#1422,0.002);
#993=CIRCLE('',#1424,0.002);
#994=CIRCLE('',#1428,0.002);
#995=CIRCLE('',#1430,0.002);
#996=CIRCLE('',#1432,0.002);
#997=CIRCLE('',#1434,0.039);
#998=CIRCLE('',#1435,0.039000000000001);
#999=CIRCLE('',#1436,0.002);
#1000=CIRCLE('',#1437,0.002);
#1001=CIRCLE('',#1438,0.002);
#1002=CIRCLE('',#1439,0.002);
#1003=CIRCLE('',#1440,0.002);
#1004=CIRCLE('',#1442,0.002);
#1005=CIRCLE('',#1443,0.002);
#1006=CIRCLE('',#1451,0.005);
#1007=CIRCLE('',#1452,0.005);
#1008=CIRCLE('',#1453,0.005);
#1009=CIRCLE('',#1454,0.005);
#1010=CIRCLE('',#1456,0.005);
#1011=CIRCLE('',#1457,0.005);
#1012=CIRCLE('',#1458,0.005);
#1013=CIRCLE('',#1459,0.005);
#1014=CIRCLE('',#1466,0.006);
#1015=CIRCLE('',#1467,0.006);
#1016=CIRCLE('',#1470,0.002);
#1017=CIRCLE('',#1471,0.002);
#1018=CIRCLE('',#1473,0.004);
#1019=CIRCLE('',#1474,0.004);
#1020=CIRCLE('',#1476,0.004);
#1021=CIRCLE('',#1477,0.004);
#1022=EDGE_LOOP('',(#219,#220,#221,#222));
#1023=EDGE_LOOP('',(#223,#224,#225,#226,#227,#228));
#1024=EDGE_LOOP('',(#229,#230,#231,#232,#233,#234));
#1025=EDGE_LOOP('',(#235,#236,#237,#238));
#1026=EDGE_LOOP('',(#239,#240,#241,#242,#243,#244));
#1027=EDGE_LOOP('',(#245,#246,#247,#248));
#1028=EDGE_LOOP('',(#249,#250,#251,#252,#253,#254));
#1029=EDGE_LOOP('',(#255,#256,#257,#258,#259));
#1030=EDGE_LOOP('',(#260,#261,#262,#263,#264,#265));
#1031=EDGE_LOOP('',(#266,#267,#268,#269,#270,#271,#272,#273,#274,#275,#276,
#277));
#1032=EDGE_LOOP('',(#278,#279,#280,#281,#282,#283,#284,#285,#286));
#1033=EDGE_LOOP('',(#287,#288,#289,#290));
#1034=EDGE_LOOP('',(#291,#292,#293,#294,#295));
#1035=EDGE_LOOP('',(#296,#297,#298,#299));
#1036=EDGE_LOOP('',(#300,#301,#302,#303));
#1037=EDGE_LOOP('',(#304,#305,#306,#307));
#1038=EDGE_LOOP('',(#308,#309,#310,#311,#312,#313,#314));
#1039=EDGE_LOOP('',(#315));
#1040=EDGE_LOOP('',(#316,#317,#318,#319));
#1041=EDGE_LOOP('',(#320,#321,#322,#323));
#1042=EDGE_LOOP('',(#324));
#1043=EDGE_LOOP('',(#325,#326,#327,#328));
#1044=EDGE_LOOP('',(#329,#330,#331,#332));
#1045=EDGE_LOOP('',(#333));
#1046=EDGE_LOOP('',(#334));
#1047=EDGE_LOOP('',(#335,#336,#337,#338,#339));
#1048=EDGE_LOOP('',(#340,#341,#342,#343));
#1049=EDGE_LOOP('',(#344,#345,#346,#347,#348,#349));
#1050=EDGE_LOOP('',(#350,#351,#352,#353));
#1051=EDGE_LOOP('',(#354,#355,#356));
#1052=EDGE_LOOP('',(#357,#358,#359,#360));
#1053=EDGE_LOOP('',(#361,#362,#363,#364));
#1054=EDGE_LOOP('',(#365,#366,#367,#368));
#1055=EDGE_LOOP('',(#369,#370,#371,#372));
#1056=EDGE_LOOP('',(#373,#374,#375,#376));
#1057=EDGE_LOOP('',(#377,#378,#379,#380));
#1058=EDGE_LOOP('',(#381,#382,#383,#384));
#1059=EDGE_LOOP('',(#385,#386,#387,#388,#389,#390,#391,#392));
#1060=EDGE_LOOP('',(#393,#394,#395,#396,#397,#398));
#1061=EDGE_LOOP('',(#399,#400,#401,#402));
#1062=EDGE_LOOP('',(#403,#404,#405,#406));
#1063=EDGE_LOOP('',(#407,#408,#409,#410));
#1064=EDGE_LOOP('',(#411,#412,#413,#414,#415));
#1065=EDGE_LOOP('',(#416,#417,#418,#419));
#1066=EDGE_LOOP('',(#420,#421,#422,#423));
#1067=EDGE_LOOP('',(#424,#425,#426,#427,#428,#429,#430,#431,#432,#433,#434));
#1068=EDGE_LOOP('',(#435,#436,#437,#438));
#1069=EDGE_LOOP('',(#439,#440,#441,#442));
#1070=EDGE_LOOP('',(#443,#444,#445,#446));
#1071=EDGE_LOOP('',(#447,#448,#449,#450));
#1072=EDGE_LOOP('',(#451,#452,#453,#454));
#1073=EDGE_LOOP('',(#455,#456,#457,#458));
#1074=EDGE_LOOP('',(#459,#460,#461,#462));
#1075=EDGE_LOOP('',(#463,#464,#465,#466));
#1076=EDGE_LOOP('',(#467,#468,#469,#470));
#1077=EDGE_LOOP('',(#471,#472,#473,#474,#475,#476));
#1078=EDGE_LOOP('',(#477,#478,#479,#480));
#1079=EDGE_LOOP('',(#481,#482,#483,#484));
#1080=EDGE_LOOP('',(#485,#486,#487,#488,#489,#490,#491));
#1081=EDGE_LOOP('',(#492,#493,#494,#495));
#1082=EDGE_LOOP('',(#496,#497,#498,#499));
#1083=EDGE_LOOP('',(#500,#501,#502,#503));
#1084=EDGE_LOOP('',(#504,#505,#506,#507));
#1085=EDGE_LOOP('',(#508,#509,#510,#511));
#1086=EDGE_LOOP('',(#512,#513,#514,#515));
#1087=EDGE_LOOP('',(#516,#517,#518,#519));
#1088=EDGE_LOOP('',(#520,#521,#522,#523));
#1089=EDGE_LOOP('',(#524,#525,#526,#527,#528));
#1090=EDGE_LOOP('',(#529,#530,#531,#532));
#1091=EDGE_LOOP('',(#533,#534,#535,#536,#537,#538,#539,#540,#541));
#1092=EDGE_LOOP('',(#542,#543));
#1093=EDGE_LOOP('',(#544,#545,#546,#547,#548,#549,#550,#551,#552,#553,#554));
#1094=EDGE_LOOP('',(#555,#556));
#1095=EDGE_LOOP('',(#557,#558,#559,#560));
#1096=EDGE_LOOP('',(#561,#562,#563,#564));
#1097=EDGE_LOOP('',(#565,#566,#567,#568));
#1098=EDGE_LOOP('',(#569,#570,#571,#572));
#1099=EDGE_LOOP('',(#573,#574,#575,#576));
#1100=EDGE_LOOP('',(#577,#578,#579,#580));
#1101=EDGE_LOOP('',(#581,#582,#583,#584));
#1102=EDGE_LOOP('',(#585,#586,#587,#588));
#1103=EDGE_LOOP('',(#589));
#1104=EDGE_LOOP('',(#590));
#1105=EDGE_LOOP('',(#591,#592,#593,#594,#595,#596));
#1106=EDGE_LOOP('',(#597));
#1107=EDGE_LOOP('',(#598,#599,#600,#601,#602,#603));
#1108=EDGE_LOOP('',(#604));
#1109=EDGE_LOOP('',(#605,#606,#607,#608));
#1110=EDGE_LOOP('',(#609,#610,#611,#612));
#1111=FACE_BOUND('',#1022,.T.);
#1112=FACE_BOUND('',#1023,.T.);
#1113=FACE_BOUND('',#1024,.T.);
#1114=FACE_BOUND('',#1025,.T.);
#1115=FACE_BOUND('',#1026,.T.);
#1116=FACE_BOUND('',#1027,.T.);
#1117=FACE_BOUND('',#1028,.T.);
#1118=FACE_BOUND('',#1029,.T.);
#1119=FACE_BOUND('',#1030,.T.);
#1120=FACE_BOUND('',#1031,.T.);
#1121=FACE_BOUND('',#1032,.T.);
#1122=FACE_BOUND('',#1033,.T.);
#1123=FACE_BOUND('',#1034,.T.);
#1124=FACE_BOUND('',#1035,.T.);
#1125=FACE_BOUND('',#1036,.T.);
#1126=FACE_BOUND('',#1037,.T.);
#1127=FACE_BOUND('',#1038,.T.);
#1128=FACE_BOUND('',#1039,.T.);
#1129=FACE_BOUND('',#1040,.T.);
#1130=FACE_BOUND('',#1041,.T.);
#1131=FACE_BOUND('',#1042,.T.);
#1132=FACE_BOUND('',#1043,.T.);
#1133=FACE_BOUND('',#1044,.T.);
#1134=FACE_BOUND('',#1045,.T.);
#1135=FACE_BOUND('',#1046,.T.);
#1136=FACE_BOUND('',#1047,.T.);
#1137=FACE_BOUND('',#1048,.T.);
#1138=FACE_BOUND('',#1049,.T.);
#1139=FACE_BOUND('',#1050,.T.);
#1140=FACE_BOUND('',#1051,.T.);
#1141=FACE_BOUND('',#1052,.T.);
#1142=FACE_BOUND('',#1053,.T.);
#1143=FACE_BOUND('',#1054,.T.);
#1144=FACE_BOUND('',#1055,.T.);
#1145=FACE_BOUND('',#1056,.T.);
#1146=FACE_BOUND('',#1057,.T.);
#1147=FACE_BOUND('',#1058,.T.);
#1148=FACE_BOUND('',#1059,.T.);
#1149=FACE_BOUND('',#1060,.T.);
#1150=FACE_BOUND('',#1061,.T.);
#1151=FACE_BOUND('',#1062,.T.);
#1152=FACE_BOUND('',#1063,.T.);
#1153=FACE_BOUND('',#1064,.T.);
#1154=FACE_BOUND('',#1065,.T.);
#1155=FACE_BOUND('',#1066,.T.);
#1156=FACE_BOUND('',#1067,.T.);
#1157=FACE_BOUND('',#1068,.T.);
#1158=FACE_BOUND('',#1069,.T.);
#1159=FACE_BOUND('',#1070,.T.);
#1160=FACE_BOUND('',#1071,.T.);
#1161=FACE_BOUND('',#1072,.T.);
#1162=FACE_BOUND('',#1073,.T.);
#1163=FACE_BOUND('',#1074,.T.);
#1164=FACE_BOUND('',#1075,.T.);
#1165=FACE_BOUND('',#1076,.T.);
#1166=FACE_BOUND('',#1077,.T.);
#1167=FACE_BOUND('',#1078,.T.);
#1168=FACE_BOUND('',#1079,.T.);
#1169=FACE_BOUND('',#1080,.T.);
#1170=FACE_BOUND('',#1081,.T.);
#1171=FACE_BOUND('',#1082,.T.);
#1172=FACE_BOUND('',#1083,.T.);
#1173=FACE_BOUND('',#1084,.T.);
#1174=FACE_BOUND('',#1085,.T.);
#1175=FACE_BOUND('',#1086,.T.);
#1176=FACE_BOUND('',#1087,.T.);
#1177=FACE_BOUND('',#1088,.T.);
#1178=FACE_BOUND('',#1089,.T.);
#1179=FACE_BOUND('',#1090,.T.);
#1180=FACE_BOUND('',#1091,.T.);
#1181=FACE_BOUND('',#1092,.T.);
#1182=FACE_BOUND('',#1093,.T.);
#1183=FACE_BOUND('',#1094,.T.);
#1184=FACE_BOUND('',#1095,.T.);
#1185=FACE_BOUND('',#1096,.T.);
#1186=FACE_BOUND('',#1097,.T.);
#1187=FACE_BOUND('',#1098,.T.);
#1188=FACE_BOUND('',#1099,.T.);
#1189=FACE_BOUND('',#1100,.T.);
#1190=FACE_BOUND('',#1101,.T.);
#1191=FACE_BOUND('',#1102,.T.);
#1192=FACE_BOUND('',#1103,.T.);
#1193=FACE_BOUND('',#1104,.T.);
#1194=FACE_BOUND('',#1105,.T.);
#1195=FACE_BOUND('',#1106,.T.);
#1196=FACE_BOUND('',#1107,.T.);
#1197=FACE_BOUND('',#1108,.T.);
#1198=FACE_BOUND('',#1109,.T.);
#1199=FACE_BOUND('',#1110,.T.);
#1200=CYLINDRICAL_SURFACE('',#1324,0.039);
#1201=CYLINDRICAL_SURFACE('',#1335,0.009);
#1202=CYLINDRICAL_SURFACE('',#1338,0.009);
#1203=CYLINDRICAL_SURFACE('',#1341,0.009);
#1204=CYLINDRICAL_SURFACE('',#1344,0.06525);
#1205=CYLINDRICAL_SURFACE('',#1358,0.06525);
#1206=CYLINDRICAL_SURFACE('',#1361,0.06525);
#1207=CYLINDRICAL_SURFACE('',#1374,0.035);
#1208=CYLINDRICAL_SURFACE('',#1383,0.039);
#1209=CYLINDRICAL_SURFACE('',#1386,0.009);
#1210=CYLINDRICAL_SURFACE('',#1396,0.003);
#1211=CYLINDRICAL_SURFACE('',#1399,0.003);
#1212=CYLINDRICAL_SURFACE('',#1400,0.002);
#1213=CYLINDRICAL_SURFACE('',#1402,0.002);
#1214=CYLINDRICAL_SURFACE('',#1406,0.002);
#1215=CYLINDRICAL_SURFACE('',#1414,0.002);
#1216=CYLINDRICAL_SURFACE('',#1420,0.002);
#1217=CYLINDRICAL_SURFACE('',#1421,0.002);
#1218=CYLINDRICAL_SURFACE('',#1425,0.002);
#1219=CYLINDRICAL_SURFACE('',#1431,0.002);
#1220=CYLINDRICAL_SURFACE('',#1441,0.002);
#1221=CYLINDRICAL_SURFACE('',#1448,0.002);
#1222=CYLINDRICAL_SURFACE('',#1460,0.005);
#1223=CYLINDRICAL_SURFACE('',#1461,0.005);
#1224=CYLINDRICAL_SURFACE('',#1462,0.005);
#1225=CYLINDRICAL_SURFACE('',#1463,0.005);
#1226=CYLINDRICAL_SURFACE('',#1465,0.006);
#1227=CYLINDRICAL_SURFACE('',#1469,0.002);
#1228=CYLINDRICAL_SURFACE('',#1478,0.004);
#1229=CYLINDRICAL_SURFACE('',#1479,0.004);
#1230=ADVANCED_FACE('',(#1111),#1200,.T.);
#1231=ADVANCED_FACE('',(#1112),#102,.F.);
#1232=ADVANCED_FACE('',(#1113),#103,.F.);
#1233=ADVANCED_FACE('',(#1114),#47,.F.);
#1234=ADVANCED_FACE('',(#1115),#1201,.F.);
#1235=ADVANCED_FACE('',(#1116),#104,.T.);
#1236=ADVANCED_FACE('',(#1117),#1202,.F.);
#1237=ADVANCED_FACE('',(#1118),#1203,.F.);
#1238=ADVANCED_FACE('',(#1119),#1204,.T.);
#1239=ADVANCED_FACE('',(#1120),#105,.T.);
#1240=ADVANCED_FACE('',(#1121),#106,.F.);
#1241=ADVANCED_FACE('',(#1122),#1205,.T.);
#1242=ADVANCED_FACE('',(#1123),#1206,.T.);
#1243=ADVANCED_FACE('',(#1124),#40,.F.);
#1244=ADVANCED_FACE('',(#1125),#36,.F.);
#1245=ADVANCED_FACE('',(#1126),#37,.T.);
#1246=ADVANCED_FACE('',(#1127,#1128),#38,.F.);
#1247=ADVANCED_FACE('',(#1129),#1207,.F.);
#1248=ADVANCED_FACE('',(#1130),#107,.F.);
#1249=ADVANCED_FACE('',(#1131,#1132),#39,.T.);
#1250=ADVANCED_FACE('',(#1133),#1208,.T.);
#1251=ADVANCED_FACE('',(#1134,#1135),#1209,.F.);
#1252=ADVANCED_FACE('',(#1136),#13,.T.);
#1253=ADVANCED_FACE('',(#1137),#14,.T.);
#1254=ADVANCED_FACE('',(#1138),#48,.F.);
#1255=ADVANCED_FACE('',(#1139),#15,.F.);
#1256=ADVANCED_FACE('',(#1140),#16,.F.);
#1257=ADVANCED_FACE('',(#1141),#17,.T.);
#1258=ADVANCED_FACE('',(#1142),#18,.T.);
#1259=ADVANCED_FACE('',(#1143),#19,.T.);
#1260=ADVANCED_FACE('',(#1144),#20,.T.);
#1261=ADVANCED_FACE('',(#1145),#21,.T.);
#1262=ADVANCED_FACE('',(#1146),#22,.T.);
#1263=ADVANCED_FACE('',(#1147),#23,.T.);
#1264=ADVANCED_FACE('',(#1148),#24,.F.);
#1265=ADVANCED_FACE('',(#1149),#1210,.F.);
#1266=ADVANCED_FACE('',(#1150),#25,.T.);
#1267=ADVANCED_FACE('',(#1151),#1211,.T.);
#1268=ADVANCED_FACE('',(#1152),#1212,.T.);
#1269=ADVANCED_FACE('',(#1153),#1213,.T.);
#1270=ADVANCED_FACE('',(#1154),#49,.T.);
#1271=ADVANCED_FACE('',(#1155),#1214,.T.);
#1272=ADVANCED_FACE('',(#1156),#50,.T.);
#1273=ADVANCED_FACE('',(#1157),#26,.T.);
#1274=ADVANCED_FACE('',(#1158),#27,.T.);
#1275=ADVANCED_FACE('',(#1159),#1215,.T.);
#1276=ADVANCED_FACE('',(#1160),#51,.T.);
#1277=ADVANCED_FACE('',(#1161),#28,.T.);
#1278=ADVANCED_FACE('',(#1162),#29,.T.);
#1279=ADVANCED_FACE('',(#1163),#1216,.T.);
#1280=ADVANCED_FACE('',(#1164),#1217,.T.);
#1281=ADVANCED_FACE('',(#1165),#52,.T.);
#1282=ADVANCED_FACE('',(#1166),#1218,.T.);
#1283=ADVANCED_FACE('',(#1167),#53,.T.);
#1284=ADVANCED_FACE('',(#1168),#1219,.T.);
#1285=ADVANCED_FACE('',(#1169),#54,.T.);
#1286=ADVANCED_FACE('',(#1170),#30,.T.);
#1287=ADVANCED_FACE('',(#1171),#31,.T.);
#1288=ADVANCED_FACE('',(#1172),#32,.T.);
#1289=ADVANCED_FACE('',(#1173),#33,.T.);
#1290=ADVANCED_FACE('',(#1174),#34,.T.);
#1291=ADVANCED_FACE('',(#1175),#1220,.F.);
#1292=ADVANCED_FACE('',(#1176),#108,.F.);
#1293=ADVANCED_FACE('',(#1177),#109,.T.);
#1294=ADVANCED_FACE('',(#1178),#110,.T.);
#1295=ADVANCED_FACE('',(#1179),#1221,.F.);
#1296=ADVANCED_FACE('',(#1180,#1181),#111,.T.);
#1297=ADVANCED_FACE('',(#1182,#1183),#112,.F.);
#1298=ADVANCED_FACE('',(#1184),#35,.F.);
#1299=ADVANCED_FACE('',(#1185),#1222,.F.);
#1300=ADVANCED_FACE('',(#1186),#1223,.F.);
#1301=ADVANCED_FACE('',(#1187),#1224,.T.);
#1302=ADVANCED_FACE('',(#1188),#1225,.T.);
#1303=ADVANCED_FACE('',(#1189),#113,.T.);
#1304=ADVANCED_FACE('',(#1190),#1226,.T.);
#1305=ADVANCED_FACE('',(#1191),#114,.F.);
#1306=ADVANCED_FACE('',(#1192,#1193),#1227,.F.);
#1307=ADVANCED_FACE('',(#1194,#1195),#115,.T.);
#1308=ADVANCED_FACE('',(#1196,#1197),#116,.F.);
#1309=ADVANCED_FACE('',(#1198),#1228,.F.);
#1310=ADVANCED_FACE('',(#1199),#1229,.F.);
#1311=CLOSED_SHELL('',(#1230,#1231,#1232,#1233,#1234,#1235,#1236,#1237,
#1238,#1239,#1240,#1241,#1242,#1243,#1244,#1245,#1246,#1247,#1248,#1249,
#1250,#1251,#1252,#1253,#1254,#1255,#1256,#1257,#1258,#1259,#1260,#1261,
#1262,#1263,#1264,#1265,#1266,#1267,#1268,#1269,#1270,#1271,#1272,#1273,
#1274,#1275,#1276,#1277,#1278,#1279,#1280,#1281,#1282,#1283,#1284,#1285,
#1286,#1287,#1288,#1289,#1290,#1291,#1292,#1293,#1294,#1295,#1296,#1297,
#1298,#1299,#1300,#1301,#1302,#1303,#1304,#1305,#1306,#1307,#1308,#1309,
#1310));
#1312=STYLED_ITEM('',(#1313),#1320);
#1313=PRESENTATION_STYLE_ASSIGNMENT((#1314));
#1314=SURFACE_STYLE_USAGE(.BOTH.,#1315);
#1315=SURFACE_SIDE_STYLE('',(#1316));
#1316=SURFACE_STYLE_FILL_AREA(#1317);
#1317=FILL_AREA_STYLE('',(#1318));
#1318=FILL_AREA_STYLE_COLOUR('',#1319);
#1319=COLOUR_RGB('',0.917647058823529,0.917647058823529,0.917647058823529);
#1320=MANIFOLD_SOLID_BREP('Part 3',#1311);
#1321=SHAPE_DEFINITION_REPRESENTATION(#2808,#1322);
#1322=SHAPE_REPRESENTATION('Part 3',(#1323),#2803);
#1323=AXIS2_PLACEMENT_3D('',#1845,#1480,#1481);
#1324=AXIS2_PLACEMENT_3D('',#1846,#1482,#1483);
#1325=AXIS2_PLACEMENT_3D('',#1847,#1484,#1485);
#1326=AXIS2_PLACEMENT_3D('',#1852,#1487,#1488);
#1327=AXIS2_PLACEMENT_3D('',#1855,#1490,#1491);
#1328=AXIS2_PLACEMENT_3D('',#1871,#1495,#1496);
#1329=AXIS2_PLACEMENT_3D('',#1873,#1497,#1498);
#1330=AXIS2_PLACEMENT_3D('',#1874,#1499,#1500);
#1331=AXIS2_PLACEMENT_3D('',#1882,#1504,#1505);
#1332=AXIS2_PLACEMENT_3D('',#1887,#1508,#1509);
#1333=AXIS2_PLACEMENT_3D('',#1888,#1510,#1511);
#1334=AXIS2_PLACEMENT_3D('',#1896,#1512,#1513);
#1335=AXIS2_PLACEMENT_3D('',#1902,#1514,#1515);
#1336=AXIS2_PLACEMENT_3D('',#1905,#1517,#1518);
#1337=AXIS2_PLACEMENT_3D('',#1919,#1520,#1521);
#1338=AXIS2_PLACEMENT_3D('',#1928,#1526,#1527);
#1339=AXIS2_PLACEMENT_3D('',#1937,#1529,#1530);
#1340=AXIS2_PLACEMENT_3D('',#1948,#1531,#1532);
#1341=AXIS2_PLACEMENT_3D('',#1958,#1533,#1534);
#1342=AXIS2_PLACEMENT_3D('',#1959,#1535,#1536);
#1343=AXIS2_PLACEMENT_3D('',#1962,#1537,#1538);
#1344=AXIS2_PLACEMENT_3D('',#1972,#1539,#1540);
#1345=AXIS2_PLACEMENT_3D('',#1973,#1541,#1542);
#1346=AXIS2_PLACEMENT_3D('',#1988,#1544,#1545);
#1347=AXIS2_PLACEMENT_3D('',#1991,#1547,#1548);
#1348=AXIS2_PLACEMENT_3D('',#1992,#1549,#1550);
#1349=AXIS2_PLACEMENT_3D('',#1996,#1552,#1553);
#1350=AXIS2_PLACEMENT_3D('',#1997,#1554,#1555);
#1351=AXIS2_PLACEMENT_3D('',#1998,#1556,#1557);
#1352=AXIS2_PLACEMENT_3D('',#1999,#1558,#1559);
#1353=AXIS2_PLACEMENT_3D('',#2000,#1560,#1561);
#1354=AXIS2_PLACEMENT_3D('',#2001,#1562,#1563);
#1355=AXIS2_PLACEMENT_3D('',#2009,#1565,#1566);
#1356=AXIS2_PLACEMENT_3D('',#2011,#1567,#1568);
#1357=AXIS2_PLACEMENT_3D('',#2020,#1570,#1571);
#1358=AXIS2_PLACEMENT_3D('',#2023,#1573,#1574);
#1359=AXIS2_PLACEMENT_3D('',#2024,#1575,#1576);
#1360=AXIS2_PLACEMENT_3D('',#2029,#1578,#1579);
#1361=AXIS2_PLACEMENT_3D('',#2037,#1580,#1581);
#1362=AXIS2_PLACEMENT_3D('',#2051,#1582,#1583);
#1363=AXIS2_PLACEMENT_3D('',#2055,#1585,#1586);
#1364=AXIS2_PLACEMENT_3D('',#2056,#1587,#1588);
#1365=AXIS2_PLACEMENT_3D('',#2057,#1589,#1590);
#1366=AXIS2_PLACEMENT_3D('',#2062,#1591,#1592);
#1367=AXIS2_PLACEMENT_3D('',#2063,#1593,#1594);
#1368=AXIS2_PLACEMENT_3D('',#2068,#1595,#1596);
#1369=AXIS2_PLACEMENT_3D('',#2073,#1597,#1598);
#1370=AXIS2_PLACEMENT_3D('',#2074,#1599,#1600);
#1371=AXIS2_PLACEMENT_3D('',#2075,#1601,#1602);
#1372=AXIS2_PLACEMENT_3D('',#2098,#1603,#1604);
#1373=AXIS2_PLACEMENT_3D('',#2111,#1605,#1606);
#1374=AXIS2_PLACEMENT_3D('',#2113,#1607,#1608);
#1375=AXIS2_PLACEMENT_3D('',#2120,#1609,#1610);
#1376=AXIS2_PLACEMENT_3D('',#2127,#1611,#1612);
#1377=AXIS2_PLACEMENT_3D('',#2128,#1613,#1614);
#1378=AXIS2_PLACEMENT_3D('',#2129,#1615,#1616);
#1379=AXIS2_PLACEMENT_3D('',#2130,#1617,#1618);
#1380=AXIS2_PLACEMENT_3D('',#2131,#1619,#1620);
#1381=AXIS2_PLACEMENT_3D('',#2132,#1621,#1622);
#1382=AXIS2_PLACEMENT_3D('',#2134,#1623,#1624);
#1383=AXIS2_PLACEMENT_3D('',#2148,#1625,#1626);
#1384=AXIS2_PLACEMENT_3D('',#2149,#1627,#1628);
#1385=AXIS2_PLACEMENT_3D('',#2154,#1630,#1631);
#1386=AXIS2_PLACEMENT_3D('',#2157,#1633,#1634);
#1387=AXIS2_PLACEMENT_3D('',#2217,#1635,#1636);
#1388=AXIS2_PLACEMENT_3D('',#2233,#1637,#1638);
#1389=AXIS2_PLACEMENT_3D('',#2246,#1639,#1640);
#1390=AXIS2_PLACEMENT_3D('',#2286,#1641,#1642);
#1391=AXIS2_PLACEMENT_3D('',#2299,#1643,#1644);
#1392=AXIS2_PLACEMENT_3D('',#2312,#1645,#1646);
#1393=AXIS2_PLACEMENT_3D('',#2328,#1647,#1648);
#1394=AXIS2_PLACEMENT_3D('',#2341,#1649,#1650);
#1395=AXIS2_PLACEMENT_3D('',#2360,#1651,#1652);
#1396=AXIS2_PLACEMENT_3D('',#2439,#1653,#1654);
#1397=AXIS2_PLACEMENT_3D('',#2440,#1655,#1656);
#1398=AXIS2_PLACEMENT_3D('',#2477,#1657,#1658);
#1399=AXIS2_PLACEMENT_3D('',#2478,#1659,#1660);
#1400=AXIS2_PLACEMENT_3D('',#2479,#1661,#1662);
#1401=AXIS2_PLACEMENT_3D('',#2480,#1663,#1664);
#1402=AXIS2_PLACEMENT_3D('',#2481,#1665,#1666);
#1403=AXIS2_PLACEMENT_3D('',#2482,#1667,#1668);
#1404=AXIS2_PLACEMENT_3D('',#2485,#1670,#1671);
#1405=AXIS2_PLACEMENT_3D('',#2486,#1672,#1673);
#1406=AXIS2_PLACEMENT_3D('',#2487,#1674,#1675);
#1407=AXIS2_PLACEMENT_3D('',#2488,#1676,#1677);
#1408=AXIS2_PLACEMENT_3D('',#2489,#1678,#1679);
#1409=AXIS2_PLACEMENT_3D('',#2490,#1680,#1681);
#1410=AXIS2_PLACEMENT_3D('',#2491,#1682,#1683);
#1411=AXIS2_PLACEMENT_3D('',#2492,#1684,#1685);
#1412=AXIS2_PLACEMENT_3D('',#2493,#1686,#1687);
#1413=AXIS2_PLACEMENT_3D('',#2527,#1688,#1689);
#1414=AXIS2_PLACEMENT_3D('',#2528,#1690,#1691);
#1415=AXIS2_PLACEMENT_3D('',#2529,#1692,#1693);
#1416=AXIS2_PLACEMENT_3D('',#2530,#1694,#1695);
#1417=AXIS2_PLACEMENT_3D('',#2531,#1696,#1697);
#1418=AXIS2_PLACEMENT_3D('',#2544,#1698,#1699);
#1419=AXIS2_PLACEMENT_3D('',#2557,#1700,#1701);
#1420=AXIS2_PLACEMENT_3D('',#2558,#1702,#1703);
#1421=AXIS2_PLACEMENT_3D('',#2559,#1704,#1705);
#1422=AXIS2_PLACEMENT_3D('',#2560,#1706,#1707);
#1423=AXIS2_PLACEMENT_3D('',#2561,#1708,#1709);
#1424=AXIS2_PLACEMENT_3D('',#2562,#1710,#1711);
#1425=AXIS2_PLACEMENT_3D('',#2563,#1712,#1713);
#1426=AXIS2_PLACEMENT_3D('',#2564,#1714,#1715);
#1427=AXIS2_PLACEMENT_3D('',#2566,#1716,#1717);
#1428=AXIS2_PLACEMENT_3D('',#2568,#1718,#1719);
#1429=AXIS2_PLACEMENT_3D('',#2569,#1720,#1721);
#1430=AXIS2_PLACEMENT_3D('',#2575,#1722,#1723);
#1431=AXIS2_PLACEMENT_3D('',#2576,#1724,#1725);
#1432=AXIS2_PLACEMENT_3D('',#2579,#1727,#1728);
#1433=AXIS2_PLACEMENT_3D('',#2580,#1729,#1730);
#1434=AXIS2_PLACEMENT_3D('',#2581,#1731,#1732);
#1435=AXIS2_PLACEMENT_3D('',#2582,#1733,#1734);
#1436=AXIS2_PLACEMENT_3D('',#2583,#1735,#1736);
#1437=AXIS2_PLACEMENT_3D('',#2596,#1737,#1738);
#1438=AXIS2_PLACEMENT_3D('',#2618,#1739,#1740);
#1439=AXIS2_PLACEMENT_3D('',#2658,#1741,#1742);
#1440=AXIS2_PLACEMENT_3D('',#2671,#1743,#1744);
#1441=AXIS2_PLACEMENT_3D('',#2693,#1745,#1746);
#1442=AXIS2_PLACEMENT_3D('',#2694,#1747,#1748);
#1443=AXIS2_PLACEMENT_3D('',#2699,#1750,#1751);
#1444=AXIS2_PLACEMENT_3D('',#2702,#1753,#1754);
#1445=AXIS2_PLACEMENT_3D('',#2711,#1759,#1760);
#1446=AXIS2_PLACEMENT_3D('',#2720,#1765,#1766);
#1447=AXIS2_PLACEMENT_3D('',#2724,#1768,#1769);
#1448=AXIS2_PLACEMENT_3D('',#2731,#1773,#1774);
#1449=AXIS2_PLACEMENT_3D('',#2736,#1775,#1776);
#1450=AXIS2_PLACEMENT_3D('',#2737,#1777,#1778);
#1451=AXIS2_PLACEMENT_3D('',#2738,#1779,#1780);
#1452=AXIS2_PLACEMENT_3D('',#2739,#1781,#1782);
#1453=AXIS2_PLACEMENT_3D('',#2740,#1783,#1784);
#1454=AXIS2_PLACEMENT_3D('',#2741,#1785,#1786);
#1455=AXIS2_PLACEMENT_3D('',#2742,#1787,#1788);
#1456=AXIS2_PLACEMENT_3D('',#2743,#1789,#1790);
#1457=AXIS2_PLACEMENT_3D('',#2744,#1791,#1792);
#1458=AXIS2_PLACEMENT_3D('',#2745,#1793,#1794);
#1459=AXIS2_PLACEMENT_3D('',#2763,#1795,#1796);
#1460=AXIS2_PLACEMENT_3D('',#2764,#1797,#1798);
#1461=AXIS2_PLACEMENT_3D('',#2765,#1799,#1800);
#1462=AXIS2_PLACEMENT_3D('',#2766,#1801,#1802);
#1463=AXIS2_PLACEMENT_3D('',#2767,#1803,#1804);
#1464=AXIS2_PLACEMENT_3D('',#2768,#1805,#1806);
#1465=AXIS2_PLACEMENT_3D('',#2777,#1811,#1812);
#1466=AXIS2_PLACEMENT_3D('',#2778,#1813,#1814);
#1467=AXIS2_PLACEMENT_3D('',#2782,#1816,#1817);
#1468=AXIS2_PLACEMENT_3D('',#2783,#1818,#1819);
#1469=AXIS2_PLACEMENT_3D('',#2789,#1823,#1824);
#1470=AXIS2_PLACEMENT_3D('',#2790,#1825,#1826);
#1471=AXIS2_PLACEMENT_3D('',#2792,#1827,#1828);
#1472=AXIS2_PLACEMENT_3D('',#2794,#1829,#1830);
#1473=AXIS2_PLACEMENT_3D('',#2795,#1831,#1832);
#1474=AXIS2_PLACEMENT_3D('',#2796,#1833,#1834);
#1475=AXIS2_PLACEMENT_3D('',#2797,#1835,#1836);
#1476=AXIS2_PLACEMENT_3D('',#2798,#1837,#1838);
#1477=AXIS2_PLACEMENT_3D('',#2799,#1839,#1840);
#1478=AXIS2_PLACEMENT_3D('',#2800,#1841,#1842);
#1479=AXIS2_PLACEMENT_3D('',#2801,#1843,#1844);
#1480=DIRECTION('',(0.,0.,1.));
#1481=DIRECTION('',(1.,0.,0.));
#1482=DIRECTION('',(0.,0.,1.));
#1483=DIRECTION('',(1.,0.,0.));
#1484=DIRECTION('',(0.,-5.55111512312578E-16,-1.));
#1485=DIRECTION('',(0.,1.,-5.55111512312578E-16));
#1486=DIRECTION('',(0.,0.,1.));
#1487=DIRECTION('',(0.,0.,-1.));
#1488=DIRECTION('',(-1.,0.,0.));
#1489=DIRECTION('',(0.,0.,1.));
#1490=DIRECTION('',(0.,-5.55111512312578E-16,-1.));
#1491=DIRECTION('',(0.,1.,-5.55111512312578E-16));
#1492=DIRECTION('',(-6.30757719251224E-16,1.,-5.55111512312578E-16));
#1493=DIRECTION('',(-1.,-6.30757719251224E-16,8.30408291119535E-17));
#1494=DIRECTION('',(-6.30757719251224E-16,1.,-5.55111512312578E-16));
#1495=DIRECTION('',(0.,-5.55111512312578E-16,-1.));
#1496=DIRECTION('',(0.,1.,-5.55111512312578E-16));
#1497=DIRECTION('',(0.,-5.55111512312578E-16,-1.));
#1498=DIRECTION('',(0.,1.,-5.55111512312578E-16));
#1499=DIRECTION('',(-1.,-6.30757719251225E-16,-2.35401985551184E-15));
#1500=DIRECTION('',(-2.43706068462379E-15,0.258819045102521,0.965925826289068));
#1501=DIRECTION('',(6.30757719251224E-16,-1.,5.55111512312578E-16));
#1502=DIRECTION('',(2.35401985551184E-15,-5.55111512312578E-16,-1.));
#1503=DIRECTION('',(-1.21853034231189E-15,0.965925826289069,0.25881904510252));
#1504=DIRECTION('',(-1.,-6.30757719251225E-16,-2.35401985551184E-15));
#1505=DIRECTION('',(-2.35401985551184E-15,0.,1.));
#1506=DIRECTION('',(-6.30757719251224E-16,1.,-5.55111512312578E-16));
#1507=DIRECTION('',(2.35401985551184E-15,-5.82867087928207E-16,-1.));
#1508=DIRECTION('',(1.,0.,0.));
#1509=DIRECTION('',(0.,0.,-1.));
#1510=DIRECTION('',(-6.30757719251224E-16,0.965925826289068,0.25881904510252));
#1511=DIRECTION('',(8.30408291119531E-17,-0.25881904510252,0.965925826289068));
#1512=DIRECTION('',(-6.30757719251224E-16,1.,-5.82867087928207E-16));
#1513=DIRECTION('',(8.30408291119531E-17,5.82867087928207E-16,1.));
#1514=DIRECTION('',(6.30757719251224E-16,-1.,5.55111512312578E-16));
#1515=DIRECTION('',(0.,-5.55111512312578E-16,-1.));
#1516=DIRECTION('',(6.30757719251224E-16,-1.,5.55111512312578E-16));
#1517=DIRECTION('',(-6.30757719251224E-16,1.,-5.82867087928207E-16));
#1518=DIRECTION('',(8.30408291119531E-17,5.82867087928207E-16,1.));
#1519=DIRECTION('',(6.30757719251224E-16,-1.,5.55111512312578E-16));
#1520=DIRECTION('',(-1.,-6.30757719251224E-16,8.30408291119535E-17));
#1521=DIRECTION('',(6.30757719251224E-16,-0.965925826289068,0.258819045102521));
#1522=DIRECTION('',(-8.30408291119535E-17,-5.23786439753864E-32,-1.));
#1523=DIRECTION('',(-6.30757719251224E-16,1.,-5.55111512312578E-16));
#1524=DIRECTION('',(-8.30408291119531E-17,-5.82867087928207E-16,-1.));
#1525=DIRECTION('',(6.30757719251224E-16,-1.,5.55111512312578E-16));
#1526=DIRECTION('',(0.,-1.,5.55111512312578E-16));
#1527=DIRECTION('',(0.,-5.55111512312578E-16,-1.));
#1528=DIRECTION('',(0.,-1.,5.55111512312578E-16));
#1529=DIRECTION('',(0.,1.,-5.55111512312578E-16));
#1530=DIRECTION('',(0.,5.55111512312578E-16,1.));
#1531=DIRECTION('',(0.,1.,-5.55111512312578E-16));
#1532=DIRECTION('',(0.,5.55111512312578E-16,1.));
#1533=DIRECTION('',(6.30757719251224E-16,-0.965925826289068,-0.25881904510252));
#1534=DIRECTION('',(-8.30408291119531E-17,0.25881904510252,-0.965925826289068));
#1535=DIRECTION('',(-6.30757719251224E-16,0.965925826289068,0.25881904510252));
#1536=DIRECTION('',(8.30408291119531E-17,-0.25881904510252,0.965925826289068));
#1537=DIRECTION('',(3.00164126668032E-17,-0.0459663470180495,0.998942988834606));
#1538=DIRECTION('',(6.60414281154087E-16,-0.998942988834606,-0.0459663470180495));
#1539=DIRECTION('',(6.30757719251224E-16,-1.,5.55111512312578E-16));
#1540=DIRECTION('',(0.,-5.55111512312578E-16,-1.));
#1541=DIRECTION('',(6.30757719251224E-16,-1.,5.82867087928207E-16));
#1542=DIRECTION('',(-8.30408291119531E-17,-5.82867087928207E-16,-1.));
#1543=DIRECTION('',(6.30757719251224E-16,-1.,5.55111512312578E-16));
#1544=DIRECTION('',(6.30757719251224E-16,-1.,5.82867087928207E-16));
#1545=DIRECTION('',(-8.30408291119531E-17,-5.82867087928207E-16,-1.));
#1546=DIRECTION('',(6.30757719251224E-16,-1.,5.55111512312578E-16));
#1547=DIRECTION('',(-6.30757719251224E-16,1.,-5.82867087928207E-16));
#1548=DIRECTION('',(-1.,-6.30757719251224E-16,8.30408291119532E-17));
#1549=DIRECTION('',(-6.30757719251224E-16,1.,-5.82867087928207E-16));
#1550=DIRECTION('',(-1.,-6.30757719251224E-16,0.));
#1551=DIRECTION('',(-1.,-6.30757719251224E-16,8.30408291119535E-17));
#1552=DIRECTION('',(-6.30757719251224E-16,1.,-5.82867087928207E-16));
#1553=DIRECTION('',(-1.,-6.30757719251224E-16,0.));
#1554=DIRECTION('',(-6.30757719251224E-16,1.,-5.82867087928207E-16));
#1555=DIRECTION('',(-1.,-6.30757719251224E-16,0.));
#1556=DIRECTION('',(-6.30757719251224E-16,1.,-5.82867087928207E-16));
#1557=DIRECTION('',(-1.,-6.30757719251224E-16,0.));
#1558=DIRECTION('',(-6.30757719251224E-16,1.,-5.82867087928207E-16));
#1559=DIRECTION('',(-1.,-6.30757719251224E-16,0.));
#1560=DIRECTION('',(-6.30757719251224E-16,1.,-5.82867087928207E-16));
#1561=DIRECTION('',(-1.,-6.30757719251224E-16,0.));
#1562=DIRECTION('',(0.,-5.55111512312578E-16,-1.));
#1563=DIRECTION('',(0.,1.,-5.55111512312578E-16));
#1564=DIRECTION('',(-6.30757719251224E-16,1.,-5.55111512312578E-16));
#1565=DIRECTION('',(0.,-5.55111512312578E-16,-1.));
#1566=DIRECTION('',(6.53008442350582E-16,-1.,5.55111512312578E-16));
#1567=DIRECTION('',(0.,-5.55111512312578E-16,-1.));
#1568=DIRECTION('',(0.,1.,-5.55111512312578E-16));
#1569=DIRECTION('',(0.,1.,-5.55111512312578E-16));
#1570=DIRECTION('',(0.,-5.55111512312578E-16,-1.));
#1571=DIRECTION('',(0.,1.,-5.55111512312578E-16));
#1572=DIRECTION('',(6.30757719251224E-16,-1.,5.55111512312578E-16));
#1573=DIRECTION('',(0.,-1.,5.55111512312578E-16));
#1574=DIRECTION('',(0.,-5.55111512312578E-16,-1.));
#1575=DIRECTION('',(0.,-1.,5.55111512312578E-16));
#1576=DIRECTION('',(0.,-5.55111512312578E-16,-1.));
#1577=DIRECTION('',(0.,-1.,5.55111512312578E-16));
#1578=DIRECTION('',(0.,-1.,5.55111512312578E-16));
#1579=DIRECTION('',(0.,-5.55111512312578E-16,-1.));
#1580=DIRECTION('',(6.30757719251224E-16,-0.965925826289068,-0.25881904510252));
#1581=DIRECTION('',(-8.30408291119531E-17,0.25881904510252,-0.965925826289068));
#1582=DIRECTION('',(6.30757719251224E-16,-0.965925826289068,-0.25881904510252));
#1583=DIRECTION('',(-8.30408291119531E-17,0.25881904510252,-0.965925826289068));
#1584=DIRECTION('',(6.30757719251224E-16,-0.965925826289068,-0.25881904510252));
#1585=DIRECTION('',(6.30757719251224E-16,-0.965925826289068,-0.25881904510252));
#1586=DIRECTION('',(-8.30408291119531E-17,0.25881904510252,-0.965925826289068));
#1587=DIRECTION('',(-1.,-1.35284044223904E-30,-2.43706068462379E-15));
#1588=DIRECTION('',(2.35401985551184E-15,0.25881904510252,-0.965925826289068));
#1589=DIRECTION('',(0.,5.55111512312578E-16,1.));
#1590=DIRECTION('',(0.,-1.,5.55111512312578E-16));
#1591=DIRECTION('',(-1.,-1.35284044223904E-30,-2.43706068462379E-15));
#1592=DIRECTION('',(-2.43706068462379E-15,0.,1.));
#1593=DIRECTION('',(-1.,-6.30757719251225E-16,-2.35401985551184E-15));
#1594=DIRECTION('',(-2.35401985551184E-15,0.,1.));
#1595=DIRECTION('',(1.,0.,0.));
#1596=DIRECTION('',(0.,0.,-1.));
#1597=DIRECTION('',(-1.,-6.30757719251225E-16,-2.35401985551184E-15));
#1598=DIRECTION('',(-2.35401985551184E-15,0.,1.));
#1599=DIRECTION('',(0.,0.,-1.));
#1600=DIRECTION('',(-1.,0.,0.));
#1601=DIRECTION('',(0.,-1.,5.55111512312578E-16));
#1602=DIRECTION('',(0.,-5.55111512312578E-16,-1.));
#1603=DIRECTION('',(0.,0.,1.));
#1604=DIRECTION('',(1.,0.,0.));
#1605=DIRECTION('',(0.,0.,1.));
#1606=DIRECTION('',(1.,0.,0.));
#1607=DIRECTION('',(0.,0.,-1.));
#1608=DIRECTION('',(-1.,0.,0.));
#1609=DIRECTION('',(0.,-5.55111512312578E-16,-1.));
#1610=DIRECTION('',(0.,1.,-5.55111512312578E-16));
#1611=DIRECTION('',(0.,0.,-1.));
#1612=DIRECTION('',(-1.,0.,0.));
#1613=DIRECTION('',(0.,-1.,5.55111512312578E-16));
#1614=DIRECTION('',(0.,-5.55111512312578E-16,-1.));
#1615=DIRECTION('',(0.,-1.,5.55111512312578E-16));
#1616=DIRECTION('',(0.,-5.55111512312578E-16,-1.));
#1617=DIRECTION('',(0.,-1.,5.55111512312578E-16));
#1618=DIRECTION('',(0.,-5.55111512312578E-16,-1.));
#1619=DIRECTION('',(0.,0.,1.));
#1620=DIRECTION('',(1.,0.,0.));
#1621=DIRECTION('',(0.,0.,1.));
#1622=DIRECTION('',(1.,0.,0.));
#1623=DIRECTION('',(0.,0.,1.));
#1624=DIRECTION('',(1.,0.,0.));
#1625=DIRECTION('',(0.,0.,1.));
#1626=DIRECTION('',(1.,0.,0.));
#1627=DIRECTION('',(0.,0.,-1.));
#1628=DIRECTION('',(-1.,0.,0.));
#1629=DIRECTION('',(0.,0.,1.));
#1630=DIRECTION('',(0.,-5.55111512312578E-16,-1.));
#1631=DIRECTION('',(0.,1.,-5.55111512312578E-16));
#1632=DIRECTION('',(0.,0.,1.));
#1633=DIRECTION('',(0.,0.,1.));
#1634=DIRECTION('',(1.,0.,0.));
#1635=DIRECTION('',(0.,0.,-1.));
#1636=DIRECTION('',(-1.,0.,0.));
#1637=DIRECTION('',(0.149837829168999,-0.988710587052612,-1.18189342599605E-15));
#1638=DIRECTION('',(0.988710587052613,0.149837829168999,0.));
#1639=DIRECTION('',(0.114597714402062,-0.992027937604039,-0.0524207484389638));
#1640=DIRECTION('',(0.993393767237019,0.114755493178515,0.));
#1641=DIRECTION('',(-0.384015648994975,0.916617404232664,0.111105875563542));
#1642=DIRECTION('',(-0.922327928113276,-0.386408065420834,0.));
#1643=DIRECTION('',(-0.0100338246011783,0.96496749953254,0.26217751087725));
#1644=DIRECTION('',(0.,-0.26219070957989,0.96501607852408));
#1645=DIRECTION('',(-0.121225221474185,0.945958822863083,0.300776247609457));
#1646=DIRECTION('',(0.,-0.303010944925399,0.952987076121925));
#1647=DIRECTION('',(-0.472523427390475,0.745997960483246,0.469263948670676));
#1648=DIRECTION('',(-0.844789358215331,-0.535099000415931,0.));
#1649=DIRECTION('',(-0.628711396380311,0.658804412729623,0.413157023212116));
#1650=DIRECTION('',(-0.723436360761462,-0.690391071732689,0.));
#1651=DIRECTION('',(-0.504517329011632,0.188327593405138,0.842611999848802));
#1652=DIRECTION('',(0.857964182784443,0.,0.513709510384052));
#1653=DIRECTION('',(0.,0.,1.));
#1654=DIRECTION('',(1.,0.,0.));
#1655=DIRECTION('',(0.,-5.55111512312578E-16,-1.));
#1656=DIRECTION('',(0.,1.,-5.55111512312578E-16));
#1657=DIRECTION('',(-1.15648231731787E-15,1.,-1.30876299446261E-16));
#1658=DIRECTION('',(-1.,-1.15648231731787E-15,0.));
#1659=DIRECTION('',(6.30757719251224E-16,-1.,5.55111512312578E-16));
#1660=DIRECTION('',(1.,6.30757719251224E-16,0.));
#1661=DIRECTION('',(6.30757719251224E-16,-1.,5.55111512312578E-16));
#1662=DIRECTION('',(1.,6.30757719251224E-16,0.));
#1663=DIRECTION('',(0.,-1.,0.));
#1664=DIRECTION('',(0.,0.,-1.));
#1665=DIRECTION('',(6.30757719251224E-16,-1.,5.55111512312578E-16));
#1666=DIRECTION('',(1.,6.30757719251224E-16,0.));
#1667=DIRECTION('',(0.,-1.,0.));
#1668=DIRECTION('',(0.,0.,-1.));
#1669=DIRECTION('',(-6.93889390390723E-16,-1.,5.55111512312578E-16));
#1670=DIRECTION('',(0.,-5.55111512312578E-16,-1.));
#1671=DIRECTION('',(0.,1.,-5.55111512312578E-16));
#1672=DIRECTION('',(-0.971241812112911,0.238095238095238,0.));
#1673=DIRECTION('',(-0.238095238095238,-0.971241812112911,0.));
#1674=DIRECTION('',(6.30757719251224E-16,-1.,5.55111512312578E-16));
#1675=DIRECTION('',(1.,6.30757719251224E-16,0.));
#1676=DIRECTION('',(9.21041452487871E-16,-1.,-1.73472347597675E-15));
#1677=DIRECTION('',(0.,1.73472347597675E-15,-1.));
#1678=DIRECTION('',(0.,-5.55111512312578E-16,-1.));
#1679=DIRECTION('',(0.,1.,-5.55111512312578E-16));
#1680=DIRECTION('',(0.,-5.55111512312578E-16,-1.));
#1681=DIRECTION('',(0.,1.,-5.55111512312578E-16));
#1682=DIRECTION('',(-0.0740505548479973,0.997254488747333,-1.12189485838448E-15));
#1683=DIRECTION('',(-0.997254488747333,-0.0740505548479973,0.));
#1684=DIRECTION('',(-0.945843061166418,0.324624249931116,5.6313330722687E-16));
#1685=DIRECTION('',(-0.324624249931116,-0.945843061166418,0.));
#1686=DIRECTION('',(6.12323404942065E-17,5.55111512312578E-16,1.));
#1687=DIRECTION('',(0.,-1.,5.55111512312578E-16));
#1688=DIRECTION('',(1.14026797123215E-13,1.,2.25514051877033E-13));
#1689=DIRECTION('',(0.,-2.25514051877033E-13,1.));
#1690=DIRECTION('',(0.,-1.,5.55111512312578E-16));
#1691=DIRECTION('',(0.,-5.55111512312578E-16,-1.));
#1692=DIRECTION('',(-8.01876210434056E-17,1.,-4.33680868994202E-16));
#1693=DIRECTION('',(0.,4.33680868994202E-16,1.));
#1694=DIRECTION('',(0.,-5.55111512312578E-16,-1.));
#1695=DIRECTION('',(0.,1.,-5.55111512312578E-16));
#1696=DIRECTION('',(-0.0495438232066452,0.99877195073854,4.33148287523324E-16));
#1697=DIRECTION('',(-0.99877195073854,-0.0495438232066452,0.));
#1698=DIRECTION('',(-0.122971856781315,0.992410158371908,4.2664433368601E-16));
#1699=DIRECTION('',(-0.992410158371908,-0.122971856781315,0.));
#1700=DIRECTION('',(1.04303158467393E-15,1.,-1.73472347597678E-15));
#1701=DIRECTION('',(0.,1.73472347597678E-15,1.));
#1702=DIRECTION('',(6.30757719251224E-16,-1.,5.55111512312578E-16));
#1703=DIRECTION('',(1.,6.30757719251224E-16,0.));
#1704=DIRECTION('',(6.30757719251224E-16,-1.,5.55111512312578E-16));
#1705=DIRECTION('',(1.,6.30757719251224E-16,0.));
#1706=DIRECTION('',(5.20417042793042E-15,-1.,2.56929247343435E-15));
#1707=DIRECTION('',(1.,5.20417042793042E-15,0.));
#1708=DIRECTION('',(1.,6.30757719251225E-16,2.35401985551184E-15));
#1709=DIRECTION('',(2.35401985551184E-15,0.,-1.));
#1710=DIRECTION('',(-1.19439945747185E-15,-0.965925826289068,-0.25881904510252));
#1711=DIRECTION('',(0.,0.258819045102521,-0.965925826289069));
#1712=DIRECTION('',(6.30757719251224E-16,-0.965925826289068,-0.25881904510252));
#1713=DIRECTION('',(0.,0.25881904510252,-0.965925826289069));
#1714=DIRECTION('',(-1.1502181408749E-15,-0.881614914607095,0.471969429457381));
#1715=DIRECTION('',(3.79602566989825E-15,-0.471969429457381,-0.881614914607095));
#1716=DIRECTION('',(6.12323404942065E-17,5.55111512312578E-16,1.));
#1717=DIRECTION('',(6.69415598536673E-16,-1.,5.55111512312578E-16));
#1718=DIRECTION('',(-2.09451775864492E-15,-0.965925826289068,-0.258819045102522));
#1719=DIRECTION('',(0.,0.258819045102522,-0.965925826289068));
#1720=DIRECTION('',(-1.,-6.30757719251225E-16,-2.35401985551184E-15));
#1721=DIRECTION('',(-2.35401985551184E-15,0.,1.));
#1722=DIRECTION('',(1.34240955772646E-29,-1.,9.67308029432886E-16));
#1723=DIRECTION('',(0.,-9.67308029432886E-16,-1.));
#1724=DIRECTION('',(0.,-1.,5.55111512312578E-16));
#1725=DIRECTION('',(0.,-5.55111512312578E-16,-1.));
#1726=DIRECTION('',(-6.30757719251224E-16,1.,-5.5511151231258E-16));
#1727=DIRECTION('',(0.,-1.,0.));
#1728=DIRECTION('',(0.,0.,-1.));
#1729=DIRECTION('',(0.,0.,-1.));
#1730=DIRECTION('',(-1.,0.,0.));
#1731=DIRECTION('',(0.,0.,-1.));
#1732=DIRECTION('',(-1.,0.,0.));
#1733=DIRECTION('',(6.12323404942065E-17,5.55111512312578E-16,1.));
#1734=DIRECTION('',(0.,-1.,5.55111512312578E-16));
#1735=DIRECTION('',(0.971241812112912,-0.238095238095237,6.78957662260627E-16));
#1736=DIRECTION('',(0.238095238095237,0.971241812112912,0.));
#1737=DIRECTION('',(0.991095935845235,-0.112649320573858,0.0709857487479418));
#1738=DIRECTION('',(0.112934216355466,0.993602467174965,0.));
#1739=DIRECTION('',(0.28951023716232,0.817693973513413,-0.497554407334578));
#1740=DIRECTION('',(0.,0.519815551231511,0.854278521735084));
#1741=DIRECTION('',(-0.142349747306455,-0.989731865568831,-0.0129376860152451));
#1742=DIRECTION('',(0.989814708469339,-0.142361662317342,0.));
#1743=DIRECTION('',(-0.244372544358912,-0.969477112364681,-0.0199044759938607));
#1744=DIRECTION('',(0.969669217127672,-0.244420967502807,0.));
#1745=DIRECTION('',(-6.12323404942065E-17,-5.55111512312578E-16,-1.));
#1746=DIRECTION('',(0.,1.,-5.55111512312578E-16));
#1747=DIRECTION('',(6.12323404942065E-17,5.55111512312578E-16,1.));
#1748=DIRECTION('',(0.,-1.,5.55111512312578E-16));
#1749=DIRECTION('',(-6.12323404942065E-17,-5.55111512312578E-16,-1.));
#1750=DIRECTION('',(6.12323404942065E-17,5.55111512312578E-16,1.));
#1751=DIRECTION('',(0.,-1.,5.55111512312578E-16));
#1752=DIRECTION('',(-6.12323404942065E-17,-5.55111512312578E-16,-1.));
#1753=DIRECTION('',(-6.76482313882572E-48,1.,-5.55111512312578E-16));
#1754=DIRECTION('',(0.,5.55111512312578E-16,1.));
#1755=DIRECTION('',(1.,-3.39907771341777E-32,-6.12323404942065E-17));
#1756=DIRECTION('',(-3.75523120312067E-63,5.55111512312578E-16,1.));
#1757=DIRECTION('',(1.,-3.39907771341777E-32,-6.12323404942065E-17));
#1758=DIRECTION('',(-6.12323404942065E-17,-5.55111512312578E-16,-1.));
#1759=DIRECTION('',(1.,-6.2683469498588E-10,-6.12323401462434E-17));
#1760=DIRECTION('',(6.2683469498588E-10,1.,0.));
#1761=DIRECTION('',(-6.2683469498588E-10,-1.,5.55111512350961E-16));
#1762=DIRECTION('',(-6.12323404942065E-17,-5.55111512312578E-16,-1.));
#1763=DIRECTION('',(-6.2683469498588E-10,-1.,5.55111512350961E-16));
#1764=DIRECTION('',(-6.12323404942065E-17,-5.55111512312578E-16,-1.));
#1765=DIRECTION('',(0.,1.,-5.55111512312578E-16));
#1766=DIRECTION('',(0.,5.55111512312578E-16,1.));
#1767=DIRECTION('',(1.,-3.39907771341777E-32,-6.12323404942065E-17));
#1768=DIRECTION('',(0.,1.,-5.55111512312578E-16));
#1769=DIRECTION('',(2.43706068462379E-15,-5.55111512312578E-16,-1.));
#1770=DIRECTION('',(2.35401985551184E-15,-5.55111512312578E-16,-1.));
#1771=DIRECTION('',(1.,-3.39907771341777E-32,-6.12323404942065E-17));
#1772=DIRECTION('',(-6.12323404942065E-17,-5.55111512312578E-16,-1.));
#1773=DIRECTION('',(-6.12323404942065E-17,-5.55111512312578E-16,-1.));
#1774=DIRECTION('',(5.22429322025177E-11,-1.,0.));
#1775=DIRECTION('',(-7.28935086555898E-25,1.39548866296939E-14,1.));
#1776=DIRECTION('',(-0.20733792298144,-0.978269382989032,0.));
#1777=DIRECTION('',(6.12323404942065E-17,5.55111512312578E-16,1.));
#1778=DIRECTION('',(1.,-3.39907771341777E-32,-6.12323404942065E-17));
#1779=DIRECTION('',(6.12323404942065E-17,5.55111512312578E-16,1.));
#1780=DIRECTION('',(0.,-1.,5.55111512312578E-16));
#1781=DIRECTION('',(6.12323404942065E-17,5.55111512312578E-16,1.));
#1782=DIRECTION('',(0.,-1.,5.55111512312578E-16));
#1783=DIRECTION('',(6.12323404942065E-17,5.55111512312578E-16,1.));
#1784=DIRECTION('',(0.,-1.,5.55111512312578E-16));
#1785=DIRECTION('',(6.12323404942065E-17,5.55111512312578E-16,1.));
#1786=DIRECTION('',(0.,-1.,5.55111512312578E-16));
#1787=DIRECTION('',(6.12323404942065E-17,5.55111512312578E-16,1.));
#1788=DIRECTION('',(1.,-3.39907771341777E-32,-6.12323404942065E-17));
#1789=DIRECTION('',(6.12323404942065E-17,5.55111512312578E-16,1.));
#1790=DIRECTION('',(0.,-1.,5.55111512312578E-16));
#1791=DIRECTION('',(6.12323404942065E-17,5.55111512312578E-16,1.));
#1792=DIRECTION('',(0.,-1.,5.55111512312578E-16));
#1793=DIRECTION('',(6.12323404942065E-17,5.55111512312578E-16,1.));
#1794=DIRECTION('',(0.,-1.,5.55111512312578E-16));
#1795=DIRECTION('',(0.,0.,-1.));
#1796=DIRECTION('',(-1.,0.,0.));
#1797=DIRECTION('',(2.35401985551184E-15,-5.55111512312578E-16,-1.));
#1798=DIRECTION('',(-1.,0.,-2.35401985551184E-15));
#1799=DIRECTION('',(0.,0.,1.));
#1800=DIRECTION('',(1.,0.,0.));
#1801=DIRECTION('',(-6.12323404942065E-17,-5.55111512312578E-16,-1.));
#1802=DIRECTION('',(0.,1.,-5.55111512312578E-16));
#1803=DIRECTION('',(6.12323404942065E-17,5.55111512312578E-16,1.));
#1804=DIRECTION('',(0.,-1.,5.55111512312578E-16));
#1805=DIRECTION('',(1.,0.,-6.12323404942065E-17));
#1806=DIRECTION('',(-6.12323404942065E-17,0.,-1.));
#1807=DIRECTION('',(3.39907771341777E-32,-1.,5.55111512312578E-16));
#1808=DIRECTION('',(-6.12323404942065E-17,0.,-1.));
#1809=DIRECTION('',(3.39907771341777E-32,-1.,5.55111512312578E-16));
#1810=DIRECTION('',(-6.12323404942065E-17,-5.55111512312578E-16,-1.));
#1811=DIRECTION('',(-6.12323404942065E-17,-5.55111512312578E-16,-1.));
#1812=DIRECTION('',(0.,1.,-5.55111512312578E-16));
#1813=DIRECTION('',(6.12323404942065E-17,5.55111512312578E-16,1.));
#1814=DIRECTION('',(0.,-1.,5.55111512312578E-16));
#1815=DIRECTION('',(-6.12323404942065E-17,-5.55111512312578E-16,-1.));
#1816=DIRECTION('',(6.12323404942065E-17,5.55111512312578E-16,1.));
#1817=DIRECTION('',(0.,-1.,5.55111512312578E-16));
#1818=DIRECTION('',(1.,0.,-6.12323404942065E-17));
#1819=DIRECTION('',(-6.12323404942065E-17,0.,-1.));
#1820=DIRECTION('',(3.39907771341777E-32,-1.,5.55111512312578E-16));
#1821=DIRECTION('',(6.12323404942065E-17,0.,1.));
#1822=DIRECTION('',(3.39907771341777E-32,-1.,5.55111512312578E-16));
#1823=DIRECTION('',(-6.12323404942065E-17,-5.55111512312578E-16,-1.));
#1824=DIRECTION('',(0.,1.,-5.55111512312578E-16));
#1825=DIRECTION('',(6.12323404942065E-17,5.55111512312578E-16,1.));
#1826=DIRECTION('',(0.,-1.,5.55111512312578E-16));
#1827=DIRECTION('',(6.12323404942065E-17,5.55111512312578E-16,1.));
#1828=DIRECTION('',(0.,-1.,5.55111512312578E-16));
#1829=DIRECTION('',(6.12323404942065E-17,5.55111512312578E-16,1.));
#1830=DIRECTION('',(1.,-3.39907771341777E-32,-6.12323404942065E-17));
#1831=DIRECTION('',(6.12323404942065E-17,5.55111512312578E-16,1.));
#1832=DIRECTION('',(0.,-1.,5.55111512312578E-16));
#1833=DIRECTION('',(6.12323404942065E-17,5.55111512312578E-16,1.));
#1834=DIRECTION('',(0.,-1.,5.55111512312578E-16));
#1835=DIRECTION('',(6.12323404942065E-17,5.55111512312578E-16,1.));
#1836=DIRECTION('',(1.,-3.39907771341777E-32,-6.12323404942065E-17));
#1837=DIRECTION('',(6.12323404942065E-17,5.55111512312578E-16,1.));
#1838=DIRECTION('',(0.,-1.,5.55111512312578E-16));
#1839=DIRECTION('',(6.12323404942065E-17,5.55111512312578E-16,1.));
#1840=DIRECTION('',(0.,-1.,5.55111512312578E-16));
#1841=DIRECTION('',(0.,0.,1.));
#1842=DIRECTION('',(1.,0.,0.));
#1843=DIRECTION('',(0.,0.,1.));
#1844=DIRECTION('',(1.,0.,0.));
#1845=CARTESIAN_POINT('',(0.,0.,0.));
#1846=CARTESIAN_POINT('',(0.0207123074645898,-0.0157393099954169,0.13083325222867));
#1847=CARTESIAN_POINT('',(0.0207123074645898,-0.0157393099954169,0.143190060138702));
#1848=CARTESIAN_POINT('',(0.0594596816751522,-0.0201711258519899,0.14319006222867));
#1849=CARTESIAN_POINT('',(0.0116425400227293,0.0221914073528032,0.143190060138702));
#1850=CARTESIAN_POINT('',(0.0116425400227293,0.0221914073528032,0.13083325222867));
#1851=CARTESIAN_POINT('',(0.0116425400227293,0.0221914073528033,0.13686850222867));
#1852=CARTESIAN_POINT('',(0.0207123074645898,-0.0157393099954169,0.136868505469119));
#1853=CARTESIAN_POINT('',(0.059459681409198,-0.0201711281772351,0.136868505469119));
#1854=CARTESIAN_POINT('',(0.059459681409198,-0.0201711281772351,0.13083325222867));
#1855=CARTESIAN_POINT('',(0.0586691958067368,0.00426069000458309,0.145190060138702));
#1856=CARTESIAN_POINT('',(0.0327234047120411,0.0192568832677406,0.145190060138702));
#1857=CARTESIAN_POINT('',(0.0331874193331803,0.0190976280968472,0.145190060138702));
#1858=CARTESIAN_POINT('',(0.0341682712103174,0.0189758311157711,0.145190060138702));
#1859=CARTESIAN_POINT('',(0.0356034034609832,0.0193831455591999,0.145190060138702));
#1860=CARTESIAN_POINT('',(0.0367235126168769,0.020406085644998,0.145190060138702));
#1861=CARTESIAN_POINT('',(0.0369968040822312,0.0213735539316011,0.145190060138702));
#1862=CARTESIAN_POINT('',(0.0369968040822312,0.0218651026517661,0.145190060138702));
#1863=CARTESIAN_POINT('',(0.0327234047120411,0.0192568832677406,0.145190060138702));
#1864=CARTESIAN_POINT('',(0.0369968040822312,0.0218651026517661,0.145190060138702));
#1865=CARTESIAN_POINT('',(0.0369968040822312,0.0432510487219132,0.145190060138702));
#1866=CARTESIAN_POINT('',(0.0369968040822312,0.0432510487219132,0.145190060138702));
#1867=CARTESIAN_POINT('',(0.0701123074645898,0.0432510487219132,0.145190060138702));
#1868=CARTESIAN_POINT('',(0.0357123074645898,0.0432510487219132,0.145190060138702));
#1869=CARTESIAN_POINT('',(0.0357123074645898,0.0250528461133254,0.145190060138702));
#1870=CARTESIAN_POINT('',(0.0357123074645898,0.0250528461133254,0.145190060138702));
#1871=CARTESIAN_POINT('',(0.0307123074645898,0.0250528461133254,0.145190060138702));
#1872=CARTESIAN_POINT('',(0.0295218312741136,0.0201966370527608,0.145190060138702));
#1873=CARTESIAN_POINT('',(0.0207123074645898,-0.0157393099954169,0.145190060138702));
#1874=CARTESIAN_POINT('',(0.0597123074645898,0.0432510487219132,0.141644404004246));
#1875=CARTESIAN_POINT('',(0.0597123074645898,0.0432510487219132,0.143190060138702));
#1876=CARTESIAN_POINT('',(0.0597123074645898,0.0432510487219132,0.143190060138702));
#1877=CARTESIAN_POINT('',(0.0597123074645898,0.00926069000458309,0.143190060138702));
#1878=CARTESIAN_POINT('',(0.0597123074645898,0.00926069000458308,0.141644404004246));
#1879=CARTESIAN_POINT('',(0.0597123074645898,0.00926069000458308,0.137914698767458));
#1880=CARTESIAN_POINT('',(0.0597123074645898,0.0160737251008236,0.139740246019501));
#1881=CARTESIAN_POINT('',(0.0597123074645898,0.0160737251008236,0.139740246019501));
#1882=CARTESIAN_POINT('',(0.0597123074645898,0.0182510487219132,0.131614363641075));
#1883=CARTESIAN_POINT('',(0.0597123074645898,0.0182510487219132,0.140026896112273));
#1884=CARTESIAN_POINT('',(0.0597123074645898,0.0432510487219132,0.140026896112273));
#1885=CARTESIAN_POINT('',(0.0597123074645898,0.0432510487219132,0.140026896112273));
#1886=CARTESIAN_POINT('',(0.0597123074645898,0.0432510487219132,0.141644404004246));
#1887=CARTESIAN_POINT('',(0.0467123074645898,0.0182510487219131,0.131614363641075));
#1888=CARTESIAN_POINT('',(0.0467123074645898,0.0139199482674738,0.147778250589728));
#1889=CARTESIAN_POINT('',(0.0548299361856611,0.0149258225706239,0.144024276584343));
#1890=CARTESIAN_POINT('',(0.0423710964542556,0.01596041903536,0.140163110012617));
#1891=CARTESIAN_POINT('',(0.0548299361856611,0.0149258225706239,0.144024276584343));
#1892=CARTESIAN_POINT('',(0.0547237659702476,0.0160307026953361,0.144090744848425));
#1893=CARTESIAN_POINT('',(0.0546613556865195,0.0171387137128362,0.144127949346549));
#1894=CARTESIAN_POINT('',(0.0546613556865195,0.0182510487219132,0.144127949346549));
#1895=CARTESIAN_POINT('',(0.0546613556865195,0.0182510487219132,0.144127949346549));
#1896=CARTESIAN_POINT('',(0.0467123074645898,0.0182510487219132,0.148348450781856));
#1897=CARTESIAN_POINT('',(0.0417696745693791,0.0182510487219132,0.140827122437529));
#1898=CARTESIAN_POINT('',(0.041769674569379,0.0182510487219132,0.140827122437529));
#1899=CARTESIAN_POINT('',(0.0420239680754833,0.0174925034871328,0.140660013731358));
#1900=CARTESIAN_POINT('',(0.0422228788597189,0.0167249709783234,0.1404524664232));
#1901=CARTESIAN_POINT('',(0.0423710964542556,0.01596041903536,0.140163110012617));
#1902=CARTESIAN_POINT('',(0.0467123074645898,0.0432510487219132,0.148348450781856));
#1903=CARTESIAN_POINT('',(0.0546613556865195,0.0432510487219132,0.144127949346549));
#1904=CARTESIAN_POINT('',(0.0546613556865195,0.0432510487219132,0.144127949346549));
#1905=CARTESIAN_POINT('',(0.0467123074645898,0.0432510487219132,0.148348450781856));
#1906=CARTESIAN_POINT('',(0.03876325924266,0.0432510487219132,0.144127949346549));
#1907=CARTESIAN_POINT('',(0.03876325924266,0.0432510487219132,0.144127949346549));
#1908=CARTESIAN_POINT('',(0.03876325924266,0.0218651026517661,0.144127949346549));
#1909=CARTESIAN_POINT('',(0.03876325924266,0.0218651026517661,0.144127949346549));
#1910=CARTESIAN_POINT('',(0.0388358585844574,0.021824155036531,0.143991213065878));
#1911=CARTESIAN_POINT('',(0.0389116792570526,0.021780815808714,0.143856923278326));
#1912=CARTESIAN_POINT('',(0.0389906298195298,0.021734972218318,0.1437250651884));
#1913=CARTESIAN_POINT('',(0.0389906298195298,0.021734972218318,0.1437250651884));
#1914=CARTESIAN_POINT('',(0.0389906298195298,0.021734972218318,0.1437250651884));
#1915=CARTESIAN_POINT('',(0.0394425015420932,0.0214725874865214,0.142970378453318));
#1916=CARTESIAN_POINT('',(0.0404121817969617,0.0203666309936827,0.141826292901751));
#1917=CARTESIAN_POINT('',(0.0413210655103953,0.0189822866884212,0.141121925401915));
#1918=CARTESIAN_POINT('',(0.0417696745693791,0.0182510487219132,0.140827122437529));
#1919=CARTESIAN_POINT('',(0.0337123074645898,0.0432510487219132,0.134119466615422));
#1920=CARTESIAN_POINT('',(0.0337123074645898,0.0250528461133254,0.145190060138702));
#1921=CARTESIAN_POINT('',(0.0337123074645898,0.0250528461133254,0.134886469280604));
#1922=CARTESIAN_POINT('',(0.0337123074645898,0.0250528461133254,0.143190060138702));
#1923=CARTESIAN_POINT('',(0.0337123074645898,0.0432510487219132,0.143190060138702));
#1924=CARTESIAN_POINT('',(0.0337123074645898,0.0432510487219132,0.143190060138702));
#1925=CARTESIAN_POINT('',(0.0337123074645898,0.0432510487219132,0.134119466615422));
#1926=CARTESIAN_POINT('',(0.0337123074645898,0.0432510487219132,0.134886469280604));
#1927=CARTESIAN_POINT('',(0.0337123074645898,0.0432510487219132,0.134886469280604));
#1928=CARTESIAN_POINT('',(0.0467123074645898,0.00426069000458309,0.145190060138702));
#1929=CARTESIAN_POINT('',(0.0536692500605649,0.00206492003825184,0.139480336002082));
#1930=CARTESIAN_POINT('',(0.054695880702532,-0.00219820579436506,0.140731221381574));
#1931=CARTESIAN_POINT('',(0.0552985855238327,-0.0064934804347801,0.14212745885069));
#1932=CARTESIAN_POINT('',(0.0555622969589105,-0.0108110157435723,0.143553696502338));
#1933=CARTESIAN_POINT('',(0.0536692500605649,0.00206492003825184,0.139480336002082));
#1934=CARTESIAN_POINT('',(0.0555622969589105,-0.0108110157435722,0.143553696502339));
#1935=CARTESIAN_POINT('',(0.0555622969589105,0.00426069000458309,0.143553696502339));
#1936=CARTESIAN_POINT('',(0.0555622969589105,0.00426069000458309,0.143553696502339));
#1937=CARTESIAN_POINT('',(0.0467123074645898,0.00426069000458309,0.145190060138702));
#1938=CARTESIAN_POINT('',(0.0442109594691226,0.00426069000458308,0.136544641802637));
#1939=CARTESIAN_POINT('',(0.0442109594691226,0.00426069000458308,0.136544641802637));
#1940=CARTESIAN_POINT('',(0.0446566252415605,0.00260593393068306,0.136415698917145));
#1941=CARTESIAN_POINT('',(0.0455481795048758,-0.000703969747525291,0.136232251030516));
#1942=CARTESIAN_POINT('',(0.0468713022789923,-0.00567434947188441,0.136159425918023));
#1943=CARTESIAN_POINT('',(0.0479465350836629,-0.00982303493141372,0.136258456756959));
#1944=CARTESIAN_POINT('',(0.0487090451862423,-0.0131704316646835,0.136409685145929));
#1945=CARTESIAN_POINT('',(0.0489397573633362,-0.0148766670051379,0.136470056299909));
#1946=CARTESIAN_POINT('',(0.0489397573633362,-0.0157393099954169,0.136470056299909));
#1947=CARTESIAN_POINT('',(0.0489397573633363,-0.0157393099954169,0.136470056299909));
#1948=CARTESIAN_POINT('',(0.0467123074645898,-0.0157393099954169,0.145190060138702));
#1949=CARTESIAN_POINT('',(0.0503759155976974,-0.0157393099954169,0.13696947771122));
#1950=CARTESIAN_POINT('',(0.0503759155976974,-0.0157393099954169,0.13696947771122));
#1951=CARTESIAN_POINT('',(0.0503759155976974,-0.0149728508065194,0.13696947771122));
#1952=CARTESIAN_POINT('',(0.0505368613050894,-0.0134479429063611,0.137040065959031));
#1953=CARTESIAN_POINT('',(0.0511055090982877,-0.0104646458902811,0.137322008920729));
#1954=CARTESIAN_POINT('',(0.051907911202249,-0.0067613843753603,0.137810238840952));
#1955=CARTESIAN_POINT('',(0.0528350990894236,-0.00234260321111519,0.138556685206844));
#1956=CARTESIAN_POINT('',(0.0534032837084687,0.000596208668842405,0.139156272597315));
#1957=CARTESIAN_POINT('',(0.0536692500605649,0.00206492003825185,0.139480336002082));
#1958=CARTESIAN_POINT('',(0.0467123074645898,0.0139199482674738,0.147778250589728));
#1959=CARTESIAN_POINT('',(0.0467123074645898,0.00426069000458308,0.145190060138702));
#1960=CARTESIAN_POINT('',(0.0555514287358481,0.00469915231947038,0.143553696502339));
#1961=CARTESIAN_POINT('',(0.043754083208102,0.00646063528157968,0.13697975259108));
#1962=CARTESIAN_POINT('',(0.0467123074645898,-0.00320341161055472,0.143190060138702));
#1963=CARTESIAN_POINT('',(0.0423710964542556,0.01596041903536,0.140163110012617));
#1964=CARTESIAN_POINT('',(0.0429489955482187,0.0144954356667025,0.139441122336475));
#1965=CARTESIAN_POINT('',(0.0434017886162741,0.0129293996681849,0.138847281448461));
#1966=CARTESIAN_POINT('',(0.043537831750464,0.0112706674336979,0.138349735547893));
#1967=CARTESIAN_POINT('',(0.043537831750464,0.0112706674336979,0.138349735547893));
#1968=CARTESIAN_POINT('',(0.0435378317504641,0.0112706674336979,0.138349735547893));
#1969=CARTESIAN_POINT('',(0.0436686104194413,0.00967612320986071,0.137871443195849));
#1970=CARTESIAN_POINT('',(0.0437433111787699,0.0080726703526644,0.137415577314903));
#1971=CARTESIAN_POINT('',(0.043754083208102,0.00646063528157969,0.13697975259108));
#1972=CARTESIAN_POINT('',(0.02971230746459,0.0432510487219132,0.196741642871824));
#1973=CARTESIAN_POINT('',(0.02971230746459,0.0182510487219132,0.196741642871824));
#1974=CARTESIAN_POINT('',(0.0350094661942654,0.0182510487219132,0.131707016637851));
#1975=CARTESIAN_POINT('',(0.0585976829586609,0.0182510487219132,0.138233544436082));
#1976=CARTESIAN_POINT('',(0.0350094661942654,0.0182510487219132,0.131707016637851));
#1977=CARTESIAN_POINT('',(0.0352658826457644,0.0192371262224958,0.131727902106457));
#1978=CARTESIAN_POINT('',(0.0354687608544943,0.0202341526543994,0.131745886888235));
#1979=CARTESIAN_POINT('',(0.0356183160303493,0.0212421103714981,0.131759479451227));
#1980=CARTESIAN_POINT('',(0.0356183160303464,0.0212421103714811,0.131759479451227));
#1981=CARTESIAN_POINT('',(0.0356183160303464,0.0212421103714811,0.131759479451227));
#1982=CARTESIAN_POINT('',(0.0365285788604737,0.022298238714408,0.131842210154375));
#1983=CARTESIAN_POINT('',(0.0370496568621801,0.0236514423568976,0.13190549705934));
#1984=CARTESIAN_POINT('',(0.0370496568621801,0.0250528461133254,0.13190549705934));
#1985=CARTESIAN_POINT('',(0.0370496568621801,0.0250528461133254,0.13190549705934));
#1986=CARTESIAN_POINT('',(0.0370496568621801,0.0432510487219132,0.13190549705934));
#1987=CARTESIAN_POINT('',(0.0370496568621801,0.0432510487219132,0.13190549705934));
#1988=CARTESIAN_POINT('',(0.02971230746459,0.0432510487219132,0.196741642871824));
#1989=CARTESIAN_POINT('',(0.0585976829586609,0.0432510487219132,0.138233544436082));
#1990=CARTESIAN_POINT('',(0.0585976829586609,0.0432510487219132,0.138233544436082));
#1991=CARTESIAN_POINT('',(0.0456691958067368,0.0432510487219132,0.14442004682684));
#1992=CARTESIAN_POINT('',(0.0564278108469483,0.0432510487219132,0.143190060138702));
#1993=CARTESIAN_POINT('',(0.0564278108469483,0.0432510487219132,0.145190060138702));
#1994=CARTESIAN_POINT('',(0.0701123074645898,0.0432510487219132,0.145190060138702));
#1995=CARTESIAN_POINT('',(0.0577123074645898,0.0432510487219132,0.145190060138702));
#1996=CARTESIAN_POINT('',(0.0577123074645898,0.0432510487219132,0.143190060138702));
#1997=CARTESIAN_POINT('',(0.0577123074645898,0.0432510487219132,0.140026896112273));
#1998=CARTESIAN_POINT('',(0.0367123074645898,0.0432510487219132,0.134886469280604));
#1999=CARTESIAN_POINT('',(0.0357123074645898,0.0432510487219132,0.143190060138702));
#2000=CARTESIAN_POINT('',(0.0369968040822312,0.0432510487219132,0.143190060138702));
#2001=CARTESIAN_POINT('',(0.0586691958067368,0.00426069000458309,0.145190060138702));
#2002=CARTESIAN_POINT('',(0.0564278108469483,0.0182510487219132,0.145190060138702));
#2003=CARTESIAN_POINT('',(0.0564278108469483,0.0182510487219132,0.145190060138702));
#2004=CARTESIAN_POINT('',(0.0564278108469483,0.0182510487219132,0.145190060138702));
#2005=CARTESIAN_POINT('',(0.0564278108469483,0.0172125868037915,0.145190060138702));
#2006=CARTESIAN_POINT('',(0.056506225993032,0.0161793339279559,0.145190060138702));
#2007=CARTESIAN_POINT('',(0.0566338536792325,0.0151493501935462,0.145190060138702));
#2008=CARTESIAN_POINT('',(0.0566338536792325,0.0151493501935462,0.145190060138702));
#2009=CARTESIAN_POINT('',(0.0467123074645898,-0.00320341161055472,0.145190060138702));
#2010=CARTESIAN_POINT('',(0.0575156779072388,0.00479658838944533,0.145190060138702));
#2011=CARTESIAN_POINT('',(0.0467123074645898,0.00426069000458308,0.145190060138702));
#2012=CARTESIAN_POINT('',(0.0575289612909818,0.00426069000458309,0.145190060138702));
#2013=CARTESIAN_POINT('',(0.0575289612909818,-0.0157393099954169,0.145190060138702));
#2014=CARTESIAN_POINT('',(0.0575289612909818,-0.0108110157435927,0.145190060138702));
#2015=CARTESIAN_POINT('',(0.0575289612909818,-0.0108110157435927,0.145190060138702));
#2016=CARTESIAN_POINT('',(0.0575289612909823,-0.0115413185704479,0.145190060138702));
#2017=CARTESIAN_POINT('',(0.0575566445682368,-0.0122711464010366,0.145190060138702));
#2018=CARTESIAN_POINT('',(0.0576107235482411,-0.012999439466041,0.145190060138702));
#2019=CARTESIAN_POINT('',(0.0576107235482411,-0.012999439466041,0.145190060138702));
#2020=CARTESIAN_POINT('',(0.0207123074645898,-0.0157393099954169,0.145190060138702));
#2021=CARTESIAN_POINT('',(0.0577123074645898,-0.0157393099954169,0.145190060138702));
#2022=CARTESIAN_POINT('',(0.0577123074645898,0.00426069000458309,0.145190060138702));
#2023=CARTESIAN_POINT('',(0.02971230746459,0.00426069000458312,0.193583252228671));
#2024=CARTESIAN_POINT('',(0.02971230746459,0.00426069000458312,0.193583252228671));
#2025=CARTESIAN_POINT('',(0.0331546553022222,0.00426069000458308,0.128424118246053));
#2026=CARTESIAN_POINT('',(0.0585976829586609,0.00426069000458308,0.135075153792928));
#2027=CARTESIAN_POINT('',(0.0585976829586609,0.00426069000458308,0.135075153792928));
#2028=CARTESIAN_POINT('',(0.0585976829586609,-0.0157393099954169,0.135075153792928));
#2029=CARTESIAN_POINT('',(0.02971230746459,-0.0157393099954169,0.193583252228671));
#2030=CARTESIAN_POINT('',(0.0306683514206337,-0.0157393099954169,0.128340256589643));
#2031=CARTESIAN_POINT('',(0.0331546553022222,0.00426069000458308,0.128424118246052));
#2032=CARTESIAN_POINT('',(0.0327417073328557,0.000925714714871419,0.128402302263204));
#2033=CARTESIAN_POINT('',(0.0319096801053003,-0.00404586116478592,0.128366763325056));
#2034=CARTESIAN_POINT('',(0.0310189508411779,-0.0107085752627678,0.128345708283462));
#2035=CARTESIAN_POINT('',(0.0307772933410784,-0.0140628541218128,0.128341852979625));
#2036=CARTESIAN_POINT('',(0.0306683514206338,-0.0157393099954993,0.128340256589643));
#2037=CARTESIAN_POINT('',(0.02971230746459,0.00139486850128543,0.194522484645996));
#2038=CARTESIAN_POINT('',(0.0333656202593852,0.00859706181899853,0.129006500206794));
#2039=CARTESIAN_POINT('',(0.0333394579888082,0.0111942874110419,0.129700905839614));
#2040=CARTESIAN_POINT('',(0.0334066597748039,0.0137893568899289,0.130400086945999));
#2041=CARTESIAN_POINT('',(0.033507162209022,0.0163828124842238,0.131101062820879));
#2042=CARTESIAN_POINT('',(0.0333656202593852,0.00859706181899853,0.129006500206794));
#2043=CARTESIAN_POINT('',(0.0335071622090226,0.0163828124842238,0.131101062820879));
#2044=CARTESIAN_POINT('',(0.0335071622090226,0.0163828124842238,0.131101062820879));
#2045=CARTESIAN_POINT('',(0.033523302569973,0.0167993129374348,0.131213637244833));
#2046=CARTESIAN_POINT('',(0.0337284066967711,0.0174021566798135,0.131387138423411));
#2047=CARTESIAN_POINT('',(0.0342997820526819,0.0180170735844944,0.131591053684438));
#2048=CARTESIAN_POINT('',(0.0347010027299127,0.01820627111826,0.131672684095148));
#2049=CARTESIAN_POINT('',(0.0349112228484927,0.018229120115111,0.1316962023158));
#2050=CARTESIAN_POINT('',(0.0349112228484927,0.0182291201151109,0.1316962023158));
#2051=CARTESIAN_POINT('',(0.02971230746459,0.00139486850128543,0.194522484645996));
#2052=CARTESIAN_POINT('',(0.0585976829586609,0.0165378786691885,0.138008001319849));
#2053=CARTESIAN_POINT('',(0.0585976829586609,0.0165378786691885,0.138008001319849));
#2054=CARTESIAN_POINT('',(0.0585976829586609,0.00687862040629783,0.135419810868824));
#2055=CARTESIAN_POINT('',(0.02971230746459,-0.00826438976160526,0.191934294194971));
#2056=CARTESIAN_POINT('',(0.0467123074645898,0.00426069000458308,0.145190060138702));
#2057=CARTESIAN_POINT('',(0.0467123074645898,0.00426069000458308,0.143553696502339));
#2058=CARTESIAN_POINT('',(0.043754083208102,0.00646063528157968,0.13697975259108));
#2059=CARTESIAN_POINT('',(0.0437618511679881,0.00571357928591516,0.136776780696665));
#2060=CARTESIAN_POINT('',(0.0439135694358832,0.00497053836890359,0.136630684598324));
#2061=CARTESIAN_POINT('',(0.0442109594691226,0.00426069000458308,0.136544641802637));
#2062=CARTESIAN_POINT('',(0.02971230746459,0.00426069000458309,0.145190060138702));
#2063=CARTESIAN_POINT('',(0.0585976829586609,0.00426069000458311,0.145190060138702));
#2064=CARTESIAN_POINT('',(0.0331546553022222,0.00426069000458308,0.128424118246052));
#2065=CARTESIAN_POINT('',(0.033336036631315,0.00572552890781748,0.128433700596029));
#2066=CARTESIAN_POINT('',(0.0333799694565775,0.00717256381666427,0.128625640169148));
#2067=CARTESIAN_POINT('',(0.0333656202593852,0.00859706181899853,0.129006500206794));
#2068=CARTESIAN_POINT('',(0.02971230746459,0.0182510487219131,0.131614363641075));
#2069=CARTESIAN_POINT('',(0.0349112228484927,0.0182291201151109,0.1316962023158));
#2070=CARTESIAN_POINT('',(0.034942513291088,0.0182417858564789,0.131702185395277));
#2071=CARTESIAN_POINT('',(0.0349762540533483,0.018245375934911,0.131704311463824));
#2072=CARTESIAN_POINT('',(0.0350094661942521,0.0182510487219443,0.131707016637855));
#2073=CARTESIAN_POINT('',(0.0585976829586609,0.0182510487219132,0.131614363641075));
#2074=CARTESIAN_POINT('',(0.0207123074645898,-0.0157393099954169,0.19358325222867));
#2075=CARTESIAN_POINT('',(0.02971230746459,-0.0157393099954169,0.19358325222867));
#2076=CARTESIAN_POINT('',(0.0486090362676421,-0.015739309995417,0.136373321792216));
#2077=CARTESIAN_POINT('',(0.0508286292070976,-0.015739309995417,0.137154859941924));
#2078=CARTESIAN_POINT('',(0.0486090362676421,-0.015739309995417,0.136373321792216));
#2079=CARTESIAN_POINT('',(0.0486090362676421,-0.0148842504200662,0.136373321792216));
#2080=CARTESIAN_POINT('',(0.0482492540273869,-0.0132202681883928,0.136280066408402));
#2081=CARTESIAN_POINT('',(0.0474107076918969,-0.0108293561410543,0.136118180477366));
#2082=CARTESIAN_POINT('',(0.0465025795155076,-0.00847012039651159,0.136008789677589));
#2083=CARTESIAN_POINT('',(0.0452426034307341,-0.00534360936402583,0.135945590449345));
#2084=CARTESIAN_POINT('',(0.043621819206872,-0.00145586138738531,0.136034205506918));
#2085=CARTESIAN_POINT('',(0.0423011025987471,0.00164286004806238,0.136296323741115));
#2086=CARTESIAN_POINT('',(0.0416385874006117,0.00319077862727228,0.136480453118826));
#2087=CARTESIAN_POINT('',(0.0416385874006117,0.00319077862727229,0.136480453118826));
#2088=CARTESIAN_POINT('',(0.0416385874006118,0.00319077862727229,0.136480453118826));
#2089=CARTESIAN_POINT('',(0.041196491436619,0.00422370369583531,0.136603322533698));
#2090=CARTESIAN_POINT('',(0.0409600996350981,0.00530590640245051,0.136812107832302));
#2091=CARTESIAN_POINT('',(0.0409360735751393,0.00639718813415121,0.137105427065274));
#2092=CARTESIAN_POINT('',(0.0409360735751394,0.00639718813415123,0.137105427065274));
#2093=CARTESIAN_POINT('',(0.0409360735751394,0.00639718813415123,0.137105427065274));
#2094=CARTESIAN_POINT('',(0.0409028892795154,0.00790444382467493,0.137510553505306));
#2095=CARTESIAN_POINT('',(0.0407776731394024,0.00939593298963142,0.13794414547045));
#2096=CARTESIAN_POINT('',(0.0405727849416763,0.010871766823075,0.138409265168766));
#2097=CARTESIAN_POINT('',(0.040572784941678,0.0108717668230765,0.138409265168767));
#2098=CARTESIAN_POINT('',(0.0207123074645898,-0.0157393099954169,0.138409265168767));
#2099=CARTESIAN_POINT('',(0.0535426799709132,-0.0107639088906087,0.138409265168767));
#2100=CARTESIAN_POINT('',(0.0535426799709132,-0.0107639088906087,0.138409265168767));
#2101=CARTESIAN_POINT('',(0.0534034108518195,-0.00984493633700763,0.138409265168767));
#2102=CARTESIAN_POINT('',(0.0532766784552845,-0.00892486829638578,0.138431850827516));
#2103=CARTESIAN_POINT('',(0.0531716928883322,-0.00800257776369448,0.138481255972114));
#2104=CARTESIAN_POINT('',(0.0531716928883324,-0.00800257776369447,0.138481255972114));
#2105=CARTESIAN_POINT('',(0.0531716928883321,-0.00800257776369431,0.138481255972114));
#2106=CARTESIAN_POINT('',(0.052693173157452,-0.00924531769922541,0.138147971317283));
#2107=CARTESIAN_POINT('',(0.0519597065515426,-0.0111231177313591,0.137704220629187));
#2108=CARTESIAN_POINT('',(0.0510889310043249,-0.0136793875207162,0.137270128928222));
#2109=CARTESIAN_POINT('',(0.0508286292070976,-0.0150447197229466,0.137154859941924));
#2110=CARTESIAN_POINT('',(0.0508286292070976,-0.015739309995417,0.137154859941924));
#2111=CARTESIAN_POINT('',(0.0207123074645898,-0.0157393099954169,0.13333325222867));
#2112=CARTESIAN_POINT('',(0.0297123074645898,-0.0157393099954169,0.13333325222867));
#2113=CARTESIAN_POINT('',(0.0207123074645898,-0.0157393099954169,0.13333325222867));
#2114=CARTESIAN_POINT('',(0.0329522462254803,0.0170506869416011,0.14115651763648));
#2115=CARTESIAN_POINT('',(0.0326103601204686,0.0171783071117579,0.141809084398184));
#2116=CARTESIAN_POINT('',(0.0323164903318671,0.0172820252799404,0.142491284979301));
#2117=CARTESIAN_POINT('',(0.0320741562121789,0.0173651971454077,0.143190060138702));
#2118=CARTESIAN_POINT('',(0.0329522462254803,0.0170506869416011,0.14115651763648));
#2119=CARTESIAN_POINT('',(0.0320741562121789,0.0173651971454077,0.143190060138702));
#2120=CARTESIAN_POINT('',(0.0207123074645898,-0.0157393099954169,0.143190060138702));
#2121=CARTESIAN_POINT('',(0.0556162145707464,-0.013147540575737,0.143190060138712));
#2122=CARTESIAN_POINT('',(0.0553171780114312,-0.0104949859745018,0.14115651763648));
#2123=CARTESIAN_POINT('',(0.0554511898524606,-0.0113792681798102,0.141830616863723));
#2124=CARTESIAN_POINT('',(0.0555505393652014,-0.0122630786879955,0.142508986162479));
#2125=CARTESIAN_POINT('',(0.0556162145707464,-0.0131475405757369,0.143190060138712));
#2126=CARTESIAN_POINT('',(0.0553171780114312,-0.0104949859745019,0.14115651763648));
#2127=CARTESIAN_POINT('',(0.0207123074645898,-0.0157393099954169,0.14115651763648));
#2128=CARTESIAN_POINT('',(0.0495637994979877,-0.0157393099954169,0.120190060138702));
#2129=CARTESIAN_POINT('',(0.0536324561604597,-0.015739309995417,0.129662293331236));
#2130=CARTESIAN_POINT('',(0.0501772295293064,-0.0157393099954169,0.131625609722801));
#2131=CARTESIAN_POINT('',(0.0207123074645898,-0.0157393099954169,0.193583252228671));
#2132=CARTESIAN_POINT('',(0.0207123074645898,-0.0157393099954169,0.12833325222867));
#2133=CARTESIAN_POINT('',(0.0297123074645898,-0.0157393099954169,0.12833325222867));
#2134=CARTESIAN_POINT('',(0.0207123074645898,-0.0157393099954169,0.135075153792928));
#2135=CARTESIAN_POINT('',(0.0297326349631781,0.0210565507520229,0.135075153792928));
#2136=CARTESIAN_POINT('',(0.0297326349631781,0.0210565507520228,0.135075153792928));
#2137=CARTESIAN_POINT('',(0.0299440863612938,0.0210047144633128,0.135075153792928));
#2138=CARTESIAN_POINT('',(0.0301577158627331,0.0209667066116552,0.135082960210414));
#2139=CARTESIAN_POINT('',(0.0303735048155234,0.0209424131238959,0.135098527414791));
#2140=CARTESIAN_POINT('',(0.0303735048155234,0.0209424131238963,0.135098527414792));
#2141=CARTESIAN_POINT('',(0.0303735048155235,0.0209424131238963,0.135098527414792));
#2142=CARTESIAN_POINT('',(0.030380862295749,0.0181059881192347,0.133742536178846));
#2143=CARTESIAN_POINT('',(0.030398885288673,0.0122952573298559,0.131461830421557));
#2144=CARTESIAN_POINT('',(0.0304464061416494,0.0031192368939296,0.129271253292118));
#2145=CARTESIAN_POINT('',(0.030543293335723,-0.00630507426426265,0.128344879590328));
#2146=CARTESIAN_POINT('',(0.0306683514206337,-0.0125928861730768,0.128340256589643));
#2147=CARTESIAN_POINT('',(0.0306683514206337,-0.0157393099954169,0.128340256589643));
#2148=CARTESIAN_POINT('',(0.0207123074645898,-0.0157393099954169,0.13083325222867));
#2149=CARTESIAN_POINT('',(0.0207123074645898,-0.0157393099954169,0.136868505469119));
#2150=CARTESIAN_POINT('',(0.029998021750304,0.0221391206769866,0.136868505469119));
#2151=CARTESIAN_POINT('',(0.0297820749064503,0.0221914073528032,0.136868505469119));
#2152=CARTESIAN_POINT('',(0.0297820749064503,0.0221914073528032,0.13083325222867));
#2153=CARTESIAN_POINT('',(0.0297820749064503,0.0221914073528033,0.14319006222867));
#2154=CARTESIAN_POINT('',(0.0207123074645898,-0.0157393099954169,0.143190060138702));
#2155=CARTESIAN_POINT('',(0.029998021750304,0.0221391206769866,0.143190060138702));
#2156=CARTESIAN_POINT('',(0.029998021750304,0.0221391206769866,0.13083325222867));
#2157=CARTESIAN_POINT('',(0.0207123074645898,-0.0157393099954169,0.13083325222867));
#2158=CARTESIAN_POINT('',(0.0525394795293691,-0.00117802164723375,0.134357756837727));
#2159=CARTESIAN_POINT('',(0.0519120312889313,0.000193416280004799,0.137354842274379));
#2160=CARTESIAN_POINT('',(0.0536486361857151,0.00215027283235097,0.139455311332304));
#2161=CARTESIAN_POINT('',(0.0534328569599452,-0.00313071130778046,0.135685306128791));
#2162=CARTESIAN_POINT('',(0.0529266657152653,-0.00180691130543949,0.138158447486052));
#2163=CARTESIAN_POINT('',(0.0542297068843361,-0.000248745893610305,0.140158131544996));
#2164=CARTESIAN_POINT('',(0.0548131376918699,-0.00707885052114865,0.138539526446554));
#2165=CARTESIAN_POINT('',(0.0545864919661188,-0.00602926492533656,0.140103259591934));
#2166=CARTESIAN_POINT('',(0.0551274693098712,-0.00509931692695916,0.141669189360641));
#2167=CARTESIAN_POINT('',(0.0554738606855586,-0.0111736625821607,0.141669815170284));
#2168=CARTESIAN_POINT('',(0.0554189720681251,-0.0106479061108226,0.142500843999015));
#2169=CARTESIAN_POINT('',(0.0555572168704694,-0.0101300860305547,0.14332640103773));
#2170=CARTESIAN_POINT('',(0.0556215442717719,-0.0132203448229538,0.143246127538525));
#2171=CARTESIAN_POINT('',(0.0556008667511358,-0.0129337841065284,0.143705622320331));
#2172=CARTESIAN_POINT('',(0.055653273253463,-0.0126445813549623,0.144160919350373));
#2173=CARTESIAN_POINT('',(0.0556162145707464,-0.0131475405757367,0.1431900601387));
#2174=CARTESIAN_POINT('',(0.0555584831224773,-0.0123700589478722,0.14331174594701));
#2175=CARTESIAN_POINT('',(0.0555400476749284,-0.0115905378492237,0.143433365100976));
#2176=CARTESIAN_POINT('',(0.0555622969589099,-0.0108110157435922,0.143553696502336));
#2177=CARTESIAN_POINT('',(0.0549406661027048,-0.00792140295307956,0.140812252970146));
#2178=CARTESIAN_POINT('',(0.0544794650316316,-0.00458787385809589,0.140444413111818));
#2179=CARTESIAN_POINT('',(0.0540825413668941,-0.00125679090279226,0.139983905671071));
#2180=CARTESIAN_POINT('',(0.0536692500605585,0.00206492003823545,0.139480336002074));
#2181=CARTESIAN_POINT('',(0.0549406661027048,-0.00792140295307955,0.140812252970146));
#2182=CARTESIAN_POINT('',(0.0549406661027048,-0.00792140295307955,0.140812252970146));
#2183=CARTESIAN_POINT('',(0.055059845675853,-0.00878282457487434,0.140907306949966));
#2184=CARTESIAN_POINT('',(0.0551876297582132,-0.00964015692231143,0.141023520193521));
#2185=CARTESIAN_POINT('',(0.0553171780114312,-0.0104949859745019,0.14115651763648));
#2186=CARTESIAN_POINT('',(0.053687815866476,0.00216760423378206,0.13950303257281));
#2187=CARTESIAN_POINT('',(0.0547114486202184,0.00129344105440379,0.140758584579803));
#2188=CARTESIAN_POINT('',(0.0562556788348654,0.000507186514987463,0.141379513693628));
#2189=CARTESIAN_POINT('',(0.0534288418115428,0.000733011307609144,0.139185384086826));
#2190=CARTESIAN_POINT('',(0.0544255711301521,-5.21578070552401E-5,0.140291697347622));
#2191=CARTESIAN_POINT('',(0.0558350583913912,-0.000783782028183636,0.140849840984268));
#2192=CARTESIAN_POINT('',(0.0528746300162935,-0.00214730020979279,0.138594213382906));
#2193=CARTESIAN_POINT('',(0.0537839043301961,-0.00276664449032018,0.139420544908108));
#2194=CARTESIAN_POINT('',(0.0549329366206674,-0.00337952798446162,0.139864075264192));
#2195=CARTESIAN_POINT('',(0.0521111815415118,-0.00579214343915697,0.137971202106113));
#2196=CARTESIAN_POINT('',(0.0528397119995855,-0.00623578116374955,0.138504399781008));
#2197=CARTESIAN_POINT('',(0.0536850880659251,-0.00667673114337886,0.138825216004555));
#2198=CARTESIAN_POINT('',(0.0514774705858061,-0.00875181459907178,0.137548222658411));
#2199=CARTESIAN_POINT('',(0.0520335265631524,-0.0090582420807648,0.137890541363174));
#2200=CARTESIAN_POINT('',(0.0526454467892902,-0.00936349453664428,0.138119905952768));
#2201=CARTESIAN_POINT('',(0.0510050050458218,-0.0110053051971655,0.137273773442246));
#2202=CARTESIAN_POINT('',(0.0514237879864721,-0.0112093977231445,0.137496958458108));
#2203=CARTESIAN_POINT('',(0.0518681500958599,-0.0114143531685098,0.137662267190602));
#2204=CARTESIAN_POINT('',(0.0505627317246377,-0.0132808709640823,0.137051678721819));
#2205=CARTESIAN_POINT('',(0.0508458211575664,-0.0133851809200512,0.137183233580213));
#2206=CARTESIAN_POINT('',(0.0511380662524824,-0.0134905512454135,0.137291928537963));
#2207=CARTESIAN_POINT('',(0.0503759155980149,-0.0149189139721463,0.136969477711362));
#2208=CARTESIAN_POINT('',(0.0505994370487807,-0.0149538834499798,0.137069092916788));
#2209=CARTESIAN_POINT('',(0.0508286292076245,-0.0149887875471,0.137154859942122));
#2210=CARTESIAN_POINT('',(0.0503759155976968,-0.015739309995417,0.13696947771122));
#2211=CARTESIAN_POINT('',(0.0505994370486523,-0.0157393099954169,0.137069092916453));
#2212=CARTESIAN_POINT('',(0.0508286292070966,-0.015739309995417,0.137154859941924));
#2213=CARTESIAN_POINT('',(0.0531716928883324,-0.00800257776369446,0.138481255972114));
#2214=CARTESIAN_POINT('',(0.0532246788323646,-0.00464569438523418,0.138848257101056));
#2215=CARTESIAN_POINT('',(0.0534251964959888,-0.00128978100920033,0.139182971961627));
#2216=CARTESIAN_POINT('',(0.0536692500605552,0.00206492003822996,0.13948033600207));
#2217=CARTESIAN_POINT('',(0.0207123074645898,-0.0157393099954169,0.14115651763648));
#2218=CARTESIAN_POINT('',(0.0405727849416773,0.0108717668230756,0.138409265168766));
#2219=CARTESIAN_POINT('',(0.0398959601880606,0.0120022567999515,0.138629132489518));
#2220=CARTESIAN_POINT('',(0.0389973577035188,0.0129540041860767,0.13888285694756));
#2221=CARTESIAN_POINT('',(0.0380442790745534,0.013827172421837,0.1391975021573));
#2222=CARTESIAN_POINT('',(0.0380442790745534,0.013827172421837,0.1391975021573));
#2223=CARTESIAN_POINT('',(0.0380442790745534,0.013827172421837,0.1391975021573));
#2224=CARTESIAN_POINT('',(0.0377356430450895,0.0141099310202872,0.139299393906073));
#2225=CARTESIAN_POINT('',(0.0374038370327115,0.0143673085210258,0.139382738361022));
#2226=CARTESIAN_POINT('',(0.0370646989952506,0.0146145588829165,0.139466051031805));
#2227=CARTESIAN_POINT('',(0.0370646989952506,0.0146145588829165,0.139466051031805));
#2228=CARTESIAN_POINT('',(0.0370646989952506,0.0146145588829165,0.139466051031805));
#2229=CARTESIAN_POINT('',(0.0363882116160058,0.0151077555487491,0.139632236962284));
#2230=CARTESIAN_POINT('',(0.0350186296901618,0.0160341194719455,0.140038227207474));
#2231=CARTESIAN_POINT('',(0.0336218612886123,0.0168007312193775,0.140677225855974));
#2232=CARTESIAN_POINT('',(0.0329522462254803,0.0170506869416013,0.141156517636479));
#2233=CARTESIAN_POINT('',(0.0523510462502734,-0.0109444994620089,0.14115651763648));
#2234=CARTESIAN_POINT('',(0.0535426799709132,-0.0107639088906087,0.138409265168767));
#2235=CARTESIAN_POINT('',(0.0553171780114312,-0.0104949859745019,0.1391966397078));
#2236=CARTESIAN_POINT('',(0.0553171780114312,-0.0104949859745019,0.14115651763648));
#2237=CARTESIAN_POINT('',(0.053403426717234,-0.00984504103065659,0.138409265168431));
#2238=CARTESIAN_POINT('',(0.0550989810379659,-0.00962989817521846,0.13915886226517));
#2239=CARTESIAN_POINT('',(0.0551869165078104,-0.00963545051253214,0.141022787952581));
#2240=CARTESIAN_POINT('',(0.0532766983605026,-0.00892504315760077,0.138431841460801));
#2241=CARTESIAN_POINT('',(0.0548903128648058,-0.00875146614295878,0.139142763730268));
#2242=CARTESIAN_POINT('',(0.0550590968636559,-0.00877741221211285,0.140906709720762));
#2243=CARTESIAN_POINT('',(0.0531716928883327,-0.00800257776369441,0.138481255972114));
#2244=CARTESIAN_POINT('',(0.0547012294485746,-0.00786142263962376,0.139153729531423));
#2245=CARTESIAN_POINT('',(0.0549406661027051,-0.00792140295307898,0.140812252970146));
#2246=CARTESIAN_POINT('',(0.0519913791326555,-0.008283906918818,0.141224923835511));
#2247=CARTESIAN_POINT('',(0.0531716928883322,-0.00800257776369466,0.138481255972114));
#2248=CARTESIAN_POINT('',(0.0547012294485743,-0.00786142263962418,0.139153729531423));
#2249=CARTESIAN_POINT('',(0.0549406661027048,-0.00792140295307957,0.140812252970146));
#2250=CARTESIAN_POINT('',(0.0532244755765665,-0.00465857155482201,0.138846849267074));
#2251=CARTESIAN_POINT('',(0.0541012257748626,-0.0049287695647807,0.139462116154475));
#2252=CARTESIAN_POINT('',(0.0544831814089241,-0.00461473557446059,0.140447377179598));
#2253=CARTESIAN_POINT('',(0.0534250495555132,-0.00129157406106736,0.139182792923834));
#2254=CARTESIAN_POINT('',(0.0537541987838417,-0.00127727310105425,0.13958384073806));
#2255=CARTESIAN_POINT('',(0.0540833480283845,-0.00126297212391448,0.139984888537762));
#2256=CARTESIAN_POINT('',(0.0536692500605568,0.00206492003822998,0.139480336002069));
#2257=CARTESIAN_POINT('',(0.053669250060558,0.00206492003823353,0.13948033600207));
#2258=CARTESIAN_POINT('',(0.0536692500605593,0.00206492003823707,0.139480336002072));
#2259=CARTESIAN_POINT('',(0.0416385874006118,0.00319077862727229,0.136480453118826));
#2260=CARTESIAN_POINT('',(0.0429334838693317,0.00368069209215998,0.136914249253264));
#2261=CARTESIAN_POINT('',(0.0442109594691226,0.00426069000458309,0.136544641802637));
#2262=CARTESIAN_POINT('',(0.0422991303515874,0.00164746806130209,0.136296871877701));
#2263=CARTESIAN_POINT('',(0.0434677262712956,0.00211261301041284,0.136689444799132));
#2264=CARTESIAN_POINT('',(0.0446527110751885,0.00262046722288377,0.136416831388916));
#2265=CARTESIAN_POINT('',(0.0436186440828375,-0.00144833448304705,0.136034535185989));
#2266=CARTESIAN_POINT('',(0.0445519186006628,-0.00104677609727472,0.13634740404409));
#2267=CARTESIAN_POINT('',(0.0455363007673263,-0.000661211456325841,0.136234190936009));
#2268=CARTESIAN_POINT('',(0.0452419197851193,-0.00534187948665622,0.135945511909767));
#2269=CARTESIAN_POINT('',(0.0459178852596732,-0.00505415373257782,0.136169910514089));
#2270=CARTESIAN_POINT('',(0.0466320109173355,-0.00477139013687561,0.136172212371665));
#2271=CARTESIAN_POINT('',(0.0465035799351057,-0.00847261678610813,0.136008852628846));
#2272=CARTESIAN_POINT('',(0.046985274057869,-0.0082717429761118,0.136168928157469));
#2273=CARTESIAN_POINT('',(0.047491197554046,-0.00807219977979547,0.136216310578283));
#2274=CARTESIAN_POINT('',(0.047412213746902,-0.0108333516904587,0.136118416565271));
#2275=CARTESIAN_POINT('',(0.0477556585569946,-0.0106959480524443,0.13623289984027));
#2276=CARTESIAN_POINT('',(0.0481137187279162,-0.0105610175831667,0.136292589679268));
#2277=CARTESIAN_POINT('',(0.0482500577075401,-0.0132231715507389,0.136280269786212));
#2278=CARTESIAN_POINT('',(0.0484675090576851,-0.0131516184047233,0.136352648012002));
#2279=CARTESIAN_POINT('',(0.0486911585895314,-0.0130819708746926,0.13640527290859));
#2280=CARTESIAN_POINT('',(0.0486090362649174,-0.0148849742744195,0.136373321791316));
#2281=CARTESIAN_POINT('',(0.0487727291933973,-0.0148609899052111,0.136427390392138));
#2282=CARTESIAN_POINT('',(0.0489397573613944,-0.0148369484455566,0.136470056299413));
#2283=CARTESIAN_POINT('',(0.0486090362676431,-0.0157393099954169,0.136373321792217));
#2284=CARTESIAN_POINT('',(0.0487727291959501,-0.0157393099954169,0.136427390392713));
#2285=CARTESIAN_POINT('',(0.0489397573633367,-0.0157393099954169,0.136470056299909));
#2286=CARTESIAN_POINT('',(0.042821321693863,0.00426069000458308,0.131741631615934));
#2287=CARTESIAN_POINT('',(0.0409360735751394,0.00639718813415123,0.137105427065274));
#2288=CARTESIAN_POINT('',(0.0423653576278762,0.00632045314573194,0.13744255726037));
#2289=CARTESIAN_POINT('',(0.043754083208102,0.00646063528157969,0.13697975259108));
#2290=CARTESIAN_POINT('',(0.0409599538883905,0.00531252641984387,0.13681388718856));
#2291=CARTESIAN_POINT('',(0.0423813048563914,0.00542727236694639,0.137197484308983));
#2292=CARTESIAN_POINT('',(0.0437618511689048,0.00571357928625222,0.136776780696425));
#2293=CARTESIAN_POINT('',(0.0411939056224955,0.00422974526503936,0.136604041196046));
#2294=CARTESIAN_POINT('',(0.0425701213383201,0.00453567026135775,0.137019379636506));
#2295=CARTESIAN_POINT('',(0.0439135694365217,0.00497053836915539,0.136630684598139));
#2296=CARTESIAN_POINT('',(0.0416385874006118,0.0031907786272723,0.136480453118826));
#2297=CARTESIAN_POINT('',(0.0429334838693317,0.00368069209215999,0.136914249253264));
#2298=CARTESIAN_POINT('',(0.0442109594691226,0.00426069000458309,0.136544641802637));
#2299=CARTESIAN_POINT('',(0.042110625287831,0.00768282710213335,0.132418470620178));
#2300=CARTESIAN_POINT('',(0.0405727849416763,0.0108717668230751,0.138409265168766));
#2301=CARTESIAN_POINT('',(0.0420829514099887,0.0109325098935987,0.138826883987049));
#2302=CARTESIAN_POINT('',(0.043537831750464,0.011270667433698,0.138349735547893));
#2303=CARTESIAN_POINT('',(0.0407775874594008,0.00939655016072608,0.13794433997667));
#2304=CARTESIAN_POINT('',(0.0422448348125534,0.00941802852033039,0.138331335766951));
#2305=CARTESIAN_POINT('',(0.0436682896764503,0.00968003394037269,0.137872616240773));
#2306=CARTESIAN_POINT('',(0.0409028736773972,0.00790515251521503,0.13751074399026));
#2307=CARTESIAN_POINT('',(0.0423432576687411,0.0078770387808629,0.137869655272253));
#2308=CARTESIAN_POINT('',(0.04374328370618,0.00807678170407995,0.137416688846738));
#2309=CARTESIAN_POINT('',(0.0409360735751394,0.00639718813415123,0.137105427065274));
#2310=CARTESIAN_POINT('',(0.0423653576278762,0.00632045314573194,0.13744255726037));
#2311=CARTESIAN_POINT('',(0.043754083208102,0.00646063528157968,0.13697975259108));
#2312=CARTESIAN_POINT('',(0.0417742341315053,0.0124815899867397,0.133830511055911));
#2313=CARTESIAN_POINT('',(0.0435378317504637,0.0112706674337013,0.138349735547894));
#2314=CARTESIAN_POINT('',(0.0420829514099883,0.0109325098936018,0.13882688398705));
#2315=CARTESIAN_POINT('',(0.0405727849416758,0.0108717668230781,0.138409265168767));
#2316=CARTESIAN_POINT('',(0.043466386288989,0.0121417799501468,0.138611030564382));
#2317=CARTESIAN_POINT('',(0.0418837766083768,0.0115946379031729,0.139096759834225));
#2318=CARTESIAN_POINT('',(0.0402544696493338,0.011403443951039,0.138512670264218));
#2319=CARTESIAN_POINT('',(0.043147772393482,0.0137670862974359,0.139172165211298));
#2320=CARTESIAN_POINT('',(0.0413177071016567,0.0128157915161803,0.139723507362743));
#2321=CARTESIAN_POINT('',(0.0394680526054933,0.012431612562166,0.138747516419843));
#2322=CARTESIAN_POINT('',(0.0426473875373182,0.0152600167593084,0.139817930795599));
#2323=CARTESIAN_POINT('',(0.0406303936828039,0.013786184878181,0.140476388403102));
#2324=CARTESIAN_POINT('',(0.0385291041963768,0.0133829972166052,0.139037444112922));
#2325=CARTESIAN_POINT('',(0.0423710964542556,0.01596041903536,0.140163110012617));
#2326=CARTESIAN_POINT('',(0.0402870037370424,0.0141911795196103,0.140877135536137));
#2327=CARTESIAN_POINT('',(0.0380442790745534,0.013827172421837,0.1391975021573));
#2328=CARTESIAN_POINT('',(0.0399593125596254,0.0170940139064079,0.135932476358667));
#2329=CARTESIAN_POINT('',(0.0423710964542556,0.0159604190353601,0.140163110012617));
#2330=CARTESIAN_POINT('',(0.0402870037370424,0.0141911795196104,0.140877135536137));
#2331=CARTESIAN_POINT('',(0.0380442790745534,0.013827172421837,0.1391975021573));
#2332=CARTESIAN_POINT('',(0.0422015909841907,0.0168347803955858,0.140494025480763));
#2333=CARTESIAN_POINT('',(0.0400752443819049,0.0146698647223236,0.14135875068167));
#2334=CARTESIAN_POINT('',(0.03774683727949,0.0140996753510752,0.139295698280783));
#2335=CARTESIAN_POINT('',(0.0419915917709279,0.0175890804293007,0.140681289785347));
#2336=CARTESIAN_POINT('',(0.0398483956012737,0.0150507609825005,0.141801958907952));
#2337=CARTESIAN_POINT('',(0.0374109866652756,0.0143620960465515,0.139380981985185));
#2338=CARTESIAN_POINT('',(0.041769674569379,0.0182510487219132,0.140827122437529));
#2339=CARTESIAN_POINT('',(0.0396503647715395,0.0153551377821428,0.142219824609592));
#2340=CARTESIAN_POINT('',(0.0370646989952506,0.0146145588829165,0.139466051031805));
#2341=CARTESIAN_POINT('',(0.0390237674053731,0.0182510487219131,0.136648606690681));
#2342=CARTESIAN_POINT('',(0.0417696745693791,0.0182510487219132,0.140827122437529));
#2343=CARTESIAN_POINT('',(0.0396503647715396,0.0153551377821428,0.142219824609592));
#2344=CARTESIAN_POINT('',(0.0370646989952506,0.0146145588829165,0.139466051031805));
#2345=CARTESIAN_POINT('',(0.0412765028177084,0.0190549243960171,0.141151209727859));
#2346=CARTESIAN_POINT('',(0.0391269950754039,0.0157626393867428,0.142770525131232));
#2347=CARTESIAN_POINT('',(0.036295135887346,0.0151756128956817,0.139655101950924));
#2348=CARTESIAN_POINT('',(0.0405466177783635,0.0201570289121765,0.141730377178439));
#2349=CARTESIAN_POINT('',(0.038482887616412,0.0160742481088852,0.143702437164593));
#2350=CARTESIAN_POINT('',(0.0351794997605236,0.0159222521575262,0.139992949630848));
#2351=CARTESIAN_POINT('',(0.039611875979276,0.021261869662207,0.142782895063214));
#2352=CARTESIAN_POINT('',(0.0381766051820745,0.0156978914765869,0.144665062644487));
#2353=CARTESIAN_POINT('',(0.0338148527779664,0.0166822682990629,0.14060691839657));
#2354=CARTESIAN_POINT('',(0.039190195695494,0.021619091894678,0.143391763253703));
#2355=CARTESIAN_POINT('',(0.0382515833241424,0.0152707460259259,0.144854129034034));
#2356=CARTESIAN_POINT('',(0.0332238775594671,0.0169492916624275,0.140962091508363));
#2357=CARTESIAN_POINT('',(0.0389906298195298,0.0217349722183182,0.1437250651884));
#2358=CARTESIAN_POINT('',(0.0383313895785494,0.0150427457589877,0.144826085323668));
#2359=CARTESIAN_POINT('',(0.0329522462254803,0.0170506869416013,0.14115651763648));
#2360=CARTESIAN_POINT('',(0.0347008089056075,0.021734972218318,0.14115651763648));
#2361=CARTESIAN_POINT('',(0.0320697635169163,0.0173667044433444,0.143202744599541));
#2362=CARTESIAN_POINT('',(0.0380283488443996,0.0153225329494875,0.145834816666906));
#2363=CARTESIAN_POINT('',(0.0383422751765032,0.0220961350774531,0.145040496807511));
#2364=CARTESIAN_POINT('',(0.0323149571716205,0.0172825875176189,0.142493707679755));
#2365=CARTESIAN_POINT('',(0.0381151930135971,0.0152434141222155,0.145488528773493));
#2366=CARTESIAN_POINT('',(0.0385224174536761,0.0220000014485562,0.144584687359109));
#2367=CARTESIAN_POINT('',(0.0326140160289628,0.0171769424243451,0.141802106271314));
#2368=CARTESIAN_POINT('',(0.0382180694594871,0.0151483254053208,0.145149742569961));
#2369=CARTESIAN_POINT('',(0.0387421341651256,0.021879264198017,0.144140086453817));
#2370=CARTESIAN_POINT('',(0.0329522462254804,0.0170506869416011,0.14115651763648));
#2371=CARTESIAN_POINT('',(0.0383313895785495,0.0150427457589873,0.144826085323668));
#2372=CARTESIAN_POINT('',(0.0389906298195298,0.0217349722183179,0.1437250651884));
#2373=CARTESIAN_POINT('',(0.03876325924266,0.0218651026517661,0.144127949346549));
#2374=CARTESIAN_POINT('',(0.0387318832042364,0.0210750916903145,0.144187044135702));
#2375=CARTESIAN_POINT('',(0.0382893696467485,0.0195268050542991,0.144218029756646));
#2376=CARTESIAN_POINT('',(0.0366319230600437,0.0177556710640502,0.143972759780157));
#2377=CARTESIAN_POINT('',(0.034391567384301,0.0169458817435713,0.143574726110726));
#2378=CARTESIAN_POINT('',(0.0328148601045963,0.0171109790246969,0.143310242127377));
#2379=CARTESIAN_POINT('',(0.0320741562121789,0.0173651971454077,0.143190060138702));
#2380=CARTESIAN_POINT('',(0.0336372949847612,-0.0159862910763009,0.126007292766158));
#2381=CARTESIAN_POINT('',(0.0330974156448915,-0.0159854306056111,0.128375993614126));
#2382=CARTESIAN_POINT('',(0.0306682305806253,-0.0159854435721166,0.128340299461005));
#2383=CARTESIAN_POINT('',(0.0336373410114305,-0.0142506567743379,0.126006460327311));
#2384=CARTESIAN_POINT('',(0.0330978993750015,-0.0142561763540877,0.128373997728907));
#2385=CARTESIAN_POINT('',(0.0306699282883051,-0.0142557009082528,0.12833969604861));
#2386=CARTESIAN_POINT('',(0.0336363105064988,-0.0107752251200187,0.126015674628901));
#2387=CARTESIAN_POINT('',(0.0330870328234226,-0.010779716064184,0.128409774997893));
#2388=CARTESIAN_POINT('',(0.0306319567015529,-0.0107996786932686,0.128344080506051));
#2389=CARTESIAN_POINT('',(0.0336339601832362,-0.00559827012832138,0.126170255355311));
#2390=CARTESIAN_POINT('',(0.0330618477746889,-0.00571157992367842,0.128623005329585));
#2391=CARTESIAN_POINT('',(0.0305458338729123,-0.00572350183861447,0.128482579046403));
#2392=CARTESIAN_POINT('',(0.0336323013868878,-0.000450075902521066,0.126600909455215));
#2393=CARTESIAN_POINT('',(0.0330437383088517,-0.000724396588749533,0.129084977350306));
#2394=CARTESIAN_POINT('',(0.0304854361594443,-0.000714971009164314,0.12889064516263));
#2395=CARTESIAN_POINT('',(0.0336311503868299,0.0046919182388444,0.127373384295842));
#2396=CARTESIAN_POINT('',(0.0330310104620057,0.00423683481882066,0.129861800373486));
#2397=CARTESIAN_POINT('',(0.0304437069815146,0.00427029030968513,0.129631280899917));
#2398=CARTESIAN_POINT('',(0.0336303564723153,0.00976997920862106,0.128514116117111));
#2399=CARTESIAN_POINT('',(0.0330221503097146,0.00912623777343492,0.130982369459621));
#2400=CARTESIAN_POINT('',(0.030415012487326,0.00918613149528786,0.130729404989351));
#2401=CARTESIAN_POINT('',(0.033629603114875,0.0163367045706841,0.130507685577318));
#2402=CARTESIAN_POINT('',(0.0330136822923153,0.01544766358745,0.132923073931707));
#2403=CARTESIAN_POINT('',(0.0303878484068109,0.0155368228943435,0.132651196914922));
#2404=CARTESIAN_POINT('',(0.033629251591272,0.0210624349315831,0.132539590192184));
#2405=CARTESIAN_POINT('',(0.0330097084457772,0.0199854305898532,0.134885569340086));
#2406=CARTESIAN_POINT('',(0.0303751981693091,0.0201068622837781,0.134612864057411));
#2407=CARTESIAN_POINT('',(0.0336290592389186,0.0241191514774217,0.134141034922958));
#2408=CARTESIAN_POINT('',(0.0330075286588834,0.0229209477008543,0.136429365045053));
#2409=CARTESIAN_POINT('',(0.0303682814791252,0.0230622738289976,0.1361594603407));
#2410=CARTESIAN_POINT('',(0.0335472963545604,0.0215216724769051,0.13315985378137));
#2411=CARTESIAN_POINT('',(0.033460049781311,0.0205743589143709,0.132990873610741));
#2412=CARTESIAN_POINT('',(0.0333419444883513,0.0196302992170508,0.132825349397341));
#2413=CARTESIAN_POINT('',(0.0331931836912748,0.0186892087429686,0.132664764260542));
#2414=CARTESIAN_POINT('',(0.0335472963545599,0.021521672476905,0.133159853781371));
#2415=CARTESIAN_POINT('',(0.0331931836912748,0.0186892087429686,0.132664764260542));
#2416=CARTESIAN_POINT('',(0.0331931836912748,0.0186892087429689,0.132664764260542));
#2417=CARTESIAN_POINT('',(0.0331173856315371,0.0182096950984135,0.132582941347306));
#2418=CARTESIAN_POINT('',(0.0331012153605573,0.0172813655726969,0.132215997919387));
#2419=CARTESIAN_POINT('',(0.0333664127773838,0.0165444490315215,0.131547411533262));
#2420=CARTESIAN_POINT('',(0.0335071622090226,0.0163828124842238,0.131101062820879));
#2421=CARTESIAN_POINT('',(0.0303735048155234,0.0209424131238959,0.135098527414791));
#2422=CARTESIAN_POINT('',(0.0307652878617474,0.0208796902927843,0.13511788529489));
#2423=CARTESIAN_POINT('',(0.0315677146989824,0.0209834397310393,0.135085822951847));
#2424=CARTESIAN_POINT('',(0.0328503596517006,0.0219174791201161,0.13479791479093));
#2425=CARTESIAN_POINT('',(0.0333514873270346,0.0229606871134335,0.134478239312264));
#2426=CARTESIAN_POINT('',(0.0335402867654713,0.023690846751454,0.134255664278539));
#2427=CARTESIAN_POINT('',(0.0335402867654716,0.0236908467514553,0.134255664278544));
#2428=CARTESIAN_POINT('',(0.0335402867654716,0.0236908467514553,0.134255664278544));
#2429=CARTESIAN_POINT('',(0.0335542016022576,0.0237446607472749,0.134239260123465));
#2430=CARTESIAN_POINT('',(0.0335918408300519,0.023885417768672,0.134181717276581));
#2431=CARTESIAN_POINT('',(0.0336146725218862,0.0237487551851199,0.134012856136344));
#2432=CARTESIAN_POINT('',(0.0336181279262202,0.0236109628500781,0.133927088545667));
#2433=CARTESIAN_POINT('',(0.0336216113362867,0.0234099732917077,0.133808762361483));
#2434=CARTESIAN_POINT('',(0.0336204078841991,0.0231530198810414,0.133683901338976));
#2435=CARTESIAN_POINT('',(0.0336138960033505,0.022731059946189,0.133501206799099));
#2436=CARTESIAN_POINT('',(0.0335962122733642,0.0221907780679471,0.133309891935809));
#2437=CARTESIAN_POINT('',(0.0335680837439017,0.021747379632152,0.13320011503711));
#2438=CARTESIAN_POINT('',(0.0335472963545601,0.0215216724769049,0.133159853781371));
#2439=CARTESIAN_POINT('',(0.0307123074645898,0.0250528461133254,0.13083325222867));
#2440=CARTESIAN_POINT('',(0.0307123074645898,0.0250528461133254,0.143190060138702));
#2441=CARTESIAN_POINT('',(0.0337123074645898,0.0250528461133254,0.134886469280604));
#2442=CARTESIAN_POINT('',(0.0337123074645898,0.0247088877058059,0.134886469280604));
#2443=CARTESIAN_POINT('',(0.0336547209970193,0.0243747889189688,0.134873115793585));
#2444=CARTESIAN_POINT('',(0.0335402867654717,0.0240515803774773,0.134848503388586));
#2445=CARTESIAN_POINT('',(0.0335402867654717,0.0240515803774773,0.134848503388586));
#2446=CARTESIAN_POINT('',(0.0335402867654717,0.0240515803774773,0.134848503388586));
#2447=CARTESIAN_POINT('',(0.03335161880499,0.0235187057689899,0.135388913612537));
#2448=CARTESIAN_POINT('',(0.0328475126610674,0.0227634862848789,0.136166969901734));
#2449=CARTESIAN_POINT('',(0.0315665251291002,0.0221005599267182,0.136860941978527));
#2450=CARTESIAN_POINT('',(0.030762900967513,0.0220277794122017,0.13693764584307));
#2451=CARTESIAN_POINT('',(0.0303735048155236,0.0220720387118005,0.136891162658129));
#2452=CARTESIAN_POINT('',(0.0303735048155234,0.0220720387118005,0.136891162658129));
#2453=CARTESIAN_POINT('',(0.0303735048155235,0.0220720387118005,0.136891162658129));
#2454=CARTESIAN_POINT('',(0.0302473632901184,0.022086376130227,0.136876104831223));
#2455=CARTESIAN_POINT('',(0.0301221949942061,0.0221086802061345,0.136868505469119));
#2456=CARTESIAN_POINT('',(0.0299980217503041,0.0221391206769866,0.136868505469119));
#2457=CARTESIAN_POINT('',(0.0370496568621801,0.0250528461133254,0.13190549705934));
#2458=CARTESIAN_POINT('',(0.0337123074645898,0.0250528461133254,0.1315278173209));
#2459=CARTESIAN_POINT('',(0.0337123074645898,0.0250528461133254,0.134886469280604));
#2460=CARTESIAN_POINT('',(0.0370496568552315,0.023654216236642,0.131905497058554));
#2461=CARTESIAN_POINT('',(0.0337123074621265,0.0244421321698741,0.1315278173213));
#2462=CARTESIAN_POINT('',(0.0337123074645898,0.0243535311749801,0.134886469280158));
#2463=CARTESIAN_POINT('',(0.0365327986203303,0.0222941203798503,0.131842355667498));
#2464=CARTESIAN_POINT('',(0.0335451479656188,0.023837605050575,0.13153555842703));
#2465=CARTESIAN_POINT('',(0.0334657601400238,0.023673483248433,0.134826230942847));
#2466=CARTESIAN_POINT('',(0.0356016926003167,0.0212229045103866,0.131757970747797));
#2467=CARTESIAN_POINT('',(0.0331401794622218,0.0232808585188699,0.131534887034411));
#2468=CARTESIAN_POINT('',(0.0330216118684135,0.023137875311856,0.134745725787982));
#2469=CARTESIAN_POINT('',(0.0356183160303432,0.0212421103714894,0.131759479451227));
#2470=CARTESIAN_POINT('',(0.0354552519181905,0.0216591394045885,0.131744659106807));
#2471=CARTESIAN_POINT('',(0.0350672182180301,0.0224600082694188,0.131862452815334));
#2472=CARTESIAN_POINT('',(0.0343909852179712,0.023459160702637,0.132486299123549));
#2473=CARTESIAN_POINT('',(0.0339003598929629,0.0240318986539564,0.133337804527169));
#2474=CARTESIAN_POINT('',(0.0336405469554198,0.0242069935102297,0.134194774402904));
#2475=CARTESIAN_POINT('',(0.0335657854815287,0.0241235990620541,0.134637332626649));
#2476=CARTESIAN_POINT('',(0.0335402867654701,0.0240515803774727,0.134848503388585));
#2477=CARTESIAN_POINT('',(0.0367123074645898,0.0250528461133254,0.134886469280604));
#2478=CARTESIAN_POINT('',(0.0367123074645898,0.0432510487219132,0.134886469280604));
#2479=CARTESIAN_POINT('',(0.0357123074645898,0.0432510487219132,0.143190060138702));
#2480=CARTESIAN_POINT('',(0.0357123074645898,0.0250528461133254,0.143190060138702));
#2481=CARTESIAN_POINT('',(0.0577123074645898,0.0432510487219132,0.143190060138702));
#2482=CARTESIAN_POINT('',(0.0577123074645898,-0.0157393099954169,0.143190060138702));
#2483=CARTESIAN_POINT('',(0.0597123074645898,-0.0157393099954169,0.14319006222867));
#2484=CARTESIAN_POINT('',(0.0597123074645898,-0.00573930999541691,0.14319006222867));
#2485=CARTESIAN_POINT('',(0.0307123074645898,0.0250528461133254,0.143190060138702));
#2486=CARTESIAN_POINT('',(0.0295218312741136,0.0201966370527608,0.143190060138702));
#2487=CARTESIAN_POINT('',(0.0369968040822312,0.0432510487219132,0.143190060138702));
#2488=CARTESIAN_POINT('',(0.0369968040822313,0.0218651026517661,0.143190060138702));
#2489=CARTESIAN_POINT('',(0.0207123074645898,-0.0157393099954169,0.143190060138702));
#2490=CARTESIAN_POINT('',(0.0207123074645898,-0.0157393099954169,0.14319006222867));
#2491=CARTESIAN_POINT('',(0.0576107235482411,-0.012999439466041,0.143190060138702));
#2492=CARTESIAN_POINT('',(0.0327234047120411,0.0192568832677406,0.143190060138702));
#2493=CARTESIAN_POINT('',(0.0207123074645897,-0.0157393099954178,0.14319006222867));
#2494=CARTESIAN_POINT('',(0.0369968040822312,0.0218651026517661,0.145190060138702));
#2495=CARTESIAN_POINT('',(0.0381993376261859,0.0218651026517661,0.145190060138702));
#2496=CARTESIAN_POINT('',(0.03876325924266,0.0218651026517661,0.144127949346549));
#2497=CARTESIAN_POINT('',(0.036996804077671,0.0213735539323672,0.145190060138702));
#2498=CARTESIAN_POINT('',(0.0381532481717536,0.0211655786076056,0.145190060138708));
#2499=CARTESIAN_POINT('',(0.0387311839280855,0.0210574848291331,0.144188361178222));
#2500=CARTESIAN_POINT('',(0.0367235126189459,0.0204060856443598,0.145190060138702));
#2501=CARTESIAN_POINT('',(0.0377359149696891,0.0197697731981797,0.1451900601387));
#2502=CARTESIAN_POINT('',(0.0382598884691613,0.0194507995150311,0.144217344065924));
#2503=CARTESIAN_POINT('',(0.035603403460582,0.0193831455602843,0.145190060138702));
#2504=CARTESIAN_POINT('',(0.0362568580773102,0.018157536472084,0.145190060138704));
#2505=CARTESIAN_POINT('',(0.0365333265485172,0.0176949580510522,0.143955389463673));
#2506=CARTESIAN_POINT('',(0.0341682712098532,0.0189758311120714,0.145190060138702));
#2507=CARTESIAN_POINT('',(0.0342796224875807,0.0172773384712994,0.145190060138697));
#2508=CARTESIAN_POINT('',(0.0343284425071726,0.0169498534143721,0.143563893648687));
#2509=CARTESIAN_POINT('',(0.0331874193345308,0.0190976281047568,0.145190060138702));
#2510=CARTESIAN_POINT('',(0.0328171589090611,0.0172312702817738,0.145190060138715));
#2511=CARTESIAN_POINT('',(0.0328007859349332,0.0171158094420863,0.143307958543644));
#2512=CARTESIAN_POINT('',(0.0327234047120412,0.0192568832677406,0.145190060138702));
#2513=CARTESIAN_POINT('',(0.0320741562121789,0.0173651971454077,0.145190060138702));
#2514=CARTESIAN_POINT('',(0.0320741562121789,0.0173651971454077,0.143190060138702));
#2515=CARTESIAN_POINT('',(0.057610723548241,-0.0129994394660397,0.145190060138702));
#2516=CARTESIAN_POINT('',(0.0556162145707449,-0.013147540575737,0.145190060138702));
#2517=CARTESIAN_POINT('',(0.0556162145707464,-0.0131475405757369,0.143190060138701));
#2518=CARTESIAN_POINT('',(0.0575566445684377,-0.0122711464024302,0.145190060138702));
#2519=CARTESIAN_POINT('',(0.0556779214843454,-0.0123847015128091,0.145190060138704));
#2520=CARTESIAN_POINT('',(0.0555585169160484,-0.0123705140530408,0.143311674717384));
#2521=CARTESIAN_POINT('',(0.0575289612914227,-0.0115413185699428,0.145190060138702));
#2522=CARTESIAN_POINT('',(0.0557584582076722,-0.0116041088394242,0.145190060138724));
#2523=CARTESIAN_POINT('',(0.055540016410494,-0.0115916332243479,0.143433196012692));
#2524=CARTESIAN_POINT('',(0.0575289612909818,-0.0108110157435927,0.145190060138702));
#2525=CARTESIAN_POINT('',(0.0558648607023032,-0.0108110157435938,0.145190060138702));
#2526=CARTESIAN_POINT('',(0.0555622969589099,-0.0108110157435941,0.143553696502335));
#2527=CARTESIAN_POINT('',(0.0575289612909818,-0.0108110157435922,0.143190060138703));
#2528=CARTESIAN_POINT('',(0.0575289612909818,0.00426069000458309,0.143190060138702));
#2529=CARTESIAN_POINT('',(0.0575289612909818,0.00426069000458309,0.143190060138702));
#2530=CARTESIAN_POINT('',(0.0467123074645898,0.00426069000458308,0.143190060138702));
#2531=CARTESIAN_POINT('',(0.0575156779072388,0.00479658838944533,0.143190060138702));
#2532=CARTESIAN_POINT('',(0.0548299361856611,0.0149258225706239,0.144024276584343));
#2533=CARTESIAN_POINT('',(0.0553608969180466,0.0149916151530442,0.145190060138702));
#2534=CARTESIAN_POINT('',(0.0566338536792325,0.0151493501935462,0.145190060138702));
#2535=CARTESIAN_POINT('',(0.0551630659346677,0.0116799826696519,0.143874919308735));
#2536=CARTESIAN_POINT('',(0.0556565234272099,0.0116373008341642,0.145190060138775));
#2537=CARTESIAN_POINT('',(0.0570410122613745,0.0118634901312018,0.145190060138702));
#2538=CARTESIAN_POINT('',(0.0554062169131852,0.00823348155488438,0.143716328610314));
#2539=CARTESIAN_POINT('',(0.0558189951294521,0.00814288965638884,0.145190060138635));
#2540=CARTESIAN_POINT('',(0.0573381967906634,0.00837449476687673,0.145190060138702));
#2541=CARTESIAN_POINT('',(0.0555514287358481,0.00469915231947048,0.143553696502339));
#2542=CARTESIAN_POINT('',(0.055853620916062,0.00471414248408202,0.145190060138702));
#2543=CARTESIAN_POINT('',(0.0575156779072388,0.00479658838944544,0.145190060138702));
#2544=CARTESIAN_POINT('',(0.0566338536792325,0.0151493501935462,0.143190060138702));
#2545=CARTESIAN_POINT('',(0.0546613556865195,0.0182510487219132,0.144127949346549));
#2546=CARTESIAN_POINT('',(0.0552252773029936,0.0182510487219132,0.145190060138702));
#2547=CARTESIAN_POINT('',(0.0564278108469483,0.0182510487219132,0.145190060138702));
#2548=CARTESIAN_POINT('',(0.0546613556863657,0.0171284482597203,0.144127949346259));
#2549=CARTESIAN_POINT('',(0.0552252773023199,0.0171553085718927,0.145190060138696));
#2550=CARTESIAN_POINT('',(0.0564278108462962,0.0172125868037472,0.145190060138702));
#2551=CARTESIAN_POINT('',(0.0547255135331465,0.0160125163559022,0.144089650779921));
#2552=CARTESIAN_POINT('',(0.0552799399197781,0.0160530142210685,0.145190060138636));
#2553=CARTESIAN_POINT('',(0.0565062259894425,0.0161793339277181,0.145190060138702));
#2554=CARTESIAN_POINT('',(0.0548299361856611,0.0149258225706239,0.144024276584343));
#2555=CARTESIAN_POINT('',(0.0553608969180466,0.0149916151530442,0.145190060138702));
#2556=CARTESIAN_POINT('',(0.0566338536792325,0.0151493501935462,0.145190060138702));
#2557=CARTESIAN_POINT('',(0.0564278108469483,0.0182510487219132,0.143190060138702));
#2558=CARTESIAN_POINT('',(0.0564278108469483,0.0432510487219132,0.143190060138702));
#2559=CARTESIAN_POINT('',(0.0577123074645898,0.0432510487219132,0.140026896112273));
#2560=CARTESIAN_POINT('',(0.0577123074645898,0.0182510487219132,0.140026896112273));
#2561=CARTESIAN_POINT('',(0.0577123074645898,0.0182510487219132,0.131614363641075));
#2562=CARTESIAN_POINT('',(0.0577123074645898,0.0160737251008236,0.139740246019501));
#2563=CARTESIAN_POINT('',(0.0577123074645898,0.0160737251008237,0.139740246019501));
#2564=CARTESIAN_POINT('',(0.0577123074645898,0.00926069000458309,0.137914698767458));
#2565=CARTESIAN_POINT('',(0.0595152924382554,0.00870061238414931,0.13686850222867));
#2566=CARTESIAN_POINT('',(0.0577123074645898,0.00535623136712347,0.13686850222867));
#2567=CARTESIAN_POINT('',(0.0596906463799321,0.00649044472634498,0.13686850222867));
#2568=CARTESIAN_POINT('',(0.0577123074645898,0.00641446683793298,0.137152055568476));
#2569=CARTESIAN_POINT('',(0.0577123074645898,0.00426069000458311,0.145190060138702));
#2570=CARTESIAN_POINT('',(0.0596906463799321,0.00649044472634498,0.13686850222867));
#2571=CARTESIAN_POINT('',(0.0597191864255651,0.00574730900486589,0.13686850222867));
#2572=CARTESIAN_POINT('',(0.0597123074645872,0.00500398081438128,0.13686850222867));
#2573=CARTESIAN_POINT('',(0.0597123074645872,0.00426069000458307,0.13686850222867));
#2574=CARTESIAN_POINT('',(0.0597123074645898,0.00426069000458308,0.136868505469119));
#2575=CARTESIAN_POINT('',(0.0577123074645898,0.00426069000458308,0.136868505469119));
#2576=CARTESIAN_POINT('',(0.0577123074645898,0.0042606900045831,0.136868505469119));
#2577=CARTESIAN_POINT('',(0.0597123074645898,0.00426069000458308,0.136868505469119));
#2578=CARTESIAN_POINT('',(0.0597123074645898,-0.0157393099954169,0.13686850222867));
#2579=CARTESIAN_POINT('',(0.0577123074645898,-0.0157393099954169,0.136868505469119));
#2580=CARTESIAN_POINT('',(0.0207123074645898,-0.0157393099954169,0.136868505469119));
#2581=CARTESIAN_POINT('',(0.0207123074645898,-0.0157393099954169,0.13686850222867));
#2582=CARTESIAN_POINT('',(0.0207123074645897,-0.0157393099954178,0.13686850222867));
#2583=CARTESIAN_POINT('',(0.0295218312741136,0.0201966370527608,0.136868505469119));
#2584=CARTESIAN_POINT('',(0.0299980217503041,0.0221391206769866,0.136868505469119));
#2585=CARTESIAN_POINT('',(0.0299980217503041,0.0221391206769866,0.135625442526444));
#2586=CARTESIAN_POINT('',(0.0297326349631782,0.0210565507520228,0.135075153792928));
#2587=CARTESIAN_POINT('',(0.0301219155695845,0.0221087487057306,0.136868505469585));
#2588=CARTESIAN_POINT('',(0.0301506849914762,0.0221016960215817,0.135625442526869));
#2589=CARTESIAN_POINT('',(0.0299440657680763,0.0210047195124474,0.135075153793315));
#2590=CARTESIAN_POINT('',(0.0302470799302336,0.0220864083372993,0.136876071006171));
#2591=CARTESIAN_POINT('',(0.0303055029286368,0.0220759864803893,0.135632070166602));
#2592=CARTESIAN_POINT('',(0.0301576929313286,0.0209667091936953,0.135082958556326));
#2593=CARTESIAN_POINT('',(0.0303735048155234,0.0220720387118005,0.136891162658129));
#2594=CARTESIAN_POINT('',(0.0304616040451064,0.0220620252327853,0.135645239334668));
#2595=CARTESIAN_POINT('',(0.0303735048155234,0.020942413123896,0.135098527414791));
#2596=CARTESIAN_POINT('',(0.0301476363828125,0.0200848337774506,0.136891162658129));
#2597=CARTESIAN_POINT('',(0.0335402867654717,0.0236908467514553,0.134255664278544));
#2598=CARTESIAN_POINT('',(0.0334817791526543,0.0238863312212666,0.134542884968203));
#2599=CARTESIAN_POINT('',(0.0335402867654717,0.0240515803774772,0.134848503388586));
#2600=CARTESIAN_POINT('',(0.0334361879645962,0.0232882568687314,0.134378386007925));
#2601=CARTESIAN_POINT('',(0.0333426810086225,0.0235485778913724,0.13474685317555));
#2602=CARTESIAN_POINT('',(0.0334361879644743,0.0237575632710015,0.135146678321113));
#2603=CARTESIAN_POINT('',(0.0331385164226985,0.0225247730976077,0.134611739005276));
#2604=CARTESIAN_POINT('',(0.0329423883318814,0.0229309598620532,0.135121418979986));
#2605=CARTESIAN_POINT('',(0.0331385164227767,0.0232035012761391,0.135713109006606));
#2606=CARTESIAN_POINT('',(0.0324197457442592,0.0215679282747728,0.134905613039325));
#2607=CARTESIAN_POINT('',(0.0321002261089164,0.022310467498031,0.135498054663514));
#2608=CARTESIAN_POINT('',(0.032419745744168,0.0225168084955025,0.136424904011616));
#2609=CARTESIAN_POINT('',(0.0314601054694452,0.0209569451339012,0.135094016213171));
#2610=CARTESIAN_POINT('',(0.0312342703230851,0.022057682121387,0.135648261241785));
#2611=CARTESIAN_POINT('',(0.0314601054697315,0.0220822248682288,0.13688029944251));
#2612=CARTESIAN_POINT('',(0.0307317432199131,0.0208850606540627,0.135116227866369));
#2613=CARTESIAN_POINT('',(0.0307316604874048,0.0220421146496057,0.135656853233117));
#2614=CARTESIAN_POINT('',(0.030731743219306,0.0220313208445082,0.136933926473423));
#2615=CARTESIAN_POINT('',(0.0303735048155233,0.0209424131238977,0.135098527414781));
#2616=CARTESIAN_POINT('',(0.0304616040451061,0.0220620252327853,0.135645239334658));
#2617=CARTESIAN_POINT('',(0.0303735048155229,0.0220720387118005,0.136891162658118));
#2618=CARTESIAN_POINT('',(0.0354256062993929,0.0233840698869121,0.134848503388586));
#2619=CARTESIAN_POINT('',(0.0335472963545599,0.0215216724768997,0.133159853781369));
#2620=CARTESIAN_POINT('',(0.0340237049386272,0.0214733523241765,0.131614550654309));
#2621=CARTESIAN_POINT('',(0.0356183160303297,0.0212421103714998,0.131759479451226));
#2622=CARTESIAN_POINT('',(0.0335681556803417,0.0217481607330058,0.133200254375312));
#2623=CARTESIAN_POINT('',(0.033989102280287,0.021809462875113,0.131780438977225));
#2624=CARTESIAN_POINT('',(0.0354597640703067,0.0216475997419263,0.131745069201019));
#2625=CARTESIAN_POINT('',(0.0335898047148386,0.0220882275557374,0.133284154700343));
#2626=CARTESIAN_POINT('',(0.0339344820902708,0.0222614031473011,0.132064171537821));
#2627=CARTESIAN_POINT('',(0.0351875684622449,0.0222084453615665,0.131828784180155));
#2628=CARTESIAN_POINT('',(0.0336076818129296,0.0225409484725649,0.13343387828649));
#2629=CARTESIAN_POINT('',(0.0338668070419509,0.0227869344533601,0.132487849359386));
#2630=CARTESIAN_POINT('',(0.0348027031969558,0.0228471317132171,0.132111087227007));
#2631=CARTESIAN_POINT('',(0.0336165363502209,0.0228818134351595,0.133565043670558));
#2632=CARTESIAN_POINT('',(0.0338191093470494,0.0231417924767433,0.132818432319575));
#2633=CARTESIAN_POINT('',(0.0345111117127524,0.0232724200491303,0.132406601582048));
#2634=CARTESIAN_POINT('',(0.0336210916495788,0.023215740922923,0.13371237325181));
#2635=CARTESIAN_POINT('',(0.033772640409774,0.0234626707181833,0.133162964102013));
#2636=CARTESIAN_POINT('',(0.0342309696902312,0.023635897691507,0.132781304609055));
#2637=CARTESIAN_POINT('',(0.0336211790939556,0.0234915206549214,0.133852419132988));
#2638=CARTESIAN_POINT('',(0.0337312808598827,0.02371166646621,0.133476427091941));
#2639=CARTESIAN_POINT('',(0.0340089664685104,0.0238939464090316,0.133174486828688));
#2640=CARTESIAN_POINT('',(0.0336158756505267,0.0236952713714864,0.133980084423703));
#2641=CARTESIAN_POINT('',(0.0336888034703832,0.0238879095802946,0.133764524970993));
#2642=CARTESIAN_POINT('',(0.033837780981222,0.0240642810731034,0.133575980940734));
#2643=CARTESIAN_POINT('',(0.0336076102808705,0.0238170291129329,0.134079187456286));
#2644=CARTESIAN_POINT('',(0.0336504732093593,0.0239899957809408,0.133995793673008));
#2645=CARTESIAN_POINT('',(0.0337212571148138,0.0241568612443433,0.133920549635326));
#2646=CARTESIAN_POINT('',(0.0335886773586056,0.0238379059115391,0.134164883677137));
#2647=CARTESIAN_POINT('',(0.033595998198115,0.0240064051062079,0.134226994067912));
#2648=CARTESIAN_POINT('',(0.0336302547973937,0.0241688665337761,0.134295327662726));
#2649=CARTESIAN_POINT('',(0.0335666851156811,0.0237904960039233,0.134220912934678));
#2650=CARTESIAN_POINT('',(0.0335416095472558,0.0239668840903624,0.134403343344877));
#2651=CARTESIAN_POINT('',(0.0335732446504143,0.0241302110763083,0.13459640363576));
#2652=CARTESIAN_POINT('',(0.0335509269066359,0.0237319963370665,0.134243120697995));
#2653=CARTESIAN_POINT('',(0.0335057467027234,0.0239193442066398,0.134490167558458));
#2654=CARTESIAN_POINT('',(0.0335518674699373,0.024084288969557,0.134752596605868));
#2655=CARTESIAN_POINT('',(0.0335402867654718,0.0236908467514551,0.134255664278543));
#2656=CARTESIAN_POINT('',(0.0334817791526547,0.0238863312212664,0.134542884968202));
#2657=CARTESIAN_POINT('',(0.0335402867654719,0.024051580377477,0.134848503388584));
#2658=CARTESIAN_POINT('',(0.0354372889478832,0.0212421103714955,0.133751269900902));
#2659=CARTESIAN_POINT('',(0.0356183160303491,0.0212421103714969,0.131759479451228));
#2660=CARTESIAN_POINT('',(0.0340237049386307,0.0214733523241807,0.131614550654293));
#2661=CARTESIAN_POINT('',(0.0335472963545602,0.0215216724769052,0.133159853781371));
#2662=CARTESIAN_POINT('',(0.0354684565961349,0.0202321020462666,0.131745859235225));
#2663=CARTESIAN_POINT('',(0.0340191427233911,0.0205322825337469,0.131617721701566));
#2664=CARTESIAN_POINT('',(0.033460136729904,0.0205753029924492,0.132991042013759));
#2665=CARTESIAN_POINT('',(0.0352653626228786,0.0192351264197041,0.131727859749886));
#2666=CARTESIAN_POINT('',(0.0339512696479881,0.0195509741437995,0.131615975146728));
#2667=CARTESIAN_POINT('',(0.033342015407394,0.0196307478660386,0.132825425953839));
#2668=CARTESIAN_POINT('',(0.0350094661942655,0.0182510487219132,0.131707016637851));
#2669=CARTESIAN_POINT('',(0.0338177213547249,0.018553440420731,0.13160994740034));
#2670=CARTESIAN_POINT('',(0.0331931836912747,0.0186892087429685,0.132664764260542));
#2671=CARTESIAN_POINT('',(0.0348471011757314,0.0182510487219132,0.133700415143107));
#2672=CARTESIAN_POINT('',(0.0350094661942656,0.0182510487219132,0.131707016637851));
#2673=CARTESIAN_POINT('',(0.0338177213547249,0.018553440420731,0.13160994740034));
#2674=CARTESIAN_POINT('',(0.0331931836912748,0.0186892087429688,0.132664764260542));
#2675=CARTESIAN_POINT('',(0.034940571955603,0.018239281272807,0.131701405108441));
#2676=CARTESIAN_POINT('',(0.0338026810125565,0.018462514642641,0.131647744512472));
#2677=CARTESIAN_POINT('',(0.0331531141751673,0.018435720999231,0.132621509798441));
#2678=CARTESIAN_POINT('',(0.034857684790849,0.0182199773958909,0.131690749381251));
#2679=CARTESIAN_POINT('',(0.033775111385491,0.018237907332462,0.13165062325501));
#2680=CARTESIAN_POINT('',(0.0331049062280482,0.0179056973423531,0.132469394246269));
#2681=CARTESIAN_POINT('',(0.0349812305065346,0.018188008918581,0.131681871721866));
#2682=CARTESIAN_POINT('',(0.0338172726038527,0.0179971292292163,0.13140948209854));
#2683=CARTESIAN_POINT('',(0.033176761557318,0.0171761624989416,0.132074889608747));
#2684=CARTESIAN_POINT('',(0.035261639397027,0.0181469090955679,0.131665253777293));
#2685=CARTESIAN_POINT('',(0.0338637652937712,0.0180033483899324,0.131095669945169));
#2686=CARTESIAN_POINT('',(0.0333398499414792,0.0166423337128754,0.1315970193336));
#2687=CARTESIAN_POINT('',(0.0354640907762581,0.0181213245137901,0.131640307718885));
#2688=CARTESIAN_POINT('',(0.0338271714219577,0.0181490967855252,0.130995178390915));
#2689=CARTESIAN_POINT('',(0.0334575975353367,0.0164380199219478,0.131259067413667));
#2690=CARTESIAN_POINT('',(0.035555894788144,0.0181119156634863,0.131624092392419));
#2691=CARTESIAN_POINT('',(0.0337943709410414,0.0182270707364389,0.131000205036811));
#2692=CARTESIAN_POINT('',(0.0335109915861052,0.0163784783633282,0.131088888555563));
#2693=CARTESIAN_POINT('',(0.0690849229717045,-0.00573930999479008,0.14319006222867));
#2694=CARTESIAN_POINT('',(0.0690849229717045,-0.00573930999479008,0.13686850222867));
#2695=CARTESIAN_POINT('',(0.0710849229717045,-0.00573930999458114,0.13686850222867));
#2696=CARTESIAN_POINT('',(0.0670849229717045,-0.00573930999499903,0.13686850222867));
#2697=CARTESIAN_POINT('',(0.0710849229717045,-0.00573930999458113,0.14319006222867));
#2698=CARTESIAN_POINT('',(0.0710849229717045,-0.00573930999458113,0.14319006222867));
#2699=CARTESIAN_POINT('',(0.0690849229717045,-0.00573930999479008,0.14319006222867));
#2700=CARTESIAN_POINT('',(0.0670849229717045,-0.00573930999499902,0.14319006222867));
#2701=CARTESIAN_POINT('',(0.0670849229717045,-0.00573930999499902,0.14319006222867));
#2702=CARTESIAN_POINT('',(0.0603986152112638,-0.0157393099954169,0.14319006222867));
#2703=CARTESIAN_POINT('',(0.0603986152112638,-0.0157393099954169,0.14319006222867));
#2704=CARTESIAN_POINT('',(0.0644272934533786,-0.0157393099954169,0.14319006222867));
#2705=CARTESIAN_POINT('',(0.070084922982337,-0.0157393099954169,0.14319006222867));
#2706=CARTESIAN_POINT('',(0.0644272934533786,-0.0157393099954169,0.14319006222867));
#2707=CARTESIAN_POINT('',(0.0644272934533786,-0.0157393099954169,0.13686850222867));
#2708=CARTESIAN_POINT('',(0.0603986152112638,-0.0157393099954169,0.13686850222867));
#2709=CARTESIAN_POINT('',(0.070084922982337,-0.0157393099954169,0.13686850222867));
#2710=CARTESIAN_POINT('',(0.070084922982337,-0.0157393099954169,0.14319006222867));
#2711=CARTESIAN_POINT('',(0.0750849229886054,-0.000739309996357162,0.14319006222867));
#2712=CARTESIAN_POINT('',(0.0750849229886054,-0.000739309996357166,0.13686850222867));
#2713=CARTESIAN_POINT('',(0.0750849229886054,-0.000739309998551088,0.13686850222867));
#2714=CARTESIAN_POINT('',(0.075084922982337,-0.0107393099985511,0.13686850222867));
#2715=CARTESIAN_POINT('',(0.0750849229886054,-0.000739309998551084,0.14319006222867));
#2716=CARTESIAN_POINT('',(0.0750849229886054,-0.000739309998551084,0.14319006222867));
#2717=CARTESIAN_POINT('',(0.0750849229886054,-0.000739309996357162,0.14319006222867));
#2718=CARTESIAN_POINT('',(0.075084922982337,-0.0107393099985511,0.14319006222867));
#2719=CARTESIAN_POINT('',(0.075084922982337,-0.0107393099985511,0.13686850222867));
#2720=CARTESIAN_POINT('',(0.0603986152112638,0.00426069000458309,0.14319006222867));
#2721=CARTESIAN_POINT('',(0.0603986152112638,0.00426069000458308,0.13686850222867));
#2722=CARTESIAN_POINT('',(0.0646389799862204,0.00426069000458308,0.13686850222867));
#2723=CARTESIAN_POINT('',(0.0700849229886054,0.00426069000458308,0.13686850222867));
#2724=CARTESIAN_POINT('',(0.0577123074645898,0.00426069000458308,0.137914698767458));
#2725=CARTESIAN_POINT('',(0.0647123074645898,0.00426069000458308,0.137914698767458));
#2726=CARTESIAN_POINT('',(0.0647123074645898,0.00426069000458309,0.14319006222867));
#2727=CARTESIAN_POINT('',(0.0647123074645898,0.00426069000458309,0.14319006222867));
#2728=CARTESIAN_POINT('',(0.0603986152112638,0.00426069000458309,0.14319006222867));
#2729=CARTESIAN_POINT('',(0.0700849229886054,0.00426069000458309,0.14319006222867));
#2730=CARTESIAN_POINT('',(0.0700849229886054,0.00426069000458309,0.14319006222867));
#2731=CARTESIAN_POINT('',(0.0690849229717045,-0.00573930999479009,0.14319006222867));
#2732=CARTESIAN_POINT('',(0.0670849229717045,-0.00573930999499903,0.13686850222867));
#2733=CARTESIAN_POINT('',(0.0670849229721224,-0.00973930999458114,0.13686850222867));
#2734=CARTESIAN_POINT('',(0.0710849229717046,-0.0097393099943722,0.13686850222867));
#2735=CARTESIAN_POINT('',(0.0710849229717045,-0.00573930999479008,0.13686850222867));
#2736=CARTESIAN_POINT('',(0.0690849229717045,-0.0057393099947899,0.14319006222867));
#2737=CARTESIAN_POINT('',(0.0683986152281647,-0.00573930999479008,0.14319006222867));
#2738=CARTESIAN_POINT('',(0.0700849229886054,-0.000739309995416911,0.14319006222867));
#2739=CARTESIAN_POINT('',(0.0647123074645898,0.00926069000458309,0.14319006222867));
#2740=CARTESIAN_POINT('',(0.0644272934533786,-0.0207393099954169,0.14319006222867));
#2741=CARTESIAN_POINT('',(0.070084922982337,-0.0107393099954169,0.14319006222867));
#2742=CARTESIAN_POINT('',(0.0683986152281647,-0.00573930999479008,0.13686850222867));
#2743=CARTESIAN_POINT('',(0.0700849229886054,-0.000739309995416914,0.13686850222867));
#2744=CARTESIAN_POINT('',(0.070084922982337,-0.0107393099954169,0.13686850222867));
#2745=CARTESIAN_POINT('',(0.0644272934533786,-0.0207393099954169,0.13686850222867));
#2746=CARTESIAN_POINT('',(0.0646389799862204,0.00426069000458309,0.13686850222867));
#2747=CARTESIAN_POINT('',(0.0633949985399292,0.00426069000458308,0.13686850222867));
#2748=CARTESIAN_POINT('',(0.0609673386307899,0.00519120936756472,0.13686850222867));
#2749=CARTESIAN_POINT('',(0.0596670781945424,0.00747905206903708,0.13686850222867));
#2750=CARTESIAN_POINT('',(0.0595152924382555,0.00870061238414931,0.13686850222867));
#2751=CARTESIAN_POINT('',(0.0597123074645898,0.00926069000458309,0.137914698767458));
#2752=CARTESIAN_POINT('',(0.0597123074645898,0.00426069000458309,0.137914698767458));
#2753=CARTESIAN_POINT('',(0.0647123074645898,0.00426069000458309,0.137914698767458));
#2754=CARTESIAN_POINT('',(0.0597123074645898,0.00906645659397073,0.137551880624967));
#2755=CARTESIAN_POINT('',(0.0599028400990965,0.00426069000458458,0.137558793493458));
#2756=CARTESIAN_POINT('',(0.0647123074645747,0.00426069000458309,0.13682699166804));
#2757=CARTESIAN_POINT('',(0.0596436057427934,0.00887235498014918,0.137189308672167));
#2758=CARTESIAN_POINT('',(0.0600058129142859,0.00426069000458322,0.137109187736889));
#2759=CARTESIAN_POINT('',(0.0644718514383534,0.00426069000458309,0.135740022630649));
#2760=CARTESIAN_POINT('',(0.0595129613609318,0.00869748140633571,0.136862653721192));
#2761=CARTESIAN_POINT('',(0.0599686982522318,0.00426069000458309,0.136649859046307));
#2762=CARTESIAN_POINT('',(0.0640145961017868,0.00426069000458309,0.134760730617273));
#2763=CARTESIAN_POINT('',(0.0647123074645898,0.00926069000458309,0.137914698767458));
#2764=CARTESIAN_POINT('',(0.0647123074645898,0.00926069000458309,0.141644404004246));
#2765=CARTESIAN_POINT('',(0.0644272934533786,-0.0207393099954169,0.13083325222867));
#2766=CARTESIAN_POINT('',(0.0700849229886054,-0.000739309995416911,0.14319006222867));
#2767=CARTESIAN_POINT('',(0.070084922982337,-0.0107393099954169,0.14319006222867));
#2768=CARTESIAN_POINT('',(0.0267123074645898,0.0260285388725808,0.14319006222867));
#2769=CARTESIAN_POINT('',(0.0267123074645898,0.0260285388725808,0.14319006222867));
#2770=CARTESIAN_POINT('',(0.0267123074645898,0.0292606900045831,0.14319006222867));
#2771=CARTESIAN_POINT('',(0.0267123074645898,0.0260817373372361,0.14319006222867));
#2772=CARTESIAN_POINT('',(0.0267123074645898,0.0260817373372361,0.13686850222867));
#2773=CARTESIAN_POINT('',(0.0267123074645898,0.0260817373372361,0.13686850222867));
#2774=CARTESIAN_POINT('',(0.0267123074645898,0.0260285388725808,0.13686850222867));
#2775=CARTESIAN_POINT('',(0.0267123074645898,0.0292606900045831,0.13686850222867));
#2776=CARTESIAN_POINT('',(0.0267123074645898,0.0292606900045831,0.14319006222867));
#2777=CARTESIAN_POINT('',(0.0207123074645898,0.0292606900045831,0.14319006222867));
#2778=CARTESIAN_POINT('',(0.0207123074645898,0.0292606900045831,0.13686850222867));
#2779=CARTESIAN_POINT('',(0.0147123074645898,0.0292606900045831,0.13686850222867));
#2780=CARTESIAN_POINT('',(0.0147123074645898,0.0292606900045831,0.14319006222867));
#2781=CARTESIAN_POINT('',(0.0147123074645898,0.0292606900045831,0.14319006222867));
#2782=CARTESIAN_POINT('',(0.0207123074645898,0.0292606900045831,0.14319006222867));
#2783=CARTESIAN_POINT('',(0.0147123074645898,0.0260285388725808,0.14319006222867));
#2784=CARTESIAN_POINT('',(0.0147123074645898,0.0260285388725808,0.13686850222867));
#2785=CARTESIAN_POINT('',(0.0147123074645898,0.0260817373372361,0.13686850222867));
#2786=CARTESIAN_POINT('',(0.0147123074645898,0.0260817373372361,0.14319006222867));
#2787=CARTESIAN_POINT('',(0.0147123074645898,0.0260817373372361,0.14319006222867));
#2788=CARTESIAN_POINT('',(0.0147123074645898,0.0260285388725808,0.14319006222867));
#2789=CARTESIAN_POINT('',(0.0207123074645898,0.0292606900045831,0.14319006222867));
#2790=CARTESIAN_POINT('',(0.0207123074645898,0.0292606900045831,0.14319006222867));
#2791=CARTESIAN_POINT('',(0.0207123074645898,0.0272606900045831,0.14319006222867));
#2792=CARTESIAN_POINT('',(0.0207123074645898,0.0292606900045831,0.13686850222867));
#2793=CARTESIAN_POINT('',(0.0207123074645898,0.0272606900045831,0.13686850222867));
#2794=CARTESIAN_POINT('',(0.0207123074645898,-0.0097393099954169,0.14319006222867));
#2795=CARTESIAN_POINT('',(0.0107123074645898,0.0260817373372361,0.14319006222867));
#2796=CARTESIAN_POINT('',(0.0307123074645898,0.0260817373372361,0.14319006222867));
#2797=CARTESIAN_POINT('',(0.0207123074645898,-0.00973930999541691,0.13686850222867));
#2798=CARTESIAN_POINT('',(0.0307123074645898,0.0260817373372361,0.13686850222867));
#2799=CARTESIAN_POINT('',(0.0107123074645898,0.0260817373372361,0.13686850222867));
#2800=CARTESIAN_POINT('',(0.0307123074645898,0.0260817373372361,0.13083325222867));
#2801=CARTESIAN_POINT('',(0.0107123074645898,0.0260817373372361,0.13083325222867));
#2802=MECHANICAL_DESIGN_GEOMETRIC_PRESENTATION_REPRESENTATION('',(#1312),
#2803);
#2803=(
GEOMETRIC_REPRESENTATION_CONTEXT(3)
GLOBAL_UNCERTAINTY_ASSIGNED_CONTEXT((#2804))
GLOBAL_UNIT_ASSIGNED_CONTEXT((#2807,#2806,#2805))
REPRESENTATION_CONTEXT('Part 3','TOP_LEVEL_ASSEMBLY_PART')
);
#2804=UNCERTAINTY_MEASURE_WITH_UNIT(LENGTH_MEASURE(2.E-5),#2807,
'DISTANCE_ACCURACY_VALUE','Maximum Tolerance applied to model');
#2805=(
NAMED_UNIT(*)
SI_UNIT($,.STERADIAN.)
SOLID_ANGLE_UNIT()
);
#2806=(
NAMED_UNIT(*)
PLANE_ANGLE_UNIT()
SI_UNIT($,.RADIAN.)
);
#2807=(
LENGTH_UNIT()
NAMED_UNIT(*)
SI_UNIT($,.METRE.)
);
#2808=PRODUCT_DEFINITION_SHAPE('','',#2809);
#2809=PRODUCT_DEFINITION('','',#2811,#2810);
#2810=PRODUCT_DEFINITION_CONTEXT('',#2817,'design');
#2811=PRODUCT_DEFINITION_FORMATION_WITH_SPECIFIED_SOURCE('','',#2813,
 .NOT_KNOWN.);
#2812=PRODUCT_RELATED_PRODUCT_CATEGORY('','',(#2813));
#2813=PRODUCT('Part 3','Part 3','Part 3',(#2815));
#2814=PRODUCT_CATEGORY('','');
#2815=PRODUCT_CONTEXT('',#2817,'mechanical');
#2816=APPLICATION_PROTOCOL_DEFINITION('international standard',
'ap242_managed_model_based_3d_engineering',2020,#2817);
#2817=APPLICATION_CONTEXT('managed model based 3d engineering');
ENDSEC;
END-ISO-10303-21;
