ISO-10303-21;
HEADER;
/* Generated by software containing ST-Developer
 * from STEP Tools, Inc. (www.steptools.com) 
 */
/* OPTION: using custom renumber hook */

FILE_DESCRIPTION(
/* description */ ('STEP AP242 Edition 2',
'CAx-IF Rec.Pracs.---Representation and Presentation of Product Manufa
cturing Information (PMI)---4.0---2014-10-13',
'CAx-IF Rec.Pracs.---3D Tessellated Geometry---0.4---2014-09-14','2;1',
'CAx-IF Rec.Pracs.---User Defined Attributes---1.5---2016-08-15'),
/* implementation_level */ '2;1');

FILE_NAME(
/* name */ 'Assembly 1 - Part 2',
/* time_stamp */ '2026-07-25T03:56:15Z',
/* author */ (''),
/* organization */ (''),
/* preprocessor_version */ 'ST-DEVELOPER v20',
/* originating_system */ 'ONSHAPE BY PTC INC, 1.218',
/* authorisation */ '  ');

FILE_SCHEMA (('AP242_MANAGED_MODEL_BASED_3D_ENGINEERING_MIM_LF { 1 0 10303 442 3 1 4 }'));
ENDSEC;

DATA;
#10=SHAPE_REPRESENTATION_RELATIONSHIP('','',#1103,#11);
#11=ADVANCED_BREP_SHAPE_REPRESENTATION('',(#1101),#2354);
#12=SPHERICAL_SURFACE('',#1143,0.00900000000000288);
#13=SPHERICAL_SURFACE('',#1199,0.005);
#14=SPHERICAL_SURFACE('',#1214,0.002);
#15=TOROIDAL_SURFACE('',#1116,0.0370270015197334,0.009);
#16=TOROIDAL_SURFACE('',#1138,0.0170536383433138,0.00900000000000288);
#17=TOROIDAL_SURFACE('',#1170,0.0424153443049205,0.003);
#18=TOROIDAL_SURFACE('',#1187,0.013831287442919,0.005);
#19=TOROIDAL_SURFACE('',#1195,0.045,0.005);
#20=TOROIDAL_SURFACE('',#1202,0.0150536383433138,0.002);
#21=TOROIDAL_SURFACE('',#1206,0.0108166538263949,0.002);
#22=TOROIDAL_SURFACE('',#1207,0.0108166538263949,0.002);
#23=TOROIDAL_SURFACE('',#1211,0.0478436553461254,0.002);
#24=TOROIDAL_SURFACE('',#1216,0.01,0.001);
#25=TOROIDAL_SURFACE('',#1218,0.01,0.001);
#26=TOROIDAL_SURFACE('',#1234,0.003,0.002);
#27=TOROIDAL_SURFACE('',#1236,0.064638960909605,0.002);
#28=TOROIDAL_SURFACE('',#1238,0.003,0.002);
#29=CYLINDRICAL_SURFACE('',#1113,0.00900000000000288);
#30=CYLINDRICAL_SURFACE('',#1124,0.05);
#31=CYLINDRICAL_SURFACE('',#1126,0.009);
#32=CYLINDRICAL_SURFACE('',#1130,0.00900000000000288);
#33=CYLINDRICAL_SURFACE('',#1141,0.00900000000000288);
#34=CYLINDRICAL_SURFACE('',#1146,0.066638960909605);
#35=CYLINDRICAL_SURFACE('',#1155,0.066638960909605);
#36=CYLINDRICAL_SURFACE('',#1157,0.066638960909605);
#37=CYLINDRICAL_SURFACE('',#1165,0.0170536383433138);
#38=CYLINDRICAL_SURFACE('',#1171,0.002);
#39=CYLINDRICAL_SURFACE('',#1174,0.005);
#40=CYLINDRICAL_SURFACE('',#1175,0.005);
#41=CYLINDRICAL_SURFACE('',#1184,0.005);
#42=CYLINDRICAL_SURFACE('',#1189,0.005);
#43=CYLINDRICAL_SURFACE('',#1193,0.005);
#44=CYLINDRICAL_SURFACE('',#1200,0.002);
#45=CYLINDRICAL_SURFACE('',#1204,0.002);
#46=CYLINDRICAL_SURFACE('',#1209,0.002);
#47=CYLINDRICAL_SURFACE('',#1219,0.005);
#48=CYLINDRICAL_SURFACE('',#1221,0.005);
#49=CYLINDRICAL_SURFACE('',#1228,0.002);
#50=CYLINDRICAL_SURFACE('',#1231,0.002);
#51=CYLINDRICAL_SURFACE('',#1232,0.002);
#52=CYLINDRICAL_SURFACE('',#1240,0.002);
#53=LINE('',#1689,#84);
#54=LINE('',#1695,#85);
#55=LINE('',#1697,#86);
#56=LINE('',#1699,#87);
#57=LINE('',#1704,#88);
#58=LINE('',#1777,#89);
#59=LINE('',#1781,#90);
#60=LINE('',#1788,#91);
#61=LINE('',#1791,#92);
#62=LINE('',#1793,#93);
#63=LINE('',#1795,#94);
#64=LINE('',#1805,#95);
#65=LINE('',#1809,#96);
#66=LINE('',#1814,#97);
#67=LINE('',#1817,#98);
#68=LINE('',#1819,#99);
#69=LINE('',#1841,#100);
#70=LINE('',#1863,#101);
#71=LINE('',#1868,#102);
#72=LINE('',#1882,#103);
#73=LINE('',#1886,#104);
#74=LINE('',#1888,#105);
#75=LINE('',#1890,#106);
#76=LINE('',#1893,#107);
#77=LINE('',#1896,#108);
#78=LINE('',#1897,#109);
#79=LINE('',#1901,#110);
#80=LINE('',#1908,#111);
#81=LINE('',#1918,#112);
#82=LINE('',#1927,#113);
#83=LINE('',#1929,#114);
#84=VECTOR('',#1255,1.);
#85=VECTOR('',#1260,1.);
#86=VECTOR('',#1261,1.);
#87=VECTOR('',#1262,1.);
#88=VECTOR('',#1267,1.);
#89=VECTOR('',#1288,1.);
#90=VECTOR('',#1291,1.);
#91=VECTOR('',#1300,1.);
#92=VECTOR('',#1301,1.);
#93=VECTOR('',#1302,1.);
#94=VECTOR('',#1303,1.);
#95=VECTOR('',#1308,1.);
#96=VECTOR('',#1311,1.);
#97=VECTOR('',#1316,1.);
#98=VECTOR('',#1319,1.);
#99=VECTOR('',#1320,1.);
#100=VECTOR('',#1333,1.);
#101=VECTOR('',#1344,1.);
#102=VECTOR('',#1347,1.);
#103=VECTOR('',#1352,1.);
#104=VECTOR('',#1355,1.);
#105=VECTOR('',#1356,1.);
#106=VECTOR('',#1359,1.);
#107=VECTOR('',#1360,1.);
#108=VECTOR('',#1363,1.);
#109=VECTOR('',#1364,1.);
#110=VECTOR('',#1367,1.);
#111=VECTOR('',#1374,1.);
#112=VECTOR('',#1379,1.);
#113=VECTOR('',#1384,1.);
#114=VECTOR('',#1385,1.);
#115=PLANE('',#1109);
#116=PLANE('',#1129);
#117=PLANE('',#1133);
#118=PLANE('',#1140);
#119=PLANE('',#1149);
#120=PLANE('',#1151);
#121=PLANE('',#1160);
#122=PLANE('',#1223);
#123=PLANE('',#1225);
#124=PLANE('',#1229);
#125=(
BOUNDED_SURFACE()
B_SPLINE_SURFACE(3,2,((#1598,#1599,#1600),(#1601,#1602,#1603),(#1604,#1605,
#1606),(#1607,#1608,#1609),(#1610,#1611,#1612),(#1613,#1614,#1615),(#1616,
#1617,#1618),(#1619,#1620,#1621),(#1622,#1623,#1624),(#1625,#1626,#1627)),
 .UNSPECIFIED.,.F.,.F.,.F.)
B_SPLINE_SURFACE_WITH_KNOTS((4,1,1,1,1,1,1,4),(3,3),(0.0445277036636855,
0.0511067083486745,0.0576857130336635,0.0642647177186526,0.0708437224036416,
0.0774227270886306,0.0840017317736196,0.0971597411435976),(0.,0.89194369751723),
 .UNSPECIFIED.)
GEOMETRIC_REPRESENTATION_ITEM()
RATIONAL_B_SPLINE_SURFACE(((1.,0.647521929925306,0.923825046082932),(1.,
0.648099072415304,0.923949773849882),(1.,0.649387672671716,0.924228256608054),
(1.,0.651781828377575,0.924745663834341),(1.,0.654779600830158,0.925393520248162),
(1.,0.658553186355259,0.926209039646052),(1.,0.663126533872236,0.927197397691359),
(1.,0.669843448618227,0.928649007634446),(1.,0.67376006421614,0.92949543763396),
(1.,0.673645353838308,0.92947064727539)))
REPRESENTATION_ITEM('')
SURFACE()
);
#126=(
BOUNDED_SURFACE()
B_SPLINE_SURFACE(3,2,((#1944,#1945,#1946),(#1947,#1948,#1949),(#1950,#1951,
#1952),(#1953,#1954,#1955),(#1956,#1957,#1958),(#1959,#1960,#1961),(#1962,
#1963,#1964)),.UNSPECIFIED.,.F.,.F.,.F.)
B_SPLINE_SURFACE_WITH_KNOTS((4,1,1,1,4),(3,3),(0.0156634358689119,0.0192804620601124,
0.0228974882513129,0.0265145144425134,0.0301315406337139),(0.,1.),
 .UNSPECIFIED.)
GEOMETRIC_REPRESENTATION_ITEM()
RATIONAL_B_SPLINE_SURFACE(((1.,0.570149207818554,1.),(1.,0.603075188977303,
1.),(1.,0.675592470523959,1.),(1.,0.767271860530028,1.),(1.,0.840177382492107,
1.),(1.,0.876034269542919,1.),(1.,0.891510059998862,1.)))
REPRESENTATION_ITEM('')
SURFACE()
);
#127=(
BOUNDED_SURFACE()
B_SPLINE_SURFACE(3,2,((#1979,#1980,#1981),(#1982,#1983,#1984),(#1985,#1986,
#1987),(#1988,#1989,#1990)),.UNSPECIFIED.,.F.,.F.,.F.)
B_SPLINE_SURFACE_WITH_KNOTS((4,4),(3,3),(2.08166817117217E-17,0.00396244788119256),
(0.,1.),.PIECEWISE_BEZIER_KNOTS.)
GEOMETRIC_REPRESENTATION_ITEM()
RATIONAL_B_SPLINE_SURFACE(((1.,0.919372870027595,1.),(1.,0.914192590699355,
1.),(1.,0.908259990562751,1.),(1.,0.90155144790305,1.)))
REPRESENTATION_ITEM('')
SURFACE()
);
#128=(
BOUNDED_SURFACE()
B_SPLINE_SURFACE(3,2,((#1992,#1993,#1994),(#1995,#1996,#1997),(#1998,#1999,
#2000),(#2001,#2002,#2003)),.UNSPECIFIED.,.F.,.F.,.F.)
B_SPLINE_SURFACE_WITH_KNOTS((4,4),(3,3),(-2.64545330086463E-17,0.00205656844357797),
(0.,1.),.PIECEWISE_BEZIER_KNOTS.)
GEOMETRIC_REPRESENTATION_ITEM()
RATIONAL_B_SPLINE_SURFACE(((1.,0.919372870027595,1.),(1.,0.91956450763901,
1.),(1.,0.919729690380682,1.),(1.,0.919848946765162,1.)))
REPRESENTATION_ITEM('')
SURFACE()
);
#129=(
BOUNDED_SURFACE()
B_SPLINE_SURFACE(3,2,((#2005,#2006,#2007),(#2008,#2009,#2010),(#2011,#2012,
#2013),(#2014,#2015,#2016),(#2017,#2018,#2019),(#2020,#2021,#2022),(#2023,
#2024,#2025),(#2026,#2027,#2028),(#2029,#2030,#2031),(#2032,#2033,#2034),
(#2035,#2036,#2037)),.UNSPECIFIED.,.F.,.F.,.F.)
B_SPLINE_SURFACE_WITH_KNOTS((4,1,1,1,1,1,1,1,4),(3,3),(2.94902990916057E-17,
0.00669368360463476,0.0100405254069521,0.0133873672092695,0.0167342090115869,
0.0200810508139042,0.0234278926162216,0.0251013135173803,0.0267747344185389),
(0.,1.),.UNSPECIFIED.)
GEOMETRIC_REPRESENTATION_ITEM()
RATIONAL_B_SPLINE_SURFACE(((1.,0.919848946765162,1.),(1.,0.933898310760522,
1.),(1.,0.951644556089729,1.),(1.,0.969684661207733,1.),(1.,0.980579718463102,
1.),(1.,0.988988624946845,1.),(1.,0.994995215895817,1.),(1.,0.998033079928121,
1.),(1.,0.999302589868827,1.),(1.,0.999542455277787,1.),(1.,0.999542455284285,
1.)))
REPRESENTATION_ITEM('')
SURFACE()
);
#130=(
BOUNDED_SURFACE()
B_SPLINE_SURFACE(3,2,((#2051,#2052,#2053),(#2054,#2055,#2056),(#2057,#2058,
#2059),(#2060,#2061,#2062)),.UNSPECIFIED.,.F.,.F.,.F.)
B_SPLINE_SURFACE_WITH_KNOTS((4,4),(3,3),(0.0634859032747257,0.0652241097859198),
(0.,1.),.PIECEWISE_BEZIER_KNOTS.)
GEOMETRIC_REPRESENTATION_ITEM()
RATIONAL_B_SPLINE_SURFACE(((1.,0.84916551954243,1.),(1.,0.849165519534576,
1.),(1.,0.847572429278926,1.),(1.,0.844531304371467,1.)))
REPRESENTATION_ITEM('')
SURFACE()
);
#131=(
BOUNDED_SURFACE()
B_SPLINE_SURFACE(3,2,((#2085,#2086,#2087),(#2088,#2089,#2090),(#2091,#2092,
#2093),(#2094,#2095,#2096)),.UNSPECIFIED.,.F.,.F.,.F.)
B_SPLINE_SURFACE_WITH_KNOTS((4,4),(3,3),(0.0330653885219441,0.0349588708354687),
(0.,1.),.PIECEWISE_BEZIER_KNOTS.)
GEOMETRIC_REPRESENTATION_ITEM()
RATIONAL_B_SPLINE_SURFACE(((1.,0.552357591154054,1.),(1.,0.552357591183721,
1.),(1.,0.55389526403802,1.),(1.,0.556811087707108,1.)))
REPRESENTATION_ITEM('')
SURFACE()
);
#132=(
BOUNDED_SURFACE()
B_SPLINE_SURFACE(3,2,((#2098,#2099,#2100),(#2101,#2102,#2103),(#2104,#2105,
#2106),(#2107,#2108,#2109)),.UNSPECIFIED.,.F.,.F.,.F.)
B_SPLINE_SURFACE_WITH_KNOTS((4,4),(3,3),(0.0558374491518427,0.0612541845632153),
(0.,1.),.PIECEWISE_BEZIER_KNOTS.)
GEOMETRIC_REPRESENTATION_ITEM()
RATIONAL_B_SPLINE_SURFACE(((1.,0.717306501177771,1.),(1.,0.6855138595674,
1.),(1.,0.651779643934603,1.),(1.,0.616478780412304,1.)))
REPRESENTATION_ITEM('')
SURFACE()
);
#133=(
BOUNDED_SURFACE()
B_SPLINE_SURFACE(3,2,((#2112,#2113,#2114),(#2115,#2116,#2117),(#2118,#2119,
#2120),(#2121,#2122,#2123)),.UNSPECIFIED.,.F.,.F.,.F.)
B_SPLINE_SURFACE_WITH_KNOTS((4,4),(3,3),(-4.11563144675497E-16,0.00117422543400315),
(0.,1.),.PIECEWISE_BEZIER_KNOTS.)
GEOMETRIC_REPRESENTATION_ITEM()
RATIONAL_B_SPLINE_SURFACE(((1.,0.747304744136144,1.),(1.,0.73888345391243,
1.),(1.,0.728714447980591,1.),(1.,0.717306501177771,1.)))
REPRESENTATION_ITEM('')
SURFACE()
);
#134=(
BOUNDED_SURFACE()
B_SPLINE_SURFACE(3,2,((#2125,#2126,#2127),(#2128,#2129,#2130),(#2131,#2132,
#2133),(#2134,#2135,#2136)),.UNSPECIFIED.,.F.,.F.,.F.)
B_SPLINE_SURFACE_WITH_KNOTS((4,4),(3,3),(0.00634553945308515,0.0216143720181855),
(0.,1.),.PIECEWISE_BEZIER_KNOTS.)
GEOMETRIC_REPRESENTATION_ITEM()
RATIONAL_B_SPLINE_SURFACE(((1.,0.747304744136147,1.),(1.,0.811308499771596,
1.),(1.,0.856140632345646,1.),(1.,0.882245799842816,1.)))
REPRESENTATION_ITEM('')
SURFACE()
);
#135=(
BOUNDED_SURFACE()
B_SPLINE_SURFACE(3,2,((#2138,#2139,#2140),(#2141,#2142,#2143),(#2144,#2145,
#2146),(#2147,#2148,#2149)),.UNSPECIFIED.,.F.,.F.,.F.)
B_SPLINE_SURFACE_WITH_KNOTS((4,4),(3,3),(-1.30104260698261E-18,0.00207008021225711),
(0.,1.),.PIECEWISE_BEZIER_KNOTS.)
GEOMETRIC_REPRESENTATION_ITEM()
RATIONAL_B_SPLINE_SURFACE(((1.,0.882245799842816,1.),(1.,0.883816851464721,
1.),(1.,0.886075303902657,1.),(1.,0.888847453418043,1.)))
REPRESENTATION_ITEM('')
SURFACE()
);
#136=(
BOUNDED_SURFACE()
B_SPLINE_SURFACE(3,2,((#2151,#2152,#2153),(#2154,#2155,#2156),(#2157,#2158,
#2159),(#2160,#2161,#2162),(#2163,#2164,#2165)),.UNSPECIFIED.,.F.,.F.,.F.)
B_SPLINE_SURFACE_WITH_KNOTS((4,1,4),(3,3),(0.,0.0130858275820256,0.0261716551640512),
(0.,1.),.UNSPECIFIED.)
GEOMETRIC_REPRESENTATION_ITEM()
RATIONAL_B_SPLINE_SURFACE(((1.,0.888847453418041,1.),(1.,0.929778915069214,
1.),(1.,0.985523843857047,1.),(1.,0.999999999994189,1.),(1.,1.,1.)))
REPRESENTATION_ITEM('')
SURFACE()
);
#137=(
BOUNDED_SURFACE()
B_SPLINE_SURFACE(3,2,((#2179,#2180,#2181),(#2182,#2183,#2184),(#2185,#2186,
#2187),(#2188,#2189,#2190)),.UNSPECIFIED.,.F.,.F.,.F.)
B_SPLINE_SURFACE_WITH_KNOTS((4,4),(3,3),(1.34441069388203E-17,0.00164288875051646),
(0.,1.),.PIECEWISE_BEZIER_KNOTS.)
GEOMETRIC_REPRESENTATION_ITEM()
RATIONAL_B_SPLINE_SURFACE(((1.,0.889956792642657,1.),(1.,0.889956792627458,
1.),(1.,0.88910275449755,1.),(1.,0.887407304217706,1.)))
REPRESENTATION_ITEM('')
SURFACE()
);
#138=(
BOUNDED_SURFACE()
B_SPLINE_SURFACE(3,2,((#2192,#2193,#2194),(#2195,#2196,#2197),(#2198,#2199,
#2200),(#2201,#2202,#2203),(#2204,#2205,#2206),(#2207,#2208,#2209),(#2210,
#2211,#2212),(#2213,#2214,#2215),(#2216,#2217,#2218),(#2219,#2220,#2221)),
 .UNSPECIFIED.,.F.,.F.,.F.)
B_SPLINE_SURFACE_WITH_KNOTS((4,1,1,1,1,1,1,4),(3,3),(-1.08207279941874E-13,
0.00214756342579701,0.00429512685170224,0.00644269027760746,0.00859025370351268,
0.0107378171294179,0.0128853805553231,0.0171805074071336),(0.,1.),
 .UNSPECIFIED.)
GEOMETRIC_REPRESENTATION_ITEM()
RATIONAL_B_SPLINE_SURFACE(((1.,0.996378715531294,1.),(1.,0.993891014563765,
1.),(1.,0.986478679207368,1.),(1.,0.968150316308126,1.),(1.,0.94476703188847,
1.),(1.,0.918713183669872,1.),(1.,0.895344943310732,1.),(1.,0.873782804071547,
1.),(1.,0.877179191343358,1.),(1.,0.887407304217707,1.)))
REPRESENTATION_ITEM('')
SURFACE()
);
#139=(
BOUNDED_SURFACE()
B_SPLINE_SURFACE(3,2,((#2242,#2243,#2244),(#2245,#2246,#2247),(#2248,#2249,
#2250),(#2251,#2252,#2253),(#2254,#2255,#2256),(#2257,#2258,#2259),(#2260,
#2261,#2262)),.UNSPECIFIED.,.F.,.F.,.F.)
B_SPLINE_SURFACE_WITH_KNOTS((4,1,1,1,4),(3,3),(5.46437894932694E-17,0.000482929368859481,
0.000965858737718907,0.00144878810657833,0.00193171747543776),(0.,1.),
 .UNSPECIFIED.)
GEOMETRIC_REPRESENTATION_ITEM()
RATIONAL_B_SPLINE_SURFACE(((1.,0.768706114785825,1.),(1.,0.793226423595699,
1.),(1.,0.838113616199953,1.),(1.,0.884394969689783,1.),(1.,0.891291524865628,
1.),(1.,0.868174782085471,1.),(1.,0.852463280327366,1.)))
REPRESENTATION_ITEM('')
SURFACE()
);
#140=(
BOUNDED_SURFACE()
B_SPLINE_SURFACE(3,2,((#2266,#2267,#2268),(#2269,#2270,#2271),(#2272,#2273,
#2274),(#2275,#2276,#2277)),.UNSPECIFIED.,.F.,.F.,.F.)
B_SPLINE_SURFACE_WITH_KNOTS((4,4),(3,3),(-2.01208407574205E-14,0.000721263625926356),
(0.,1.),.PIECEWISE_BEZIER_KNOTS.)
GEOMETRIC_REPRESENTATION_ITEM()
RATIONAL_B_SPLINE_SURFACE(((1.,0.999055208803371,1.),(1.,0.999610547645149,
1.),(1.,0.999999999257972,1.),(1.,1.,1.)))
REPRESENTATION_ITEM('')
SURFACE()
);
#141=(
BOUNDED_SURFACE()
B_SPLINE_SURFACE(3,2,((#2309,#2310,#2311),(#2312,#2313,#2314),(#2315,#2316,
#2317),(#2318,#2319,#2320)),.UNSPECIFIED.,.F.,.F.,.F.)
B_SPLINE_SURFACE_WITH_KNOTS((4,4),(3,3),(0.0710889331746928,0.072774791637398),
(0.,0.0217887774905598),.PIECEWISE_BEZIER_KNOTS.)
GEOMETRIC_REPRESENTATION_ITEM()
RATIONAL_B_SPLINE_SURFACE(((1.,0.991666066065025,0.983695304594311),(1.,
0.991674842967003,0.983712475922337),(1.,0.991683823518693,0.983730045675233),
(1.,0.991692999025475,0.983747996842645)))
REPRESENTATION_ITEM('')
SURFACE()
);
#142=CIRCLE('',#1106,0.0100152348541229);
#143=CIRCLE('',#1107,0.066638960909605);
#144=CIRCLE('',#1108,0.0479202309277081);
#145=CIRCLE('',#1110,0.0478436553461254);
#146=CIRCLE('',#1111,0.005);
#147=CIRCLE('',#1112,0.05);
#148=CIRCLE('',#1114,0.00900000000000288);
#149=CIRCLE('',#1115,0.00900000000000288);
#150=CIRCLE('',#1117,0.0458769910140541);
#151=CIRCLE('',#1118,0.00900000000000288);
#152=CIRCLE('',#1119,0.0410682586086236);
#153=CIRCLE('',#1120,0.0422765326789194);
#154=CIRCLE('',#1122,0.00998450413223142);
#155=CIRCLE('',#1123,0.040908640403396);
#156=CIRCLE('',#1125,0.05);
#157=CIRCLE('',#1127,0.009);
#158=CIRCLE('',#1128,0.009);
#159=CIRCLE('',#1131,0.00900000000000288);
#160=CIRCLE('',#1132,0.00900000000000288);
#161=CIRCLE('',#1134,0.003);
#162=CIRCLE('',#1135,0.002);
#163=CIRCLE('',#1136,0.003);
#164=CIRCLE('',#1137,0.064638960909605);
#165=CIRCLE('',#1139,0.0154172747069502);
#166=CIRCLE('',#1142,0.00900000000000288);
#167=CIRCLE('',#1144,0.00884998949432361);
#168=CIRCLE('',#1145,0.00884998949432361);
#169=CIRCLE('',#1147,0.066638960909605);
#170=CIRCLE('',#1148,0.066638960909605);
#171=CIRCLE('',#1150,0.002);
#172=CIRCLE('',#1152,0.0170536383433138);
#173=CIRCLE('',#1153,0.00322235090039484);
#174=CIRCLE('',#1154,0.013831287442919);
#175=CIRCLE('',#1156,0.066638960909605);
#176=CIRCLE('',#1158,0.066638960909605);
#177=CIRCLE('',#1159,0.066638960909605);
#178=CIRCLE('',#1162,0.00728095304015397);
#179=CIRCLE('',#1164,0.00977268530315984);
#180=CIRCLE('',#1166,0.0170536383433138);
#181=CIRCLE('',#1167,0.003);
#182=CIRCLE('',#1168,0.003);
#183=CIRCLE('',#1169,0.003);
#184=CIRCLE('',#1172,0.002);
#185=CIRCLE('',#1173,0.002);
#186=CIRCLE('',#1176,0.005);
#187=CIRCLE('',#1177,0.005);
#188=CIRCLE('',#1178,0.005);
#189=CIRCLE('',#1179,0.005);
#190=CIRCLE('',#1180,0.005);
#191=CIRCLE('',#1181,0.005);
#192=CIRCLE('',#1182,0.005);
#193=CIRCLE('',#1183,0.005);
#194=CIRCLE('',#1185,0.005);
#195=CIRCLE('',#1186,0.005);
#196=CIRCLE('',#1188,0.005);
#197=CIRCLE('',#1190,0.005);
#198=CIRCLE('',#1192,0.005);
#199=CIRCLE('',#1194,0.005);
#200=CIRCLE('',#1196,0.005);
#201=CIRCLE('',#1197,0.005);
#202=CIRCLE('',#1198,0.005);
#203=CIRCLE('',#1201,0.002);
#204=CIRCLE('',#1203,0.002);
#205=CIRCLE('',#1205,0.002);
#206=CIRCLE('',#1208,0.002);
#207=CIRCLE('',#1210,0.002);
#208=CIRCLE('',#1212,0.002);
#209=CIRCLE('',#1213,0.002);
#210=CIRCLE('',#1215,0.002);
#211=CIRCLE('',#1217,0.0099847651458771);
#212=CIRCLE('',#1220,0.005);
#213=CIRCLE('',#1222,0.005);
#214=CIRCLE('',#1224,0.002);
#215=CIRCLE('',#1226,0.002);
#216=CIRCLE('',#1233,0.002);
#217=CIRCLE('',#1235,0.002);
#218=CIRCLE('',#1237,0.002);
#219=CIRCLE('',#1239,0.002);
#220=ORIENTED_EDGE('',*,*,#534,.F.);
#221=ORIENTED_EDGE('',*,*,#535,.F.);
#222=ORIENTED_EDGE('',*,*,#536,.T.);
#223=ORIENTED_EDGE('',*,*,#537,.F.);
#224=ORIENTED_EDGE('',*,*,#538,.T.);
#225=ORIENTED_EDGE('',*,*,#539,.T.);
#226=ORIENTED_EDGE('',*,*,#540,.T.);
#227=ORIENTED_EDGE('',*,*,#541,.T.);
#228=ORIENTED_EDGE('',*,*,#542,.F.);
#229=ORIENTED_EDGE('',*,*,#536,.F.);
#230=ORIENTED_EDGE('',*,*,#543,.T.);
#231=ORIENTED_EDGE('',*,*,#544,.T.);
#232=ORIENTED_EDGE('',*,*,#545,.T.);
#233=ORIENTED_EDGE('',*,*,#546,.T.);
#234=ORIENTED_EDGE('',*,*,#547,.T.);
#235=ORIENTED_EDGE('',*,*,#548,.T.);
#236=ORIENTED_EDGE('',*,*,#538,.F.);
#237=ORIENTED_EDGE('',*,*,#549,.T.);
#238=ORIENTED_EDGE('',*,*,#550,.T.);
#239=ORIENTED_EDGE('',*,*,#551,.T.);
#240=ORIENTED_EDGE('',*,*,#552,.T.);
#241=ORIENTED_EDGE('',*,*,#553,.T.);
#242=ORIENTED_EDGE('',*,*,#554,.T.);
#243=ORIENTED_EDGE('',*,*,#555,.F.);
#244=ORIENTED_EDGE('',*,*,#556,.F.);
#245=ORIENTED_EDGE('',*,*,#557,.T.);
#246=ORIENTED_EDGE('',*,*,#558,.T.);
#247=ORIENTED_EDGE('',*,*,#559,.T.);
#248=ORIENTED_EDGE('',*,*,#560,.F.);
#249=ORIENTED_EDGE('',*,*,#561,.T.);
#250=ORIENTED_EDGE('',*,*,#562,.T.);
#251=ORIENTED_EDGE('',*,*,#563,.T.);
#252=ORIENTED_EDGE('',*,*,#564,.T.);
#253=ORIENTED_EDGE('',*,*,#565,.F.);
#254=ORIENTED_EDGE('',*,*,#566,.T.);
#255=ORIENTED_EDGE('',*,*,#567,.T.);
#256=ORIENTED_EDGE('',*,*,#568,.F.);
#257=ORIENTED_EDGE('',*,*,#569,.T.);
#258=ORIENTED_EDGE('',*,*,#570,.F.);
#259=ORIENTED_EDGE('',*,*,#571,.T.);
#260=ORIENTED_EDGE('',*,*,#572,.T.);
#261=ORIENTED_EDGE('',*,*,#573,.T.);
#262=ORIENTED_EDGE('',*,*,#574,.T.);
#263=ORIENTED_EDGE('',*,*,#575,.T.);
#264=ORIENTED_EDGE('',*,*,#568,.T.);
#265=ORIENTED_EDGE('',*,*,#576,.T.);
#266=ORIENTED_EDGE('',*,*,#577,.T.);
#267=ORIENTED_EDGE('',*,*,#578,.F.);
#268=ORIENTED_EDGE('',*,*,#554,.F.);
#269=ORIENTED_EDGE('',*,*,#579,.T.);
#270=ORIENTED_EDGE('',*,*,#580,.T.);
#271=ORIENTED_EDGE('',*,*,#581,.T.);
#272=ORIENTED_EDGE('',*,*,#582,.T.);
#273=ORIENTED_EDGE('',*,*,#583,.T.);
#274=ORIENTED_EDGE('',*,*,#584,.T.);
#275=ORIENTED_EDGE('',*,*,#585,.F.);
#276=ORIENTED_EDGE('',*,*,#586,.T.);
#277=ORIENTED_EDGE('',*,*,#587,.T.);
#278=ORIENTED_EDGE('',*,*,#588,.T.);
#279=ORIENTED_EDGE('',*,*,#589,.T.);
#280=ORIENTED_EDGE('',*,*,#590,.T.);
#281=ORIENTED_EDGE('',*,*,#591,.T.);
#282=ORIENTED_EDGE('',*,*,#585,.T.);
#283=ORIENTED_EDGE('',*,*,#592,.T.);
#284=ORIENTED_EDGE('',*,*,#593,.T.);
#285=ORIENTED_EDGE('',*,*,#594,.T.);
#286=ORIENTED_EDGE('',*,*,#595,.T.);
#287=ORIENTED_EDGE('',*,*,#596,.T.);
#288=ORIENTED_EDGE('',*,*,#597,.T.);
#289=ORIENTED_EDGE('',*,*,#598,.T.);
#290=ORIENTED_EDGE('',*,*,#560,.T.);
#291=ORIENTED_EDGE('',*,*,#599,.T.);
#292=ORIENTED_EDGE('',*,*,#588,.F.);
#293=ORIENTED_EDGE('',*,*,#570,.T.);
#294=ORIENTED_EDGE('',*,*,#567,.F.);
#295=ORIENTED_EDGE('',*,*,#600,.T.);
#296=ORIENTED_EDGE('',*,*,#565,.T.);
#297=ORIENTED_EDGE('',*,*,#601,.T.);
#298=ORIENTED_EDGE('',*,*,#602,.F.);
#299=ORIENTED_EDGE('',*,*,#603,.T.);
#300=ORIENTED_EDGE('',*,*,#602,.T.);
#301=ORIENTED_EDGE('',*,*,#604,.T.);
#302=ORIENTED_EDGE('',*,*,#605,.T.);
#303=ORIENTED_EDGE('',*,*,#558,.F.);
#304=ORIENTED_EDGE('',*,*,#606,.T.);
#305=ORIENTED_EDGE('',*,*,#607,.T.);
#306=ORIENTED_EDGE('',*,*,#608,.T.);
#307=ORIENTED_EDGE('',*,*,#609,.T.);
#308=ORIENTED_EDGE('',*,*,#610,.F.);
#309=ORIENTED_EDGE('',*,*,#611,.T.);
#310=ORIENTED_EDGE('',*,*,#612,.T.);
#311=ORIENTED_EDGE('',*,*,#613,.F.);
#312=ORIENTED_EDGE('',*,*,#614,.T.);
#313=ORIENTED_EDGE('',*,*,#593,.F.);
#314=ORIENTED_EDGE('',*,*,#615,.T.);
#315=ORIENTED_EDGE('',*,*,#616,.T.);
#316=ORIENTED_EDGE('',*,*,#617,.T.);
#317=ORIENTED_EDGE('',*,*,#618,.T.);
#318=ORIENTED_EDGE('',*,*,#613,.T.);
#319=ORIENTED_EDGE('',*,*,#619,.T.);
#320=ORIENTED_EDGE('',*,*,#620,.T.);
#321=ORIENTED_EDGE('',*,*,#555,.T.);
#322=ORIENTED_EDGE('',*,*,#578,.T.);
#323=ORIENTED_EDGE('',*,*,#621,.T.);
#324=ORIENTED_EDGE('',*,*,#622,.T.);
#325=ORIENTED_EDGE('',*,*,#623,.T.);
#326=ORIENTED_EDGE('',*,*,#624,.T.);
#327=ORIENTED_EDGE('',*,*,#625,.T.);
#328=ORIENTED_EDGE('',*,*,#626,.T.);
#329=ORIENTED_EDGE('',*,*,#539,.F.);
#330=ORIENTED_EDGE('',*,*,#627,.T.);
#331=ORIENTED_EDGE('',*,*,#628,.T.);
#332=ORIENTED_EDGE('',*,*,#629,.T.);
#333=ORIENTED_EDGE('',*,*,#630,.F.);
#334=ORIENTED_EDGE('',*,*,#631,.T.);
#335=ORIENTED_EDGE('',*,*,#632,.F.);
#336=ORIENTED_EDGE('',*,*,#633,.T.);
#337=ORIENTED_EDGE('',*,*,#556,.T.);
#338=ORIENTED_EDGE('',*,*,#620,.F.);
#339=ORIENTED_EDGE('',*,*,#630,.T.);
#340=ORIENTED_EDGE('',*,*,#634,.T.);
#341=ORIENTED_EDGE('',*,*,#625,.F.);
#342=ORIENTED_EDGE('',*,*,#635,.T.);
#343=ORIENTED_EDGE('',*,*,#610,.T.);
#344=ORIENTED_EDGE('',*,*,#636,.T.);
#345=ORIENTED_EDGE('',*,*,#628,.F.);
#346=ORIENTED_EDGE('',*,*,#637,.T.);
#347=ORIENTED_EDGE('',*,*,#616,.F.);
#348=ORIENTED_EDGE('',*,*,#638,.T.);
#349=ORIENTED_EDGE('',*,*,#632,.T.);
#350=ORIENTED_EDGE('',*,*,#619,.F.);
#351=ORIENTED_EDGE('',*,*,#561,.F.);
#352=ORIENTED_EDGE('',*,*,#639,.T.);
#353=ORIENTED_EDGE('',*,*,#640,.T.);
#354=ORIENTED_EDGE('',*,*,#563,.F.);
#355=ORIENTED_EDGE('',*,*,#575,.F.);
#356=ORIENTED_EDGE('',*,*,#641,.F.);
#357=ORIENTED_EDGE('',*,*,#641,.T.);
#358=ORIENTED_EDGE('',*,*,#574,.F.);
#359=ORIENTED_EDGE('',*,*,#642,.F.);
#360=ORIENTED_EDGE('',*,*,#562,.F.);
#361=ORIENTED_EDGE('',*,*,#642,.T.);
#362=ORIENTED_EDGE('',*,*,#573,.F.);
#363=ORIENTED_EDGE('',*,*,#643,.F.);
#364=ORIENTED_EDGE('',*,*,#606,.F.);
#365=ORIENTED_EDGE('',*,*,#643,.T.);
#366=ORIENTED_EDGE('',*,*,#572,.F.);
#367=ORIENTED_EDGE('',*,*,#644,.F.);
#368=ORIENTED_EDGE('',*,*,#603,.F.);
#369=ORIENTED_EDGE('',*,*,#600,.F.);
#370=ORIENTED_EDGE('',*,*,#566,.F.);
#371=ORIENTED_EDGE('',*,*,#644,.T.);
#372=ORIENTED_EDGE('',*,*,#571,.F.);
#373=ORIENTED_EDGE('',*,*,#587,.F.);
#374=ORIENTED_EDGE('',*,*,#645,.T.);
#375=ORIENTED_EDGE('',*,*,#581,.F.);
#376=ORIENTED_EDGE('',*,*,#646,.T.);
#377=ORIENTED_EDGE('',*,*,#552,.F.);
#378=ORIENTED_EDGE('',*,*,#647,.F.);
#379=ORIENTED_EDGE('',*,*,#551,.F.);
#380=ORIENTED_EDGE('',*,*,#648,.T.);
#381=ORIENTED_EDGE('',*,*,#597,.F.);
#382=ORIENTED_EDGE('',*,*,#647,.T.);
#383=ORIENTED_EDGE('',*,*,#649,.T.);
#384=ORIENTED_EDGE('',*,*,#650,.T.);
#385=ORIENTED_EDGE('',*,*,#576,.F.);
#386=ORIENTED_EDGE('',*,*,#553,.F.);
#387=ORIENTED_EDGE('',*,*,#646,.F.);
#388=ORIENTED_EDGE('',*,*,#584,.F.);
#389=ORIENTED_EDGE('',*,*,#651,.T.);
#390=ORIENTED_EDGE('',*,*,#583,.F.);
#391=ORIENTED_EDGE('',*,*,#652,.T.);
#392=ORIENTED_EDGE('',*,*,#607,.F.);
#393=ORIENTED_EDGE('',*,*,#653,.F.);
#394=ORIENTED_EDGE('',*,*,#612,.F.);
#395=ORIENTED_EDGE('',*,*,#654,.T.);
#396=ORIENTED_EDGE('',*,*,#651,.F.);
#397=ORIENTED_EDGE('',*,*,#653,.T.);
#398=ORIENTED_EDGE('',*,*,#544,.F.);
#399=ORIENTED_EDGE('',*,*,#655,.T.);
#400=ORIENTED_EDGE('',*,*,#611,.F.);
#401=ORIENTED_EDGE('',*,*,#656,.F.);
#402=ORIENTED_EDGE('',*,*,#656,.T.);
#403=ORIENTED_EDGE('',*,*,#637,.F.);
#404=ORIENTED_EDGE('',*,*,#657,.F.);
#405=ORIENTED_EDGE('',*,*,#545,.F.);
#406=ORIENTED_EDGE('',*,*,#657,.T.);
#407=ORIENTED_EDGE('',*,*,#631,.F.);
#408=ORIENTED_EDGE('',*,*,#658,.F.);
#409=ORIENTED_EDGE('',*,*,#546,.F.);
#410=ORIENTED_EDGE('',*,*,#658,.T.);
#411=ORIENTED_EDGE('',*,*,#635,.F.);
#412=ORIENTED_EDGE('',*,*,#659,.F.);
#413=ORIENTED_EDGE('',*,*,#547,.F.);
#414=ORIENTED_EDGE('',*,*,#627,.F.);
#415=ORIENTED_EDGE('',*,*,#548,.F.);
#416=ORIENTED_EDGE('',*,*,#659,.T.);
#417=ORIENTED_EDGE('',*,*,#609,.F.);
#418=ORIENTED_EDGE('',*,*,#660,.T.);
#419=ORIENTED_EDGE('',*,*,#617,.F.);
#420=ORIENTED_EDGE('',*,*,#661,.F.);
#421=ORIENTED_EDGE('',*,*,#661,.T.);
#422=ORIENTED_EDGE('',*,*,#624,.F.);
#423=ORIENTED_EDGE('',*,*,#662,.F.);
#424=ORIENTED_EDGE('',*,*,#636,.F.);
#425=ORIENTED_EDGE('',*,*,#662,.T.);
#426=ORIENTED_EDGE('',*,*,#623,.F.);
#427=ORIENTED_EDGE('',*,*,#663,.F.);
#428=ORIENTED_EDGE('',*,*,#629,.F.);
#429=ORIENTED_EDGE('',*,*,#663,.T.);
#430=ORIENTED_EDGE('',*,*,#622,.F.);
#431=ORIENTED_EDGE('',*,*,#664,.F.);
#432=ORIENTED_EDGE('',*,*,#634,.F.);
#433=ORIENTED_EDGE('',*,*,#664,.T.);
#434=ORIENTED_EDGE('',*,*,#621,.F.);
#435=ORIENTED_EDGE('',*,*,#665,.F.);
#436=ORIENTED_EDGE('',*,*,#626,.F.);
#437=ORIENTED_EDGE('',*,*,#665,.T.);
#438=ORIENTED_EDGE('',*,*,#577,.F.);
#439=ORIENTED_EDGE('',*,*,#666,.F.);
#440=ORIENTED_EDGE('',*,*,#540,.F.);
#441=ORIENTED_EDGE('',*,*,#666,.T.);
#442=ORIENTED_EDGE('',*,*,#650,.F.);
#443=ORIENTED_EDGE('',*,*,#667,.F.);
#444=ORIENTED_EDGE('',*,*,#541,.F.);
#445=ORIENTED_EDGE('',*,*,#668,.F.);
#446=ORIENTED_EDGE('',*,*,#543,.F.);
#447=ORIENTED_EDGE('',*,*,#667,.T.);
#448=ORIENTED_EDGE('',*,*,#649,.F.);
#449=ORIENTED_EDGE('',*,*,#668,.T.);
#450=ORIENTED_EDGE('',*,*,#654,.F.);
#451=ORIENTED_EDGE('',*,*,#655,.F.);
#452=ORIENTED_EDGE('',*,*,#592,.F.);
#453=ORIENTED_EDGE('',*,*,#589,.F.);
#454=ORIENTED_EDGE('',*,*,#669,.F.);
#455=ORIENTED_EDGE('',*,*,#615,.F.);
#456=ORIENTED_EDGE('',*,*,#669,.T.);
#457=ORIENTED_EDGE('',*,*,#599,.F.);
#458=ORIENTED_EDGE('',*,*,#670,.F.);
#459=ORIENTED_EDGE('',*,*,#638,.F.);
#460=ORIENTED_EDGE('',*,*,#670,.T.);
#461=ORIENTED_EDGE('',*,*,#559,.F.);
#462=ORIENTED_EDGE('',*,*,#671,.F.);
#463=ORIENTED_EDGE('',*,*,#633,.F.);
#464=ORIENTED_EDGE('',*,*,#671,.T.);
#465=ORIENTED_EDGE('',*,*,#605,.F.);
#466=ORIENTED_EDGE('',*,*,#672,.F.);
#467=ORIENTED_EDGE('',*,*,#672,.T.);
#468=ORIENTED_EDGE('',*,*,#604,.F.);
#469=ORIENTED_EDGE('',*,*,#673,.F.);
#470=ORIENTED_EDGE('',*,*,#673,.T.);
#471=ORIENTED_EDGE('',*,*,#601,.F.);
#472=ORIENTED_EDGE('',*,*,#674,.F.);
#473=ORIENTED_EDGE('',*,*,#557,.F.);
#474=ORIENTED_EDGE('',*,*,#674,.T.);
#475=ORIENTED_EDGE('',*,*,#564,.F.);
#476=ORIENTED_EDGE('',*,*,#675,.F.);
#477=ORIENTED_EDGE('',*,*,#549,.F.);
#478=ORIENTED_EDGE('',*,*,#676,.F.);
#479=ORIENTED_EDGE('',*,*,#550,.F.);
#480=ORIENTED_EDGE('',*,*,#675,.T.);
#481=ORIENTED_EDGE('',*,*,#640,.F.);
#482=ORIENTED_EDGE('',*,*,#648,.F.);
#483=ORIENTED_EDGE('',*,*,#676,.T.);
#484=ORIENTED_EDGE('',*,*,#677,.F.);
#485=ORIENTED_EDGE('',*,*,#677,.T.);
#486=ORIENTED_EDGE('',*,*,#639,.F.);
#487=ORIENTED_EDGE('',*,*,#598,.F.);
#488=ORIENTED_EDGE('',*,*,#678,.F.);
#489=ORIENTED_EDGE('',*,*,#579,.F.);
#490=ORIENTED_EDGE('',*,*,#569,.F.);
#491=ORIENTED_EDGE('',*,*,#580,.F.);
#492=ORIENTED_EDGE('',*,*,#679,.T.);
#493=ORIENTED_EDGE('',*,*,#534,.T.);
#494=ORIENTED_EDGE('',*,*,#680,.T.);
#495=ORIENTED_EDGE('',*,*,#537,.T.);
#496=ORIENTED_EDGE('',*,*,#542,.T.);
#497=ORIENTED_EDGE('',*,*,#681,.T.);
#498=ORIENTED_EDGE('',*,*,#680,.F.);
#499=ORIENTED_EDGE('',*,*,#682,.T.);
#500=ORIENTED_EDGE('',*,*,#679,.F.);
#501=ORIENTED_EDGE('',*,*,#683,.T.);
#502=ORIENTED_EDGE('',*,*,#682,.F.);
#503=ORIENTED_EDGE('',*,*,#683,.F.);
#504=ORIENTED_EDGE('',*,*,#535,.T.);
#505=ORIENTED_EDGE('',*,*,#678,.T.);
#506=ORIENTED_EDGE('',*,*,#684,.F.);
#507=ORIENTED_EDGE('',*,*,#685,.T.);
#508=ORIENTED_EDGE('',*,*,#684,.T.);
#509=ORIENTED_EDGE('',*,*,#686,.T.);
#510=ORIENTED_EDGE('',*,*,#681,.F.);
#511=ORIENTED_EDGE('',*,*,#686,.F.);
#512=ORIENTED_EDGE('',*,*,#685,.F.);
#513=ORIENTED_EDGE('',*,*,#614,.F.);
#514=ORIENTED_EDGE('',*,*,#618,.F.);
#515=ORIENTED_EDGE('',*,*,#687,.F.);
#516=ORIENTED_EDGE('',*,*,#594,.F.);
#517=ORIENTED_EDGE('',*,*,#687,.T.);
#518=ORIENTED_EDGE('',*,*,#660,.F.);
#519=ORIENTED_EDGE('',*,*,#688,.F.);
#520=ORIENTED_EDGE('',*,*,#595,.F.);
#521=ORIENTED_EDGE('',*,*,#688,.T.);
#522=ORIENTED_EDGE('',*,*,#608,.F.);
#523=ORIENTED_EDGE('',*,*,#689,.F.);
#524=ORIENTED_EDGE('',*,*,#596,.F.);
#525=ORIENTED_EDGE('',*,*,#689,.T.);
#526=ORIENTED_EDGE('',*,*,#652,.F.);
#527=ORIENTED_EDGE('',*,*,#690,.F.);
#528=ORIENTED_EDGE('',*,*,#590,.F.);
#529=ORIENTED_EDGE('',*,*,#586,.F.);
#530=ORIENTED_EDGE('',*,*,#591,.F.);
#531=ORIENTED_EDGE('',*,*,#690,.T.);
#532=ORIENTED_EDGE('',*,*,#582,.F.);
#533=ORIENTED_EDGE('',*,*,#645,.F.);
#534=EDGE_CURVE('',#691,#691,#786,.T.);
#535=EDGE_CURVE('',#692,#692,#142,.F.);
#536=EDGE_CURVE('',#693,#694,#787,.T.);
#537=EDGE_CURVE('',#695,#694,#788,.T.);
#538=EDGE_CURVE('',#695,#696,#789,.T.);
#539=EDGE_CURVE('',#696,#697,#143,.T.);
#540=EDGE_CURVE('',#697,#698,#144,.F.);
#541=EDGE_CURVE('',#698,#693,#790,.T.);
#542=EDGE_CURVE('',#694,#695,#791,.T.);
#543=EDGE_CURVE('',#693,#699,#792,.T.);
#544=EDGE_CURVE('',#699,#700,#793,.T.);
#545=EDGE_CURVE('',#700,#701,#794,.T.);
#546=EDGE_CURVE('',#701,#702,#795,.T.);
#547=EDGE_CURVE('',#702,#703,#796,.T.);
#548=EDGE_CURVE('',#703,#696,#797,.T.);
#549=EDGE_CURVE('',#704,#705,#145,.F.);
#550=EDGE_CURVE('',#705,#706,#798,.T.);
#551=EDGE_CURVE('',#706,#707,#799,.T.);
#552=EDGE_CURVE('',#707,#708,#53,.F.);
#553=EDGE_CURVE('',#708,#709,#146,.F.);
#554=EDGE_CURVE('',#709,#710,#147,.T.);
#555=EDGE_CURVE('',#711,#710,#54,.T.);
#556=EDGE_CURVE('',#712,#711,#55,.T.);
#557=EDGE_CURVE('',#712,#704,#56,.F.);
#558=EDGE_CURVE('',#713,#714,#148,.T.);
#559=EDGE_CURVE('',#714,#715,#57,.F.);
#560=EDGE_CURVE('',#716,#715,#149,.T.);
#561=EDGE_CURVE('',#716,#717,#800,.T.);
#562=EDGE_CURVE('',#717,#713,#801,.T.);
#563=EDGE_CURVE('',#718,#719,#802,.T.);
#564=EDGE_CURVE('',#719,#720,#150,.T.);
#565=EDGE_CURVE('',#721,#720,#151,.T.);
#566=EDGE_CURVE('',#721,#722,#152,.F.);
#567=EDGE_CURVE('',#722,#723,#803,.T.);
#568=EDGE_CURVE('',#718,#723,#153,.T.);
#569=EDGE_CURVE('',#724,#724,#154,.F.);
#570=EDGE_CURVE('',#725,#723,#804,.T.);
#571=EDGE_CURVE('',#725,#726,#155,.T.);
#572=EDGE_CURVE('',#726,#727,#805,.T.);
#573=EDGE_CURVE('',#727,#728,#806,.T.);
#574=EDGE_CURVE('',#728,#729,#807,.T.);
#575=EDGE_CURVE('',#729,#718,#808,.T.);
#576=EDGE_CURVE('',#709,#730,#58,.F.);
#577=EDGE_CURVE('',#730,#731,#156,.F.);
#578=EDGE_CURVE('',#710,#731,#59,.T.);
#579=EDGE_CURVE('',#732,#732,#157,.T.);
#580=EDGE_CURVE('',#733,#733,#158,.F.);
#581=EDGE_CURVE('',#734,#735,#60,.F.);
#582=EDGE_CURVE('',#735,#736,#61,.T.);
#583=EDGE_CURVE('',#736,#737,#62,.T.);
#584=EDGE_CURVE('',#737,#734,#63,.T.);
#585=EDGE_CURVE('',#738,#739,#159,.T.);
#586=EDGE_CURVE('',#738,#740,#809,.T.);
#587=EDGE_CURVE('',#740,#741,#64,.T.);
#588=EDGE_CURVE('',#741,#742,#160,.T.);
#589=EDGE_CURVE('',#742,#739,#65,.F.);
#590=EDGE_CURVE('',#743,#744,#161,.F.);
#591=EDGE_CURVE('',#744,#738,#66,.F.);
#592=EDGE_CURVE('',#739,#745,#162,.F.);
#593=EDGE_CURVE('',#745,#746,#67,.T.);
#594=EDGE_CURVE('',#746,#747,#68,.T.);
#595=EDGE_CURVE('',#747,#748,#163,.F.);
#596=EDGE_CURVE('',#748,#743,#164,.F.);
#597=EDGE_CURVE('',#741,#749,#810,.T.);
#598=EDGE_CURVE('',#749,#716,#811,.T.);
#599=EDGE_CURVE('',#715,#742,#165,.T.);
#600=EDGE_CURVE('',#722,#725,#812,.T.);
#601=EDGE_CURVE('',#720,#750,#69,.F.);
#602=EDGE_CURVE('',#751,#750,#166,.T.);
#603=EDGE_CURVE('',#751,#721,#813,.T.);
#604=EDGE_CURVE('',#750,#752,#167,.T.);
#605=EDGE_CURVE('',#752,#714,#168,.T.);
#606=EDGE_CURVE('',#713,#751,#814,.T.);
#607=EDGE_CURVE('',#753,#754,#70,.F.);
#608=EDGE_CURVE('',#754,#755,#169,.T.);
#609=EDGE_CURVE('',#755,#756,#71,.T.);
#610=EDGE_CURVE('',#757,#756,#170,.T.);
#611=EDGE_CURVE('',#757,#758,#815,.T.);
#612=EDGE_CURVE('',#758,#753,#816,.T.);
#613=EDGE_CURVE('',#759,#760,#72,.T.);
#614=EDGE_CURVE('',#759,#746,#171,.F.);
#615=EDGE_CURVE('',#745,#761,#73,.T.);
#616=EDGE_CURVE('',#761,#760,#74,.T.);
#617=EDGE_CURVE('',#762,#763,#75,.T.);
#618=EDGE_CURVE('',#763,#759,#76,.F.);
#619=EDGE_CURVE('',#760,#764,#172,.T.);
#620=EDGE_CURVE('',#764,#711,#77,.T.);
#621=EDGE_CURVE('',#731,#765,#78,.T.);
#622=EDGE_CURVE('',#765,#766,#173,.F.);
#623=EDGE_CURVE('',#766,#767,#79,.T.);
#624=EDGE_CURVE('',#767,#762,#174,.T.);
#625=EDGE_CURVE('',#768,#769,#175,.T.);
#626=EDGE_CURVE('',#769,#697,#80,.T.);
#627=EDGE_CURVE('',#696,#768,#817,.F.);
#628=EDGE_CURVE('',#770,#771,#176,.T.);
#629=EDGE_CURVE('',#771,#772,#81,.T.);
#630=EDGE_CURVE('',#773,#772,#177,.T.);
#631=EDGE_CURVE('',#773,#770,#818,.T.);
#632=EDGE_CURVE('',#774,#764,#82,.T.);
#633=EDGE_CURVE('',#774,#712,#83,.T.);
#634=EDGE_CURVE('',#772,#769,#178,.T.);
#635=EDGE_CURVE('',#768,#773,#819,.T.);
#636=EDGE_CURVE('',#756,#771,#179,.F.);
#637=EDGE_CURVE('',#770,#757,#820,.T.);
#638=EDGE_CURVE('',#761,#774,#180,.F.);
#639=EDGE_CURVE('',#716,#775,#821,.F.);
#640=EDGE_CURVE('',#775,#719,#822,.T.);
#641=EDGE_CURVE('',#717,#729,#823,.F.);
#642=EDGE_CURVE('',#713,#728,#181,.T.);
#643=EDGE_CURVE('',#751,#727,#182,.T.);
#644=EDGE_CURVE('',#721,#726,#183,.T.);
#645=EDGE_CURVE('',#740,#735,#824,.T.);
#646=EDGE_CURVE('',#734,#708,#825,.T.);
#647=EDGE_CURVE('',#741,#707,#184,.T.);
#648=EDGE_CURVE('',#706,#749,#185,.T.);
#649=EDGE_CURVE('',#776,#777,#826,.T.);
#650=EDGE_CURVE('',#777,#730,#827,.T.);
#651=EDGE_CURVE('',#737,#776,#828,.T.);
#652=EDGE_CURVE('',#736,#754,#186,.T.);
#653=EDGE_CURVE('',#737,#753,#187,.T.);
#654=EDGE_CURVE('',#758,#776,#188,.F.);
#655=EDGE_CURVE('',#699,#758,#189,.T.);
#656=EDGE_CURVE('',#700,#757,#190,.T.);
#657=EDGE_CURVE('',#701,#770,#191,.T.);
#658=EDGE_CURVE('',#702,#773,#192,.T.);
#659=EDGE_CURVE('',#703,#768,#193,.T.);
#660=EDGE_CURVE('',#755,#763,#194,.T.);
#661=EDGE_CURVE('',#756,#762,#195,.T.);
#662=EDGE_CURVE('',#771,#767,#196,.T.);
#663=EDGE_CURVE('',#772,#766,#197,.T.);
#664=EDGE_CURVE('',#769,#765,#198,.T.);
#665=EDGE_CURVE('',#697,#731,#199,.T.);
#666=EDGE_CURVE('',#698,#730,#200,.T.);
#667=EDGE_CURVE('',#693,#777,#201,.T.);
#668=EDGE_CURVE('',#699,#776,#202,.T.);
#669=EDGE_CURVE('',#761,#742,#203,.T.);
#670=EDGE_CURVE('',#774,#715,#204,.T.);
#671=EDGE_CURVE('',#712,#714,#205,.T.);
#672=EDGE_CURVE('',#712,#752,#829,.T.);
#673=EDGE_CURVE('',#712,#750,#206,.T.);
#674=EDGE_CURVE('',#704,#720,#207,.T.);
#675=EDGE_CURVE('',#705,#719,#208,.T.);
#676=EDGE_CURVE('',#706,#775,#209,.T.);
#677=EDGE_CURVE('',#749,#775,#210,.T.);
#678=EDGE_CURVE('',#778,#778,#211,.F.);
#679=EDGE_CURVE('',#779,#779,#212,.T.);
#680=EDGE_CURVE('',#780,#780,#213,.T.);
#681=EDGE_CURVE('',#781,#781,#214,.T.);
#682=EDGE_CURVE('',#782,#782,#215,.T.);
#683=EDGE_CURVE('',#783,#783,#830,.T.);
#684=EDGE_CURVE('',#784,#785,#831,.T.);
#685=EDGE_CURVE('',#784,#785,#832,.T.);
#686=EDGE_CURVE('',#785,#784,#833,.T.);
#687=EDGE_CURVE('',#747,#763,#216,.T.);
#688=EDGE_CURVE('',#748,#755,#217,.T.);
#689=EDGE_CURVE('',#743,#754,#218,.T.);
#690=EDGE_CURVE('',#744,#736,#219,.T.);
#691=VERTEX_POINT('',#1564);
#692=VERTEX_POINT('',#1566);
#693=VERTEX_POINT('',#1571);
#694=VERTEX_POINT('',#1572);
#695=VERTEX_POINT('',#1584);
#696=VERTEX_POINT('',#1589);
#697=VERTEX_POINT('',#1591);
#698=VERTEX_POINT('',#1593);
#699=VERTEX_POINT('',#1647);
#700=VERTEX_POINT('',#1652);
#701=VERTEX_POINT('',#1657);
#702=VERTEX_POINT('',#1662);
#703=VERTEX_POINT('',#1667);
#704=VERTEX_POINT('',#1675);
#705=VERTEX_POINT('',#1676);
#706=VERTEX_POINT('',#1683);
#707=VERTEX_POINT('',#1688);
#708=VERTEX_POINT('',#1690);
#709=VERTEX_POINT('',#1692);
#710=VERTEX_POINT('',#1694);
#711=VERTEX_POINT('',#1696);
#712=VERTEX_POINT('',#1698);
#713=VERTEX_POINT('',#1702);
#714=VERTEX_POINT('',#1703);
#715=VERTEX_POINT('',#1705);
#716=VERTEX_POINT('',#1707);
#717=VERTEX_POINT('',#1714);
#718=VERTEX_POINT('',#1726);
#719=VERTEX_POINT('',#1727);
#720=VERTEX_POINT('',#1729);
#721=VERTEX_POINT('',#1731);
#722=VERTEX_POINT('',#1733);
#723=VERTEX_POINT('',#1738);
#724=VERTEX_POINT('',#1742);
#725=VERTEX_POINT('',#1747);
#726=VERTEX_POINT('',#1749);
#727=VERTEX_POINT('',#1761);
#728=VERTEX_POINT('',#1766);
#729=VERTEX_POINT('',#1771);
#730=VERTEX_POINT('',#1778);
#731=VERTEX_POINT('',#1780);
#732=VERTEX_POINT('',#1784);
#733=VERTEX_POINT('',#1786);
#734=VERTEX_POINT('',#1789);
#735=VERTEX_POINT('',#1790);
#736=VERTEX_POINT('',#1792);
#737=VERTEX_POINT('',#1794);
#738=VERTEX_POINT('',#1798);
#739=VERTEX_POINT('',#1799);
#740=VERTEX_POINT('',#1804);
#741=VERTEX_POINT('',#1806);
#742=VERTEX_POINT('',#1808);
#743=VERTEX_POINT('',#1812);
#744=VERTEX_POINT('',#1813);
#745=VERTEX_POINT('',#1816);
#746=VERTEX_POINT('',#1818);
#747=VERTEX_POINT('',#1820);
#748=VERTEX_POINT('',#1822);
#749=VERTEX_POINT('',#1829);
#750=VERTEX_POINT('',#1842);
#751=VERTEX_POINT('',#1844);
#752=VERTEX_POINT('',#1856);
#753=VERTEX_POINT('',#1864);
#754=VERTEX_POINT('',#1865);
#755=VERTEX_POINT('',#1867);
#756=VERTEX_POINT('',#1869);
#757=VERTEX_POINT('',#1871);
#758=VERTEX_POINT('',#1876);
#759=VERTEX_POINT('',#1883);
#760=VERTEX_POINT('',#1884);
#761=VERTEX_POINT('',#1887);
#762=VERTEX_POINT('',#1891);
#763=VERTEX_POINT('',#1892);
#764=VERTEX_POINT('',#1895);
#765=VERTEX_POINT('',#1898);
#766=VERTEX_POINT('',#1900);
#767=VERTEX_POINT('',#1902);
#768=VERTEX_POINT('',#1906);
#769=VERTEX_POINT('',#1907);
#770=VERTEX_POINT('',#1916);
#771=VERTEX_POINT('',#1917);
#772=VERTEX_POINT('',#1919);
#773=VERTEX_POINT('',#1921);
#774=VERTEX_POINT('',#1928);
#775=VERTEX_POINT('',#1969);
#776=VERTEX_POINT('',#2072);
#777=VERTEX_POINT('',#2073);
#778=VERTEX_POINT('',#2280);
#779=VERTEX_POINT('',#2284);
#780=VERTEX_POINT('',#2287);
#781=VERTEX_POINT('',#2290);
#782=VERTEX_POINT('',#2293);
#783=VERTEX_POINT('',#2306);
#784=VERTEX_POINT('',#2325);
#785=VERTEX_POINT('',#2326);
#786=B_SPLINE_CURVE_WITH_KNOTS('',3,(#1548,#1549,#1550,#1551,#1552,#1553,
#1554,#1555,#1556,#1557,#1558,#1559,#1560,#1561,#1562,#1563),
 .UNSPECIFIED.,.T.,.F.,(1,1,1,1,1,1,1,1,1,1,1,1,1,1,1,1,1,1,1,1),(-0.00608051045414637,
-0.00405367363609758,-0.00202683681804879,0.,0.00405367363609758,0.00608051045414637,
0.00810734727219516,0.0101341840902439,0.0121610209082927,0.0141878577263415,
0.0162146945443903,0.0202683681804879,0.0243220418165855,0.0263488786346343,
0.028375715452683,0.0304025522707318,0.0324293890887806,0.0364830627248782,
0.038509899542927,0.0405367363609758),.UNSPECIFIED.);
#787=B_SPLINE_CURVE_WITH_KNOTS('',3,(#1567,#1568,#1569,#1570),
 .UNSPECIFIED.,.F.,.F.,(4,4),(0.00253740105874658,0.0189726831343387),
 .UNSPECIFIED.);
#788=B_SPLINE_CURVE_WITH_KNOTS('',3,(#1573,#1574,#1575,#1576,#1577,#1578,
#1579,#1580,#1581,#1582,#1583),.UNSPECIFIED.,.F.,.F.,(4,1,1,1,1,1,1,1,4),
(0.0313614176208898,0.0338560823917618,0.0363507471626338,0.0388454119335058,
0.0413400767043778,0.0438347414752498,0.0463294062461218,0.0488240710169937,
0.0513187357878657),.UNSPECIFIED.);
#789=B_SPLINE_CURVE_WITH_KNOTS('',3,(#1585,#1586,#1587,#1588),
 .UNSPECIFIED.,.F.,.F.,(4,4),(0.0284957649752799,0.0473286543245672),
 .UNSPECIFIED.);
#790=B_SPLINE_CURVE_WITH_KNOTS('',3,(#1594,#1595,#1596,#1597),
 .UNSPECIFIED.,.F.,.F.,(4,4),(0.,0.00174995604212598),.UNSPECIFIED.);
#791=B_SPLINE_CURVE_WITH_KNOTS('',3,(#1628,#1629,#1630,#1631,#1632,#1633,
#1634,#1635,#1636,#1637),.UNSPECIFIED.,.F.,.F.,(4,1,1,1,1,1,1,4),(0.0038647952370207,
0.00539795686188997,0.00693111848675925,0.00846428011162853,0.0099974417364978,
0.0115306033613671,0.0130637649862364,0.0161300882359749),.UNSPECIFIED.);
#792=B_SPLINE_CURVE_WITH_KNOTS('',3,(#1638,#1639,#1640,#1641,#1642,#1643,
#1644,#1645,#1646),.UNSPECIFIED.,.F.,.F.,(4,1,1,1,1,1,4),(4.06575814682064E-19,
0.00122271397005959,0.00244542794011918,0.00366814191017877,0.00489085588023836,
0.00733628382035754,0.00978171176047672),.UNSPECIFIED.);
#793=B_SPLINE_CURVE_WITH_KNOTS('',3,(#1648,#1649,#1650,#1651),
 .UNSPECIFIED.,.F.,.F.,(4,4),(0.000607536457137402,0.00553573023317412),
 .UNSPECIFIED.);
#794=B_SPLINE_CURVE_WITH_KNOTS('',3,(#1653,#1654,#1655,#1656),
 .UNSPECIFIED.,.F.,.F.,(4,4),(0.,0.00113342451355362),.UNSPECIFIED.);
#795=B_SPLINE_CURVE_WITH_KNOTS('',3,(#1658,#1659,#1660,#1661),
 .UNSPECIFIED.,.F.,.F.,(4,4),(8.75493254282045E-18,0.0155914971329353),
 .UNSPECIFIED.);
#796=B_SPLINE_CURVE_WITH_KNOTS('',3,(#1663,#1664,#1665,#1666),
 .UNSPECIFIED.,.F.,.F.,(4,4),(0.,0.00213582260064184),.UNSPECIFIED.);
#797=B_SPLINE_CURVE_WITH_KNOTS('',3,(#1668,#1669,#1670,#1671,#1672),
 .UNSPECIFIED.,.F.,.F.,(4,1,4),(0.,0.0133429953350045,0.0266859906700091),
 .UNSPECIFIED.);
#798=B_SPLINE_CURVE_WITH_KNOTS('',3,(#1677,#1678,#1679,#1680,#1681,#1682),
 .UNSPECIFIED.,.F.,.F.,(4,1,1,4),(7.57391076790106E-18,0.000965858737689441,
0.00144878810653416,0.00193171747537887),.UNSPECIFIED.);
#799=B_SPLINE_CURVE_WITH_KNOTS('',3,(#1684,#1685,#1686,#1687),
 .UNSPECIFIED.,.F.,.F.,(4,4),(0.00181761023136656,0.00356579034790305),
 .UNSPECIFIED.);
#800=B_SPLINE_CURVE_WITH_KNOTS('',3,(#1708,#1709,#1710,#1711,#1712,#1713),
 .UNSPECIFIED.,.F.,.F.,(4,1,1,4),(0.00285340975684555,0.00599078710688233,
0.00912816445691911,0.0154029191569927),.UNSPECIFIED.);
#801=B_SPLINE_CURVE_WITH_KNOTS('',3,(#1715,#1716,#1717,#1718),
 .UNSPECIFIED.,.F.,.F.,(4,4),(0.,0.00392240862665315),.UNSPECIFIED.);
#802=B_SPLINE_CURVE_WITH_KNOTS('',3,(#1720,#1721,#1722,#1723,#1724,#1725),
 .UNSPECIFIED.,.F.,.F.,(4,1,1,4),(0.,0.00618881080547404,0.00928321620821106,
0.0123776216109481),.UNSPECIFIED.);
#803=B_SPLINE_CURVE_WITH_KNOTS('',3,(#1734,#1735,#1736,#1737),
 .UNSPECIFIED.,.F.,.F.,(4,4),(0.0318583940847412,0.0336336899489584),
 .UNSPECIFIED.);
#804=B_SPLINE_CURVE_WITH_KNOTS('',3,(#1743,#1744,#1745,#1746),
 .UNSPECIFIED.,.F.,.F.,(4,4),(0.0758103661075143,0.0778181434551819),
 .UNSPECIFIED.);
#805=B_SPLINE_CURVE_WITH_KNOTS('',3,(#1750,#1751,#1752,#1753,#1754,#1755,
#1756,#1757,#1758,#1759,#1760),.UNSPECIFIED.,.F.,.F.,(4,1,1,1,1,1,1,1,4),
(0.,0.00161842221351437,0.00323684442702873,0.00647368885405746,0.00971053328108619,
0.0129473777081149,0.0161842221351437,0.0194210665621724,0.0258947554162298),
 .UNSPECIFIED.);
#806=B_SPLINE_CURVE_WITH_KNOTS('',3,(#1762,#1763,#1764,#1765),
 .UNSPECIFIED.,.F.,.F.,(4,4),(0.,0.00198063986766517),.UNSPECIFIED.);
#807=B_SPLINE_CURVE_WITH_KNOTS('',3,(#1767,#1768,#1769,#1770),
 .UNSPECIFIED.,.F.,.F.,(4,4),(0.,0.00377540308763762),.UNSPECIFIED.);
#808=B_SPLINE_CURVE_WITH_KNOTS('',3,(#1772,#1773,#1774,#1775),
 .UNSPECIFIED.,.F.,.F.,(4,4),(0.,0.000233346825539937),.UNSPECIFIED.);
#809=B_SPLINE_CURVE_WITH_KNOTS('',3,(#1800,#1801,#1802,#1803),
 .UNSPECIFIED.,.F.,.F.,(4,4),(0.,0.00201562495184122),.UNSPECIFIED.);
#810=B_SPLINE_CURVE_WITH_KNOTS('',3,(#1825,#1826,#1827,#1828),
 .UNSPECIFIED.,.F.,.F.,(4,4),(0.,0.00187121643379854),.UNSPECIFIED.);
#811=B_SPLINE_CURVE_WITH_KNOTS('',3,(#1830,#1831,#1832,#1833),
 .UNSPECIFIED.,.F.,.F.,(4,4),(3.20886131819613E-14,0.00064901133090428),
 .UNSPECIFIED.);
#812=B_SPLINE_CURVE_WITH_KNOTS('',3,(#1836,#1837,#1838,#1839),
 .UNSPECIFIED.,.F.,.F.,(4,4),(2.27427474305436E-16,0.000235177965608527),
 .UNSPECIFIED.);
#813=B_SPLINE_CURVE_WITH_KNOTS('',3,(#1845,#1846,#1847,#1848,#1849,#1850,
#1851,#1852,#1853),.UNSPECIFIED.,.F.,.F.,(4,1,1,1,1,1,4),(0.,0.00650351563782474,
0.0130070312756495,0.0162587890945618,0.0195105469134742,0.0227623047323866,
0.0260140625512989),.UNSPECIFIED.);
#814=B_SPLINE_CURVE_WITH_KNOTS('',3,(#1858,#1859,#1860,#1861),
 .UNSPECIFIED.,.F.,.F.,(4,4),(0.,0.00154242633268359),.UNSPECIFIED.);
#815=B_SPLINE_CURVE_WITH_KNOTS('',3,(#1872,#1873,#1874,#1875),
 .UNSPECIFIED.,.F.,.F.,(4,4),(6.72205346941013E-18,0.0054369888598385),
 .UNSPECIFIED.);
#816=B_SPLINE_CURVE_WITH_KNOTS('',3,(#1877,#1878,#1879,#1880),
 .UNSPECIFIED.,.F.,.F.,(4,4),(0.00643114386756404,0.00834813916433757),
 .UNSPECIFIED.);
#817=B_SPLINE_CURVE_WITH_KNOTS('',3,(#1909,#1910,#1911,#1912,#1913),
 .UNSPECIFIED.,.F.,.F.,(4,1,4),(0.,0.0131821055230954,0.0263642110461908),
 .UNSPECIFIED.);
#818=B_SPLINE_CURVE_WITH_KNOTS('',3,(#1922,#1923,#1924,#1925),
 .UNSPECIFIED.,.F.,.F.,(4,4),(0.,0.0153135121942345),.UNSPECIFIED.);
#819=B_SPLINE_CURVE_WITH_KNOTS('',3,(#1932,#1933,#1934,#1935),
 .UNSPECIFIED.,.F.,.F.,(4,4),(4.563344992841E-17,0.00288674157205627),
 .UNSPECIFIED.);
#820=B_SPLINE_CURVE_WITH_KNOTS('',3,(#1938,#1939,#1940,#1941),
 .UNSPECIFIED.,.F.,.F.,(4,4),(0.,0.000440197770569465),.UNSPECIFIED.);
#821=B_SPLINE_CURVE_WITH_KNOTS('',3,(#1965,#1966,#1967,#1968),
 .UNSPECIFIED.,.F.,.F.,(4,4),(1.09653450639652E-14,0.000646034433818728),
 .UNSPECIFIED.);
#822=B_SPLINE_CURVE_WITH_KNOTS('',3,(#1970,#1971,#1972,#1973,#1974),
 .UNSPECIFIED.,.F.,.F.,(4,1,4),(0.,0.00276568802297766,0.00553137604595531),
 .UNSPECIFIED.);
#823=B_SPLINE_CURVE_WITH_KNOTS('',3,(#1975,#1976,#1977,#1978),
 .UNSPECIFIED.,.F.,.F.,(4,4),(0.,0.00266716554005889),.UNSPECIFIED.);
#824=B_SPLINE_CURVE_WITH_KNOTS('',3,(#2041,#2042,#2043,#2044,#2045),
 .UNSPECIFIED.,.F.,.F.,(4,1,4),(0.,0.0011529437736821,0.0023058875473642),
 .UNSPECIFIED.);
#825=B_SPLINE_CURVE_WITH_KNOTS('',3,(#2046,#2047,#2048,#2049),
 .UNSPECIFIED.,.F.,.F.,(4,4),(0.,0.00297972752372478),.UNSPECIFIED.);
#826=B_SPLINE_CURVE_WITH_KNOTS('',3,(#2065,#2066,#2067,#2068,#2069,#2070,
#2071),.UNSPECIFIED.,.F.,.F.,(4,1,1,1,4),(1.91941738486538E-14,0.00240452222434724,
0.00480904444867528,0.00721356667300332,0.00961808889733136),
 .UNSPECIFIED.);
#827=B_SPLINE_CURVE_WITH_KNOTS('',3,(#2074,#2075,#2076,#2077),
 .UNSPECIFIED.,.F.,.F.,(4,4),(0.,0.000827804107806672),.UNSPECIFIED.);
#828=B_SPLINE_CURVE_WITH_KNOTS('',3,(#2078,#2079,#2080,#2081),
 .UNSPECIFIED.,.F.,.F.,(4,4),(0.,0.000950301110535548),.UNSPECIFIED.);
#829=B_SPLINE_CURVE_WITH_KNOTS('',3,(#2231,#2232,#2233,#2234,#2235),
 .UNSPECIFIED.,.F.,.F.,(4,1,4),(0.,0.00138466852257197,0.00276933704514395),
 .UNSPECIFIED.);
#830=B_SPLINE_CURVE_WITH_KNOTS('',3,(#2295,#2296,#2297,#2298,#2299,#2300,
#2301,#2302,#2303,#2304,#2305),.UNSPECIFIED.,.T.,.F.,(1,1,1,1,1,1,1,1,1,
1,1,1,1,1,1),(-0.00486252445571434,-0.00324168285956083,-0.00162084126340731,
3.32746196480055E-10,0.00162084192889971,0.00324168352505322,0.00486252512120673,
0.00648336671736025,0.00810420831351376,0.00972504990966727,0.0113458915058208,
0.0129667331019743,0.0145875746981278,0.0162084162942813,0.0178292578904348),
 .UNSPECIFIED.);
#831=B_SPLINE_CURVE_WITH_KNOTS('',3,(#2321,#2322,#2323,#2324),
 .UNSPECIFIED.,.F.,.F.,(4,4),(0.0229923241766669,0.0245567181834982),
 .UNSPECIFIED.);
#832=B_SPLINE_CURVE_WITH_KNOTS('',3,(#2327,#2328,#2329,#2330),
 .UNSPECIFIED.,.F.,.F.,(4,4),(0.,0.00161366654935652),.UNSPECIFIED.);
#833=B_SPLINE_CURVE_WITH_KNOTS('',3,(#2332,#2333,#2334,#2335,#2336,#2337,
#2338,#2339,#2340,#2341,#2342),.UNSPECIFIED.,.F.,.F.,(4,1,1,1,1,1,1,1,4),
(0.0118799251106345,0.0132864643870531,0.0146930036634716,0.0160995429398902,
0.0175060822163087,0.0189126214927273,0.0203191607691459,0.0217257000455644,
0.023132239321983),.UNSPECIFIED.);
#834=EDGE_LOOP('',(#220));
#835=EDGE_LOOP('',(#221));
#836=EDGE_LOOP('',(#222,#223,#224,#225,#226,#227));
#837=EDGE_LOOP('',(#228,#229,#230,#231,#232,#233,#234,#235,#236));
#838=EDGE_LOOP('',(#237,#238,#239,#240,#241,#242,#243,#244,#245));
#839=EDGE_LOOP('',(#246,#247,#248,#249,#250));
#840=EDGE_LOOP('',(#251,#252,#253,#254,#255,#256));
#841=EDGE_LOOP('',(#257));
#842=EDGE_LOOP('',(#258,#259,#260,#261,#262,#263,#264));
#843=EDGE_LOOP('',(#265,#266,#267,#268));
#844=EDGE_LOOP('',(#269));
#845=EDGE_LOOP('',(#270));
#846=EDGE_LOOP('',(#271,#272,#273,#274));
#847=EDGE_LOOP('',(#275,#276,#277,#278,#279));
#848=EDGE_LOOP('',(#280,#281,#282,#283,#284,#285,#286,#287));
#849=EDGE_LOOP('',(#288,#289,#290,#291,#292));
#850=EDGE_LOOP('',(#293,#294,#295));
#851=EDGE_LOOP('',(#296,#297,#298,#299));
#852=EDGE_LOOP('',(#300,#301,#302,#303,#304));
#853=EDGE_LOOP('',(#305,#306,#307,#308,#309,#310));
#854=EDGE_LOOP('',(#311,#312,#313,#314,#315));
#855=EDGE_LOOP('',(#316,#317,#318,#319,#320,#321,#322,#323,#324,#325,#326));
#856=EDGE_LOOP('',(#327,#328,#329,#330));
#857=EDGE_LOOP('',(#331,#332,#333,#334));
#858=EDGE_LOOP('',(#335,#336,#337,#338));
#859=EDGE_LOOP('',(#339,#340,#341,#342));
#860=EDGE_LOOP('',(#343,#344,#345,#346));
#861=EDGE_LOOP('',(#347,#348,#349,#350));
#862=EDGE_LOOP('',(#351,#352,#353,#354,#355,#356));
#863=EDGE_LOOP('',(#357,#358,#359,#360));
#864=EDGE_LOOP('',(#361,#362,#363,#364));
#865=EDGE_LOOP('',(#365,#366,#367,#368));
#866=EDGE_LOOP('',(#369,#370,#371,#372));
#867=EDGE_LOOP('',(#373,#374,#375,#376,#377,#378));
#868=EDGE_LOOP('',(#379,#380,#381,#382));
#869=EDGE_LOOP('',(#383,#384,#385,#386,#387,#388,#389));
#870=EDGE_LOOP('',(#390,#391,#392,#393));
#871=EDGE_LOOP('',(#394,#395,#396,#397));
#872=EDGE_LOOP('',(#398,#399,#400,#401));
#873=EDGE_LOOP('',(#402,#403,#404,#405));
#874=EDGE_LOOP('',(#406,#407,#408,#409));
#875=EDGE_LOOP('',(#410,#411,#412,#413));
#876=EDGE_LOOP('',(#414,#415,#416));
#877=EDGE_LOOP('',(#417,#418,#419,#420));
#878=EDGE_LOOP('',(#421,#422,#423,#424));
#879=EDGE_LOOP('',(#425,#426,#427,#428));
#880=EDGE_LOOP('',(#429,#430,#431,#432));
#881=EDGE_LOOP('',(#433,#434,#435,#436));
#882=EDGE_LOOP('',(#437,#438,#439,#440));
#883=EDGE_LOOP('',(#441,#442,#443,#444));
#884=EDGE_LOOP('',(#445,#446,#447,#448));
#885=EDGE_LOOP('',(#449,#450,#451));
#886=EDGE_LOOP('',(#452,#453,#454,#455));
#887=EDGE_LOOP('',(#456,#457,#458,#459));
#888=EDGE_LOOP('',(#460,#461,#462,#463));
#889=EDGE_LOOP('',(#464,#465,#466));
#890=EDGE_LOOP('',(#467,#468,#469));
#891=EDGE_LOOP('',(#470,#471,#472,#473));
#892=EDGE_LOOP('',(#474,#475,#476,#477));
#893=EDGE_LOOP('',(#478,#479,#480,#481));
#894=EDGE_LOOP('',(#482,#483,#484));
#895=EDGE_LOOP('',(#485,#486,#487));
#896=EDGE_LOOP('',(#488));
#897=EDGE_LOOP('',(#489));
#898=EDGE_LOOP('',(#490));
#899=EDGE_LOOP('',(#491));
#900=EDGE_LOOP('',(#492));
#901=EDGE_LOOP('',(#493));
#902=EDGE_LOOP('',(#494));
#903=EDGE_LOOP('',(#495,#496));
#904=EDGE_LOOP('',(#497));
#905=EDGE_LOOP('',(#498));
#906=EDGE_LOOP('',(#499));
#907=EDGE_LOOP('',(#500));
#908=EDGE_LOOP('',(#501));
#909=EDGE_LOOP('',(#502));
#910=EDGE_LOOP('',(#503));
#911=EDGE_LOOP('',(#504));
#912=EDGE_LOOP('',(#505));
#913=EDGE_LOOP('',(#506,#507));
#914=EDGE_LOOP('',(#508,#509));
#915=EDGE_LOOP('',(#510));
#916=EDGE_LOOP('',(#511,#512));
#917=EDGE_LOOP('',(#513,#514,#515,#516));
#918=EDGE_LOOP('',(#517,#518,#519,#520));
#919=EDGE_LOOP('',(#521,#522,#523,#524));
#920=EDGE_LOOP('',(#525,#526,#527,#528));
#921=EDGE_LOOP('',(#529,#530,#531,#532,#533));
#922=FACE_BOUND('',#834,.T.);
#923=FACE_BOUND('',#835,.T.);
#924=FACE_BOUND('',#836,.T.);
#925=FACE_BOUND('',#837,.T.);
#926=FACE_BOUND('',#838,.T.);
#927=FACE_BOUND('',#839,.T.);
#928=FACE_BOUND('',#840,.T.);
#929=FACE_BOUND('',#841,.T.);
#930=FACE_BOUND('',#842,.T.);
#931=FACE_BOUND('',#843,.T.);
#932=FACE_BOUND('',#844,.T.);
#933=FACE_BOUND('',#845,.T.);
#934=FACE_BOUND('',#846,.T.);
#935=FACE_BOUND('',#847,.T.);
#936=FACE_BOUND('',#848,.T.);
#937=FACE_BOUND('',#849,.T.);
#938=FACE_BOUND('',#850,.T.);
#939=FACE_BOUND('',#851,.T.);
#940=FACE_BOUND('',#852,.T.);
#941=FACE_BOUND('',#853,.T.);
#942=FACE_BOUND('',#854,.T.);
#943=FACE_BOUND('',#855,.T.);
#944=FACE_BOUND('',#856,.T.);
#945=FACE_BOUND('',#857,.T.);
#946=FACE_BOUND('',#858,.T.);
#947=FACE_BOUND('',#859,.T.);
#948=FACE_BOUND('',#860,.T.);
#949=FACE_BOUND('',#861,.T.);
#950=FACE_BOUND('',#862,.T.);
#951=FACE_BOUND('',#863,.T.);
#952=FACE_BOUND('',#864,.T.);
#953=FACE_BOUND('',#865,.T.);
#954=FACE_BOUND('',#866,.T.);
#955=FACE_BOUND('',#867,.T.);
#956=FACE_BOUND('',#868,.T.);
#957=FACE_BOUND('',#869,.T.);
#958=FACE_BOUND('',#870,.T.);
#959=FACE_BOUND('',#871,.T.);
#960=FACE_BOUND('',#872,.T.);
#961=FACE_BOUND('',#873,.T.);
#962=FACE_BOUND('',#874,.T.);
#963=FACE_BOUND('',#875,.T.);
#964=FACE_BOUND('',#876,.T.);
#965=FACE_BOUND('',#877,.T.);
#966=FACE_BOUND('',#878,.T.);
#967=FACE_BOUND('',#879,.T.);
#968=FACE_BOUND('',#880,.T.);
#969=FACE_BOUND('',#881,.T.);
#970=FACE_BOUND('',#882,.T.);
#971=FACE_BOUND('',#883,.T.);
#972=FACE_BOUND('',#884,.T.);
#973=FACE_BOUND('',#885,.T.);
#974=FACE_BOUND('',#886,.T.);
#975=FACE_BOUND('',#887,.T.);
#976=FACE_BOUND('',#888,.T.);
#977=FACE_BOUND('',#889,.T.);
#978=FACE_BOUND('',#890,.T.);
#979=FACE_BOUND('',#891,.T.);
#980=FACE_BOUND('',#892,.T.);
#981=FACE_BOUND('',#893,.T.);
#982=FACE_BOUND('',#894,.T.);
#983=FACE_BOUND('',#895,.T.);
#984=FACE_BOUND('',#896,.T.);
#985=FACE_BOUND('',#897,.T.);
#986=FACE_BOUND('',#898,.T.);
#987=FACE_BOUND('',#899,.T.);
#988=FACE_BOUND('',#900,.T.);
#989=FACE_BOUND('',#901,.T.);
#990=FACE_BOUND('',#902,.T.);
#991=FACE_BOUND('',#903,.T.);
#992=FACE_BOUND('',#904,.T.);
#993=FACE_BOUND('',#905,.T.);
#994=FACE_BOUND('',#906,.T.);
#995=FACE_BOUND('',#907,.T.);
#996=FACE_BOUND('',#908,.T.);
#997=FACE_BOUND('',#909,.T.);
#998=FACE_BOUND('',#910,.T.);
#999=FACE_BOUND('',#911,.T.);
#1000=FACE_BOUND('',#912,.T.);
#1001=FACE_BOUND('',#913,.T.);
#1002=FACE_BOUND('',#914,.T.);
#1003=FACE_BOUND('',#915,.T.);
#1004=FACE_BOUND('',#916,.T.);
#1005=FACE_BOUND('',#917,.T.);
#1006=FACE_BOUND('',#918,.T.);
#1007=FACE_BOUND('',#919,.T.);
#1008=FACE_BOUND('',#920,.T.);
#1009=FACE_BOUND('',#921,.T.);
#1010=DEGENERATE_TOROIDAL_SURFACE('',#1105,0.00899999999999687,0.066638960909605,
 .T.);
#1011=DEGENERATE_TOROIDAL_SURFACE('',#1121,0.009,0.0635333333333334,.T.);
#1012=DEGENERATE_TOROIDAL_SURFACE('',#1161,0.0468112528276557,0.066638960909605,
 .F.);
#1013=DEGENERATE_TOROIDAL_SURFACE('',#1163,0.0638648911709695,0.066638960909605,
 .T.);
#1014=DEGENERATE_TOROIDAL_SURFACE('',#1191,0.00322235090039484,0.005,.T.);
#1015=DEGENERATE_TOROIDAL_SURFACE('',#1227,0.00899999999999687,0.066638960909605,
 .T.);
#1016=DEGENERATE_TOROIDAL_SURFACE('',#1230,0.00899999999999687,0.066638960909605,
 .T.);
#1017=ADVANCED_FACE('',(#922,#923,#924),#1010,.T.);
#1018=ADVANCED_FACE('',(#925),#125,.F.);
#1019=ADVANCED_FACE('',(#926),#115,.T.);
#1020=ADVANCED_FACE('',(#927),#29,.F.);
#1021=ADVANCED_FACE('',(#928),#15,.F.);
#1022=ADVANCED_FACE('',(#929,#930),#1011,.F.);
#1023=ADVANCED_FACE('',(#931),#30,.T.);
#1024=ADVANCED_FACE('',(#932,#933),#31,.F.);
#1025=ADVANCED_FACE('',(#934),#116,.T.);
#1026=ADVANCED_FACE('',(#935),#32,.F.);
#1027=ADVANCED_FACE('',(#936),#117,.F.);
#1028=ADVANCED_FACE('',(#937),#16,.F.);
#1029=ADVANCED_FACE('',(#938),#118,.T.);
#1030=ADVANCED_FACE('',(#939),#33,.F.);
#1031=ADVANCED_FACE('',(#940),#12,.F.);
#1032=ADVANCED_FACE('',(#941),#34,.T.);
#1033=ADVANCED_FACE('',(#942),#119,.F.);
#1034=ADVANCED_FACE('',(#943),#120,.F.);
#1035=ADVANCED_FACE('',(#944),#35,.T.);
#1036=ADVANCED_FACE('',(#945),#36,.T.);
#1037=ADVANCED_FACE('',(#946),#121,.F.);
#1038=ADVANCED_FACE('',(#947),#1012,.F.);
#1039=ADVANCED_FACE('',(#948),#1013,.T.);
#1040=ADVANCED_FACE('',(#949),#37,.T.);
#1041=ADVANCED_FACE('',(#950),#126,.T.);
#1042=ADVANCED_FACE('',(#951),#127,.T.);
#1043=ADVANCED_FACE('',(#952),#128,.T.);
#1044=ADVANCED_FACE('',(#953),#129,.T.);
#1045=ADVANCED_FACE('',(#954),#17,.T.);
#1046=ADVANCED_FACE('',(#955),#38,.T.);
#1047=ADVANCED_FACE('',(#956),#130,.T.);
#1048=ADVANCED_FACE('',(#957),#39,.F.);
#1049=ADVANCED_FACE('',(#958),#40,.T.);
#1050=ADVANCED_FACE('',(#959),#131,.T.);
#1051=ADVANCED_FACE('',(#960),#132,.T.);
#1052=ADVANCED_FACE('',(#961),#133,.T.);
#1053=ADVANCED_FACE('',(#962),#134,.T.);
#1054=ADVANCED_FACE('',(#963),#135,.T.);
#1055=ADVANCED_FACE('',(#964),#136,.T.);
#1056=ADVANCED_FACE('',(#965),#41,.T.);
#1057=ADVANCED_FACE('',(#966),#18,.T.);
#1058=ADVANCED_FACE('',(#967),#42,.T.);
#1059=ADVANCED_FACE('',(#968),#1014,.T.);
#1060=ADVANCED_FACE('',(#969),#43,.T.);
#1061=ADVANCED_FACE('',(#970),#19,.T.);
#1062=ADVANCED_FACE('',(#971),#137,.T.);
#1063=ADVANCED_FACE('',(#972),#138,.T.);
#1064=ADVANCED_FACE('',(#973),#13,.T.);
#1065=ADVANCED_FACE('',(#974),#44,.T.);
#1066=ADVANCED_FACE('',(#975),#20,.T.);
#1067=ADVANCED_FACE('',(#976),#45,.T.);
#1068=ADVANCED_FACE('',(#977),#21,.T.);
#1069=ADVANCED_FACE('',(#978),#22,.T.);
#1070=ADVANCED_FACE('',(#979),#46,.T.);
#1071=ADVANCED_FACE('',(#980),#23,.T.);
#1072=ADVANCED_FACE('',(#981),#139,.T.);
#1073=ADVANCED_FACE('',(#982),#14,.T.);
#1074=ADVANCED_FACE('',(#983),#140,.T.);
#1075=ADVANCED_FACE('',(#984,#985),#24,.T.);
#1076=ADVANCED_FACE('',(#986,#987),#25,.T.);
#1077=ADVANCED_FACE('',(#988,#989),#47,.T.);
#1078=ADVANCED_FACE('',(#990,#991),#48,.T.);
#1079=ADVANCED_FACE('',(#992,#993),#122,.F.);
#1080=ADVANCED_FACE('',(#994,#995),#123,.F.);
#1081=ADVANCED_FACE('',(#996),#1015,.T.);
#1082=ADVANCED_FACE('',(#997,#998),#49,.F.);
#1083=ADVANCED_FACE('',(#999,#1000),#124,.F.);
#1084=ADVANCED_FACE('',(#1001),#141,.F.);
#1085=ADVANCED_FACE('',(#1002),#1016,.T.);
#1086=ADVANCED_FACE('',(#1003,#1004),#50,.F.);
#1087=ADVANCED_FACE('',(#1005),#51,.T.);
#1088=ADVANCED_FACE('',(#1006),#26,.T.);
#1089=ADVANCED_FACE('',(#1007),#27,.T.);
#1090=ADVANCED_FACE('',(#1008),#28,.T.);
#1091=ADVANCED_FACE('',(#1009),#52,.T.);
#1092=CLOSED_SHELL('',(#1017,#1018,#1019,#1020,#1021,#1022,#1023,#1024,
#1025,#1026,#1027,#1028,#1029,#1030,#1031,#1032,#1033,#1034,#1035,#1036,
#1037,#1038,#1039,#1040,#1041,#1042,#1043,#1044,#1045,#1046,#1047,#1048,
#1049,#1050,#1051,#1052,#1053,#1054,#1055,#1056,#1057,#1058,#1059,#1060,
#1061,#1062,#1063,#1064,#1065,#1066,#1067,#1068,#1069,#1070,#1071,#1072,
#1073,#1074,#1075,#1076,#1077,#1078,#1079,#1080,#1081,#1082,#1083,#1084,
#1085,#1086,#1087,#1088,#1089,#1090,#1091));
#1093=STYLED_ITEM('',(#1094),#1101);
#1094=PRESENTATION_STYLE_ASSIGNMENT((#1095));
#1095=SURFACE_STYLE_USAGE(.BOTH.,#1096);
#1096=SURFACE_SIDE_STYLE('',(#1097));
#1097=SURFACE_STYLE_FILL_AREA(#1098);
#1098=FILL_AREA_STYLE('',(#1099));
#1099=FILL_AREA_STYLE_COLOUR('',#1100);
#1100=COLOUR_RGB('',0.917647058823529,0.917647058823529,0.917647058823529);
#1101=MANIFOLD_SOLID_BREP('Part 2',#1092);
#1102=SHAPE_DEFINITION_REPRESENTATION(#2359,#1103);
#1103=SHAPE_REPRESENTATION('Part 2',(#1104),#2354);
#1104=AXIS2_PLACEMENT_3D('',#1546,#1241,#1242);
#1105=AXIS2_PLACEMENT_3D('',#1547,#1243,#1244);
#1106=AXIS2_PLACEMENT_3D('',#1565,#1245,#1246);
#1107=AXIS2_PLACEMENT_3D('',#1590,#1247,#1248);
#1108=AXIS2_PLACEMENT_3D('',#1592,#1249,#1250);
#1109=AXIS2_PLACEMENT_3D('',#1673,#1251,#1252);
#1110=AXIS2_PLACEMENT_3D('',#1674,#1253,#1254);
#1111=AXIS2_PLACEMENT_3D('',#1691,#1256,#1257);
#1112=AXIS2_PLACEMENT_3D('',#1693,#1258,#1259);
#1113=AXIS2_PLACEMENT_3D('',#1700,#1263,#1264);
#1114=AXIS2_PLACEMENT_3D('',#1701,#1265,#1266);
#1115=AXIS2_PLACEMENT_3D('',#1706,#1268,#1269);
#1116=AXIS2_PLACEMENT_3D('',#1719,#1270,#1271);
#1117=AXIS2_PLACEMENT_3D('',#1728,#1272,#1273);
#1118=AXIS2_PLACEMENT_3D('',#1730,#1274,#1275);
#1119=AXIS2_PLACEMENT_3D('',#1732,#1276,#1277);
#1120=AXIS2_PLACEMENT_3D('',#1739,#1278,#1279);
#1121=AXIS2_PLACEMENT_3D('',#1740,#1280,#1281);
#1122=AXIS2_PLACEMENT_3D('',#1741,#1282,#1283);
#1123=AXIS2_PLACEMENT_3D('',#1748,#1284,#1285);
#1124=AXIS2_PLACEMENT_3D('',#1776,#1286,#1287);
#1125=AXIS2_PLACEMENT_3D('',#1779,#1289,#1290);
#1126=AXIS2_PLACEMENT_3D('',#1782,#1292,#1293);
#1127=AXIS2_PLACEMENT_3D('',#1783,#1294,#1295);
#1128=AXIS2_PLACEMENT_3D('',#1785,#1296,#1297);
#1129=AXIS2_PLACEMENT_3D('',#1787,#1298,#1299);
#1130=AXIS2_PLACEMENT_3D('',#1796,#1304,#1305);
#1131=AXIS2_PLACEMENT_3D('',#1797,#1306,#1307);
#1132=AXIS2_PLACEMENT_3D('',#1807,#1309,#1310);
#1133=AXIS2_PLACEMENT_3D('',#1810,#1312,#1313);
#1134=AXIS2_PLACEMENT_3D('',#1811,#1314,#1315);
#1135=AXIS2_PLACEMENT_3D('',#1815,#1317,#1318);
#1136=AXIS2_PLACEMENT_3D('',#1821,#1321,#1322);
#1137=AXIS2_PLACEMENT_3D('',#1823,#1323,#1324);
#1138=AXIS2_PLACEMENT_3D('',#1824,#1325,#1326);
#1139=AXIS2_PLACEMENT_3D('',#1834,#1327,#1328);
#1140=AXIS2_PLACEMENT_3D('',#1835,#1329,#1330);
#1141=AXIS2_PLACEMENT_3D('',#1840,#1331,#1332);
#1142=AXIS2_PLACEMENT_3D('',#1843,#1334,#1335);
#1143=AXIS2_PLACEMENT_3D('',#1854,#1336,#1337);
#1144=AXIS2_PLACEMENT_3D('',#1855,#1338,#1339);
#1145=AXIS2_PLACEMENT_3D('',#1857,#1340,#1341);
#1146=AXIS2_PLACEMENT_3D('',#1862,#1342,#1343);
#1147=AXIS2_PLACEMENT_3D('',#1866,#1345,#1346);
#1148=AXIS2_PLACEMENT_3D('',#1870,#1348,#1349);
#1149=AXIS2_PLACEMENT_3D('',#1881,#1350,#1351);
#1150=AXIS2_PLACEMENT_3D('',#1885,#1353,#1354);
#1151=AXIS2_PLACEMENT_3D('',#1889,#1357,#1358);
#1152=AXIS2_PLACEMENT_3D('',#1894,#1361,#1362);
#1153=AXIS2_PLACEMENT_3D('',#1899,#1365,#1366);
#1154=AXIS2_PLACEMENT_3D('',#1903,#1368,#1369);
#1155=AXIS2_PLACEMENT_3D('',#1904,#1370,#1371);
#1156=AXIS2_PLACEMENT_3D('',#1905,#1372,#1373);
#1157=AXIS2_PLACEMENT_3D('',#1914,#1375,#1376);
#1158=AXIS2_PLACEMENT_3D('',#1915,#1377,#1378);
#1159=AXIS2_PLACEMENT_3D('',#1920,#1380,#1381);
#1160=AXIS2_PLACEMENT_3D('',#1926,#1382,#1383);
#1161=AXIS2_PLACEMENT_3D('',#1930,#1386,#1387);
#1162=AXIS2_PLACEMENT_3D('',#1931,#1388,#1389);
#1163=AXIS2_PLACEMENT_3D('',#1936,#1390,#1391);
#1164=AXIS2_PLACEMENT_3D('',#1937,#1392,#1393);
#1165=AXIS2_PLACEMENT_3D('',#1942,#1394,#1395);
#1166=AXIS2_PLACEMENT_3D('',#1943,#1396,#1397);
#1167=AXIS2_PLACEMENT_3D('',#1991,#1398,#1399);
#1168=AXIS2_PLACEMENT_3D('',#2004,#1400,#1401);
#1169=AXIS2_PLACEMENT_3D('',#2038,#1402,#1403);
#1170=AXIS2_PLACEMENT_3D('',#2039,#1404,#1405);
#1171=AXIS2_PLACEMENT_3D('',#2040,#1406,#1407);
#1172=AXIS2_PLACEMENT_3D('',#2050,#1408,#1409);
#1173=AXIS2_PLACEMENT_3D('',#2063,#1410,#1411);
#1174=AXIS2_PLACEMENT_3D('',#2064,#1412,#1413);
#1175=AXIS2_PLACEMENT_3D('',#2082,#1414,#1415);
#1176=AXIS2_PLACEMENT_3D('',#2083,#1416,#1417);
#1177=AXIS2_PLACEMENT_3D('',#2084,#1418,#1419);
#1178=AXIS2_PLACEMENT_3D('',#2097,#1420,#1421);
#1179=AXIS2_PLACEMENT_3D('',#2110,#1422,#1423);
#1180=AXIS2_PLACEMENT_3D('',#2111,#1424,#1425);
#1181=AXIS2_PLACEMENT_3D('',#2124,#1426,#1427);
#1182=AXIS2_PLACEMENT_3D('',#2137,#1428,#1429);
#1183=AXIS2_PLACEMENT_3D('',#2150,#1430,#1431);
#1184=AXIS2_PLACEMENT_3D('',#2166,#1432,#1433);
#1185=AXIS2_PLACEMENT_3D('',#2167,#1434,#1435);
#1186=AXIS2_PLACEMENT_3D('',#2168,#1436,#1437);
#1187=AXIS2_PLACEMENT_3D('',#2169,#1438,#1439);
#1188=AXIS2_PLACEMENT_3D('',#2170,#1440,#1441);
#1189=AXIS2_PLACEMENT_3D('',#2171,#1442,#1443);
#1190=AXIS2_PLACEMENT_3D('',#2172,#1444,#1445);
#1191=AXIS2_PLACEMENT_3D('',#2173,#1446,#1447);
#1192=AXIS2_PLACEMENT_3D('',#2174,#1448,#1449);
#1193=AXIS2_PLACEMENT_3D('',#2175,#1450,#1451);
#1194=AXIS2_PLACEMENT_3D('',#2176,#1452,#1453);
#1195=AXIS2_PLACEMENT_3D('',#2177,#1454,#1455);
#1196=AXIS2_PLACEMENT_3D('',#2178,#1456,#1457);
#1197=AXIS2_PLACEMENT_3D('',#2191,#1458,#1459);
#1198=AXIS2_PLACEMENT_3D('',#2222,#1460,#1461);
#1199=AXIS2_PLACEMENT_3D('',#2223,#1462,#1463);
#1200=AXIS2_PLACEMENT_3D('',#2224,#1464,#1465);
#1201=AXIS2_PLACEMENT_3D('',#2225,#1466,#1467);
#1202=AXIS2_PLACEMENT_3D('',#2226,#1468,#1469);
#1203=AXIS2_PLACEMENT_3D('',#2227,#1470,#1471);
#1204=AXIS2_PLACEMENT_3D('',#2228,#1472,#1473);
#1205=AXIS2_PLACEMENT_3D('',#2229,#1474,#1475);
#1206=AXIS2_PLACEMENT_3D('',#2230,#1476,#1477);
#1207=AXIS2_PLACEMENT_3D('',#2236,#1478,#1479);
#1208=AXIS2_PLACEMENT_3D('',#2237,#1480,#1481);
#1209=AXIS2_PLACEMENT_3D('',#2238,#1482,#1483);
#1210=AXIS2_PLACEMENT_3D('',#2239,#1484,#1485);
#1211=AXIS2_PLACEMENT_3D('',#2240,#1486,#1487);
#1212=AXIS2_PLACEMENT_3D('',#2241,#1488,#1489);
#1213=AXIS2_PLACEMENT_3D('',#2263,#1490,#1491);
#1214=AXIS2_PLACEMENT_3D('',#2264,#1492,#1493);
#1215=AXIS2_PLACEMENT_3D('',#2265,#1494,#1495);
#1216=AXIS2_PLACEMENT_3D('',#2278,#1496,#1497);
#1217=AXIS2_PLACEMENT_3D('',#2279,#1498,#1499);
#1218=AXIS2_PLACEMENT_3D('',#2281,#1500,#1501);
#1219=AXIS2_PLACEMENT_3D('',#2282,#1502,#1503);
#1220=AXIS2_PLACEMENT_3D('',#2283,#1504,#1505);
#1221=AXIS2_PLACEMENT_3D('',#2285,#1506,#1507);
#1222=AXIS2_PLACEMENT_3D('',#2286,#1508,#1509);
#1223=AXIS2_PLACEMENT_3D('',#2288,#1510,#1511);
#1224=AXIS2_PLACEMENT_3D('',#2289,#1512,#1513);
#1225=AXIS2_PLACEMENT_3D('',#2291,#1514,#1515);
#1226=AXIS2_PLACEMENT_3D('',#2292,#1516,#1517);
#1227=AXIS2_PLACEMENT_3D('',#2294,#1518,#1519);
#1228=AXIS2_PLACEMENT_3D('',#2307,#1520,#1521);
#1229=AXIS2_PLACEMENT_3D('',#2308,#1522,#1523);
#1230=AXIS2_PLACEMENT_3D('',#2331,#1524,#1525);
#1231=AXIS2_PLACEMENT_3D('',#2343,#1526,#1527);
#1232=AXIS2_PLACEMENT_3D('',#2344,#1528,#1529);
#1233=AXIS2_PLACEMENT_3D('',#2345,#1530,#1531);
#1234=AXIS2_PLACEMENT_3D('',#2346,#1532,#1533);
#1235=AXIS2_PLACEMENT_3D('',#2347,#1534,#1535);
#1236=AXIS2_PLACEMENT_3D('',#2348,#1536,#1537);
#1237=AXIS2_PLACEMENT_3D('',#2349,#1538,#1539);
#1238=AXIS2_PLACEMENT_3D('',#2350,#1540,#1541);
#1239=AXIS2_PLACEMENT_3D('',#2351,#1542,#1543);
#1240=AXIS2_PLACEMENT_3D('',#2352,#1544,#1545);
#1241=DIRECTION('',(0.,0.,1.));
#1242=DIRECTION('',(1.,0.,0.));
#1243=DIRECTION('',(0.,0.,1.));
#1244=DIRECTION('',(0.,-1.,0.));
#1245=DIRECTION('',(0.,0.,1.));
#1246=DIRECTION('',(1.,0.,0.));
#1247=DIRECTION('',(-1.,0.,0.));
#1248=DIRECTION('',(0.,0.,-1.));
#1249=DIRECTION('',(0.,0.,1.));
#1250=DIRECTION('',(0.,-1.,0.));
#1251=DIRECTION('',(0.,0.,1.));
#1252=DIRECTION('',(0.,-1.,0.));
#1253=DIRECTION('',(0.,0.,1.));
#1254=DIRECTION('',(0.,-1.,0.));
#1255=DIRECTION('',(-1.,0.,-2.77555756156289E-17));
#1256=DIRECTION('',(0.,0.,1.));
#1257=DIRECTION('',(0.,-1.,0.));
#1258=DIRECTION('',(0.,0.,1.));
#1259=DIRECTION('',(0.,-1.,0.));
#1260=DIRECTION('',(-1.,0.,0.));
#1261=DIRECTION('',(0.,-1.,0.));
#1262=DIRECTION('',(1.,0.,0.));
#1263=DIRECTION('',(-0.984807753012208,0.,-0.17364817766693));
#1264=DIRECTION('',(0.17364817766693,0.,-0.984807753012208));
#1265=DIRECTION('',(-0.984807753012208,0.,-0.17364817766693));
#1266=DIRECTION('',(0.17364817766693,0.,-0.984807753012208));
#1267=DIRECTION('',(-0.984807753012208,0.,-0.17364817766693));
#1268=DIRECTION('',(-0.984807753012208,0.,-0.17364817766693));
#1269=DIRECTION('',(0.17364817766693,0.,-0.984807753012208));
#1270=DIRECTION('',(0.,0.,1.));
#1271=DIRECTION('',(0.,-1.,0.));
#1272=DIRECTION('',(0.,0.,1.));
#1273=DIRECTION('',(0.,-1.,0.));
#1274=DIRECTION('',(-1.,0.,0.));
#1275=DIRECTION('',(0.,0.,-1.));
#1276=DIRECTION('',(0.,0.,1.));
#1277=DIRECTION('',(0.,-1.,0.));
#1278=DIRECTION('',(0.,0.,1.));
#1279=DIRECTION('',(0.,-1.,0.));
#1280=DIRECTION('',(0.,0.,1.));
#1281=DIRECTION('',(0.,-1.,0.));
#1282=DIRECTION('',(0.,0.,1.));
#1283=DIRECTION('',(0.,-1.,0.));
#1284=DIRECTION('',(0.,0.,1.));
#1285=DIRECTION('',(0.,-1.,0.));
#1286=DIRECTION('',(0.,0.,1.));
#1287=DIRECTION('',(0.,-1.,0.));
#1288=DIRECTION('',(0.,0.,1.));
#1289=DIRECTION('',(0.,0.,-1.));
#1290=DIRECTION('',(0.,1.,0.));
#1291=DIRECTION('',(0.,0.,-1.));
#1292=DIRECTION('',(0.,0.,1.));
#1293=DIRECTION('',(0.,-1.,0.));
#1294=DIRECTION('',(0.,0.,-1.));
#1295=DIRECTION('',(0.,1.,0.));
#1296=DIRECTION('',(0.,0.,-1.));
#1297=DIRECTION('',(0.,1.,0.));
#1298=DIRECTION('',(0.,1.,0.));
#1299=DIRECTION('',(0.17364817766693,0.,0.984807753012208));
#1300=DIRECTION('',(-1.,0.,-2.77555756156289E-17));
#1301=DIRECTION('',(0.,0.,-1.));
#1302=DIRECTION('',(-1.,0.,-2.77555756156289E-17));
#1303=DIRECTION('',(0.,0.,1.));
#1304=DIRECTION('',(-1.,0.,-2.77555756156289E-17));
#1305=DIRECTION('',(2.77555756156289E-17,0.,-1.));
#1306=DIRECTION('',(-1.,0.,0.));
#1307=DIRECTION('',(0.,0.,-1.));
#1308=DIRECTION('',(-1.,0.,-2.77555756156289E-17));
#1309=DIRECTION('',(-1.,0.,0.));
#1310=DIRECTION('',(0.,0.,-1.));
#1311=DIRECTION('',(-1.,0.,-2.77555756156289E-17));
#1312=DIRECTION('',(-1.,0.,0.));
#1313=DIRECTION('',(0.,-1.,0.));
#1314=DIRECTION('',(-1.,0.,0.));
#1315=DIRECTION('',(0.,0.,1.));
#1316=DIRECTION('',(0.,0.,-1.));
#1317=DIRECTION('',(-1.,0.,0.));
#1318=DIRECTION('',(0.,0.,-1.));
#1319=DIRECTION('',(0.,-1.,0.));
#1320=DIRECTION('',(0.,0.,-1.));
#1321=DIRECTION('',(-1.,0.,0.));
#1322=DIRECTION('',(0.,0.,1.));
#1323=DIRECTION('',(-1.,0.,0.));
#1324=DIRECTION('',(0.,0.,1.));
#1325=DIRECTION('',(0.,-1.,0.));
#1326=DIRECTION('',(0.,0.,-1.));
#1327=DIRECTION('',(0.,1.,0.));
#1328=DIRECTION('',(0.,0.,1.));
#1329=DIRECTION('',(0.,1.,0.));
#1330=DIRECTION('',(0.17364817766693,0.,0.984807753012208));
#1331=DIRECTION('',(-1.,0.,0.));
#1332=DIRECTION('',(0.,0.,-1.));
#1333=DIRECTION('',(-1.,0.,0.));
#1334=DIRECTION('',(-1.,0.,0.));
#1335=DIRECTION('',(0.,0.,-1.));
#1336=DIRECTION('',(0.,1.,0.));
#1337=DIRECTION('',(-0.17364817766693,0.,0.984807753012208));
#1338=DIRECTION('',(0.,0.,1.));
#1339=DIRECTION('',(0.,-1.,0.));
#1340=DIRECTION('',(-0.17364817766693,0.,0.984807753012208));
#1341=DIRECTION('',(-0.984807753012208,0.,-0.17364817766693));
#1342=DIRECTION('',(-1.,0.,-2.77555756156289E-17));
#1343=DIRECTION('',(2.77555756156289E-17,0.,-1.));
#1344=DIRECTION('',(-1.,0.,-2.77555756156289E-17));
#1345=DIRECTION('',(-1.,0.,0.));
#1346=DIRECTION('',(0.,0.,1.));
#1347=DIRECTION('',(-1.,0.,-2.77555756156289E-17));
#1348=DIRECTION('',(-1.,0.,0.));
#1349=DIRECTION('',(0.,0.,-1.));
#1350=DIRECTION('',(2.77555756156289E-17,0.,-1.));
#1351=DIRECTION('',(1.,0.,2.77555756156289E-17));
#1352=DIRECTION('',(-1.,0.,-2.77555756156289E-17));
#1353=DIRECTION('',(2.77555756156289E-17,0.,-1.));
#1354=DIRECTION('',(-1.,0.,-2.77555756156289E-17));
#1355=DIRECTION('',(-1.,0.,-2.77555756156289E-17));
#1356=DIRECTION('',(0.,-1.,0.));
#1357=DIRECTION('',(0.,1.,0.));
#1358=DIRECTION('',(0.17364817766693,0.,0.984807753012208));
#1359=DIRECTION('',(1.,0.,2.77555756156289E-17));
#1360=DIRECTION('',(0.,0.,-1.));
#1361=DIRECTION('',(0.,-1.,0.));
#1362=DIRECTION('',(0.,0.,-1.));
#1363=DIRECTION('',(-0.984807753012208,0.,-0.17364817766693));
#1364=DIRECTION('',(1.,0.,0.));
#1365=DIRECTION('',(0.,1.,0.));
#1366=DIRECTION('',(0.,0.,1.));
#1367=DIRECTION('',(0.984807753012208,0.,0.17364817766693));
#1368=DIRECTION('',(0.,1.,0.));
#1369=DIRECTION('',(0.,0.,1.));
#1370=DIRECTION('',(-1.,0.,0.));
#1371=DIRECTION('',(0.,0.,-1.));
#1372=DIRECTION('',(-1.,0.,0.));
#1373=DIRECTION('',(0.,0.,-1.));
#1374=DIRECTION('',(-1.,0.,0.));
#1375=DIRECTION('',(-0.984807753012208,0.,-0.17364817766693));
#1376=DIRECTION('',(0.17364817766693,0.,-0.984807753012208));
#1377=DIRECTION('',(-0.984807753012208,0.,-0.17364817766693));
#1378=DIRECTION('',(0.17364817766693,0.,-0.984807753012208));
#1379=DIRECTION('',(-0.984807753012208,0.,-0.17364817766693));
#1380=DIRECTION('',(-0.984807753012208,0.,-0.17364817766693));
#1381=DIRECTION('',(0.17364817766693,0.,-0.984807753012208));
#1382=DIRECTION('',(0.17364817766693,0.,-0.984807753012208));
#1383=DIRECTION('',(0.,1.,0.));
#1384=DIRECTION('',(0.,-1.,0.));
#1385=DIRECTION('',(-0.984807753012208,0.,-0.17364817766693));
#1386=DIRECTION('',(0.,1.,0.));
#1387=DIRECTION('',(0.,0.,1.));
#1388=DIRECTION('',(0.,1.,0.));
#1389=DIRECTION('',(0.,0.,1.));
#1390=DIRECTION('',(0.,-1.,0.));
#1391=DIRECTION('',(0.,0.,-1.));
#1392=DIRECTION('',(0.,1.,0.));
#1393=DIRECTION('',(0.,0.,1.));
#1394=DIRECTION('',(0.,-1.,0.));
#1395=DIRECTION('',(0.,0.,-1.));
#1396=DIRECTION('',(0.,1.,0.));
#1397=DIRECTION('',(0.,0.,1.));
#1398=DIRECTION('',(-0.94445544262554,-0.207415525183406,-0.254917078297802));
#1399=DIRECTION('',(0.260584016498267,0.,-0.96545117450114));
#1400=DIRECTION('',(-0.913216949249754,-0.383778923309055,-0.136925314046433));
#1401=DIRECTION('',(0.387427962416858,-0.92189998044122,0.));
#1402=DIRECTION('',(-1.,0.,0.));
#1403=DIRECTION('',(0.,0.,-1.));
#1404=DIRECTION('',(0.,0.,-1.));
#1405=DIRECTION('',(0.,1.,0.));
#1406=DIRECTION('',(-1.,0.,-2.77555756156289E-17));
#1407=DIRECTION('',(2.77555756156289E-17,0.,-1.));
#1408=DIRECTION('',(-1.,0.,0.));
#1409=DIRECTION('',(0.,0.,-1.));
#1410=DIRECTION('',(0.997711773822239,-0.0676107711572712,0.));
#1411=DIRECTION('',(0.0676107711572712,0.997711773822239,0.));
#1412=DIRECTION('',(0.,0.,1.));
#1413=DIRECTION('',(0.,-1.,0.));
#1414=DIRECTION('',(-1.,0.,-2.77555756156289E-17));
#1415=DIRECTION('',(2.77555756156289E-17,0.,-1.));
#1416=DIRECTION('',(-1.,0.,0.));
#1417=DIRECTION('',(0.,0.,1.));
#1418=DIRECTION('',(-1.,0.,0.));
#1419=DIRECTION('',(0.,0.,-1.));
#1420=DIRECTION('',(-0.978941140829447,0.188245836080502,-0.0789794149756345));
#1421=DIRECTION('',(-0.188835712186157,-0.982008693343978,0.));
#1422=DIRECTION('',(-0.993290690836687,0.10663892079498,-0.0447408545834651));
#1423=DIRECTION('',(-0.106745813213831,-0.994286342741022,0.));
#1424=DIRECTION('',(-0.968957285138583,0.229516005205413,-0.091892235425061));
#1425=DIRECTION('',(-0.230491223326916,-0.973074404128102,0.));
#1426=DIRECTION('',(-0.95554970536154,0.173683300236209,-0.238241205089575));
#1427=DIRECTION('',(0.241917981178402,0.,-0.970296702242446));
#1428=DIRECTION('',(-0.965353290017624,0.141267532938287,-0.219400340906021));
#1429=DIRECTION('',(0.221622895818584,0.,-0.975132448464815));
#1430=DIRECTION('',(-0.953062614078205,0.287141591053015,-0.0960279143476611));
#1431=DIRECTION('',(-0.288474736269292,-0.957487507247151,0.));
#1432=DIRECTION('',(-1.,0.,-2.77555756156289E-17));
#1433=DIRECTION('',(2.77555756156289E-17,0.,-1.));
#1434=DIRECTION('',(-1.,0.,0.));
#1435=DIRECTION('',(0.,0.,1.));
#1436=DIRECTION('',(-1.,0.,0.));
#1437=DIRECTION('',(0.,0.,-1.));
#1438=DIRECTION('',(0.,-1.,0.));
#1439=DIRECTION('',(0.,0.,-1.));
#1440=DIRECTION('',(-0.984807753012208,0.,-0.173648177666929));
#1441=DIRECTION('',(0.173648177666929,0.,-0.984807753012208));
#1442=DIRECTION('',(-0.984807753012208,0.,-0.17364817766693));
#1443=DIRECTION('',(0.17364817766693,0.,-0.984807753012208));
#1444=DIRECTION('',(-0.984807753012208,0.,-0.17364817766693));
#1445=DIRECTION('',(0.17364817766693,0.,-0.984807753012208));
#1446=DIRECTION('',(0.,1.,0.));
#1447=DIRECTION('',(0.,0.,1.));
#1448=DIRECTION('',(-1.,0.,0.));
#1449=DIRECTION('',(0.,0.,-1.));
#1450=DIRECTION('',(-1.,0.,0.));
#1451=DIRECTION('',(0.,0.,-1.));
#1452=DIRECTION('',(-1.,0.,0.));
#1453=DIRECTION('',(0.,0.,-1.));
#1454=DIRECTION('',(0.,0.,-1.));
#1455=DIRECTION('',(0.,1.,0.));
#1456=DIRECTION('',(-0.418672754904242,-0.908137172623658,1.54438488766328E-15));
#1457=DIRECTION('',(0.908137172623658,-0.418672754904242,0.));
#1458=DIRECTION('',(-0.262036198675153,-0.954462032788233,0.142615772443407));
#1459=DIRECTION('',(0.964319180612355,-0.264742361368777,0.));
#1460=DIRECTION('',(0.880017177226384,-0.169223217180597,-0.443771642349482));
#1461=DIRECTION('',(0.450265483380931,0.,0.892894727543923));
#1462=DIRECTION('',(0.,0.,1.));
#1463=DIRECTION('',(0.,-1.,0.));
#1464=DIRECTION('',(-1.,0.,-2.77555756156289E-17));
#1465=DIRECTION('',(2.77555756156289E-17,0.,-1.));
#1466=DIRECTION('',(-1.,0.,0.));
#1467=DIRECTION('',(0.,0.,-1.));
#1468=DIRECTION('',(0.,1.,0.));
#1469=DIRECTION('',(0.,0.,1.));
#1470=DIRECTION('',(-0.984807753012208,-1.22478956091991E-15,-0.173648177666932));
#1471=DIRECTION('',(0.173648177666932,0.,-0.984807753012208));
#1472=DIRECTION('',(-0.984807753012208,0.,-0.17364817766693));
#1473=DIRECTION('',(0.17364817766693,0.,-0.984807753012208));
#1474=DIRECTION('',(-0.984807753012208,1.43340756305461E-15,-0.17364817766693));
#1475=DIRECTION('',(0.17364817766693,0.,-0.984807753012208));
#1476=DIRECTION('',(0.17364817766693,0.,-0.984807753012208));
#1477=DIRECTION('',(0.984807753012208,0.,0.17364817766693));
#1478=DIRECTION('',(0.,0.,1.));
#1479=DIRECTION('',(0.,-1.,0.));
#1480=DIRECTION('',(-1.,0.,0.));
#1481=DIRECTION('',(0.,0.,-1.));
#1482=DIRECTION('',(-1.,0.,0.));
#1483=DIRECTION('',(0.,0.,-1.));
#1484=DIRECTION('',(-1.,0.,0.));
#1485=DIRECTION('',(0.,0.,-1.));
#1486=DIRECTION('',(0.,0.,1.));
#1487=DIRECTION('',(0.,-1.,0.));
#1488=DIRECTION('',(-0.534658321380554,-0.84506832823064,0.));
#1489=DIRECTION('',(0.84506832823064,-0.534658321380554,0.));
#1490=DIRECTION('',(0.987456181988421,-0.157893282481713,0.));
#1491=DIRECTION('',(0.157893282481713,0.987456181988421,0.));
#1492=DIRECTION('',(-0.140732432946981,-0.880133142688809,0.453387288592815));
#1493=DIRECTION('',(0.,-0.457944908964795,-0.888980573664704));
#1494=DIRECTION('',(-0.389296156424379,-0.371863131409673,-0.842713660795527));
#1495=DIRECTION('',(0.907815302689393,0.,-0.419370213776522));
#1496=DIRECTION('',(0.,0.,-1.));
#1497=DIRECTION('',(0.,1.,0.));
#1498=DIRECTION('',(0.,0.,-1.));
#1499=DIRECTION('',(-1.,0.,0.));
#1500=DIRECTION('',(0.,0.,-1.));
#1501=DIRECTION('',(0.,1.,0.));
#1502=DIRECTION('',(0.,0.,-1.));
#1503=DIRECTION('',(-1.,0.,0.));
#1504=DIRECTION('',(0.,0.,1.));
#1505=DIRECTION('',(1.,0.,0.));
#1506=DIRECTION('',(0.,0.,-1.));
#1507=DIRECTION('',(-1.,0.,0.));
#1508=DIRECTION('',(0.,0.,1.));
#1509=DIRECTION('',(1.,0.,0.));
#1510=DIRECTION('',(0.,0.,1.));
#1511=DIRECTION('',(1.,0.,0.));
#1512=DIRECTION('',(0.,0.,1.));
#1513=DIRECTION('',(1.,0.,0.));
#1514=DIRECTION('',(0.,0.,1.));
#1515=DIRECTION('',(1.,0.,0.));
#1516=DIRECTION('',(0.,0.,1.));
#1517=DIRECTION('',(1.,0.,0.));
#1518=DIRECTION('',(0.,0.,1.));
#1519=DIRECTION('',(0.,-1.,0.));
#1520=DIRECTION('',(0.,0.,-1.));
#1521=DIRECTION('',(-1.,0.,0.));
#1522=DIRECTION('',(0.,0.,1.));
#1523=DIRECTION('',(1.,0.,0.));
#1524=DIRECTION('',(0.,0.,1.));
#1525=DIRECTION('',(0.,-1.,0.));
#1526=DIRECTION('',(0.,0.,-1.));
#1527=DIRECTION('',(-1.,0.,0.));
#1528=DIRECTION('',(0.,0.,-1.));
#1529=DIRECTION('',(-1.,0.,0.));
#1530=DIRECTION('',(0.,0.,-1.));
#1531=DIRECTION('',(-1.,0.,0.));
#1532=DIRECTION('',(-1.,0.,0.));
#1533=DIRECTION('',(0.,0.,1.));
#1534=DIRECTION('',(0.,0.811720427951828,-0.584046185541607));
#1535=DIRECTION('',(0.,0.584046185541607,0.811720427951828));
#1536=DIRECTION('',(-1.,0.,0.));
#1537=DIRECTION('',(0.,0.,1.));
#1538=DIRECTION('',(0.,0.920898614472313,-0.389802182988981));
#1539=DIRECTION('',(0.,0.389802182988981,0.920898614472313));
#1540=DIRECTION('',(-1.,0.,0.));
#1541=DIRECTION('',(0.,0.,1.));
#1542=DIRECTION('',(0.,0.,1.));
#1543=DIRECTION('',(1.,0.,0.));
#1544=DIRECTION('',(0.,0.,1.));
#1545=DIRECTION('',(1.,0.,0.));
#1546=CARTESIAN_POINT('',(0.,0.,0.));
#1547=CARTESIAN_POINT('',(-0.0430849267541065,-0.0241698458020807,0.126631226983321));
#1548=CARTESIAN_POINT('',(-0.0682354197230012,0.00429133184724966,0.0666145572722139));
#1549=CARTESIAN_POINT('',(-0.0655668837662051,0.00436017350783527,0.0658263630651556));
#1550=CARTESIAN_POINT('',(-0.063284123388397,0.00295586277997722,0.064759629455055));
#1551=CARTESIAN_POINT('',(-0.0621382017275545,0.00063000974505775,0.0638141862913118));
#1552=CARTESIAN_POINT('',(-0.061992508694724,-0.00136213087567752,0.0632550976776654));
#1553=CARTESIAN_POINT('',(-0.0626500946631231,-0.00331076207757528,0.0629316592150564));
#1554=CARTESIAN_POINT('',(-0.0640472150751986,-0.00485981718577199,0.0629016933871228));
#1555=CARTESIAN_POINT('',(-0.0659319682010239,-0.00571762833250601,0.0631720923954421));
#1556=CARTESIAN_POINT('',(-0.0686257171027729,-0.00578322058691291,0.0638694710627027));
#1557=CARTESIAN_POINT('',(-0.0714892007145078,-0.0039973621901617,0.0651562654719423));
#1558=CARTESIAN_POINT('',(-0.0723950504223382,-0.000700868755629794,0.0663937187246766));
#1559=CARTESIAN_POINT('',(-0.0715160634695287,0.00189305596275426,0.0669026619290843));
#1560=CARTESIAN_POINT('',(-0.0701133820501411,0.00344179755026587,0.0669369595034806));
#1561=CARTESIAN_POINT('',(-0.0682354197230012,0.00429133184724966,0.0666145572722139));
#1562=CARTESIAN_POINT('',(-0.0655668837662051,0.00436017350783527,0.0658263630651556));
#1563=CARTESIAN_POINT('',(-0.063284123388397,0.00295586277997722,0.064759629455055));
#1564=CARTESIAN_POINT('',(-0.0662661657203198,0.00422020039365189,0.0660002));
#1565=CARTESIAN_POINT('',(-0.0430849267541065,-0.0241698458020807,0.06));
#1566=CARTESIAN_POINT('',(-0.0330696918999836,-0.0241698458020807,0.06));
#1567=CARTESIAN_POINT('',(-0.000162691214453582,-0.0458731355149702,0.0726668722978815));
#1568=CARTESIAN_POINT('',(-0.0048023918060628,-0.0458977924687735,0.0696751395126048));
#1569=CARTESIAN_POINT('',(-0.00974269890311291,-0.0459294687368106,0.067307512313566));
#1570=CARTESIAN_POINT('',(-0.0149644652719758,-0.0459746035109053,0.0655243374464949));
#1571=CARTESIAN_POINT('',(-0.000162691214453552,-0.0458731355149702,0.0726668722978815));
#1572=CARTESIAN_POINT('',(-0.0149644652719757,-0.0459746035109053,0.0655243374464948));
#1573=CARTESIAN_POINT('',(-0.0242539228190747,-0.0460659410156645,0.0630266461462232));
#1574=CARTESIAN_POINT('',(-0.0245565355512062,-0.0453275559846618,0.0627899974647086));
#1575=CARTESIAN_POINT('',(-0.0248114841044714,-0.0436708862851035,0.0623787773887486));
#1576=CARTESIAN_POINT('',(-0.0239455944175264,-0.0412464588547648,0.0620950653381347));
#1577=CARTESIAN_POINT('',(-0.0220034468312557,-0.0395301485289193,0.0622070683748902));
#1578=CARTESIAN_POINT('',(-0.0195176083962452,-0.038969388723631,0.0626917113365401));
#1579=CARTESIAN_POINT('',(-0.0171363916659983,-0.0396164883492307,0.0634364729042301));
#1580=CARTESIAN_POINT('',(-0.0153450569890817,-0.0412417040537623,0.0642839969892338));
#1581=CARTESIAN_POINT('',(-0.0144689298371239,-0.0435238784761767,0.0650681619515982));
#1582=CARTESIAN_POINT('',(-0.0146662492584295,-0.0452041076758251,0.065421464047459));
#1583=CARTESIAN_POINT('',(-0.0149644652719755,-0.0459746035109054,0.065524337446495));
#1584=CARTESIAN_POINT('',(-0.0242539228190747,-0.0460659410156645,0.0630266461462231));
#1585=CARTESIAN_POINT('',(-0.0242539228190747,-0.0460659410156644,0.0630266461462232));
#1586=CARTESIAN_POINT('',(-0.0304563335056582,-0.0461332563439023,0.0617785493969365));
#1587=CARTESIAN_POINT('',(-0.0367425535724945,-0.0462178408327728,0.0612821570833536));
#1588=CARTESIAN_POINT('',(-0.0430849267541065,-0.0462178408327728,0.0612821570833536));
#1589=CARTESIAN_POINT('',(-0.0430849267541065,-0.0462178408327728,0.0612821570833536));
#1590=CARTESIAN_POINT('',(-0.0430849267541065,-0.0331698458020776,0.126631226983321));
#1591=CARTESIAN_POINT('',(-0.0430849267541065,-0.0720900767297888,0.0725390211155113));
#1592=CARTESIAN_POINT('',(-0.0430849267541065,-0.0241698458020807,0.0725390211155113));
#1593=CARTESIAN_POINT('',(0.000433216272055066,-0.0442327409002318,0.0725390211155113));
#1594=CARTESIAN_POINT('',(0.000433216272055066,-0.0442327409002318,0.0725390211155113));
#1595=CARTESIAN_POINT('',(0.000187485351907997,-0.0447657523762224,0.0725390211155113));
#1596=CARTESIAN_POINT('',(-1.06156479199485E-5,-0.0453127179506866,0.0725819835504975));
#1597=CARTESIAN_POINT('',(-0.000162691214453558,-0.0458731355149702,0.0726668722978815));
#1598=CARTESIAN_POINT('',(0.00346917740807952,-0.0458549229048635,0.0751856496434387));
#1599=CARTESIAN_POINT('',(0.00258871719404664,-0.0511385281028806,0.0763653576057921));
#1600=CARTESIAN_POINT('',(0.00581671392628789,-0.0521166921527239,0.0720402405967758));
#1601=CARTESIAN_POINT('',(0.00181406209174372,-0.0458627500239281,0.0739530961973192));
#1602=CARTESIAN_POINT('',(0.000978655047102704,-0.0511407755533245,0.0751529541605167));
#1603=CARTESIAN_POINT('',(0.00406443807410571,-0.0521168018862948,0.0707316960583798));
#1604=CARTESIAN_POINT('',(-0.00162557019559976,-0.0458802504014911,0.0716378515777445));
#1605=CARTESIAN_POINT('',(-0.00236713576167807,-0.051145783163663,0.0728714504058934));
#1606=CARTESIAN_POINT('',(0.000423870986112522,-0.0521170470947215,0.068273375000301));
#1607=CARTESIAN_POINT('',(-0.0070188543460153,-0.0459128935977223,0.0686985375477798));
#1608=CARTESIAN_POINT('',(-0.00762297383115793,-0.0511550557669824,0.0699556794244122));
#1609=CARTESIAN_POINT('',(-0.00528147700104174,-0.052117503908483,0.0651504878569186));
#1610=CARTESIAN_POINT('',(-0.0126650481519207,-0.0459539653831386,0.0662561104998132));
#1611=CARTESIAN_POINT('',(-0.0131317413820729,-0.0511666033461696,0.0675117121372542));
#1612=CARTESIAN_POINT('',(-0.0112480614352949,-0.0521180776795871,0.0625536417294021));
#1613=CARTESIAN_POINT('',(-0.0185795803845711,-0.0460059837373558,0.064302851143607));
#1614=CARTESIAN_POINT('',(-0.0189124236676861,-0.051181042004989,0.0655290743418488));
#1615=CARTESIAN_POINT('',(-0.0174877290277115,-0.0521188027999473,0.0604743504704915));
#1616=CARTESIAN_POINT('',(-0.0246817145494607,-0.0460695093956242,0.062857502491902));
#1617=CARTESIAN_POINT('',(-0.0248940296825181,-0.0511983991425505,0.064026696548075));
#1618=CARTESIAN_POINT('',(-0.0239073461413737,-0.0521196859689138,0.0589325252447076));
#1619=CARTESIAN_POINT('',(-0.032886587788152,-0.0461636625746114,0.0615912957902708));
#1620=CARTESIAN_POINT('',(-0.0329445056277156,-0.0512235995617211,0.0626617304519501));
#1621=CARTESIAN_POINT('',(-0.0325000090101596,-0.0521209903973719,0.0575774966920038));
#1622=CARTESIAN_POINT('',(-0.0391718185258386,-0.0462194138288518,0.061271443455509));
#1623=CARTESIAN_POINT('',(-0.0392080633129926,-0.0512381983963594,0.0622719523501666));
#1624=CARTESIAN_POINT('',(-0.0390287485231718,-0.0521217598130854,0.057230779292246));
#1625=CARTESIAN_POINT('',(-0.0433846210425859,-0.0462177828105881,0.0612825522005223));
#1626=CARTESIAN_POINT('',(-0.0433819003736753,-0.0512377735306749,0.0622849323347749));
#1627=CARTESIAN_POINT('',(-0.0433955858815822,-0.0521217373212657,0.0572427600956364));
#1628=CARTESIAN_POINT('',(-0.0149644652719755,-0.0459746035109054,0.0655243374464952));
#1629=CARTESIAN_POINT('',(-0.0151484252430671,-0.0464498978784418,0.06558779677347));
#1630=CARTESIAN_POINT('',(-0.0156748160649284,-0.0473553339388196,0.0654876771150589));
#1631=CARTESIAN_POINT('',(-0.0167568642776191,-0.0483452774036107,0.0649732812816082));
#1632=CARTESIAN_POINT('',(-0.0180303320480364,-0.0489791978124732,0.0643657621101388));
#1633=CARTESIAN_POINT('',(-0.0194676719140445,-0.0492402036334008,0.0638380808097663));
#1634=CARTESIAN_POINT('',(-0.0209727217860454,-0.0490658406625792,0.0635304045129203));
#1635=CARTESIAN_POINT('',(-0.0228667969371785,-0.0482215553665535,0.0633937715484282));
#1636=CARTESIAN_POINT('',(-0.0238799132374182,-0.0469785367105035,0.0633191284676029));
#1637=CARTESIAN_POINT('',(-0.0242539228190747,-0.0460659410156644,0.0630266461462234));
#1638=CARTESIAN_POINT('',(-0.000162691214453558,-0.0458731355149702,0.0726668722978815));
#1639=CARTESIAN_POINT('',(-0.000322208235596596,-0.0462531405360327,0.0726879688803386));
#1640=CARTESIAN_POINT('',(-0.000512408339041369,-0.0470597235515499,0.0727130706791494));
#1641=CARTESIAN_POINT('',(-0.000323255777542347,-0.0482977583386144,0.0726881153148326));
#1642=CARTESIAN_POINT('',(0.000265758808355659,-0.049382819718317,0.0726102082251267));
#1643=CARTESIAN_POINT('',(0.00139441836021613,-0.050573504744971,0.0724601898493032));
#1644=CARTESIAN_POINT('',(0.0031655202647119,-0.0515880099531802,0.0722224861779512));
#1645=CARTESIAN_POINT('',(0.0047322224563956,-0.0519978420080813,0.072008052351595));
#1646=CARTESIAN_POINT('',(0.00553559553430057,-0.0521068907885396,0.0718967858783586));
#1647=CARTESIAN_POINT('',(0.00553559553425972,-0.052106890788534,0.0718967858783768));
#1648=CARTESIAN_POINT('',(0.00553559553425971,-0.052106890788534,0.0718967858783768));
#1649=CARTESIAN_POINT('',(0.00397663983965587,-0.0520076506512284,0.0713859511933692));
#1650=CARTESIAN_POINT('',(0.00242960658202689,-0.0518413942704759,0.0708586836638625));
#1651=CARTESIAN_POINT('',(0.000884141767427127,-0.0516386377869994,0.0703372010719904));
#1652=CARTESIAN_POINT('',(0.000884141767427134,-0.0516386377869994,0.0703372010719904));
#1653=CARTESIAN_POINT('',(0.000884141767427134,-0.0516386377869994,0.0703372010719904));
#1654=CARTESIAN_POINT('',(0.000528578455592924,-0.0515919898361177,0.0702172241720453));
#1655=CARTESIAN_POINT('',(0.00017802439653018,-0.0515514187285358,0.0700822933437781));
#1656=CARTESIAN_POINT('',(-0.000168863056309074,-0.0515182311904269,0.0699355367586461));
#1657=CARTESIAN_POINT('',(-0.00016886305630908,-0.0515182311904269,0.0699355367586461));
#1658=CARTESIAN_POINT('',(-0.00016886305630908,-0.0515182311904268,0.0699355367586461));
#1659=CARTESIAN_POINT('',(-0.00493960715820414,-0.0510618028866834,0.0679171930359135));
#1660=CARTESIAN_POINT('',(-0.00980127273866527,-0.0505300207025048,0.0661329177537011));
#1661=CARTESIAN_POINT('',(-0.0147893085438208,-0.0501789893532433,0.0647016851887888));
#1662=CARTESIAN_POINT('',(-0.0147893085438208,-0.0501789893532433,0.0647016851887888));
#1663=CARTESIAN_POINT('',(-0.0147893085438208,-0.0501789893532433,0.0647016851887888));
#1664=CARTESIAN_POINT('',(-0.0154729974383267,-0.0501308749762644,0.0645055122164388));
#1665=CARTESIAN_POINT('',(-0.016160880936831,-0.0500593583575385,0.0643364959844806));
#1666=CARTESIAN_POINT('',(-0.0168518136404535,-0.0499580879694229,0.0641927515129496));
#1667=CARTESIAN_POINT('',(-0.0168518136404535,-0.0499580879694229,0.0641927515129496));
#1668=CARTESIAN_POINT('',(-0.0168518136404535,-0.0499580879694229,0.0641927515129496));
#1669=CARTESIAN_POINT('',(-0.0211649719882886,-0.0493259059673275,0.0632954243722764));
#1670=CARTESIAN_POINT('',(-0.0298662829611096,-0.0480118513454939,0.0619363207722799));
#1671=CARTESIAN_POINT('',(-0.0386773410081625,-0.0468020554363985,0.0613988049447023));
#1672=CARTESIAN_POINT('',(-0.0430849267541065,-0.0462178408327728,0.0612821570833535));
#1673=CARTESIAN_POINT('',(-0.00150401537143847,-0.0481765961820141,0.0798199741556653));
#1674=CARTESIAN_POINT('',(-0.0430849267541065,-0.0241698458020807,0.0798199741556653));
#1675=CARTESIAN_POINT('',(-0.0430849267541065,-0.0720135011482061,0.0798199741556653));
#1676=CARTESIAN_POINT('',(-0.00265376891431334,-0.0497498542581498,0.0798199741556653));
#1677=CARTESIAN_POINT('',(-0.00265376891431332,-0.0497498542581498,0.0798199741556653));
#1678=CARTESIAN_POINT('',(-0.00282817919416963,-0.0500255230315149,0.0798199741556653));
#1679=CARTESIAN_POINT('',(-0.00294587759363511,-0.050546737949281,0.0798199741556653));
#1680=CARTESIAN_POINT('',(-0.00257139471808837,-0.051116425593673,0.0798199741556653));
#1681=CARTESIAN_POINT('',(-0.00226099338723607,-0.0512442481675182,0.0798199741556653));
#1682=CARTESIAN_POINT('',(-0.0020994682927983,-0.0512700758729181,0.0798199741556653));
#1683=CARTESIAN_POINT('',(-0.00209946829285888,-0.0512700758729083,0.0798199741556653));
#1684=CARTESIAN_POINT('',(-0.00209946829285889,-0.0512700758729083,0.0798199741556653));
#1685=CARTESIAN_POINT('',(-0.00151807410443558,-0.0513094745353861,0.0798199741556653));
#1686=CARTESIAN_POINT('',(-0.000935471931006999,-0.0513305717520242,0.0798199741556653));
#1687=CARTESIAN_POINT('',(-0.000351477238016012,-0.0513305717520242,0.0798199741556653));
#1688=CARTESIAN_POINT('',(-0.000351477238016012,-0.0513305717520242,0.0798199741556653));
#1689=CARTESIAN_POINT('',(0.00184912667953567,-0.0513305717520242,0.0798199741556653));
#1690=CARTESIAN_POINT('',(0.00404973059708735,-0.0513305703314203,0.0798199741556653));
#1691=CARTESIAN_POINT('',(0.00686261774019471,-0.0471968473218141,0.0798199741556653));
#1692=CARTESIAN_POINT('',(0.00232193187707644,-0.0451034835472929,0.0798199741556653));
#1693=CARTESIAN_POINT('',(-0.0430849267541065,-0.0241698458020807,0.0798199741556653));
#1694=CARTESIAN_POINT('',(-0.0430849267541065,-0.0741698458020808,0.0798199741556653));
#1695=CARTESIAN_POINT('',(-0.0180849267541065,-0.0741698458020808,0.0798199741556653));
#1696=CARTESIAN_POINT('',(-0.0180849267541065,-0.0741698458020808,0.0798199741556653));
#1697=CARTESIAN_POINT('',(-0.0180849267541065,-0.0721833465619474,0.0798199741556653));
#1698=CARTESIAN_POINT('',(-0.0180849267541065,-0.0720135011482061,0.0798199741556653));
#1699=CARTESIAN_POINT('',(-0.0430849267541065,-0.0720135011482061,0.0798199741556653));
#1700=CARTESIAN_POINT('',(-0.00331281045892335,-0.0611968473218112,0.0824246968206692));
#1701=CARTESIAN_POINT('',(-0.0180849267541065,-0.0611968473218112,0.0798199741556653));
#1702=CARTESIAN_POINT('',(-0.0166438407019137,-0.0577142437949973,0.0716471690273601));
#1703=CARTESIAN_POINT('',(-0.0178007751906515,-0.0700468368161348,0.078208470559827));
#1704=CARTESIAN_POINT('',(-0.00302865889546835,-0.0700468368161348,0.080813193224831));
#1705=CARTESIAN_POINT('',(-0.00302865889546835,-0.0700468368161348,0.080813193224831));
#1706=CARTESIAN_POINT('',(-0.00331281045892335,-0.0611968473218112,0.0824246968206692));
#1707=CARTESIAN_POINT('',(-0.00256248919376122,-0.0533019387339665,0.0781694134706827));
#1708=CARTESIAN_POINT('',(-0.00256248919376117,-0.0533019387339665,0.0781694134706826));
#1709=CARTESIAN_POINT('',(-0.00319577144002503,-0.0536442693618296,0.0774226161628064));
#1710=CARTESIAN_POINT('',(-0.00470846374961637,-0.0543685006967608,0.0761529613418592));
#1711=CARTESIAN_POINT('',(-0.00812182691560009,-0.0557332347877196,0.0742227764063005));
#1712=CARTESIAN_POINT('',(-0.0109541842339304,-0.0565976721430462,0.0732055220755554));
#1713=CARTESIAN_POINT('',(-0.0129061277185645,-0.057040339648862,0.0726272936573777));
#1714=CARTESIAN_POINT('',(-0.0129061277185645,-0.057040339648862,0.0726272936573777));
#1715=CARTESIAN_POINT('',(-0.0129061277185645,-0.057040339648862,0.0726272936573777));
#1716=CARTESIAN_POINT('',(-0.0141439734077958,-0.0572817507205304,0.072281388682689));
#1717=CARTESIAN_POINT('',(-0.0153898261686243,-0.0575085176296579,0.0719559498538354));
#1718=CARTESIAN_POINT('',(-0.0166438407019137,-0.0577142437949973,0.0716471690273601));
#1719=CARTESIAN_POINT('',(-0.0430849267541065,-0.0241698458020807,0.0798199741556653));
#1720=CARTESIAN_POINT('',(-0.0134758988030444,-0.0543461722707709,0.0725095417054791));
#1721=CARTESIAN_POINT('',(-0.0116268513182846,-0.0535756053703608,0.0730445102591772));
#1722=CARTESIAN_POINT('',(-0.00900458335098111,-0.0521834481084944,0.0740196477386192));
#1723=CARTESIAN_POINT('',(-0.00600891395841922,-0.0501519057418833,0.076002996144087));
#1724=CARTESIAN_POINT('',(-0.00477376235776968,-0.049139463388112,0.0773657333558907));
#1725=CARTESIAN_POINT('',(-0.00431573465360759,-0.0486983608076455,0.0781836105193016));
#1726=CARTESIAN_POINT('',(-0.0134758988030444,-0.0543461722707709,0.0725095417054791));
#1727=CARTESIAN_POINT('',(-0.00431573465360763,-0.0486983608076455,0.0781836105193016));
#1728=CARTESIAN_POINT('',(-0.0430849267541065,-0.0241698458020807,0.0781836105193016));
#1729=CARTESIAN_POINT('',(-0.0430849267541065,-0.0700468368161348,0.0781836105193015));
#1730=CARTESIAN_POINT('',(-0.0430849267541065,-0.0611968473218112,0.0798199741556653));
#1731=CARTESIAN_POINT('',(-0.0430849267541065,-0.0652381044106869,0.0717783175389187));
#1732=CARTESIAN_POINT('',(-0.0430849267541065,-0.0241698458020807,0.0717783175389294));
#1733=CARTESIAN_POINT('',(-0.0130667813923818,-0.0521968473218141,0.0717783175389292));
#1734=CARTESIAN_POINT('',(-0.0130667813923818,-0.0521968473218141,0.0717783175389291));
#1735=CARTESIAN_POINT('',(-0.0125019028446805,-0.0521968473218141,0.0719858106130309));
#1736=CARTESIAN_POINT('',(-0.0119568925457861,-0.0521968473218141,0.0722283342610335));
#1737=CARTESIAN_POINT('',(-0.0114338224895694,-0.0521968473218141,0.072509541705479));
#1738=CARTESIAN_POINT('',(-0.0114338224895694,-0.0521968473218141,0.072509541705479));
#1739=CARTESIAN_POINT('',(-0.0430849267541065,-0.0241698458020807,0.0725095417054791));
#1740=CARTESIAN_POINT('',(-0.0430849267541065,-0.0241698458020807,0.126631226983316));
#1741=CARTESIAN_POINT('',(-0.0430849267541065,-0.0241698458020807,0.063105521980868));
#1742=CARTESIAN_POINT('',(-0.0430849267541065,-0.0341543499343122,0.063105521980868));
#1743=CARTESIAN_POINT('',(-0.0132855300241855,-0.0521968473218141,0.0716919594959241));
#1744=CARTESIAN_POINT('',(-0.0126628357672844,-0.0521968473218141,0.0719554061708414));
#1745=CARTESIAN_POINT('',(-0.0120455985414684,-0.0521968473218141,0.0722279312766591));
#1746=CARTESIAN_POINT('',(-0.0114338224895694,-0.0521968473218141,0.0725095417054789));
#1747=CARTESIAN_POINT('',(-0.0132855300241855,-0.0521968473218142,0.0716919594959242));
#1748=CARTESIAN_POINT('',(-0.0430849267541065,-0.0241698458020807,0.0716919594959242));
#1749=CARTESIAN_POINT('',(-0.0430849267541065,-0.065078486205455,0.0716919594959116));
#1750=CARTESIAN_POINT('',(-0.0430849267541065,-0.065078486205455,0.0716919594959116));
#1751=CARTESIAN_POINT('',(-0.0425179690326329,-0.065078486205455,0.0716919594959116));
#1752=CARTESIAN_POINT('',(-0.0414480849861223,-0.0649004797368255,0.0716016971756429));
#1753=CARTESIAN_POINT('',(-0.0393962938486901,-0.0642903059206776,0.0713224535252173));
#1754=CARTESIAN_POINT('',(-0.0368760180824781,-0.0633809317732143,0.0709825539752165));
#1755=CARTESIAN_POINT('',(-0.0338588369839637,-0.0622148831325312,0.0706819562970725));
#1756=CARTESIAN_POINT('',(-0.0308596076072071,-0.0610052865282967,0.0705022913741533));
#1757=CARTESIAN_POINT('',(-0.0278749145356974,-0.0597700343936472,0.0704505158837117));
#1758=CARTESIAN_POINT('',(-0.0239085062572853,-0.0581007766825551,0.0705578235545467));
#1759=CARTESIAN_POINT('',(-0.0209438002072647,-0.0568365409916524,0.0708442709339879));
#1760=CARTESIAN_POINT('',(-0.0189671032426732,-0.0560001485576523,0.0711381249069677));
#1761=CARTESIAN_POINT('',(-0.0189671032426732,-0.0560001485576523,0.0711381249069677));
#1762=CARTESIAN_POINT('',(-0.0189671032426732,-0.0560001485576523,0.0711381249069677));
#1763=CARTESIAN_POINT('',(-0.0183612579841669,-0.0557437995069549,0.07122818931209));
#1764=CARTESIAN_POINT('',(-0.0177448020800763,-0.055545610145721,0.071356971019166));
#1765=CARTESIAN_POINT('',(-0.0171179462192755,-0.0554052568727354,0.0715249794938871));
#1766=CARTESIAN_POINT('',(-0.0171179462192755,-0.0554052568727354,0.0715249794938871));
#1767=CARTESIAN_POINT('',(-0.0171179462192755,-0.0554052568727354,0.0715249794938871));
#1768=CARTESIAN_POINT('',(-0.0159294471769718,-0.0551391514712249,0.0718435182901102));
#1769=CARTESIAN_POINT('',(-0.0147530225619553,-0.0548473858598374,0.0721823193905455));
#1770=CARTESIAN_POINT('',(-0.013588134609202,-0.0545380869356647,0.0725458146047624));
#1771=CARTESIAN_POINT('',(-0.013588134609202,-0.0545380869356647,0.0725458146047624));
#1772=CARTESIAN_POINT('',(-0.013588134609202,-0.0545380869356647,0.0725458146047624));
#1773=CARTESIAN_POINT('',(-0.0135967782708607,-0.0544673167022505,0.0725108136764077));
#1774=CARTESIAN_POINT('',(-0.0135315924115036,-0.0544008188696955,0.072509541705479));
#1775=CARTESIAN_POINT('',(-0.0134758988030446,-0.0543461722707708,0.072509541705479));
#1776=CARTESIAN_POINT('',(-0.0430849267541065,-0.0241698458020807,0.0580978936499829));
#1777=CARTESIAN_POINT('',(0.00232193187707643,-0.0451034835472929,0.0580978936499829));
#1778=CARTESIAN_POINT('',(0.00232193187707643,-0.0451034835472929,0.0765976232552704));
#1779=CARTESIAN_POINT('',(-0.0430849267541065,-0.0241698458020807,0.0765976232552704));
#1780=CARTESIAN_POINT('',(-0.0430849267541065,-0.0741698458020808,0.0765976232552704));
#1781=CARTESIAN_POINT('',(-0.0430849267541065,-0.0741698458020808,0.0789589339028241));
#1782=CARTESIAN_POINT('',(-0.0430849267541065,-0.0241698458020807,0.0580978936499829));
#1783=CARTESIAN_POINT('',(-0.0430849267541065,-0.0241698458020807,0.0609998839428753));
#1784=CARTESIAN_POINT('',(-0.0430849267541065,-0.0151698458020807,0.0609998839428753));
#1785=CARTESIAN_POINT('',(-0.0430849267541065,-0.0241698458020807,0.0621056420490352));
#1786=CARTESIAN_POINT('',(-0.0430849267541065,-0.0151698458020807,0.0621056420490352));
#1787=CARTESIAN_POINT('',(0.024648522761984,-0.0521968473218141,0.067419713599783));
#1788=CARTESIAN_POINT('',(0.024648522761984,-0.0521968473218141,0.0796226295961711));
#1789=CARTESIAN_POINT('',(0.00686261774019471,-0.0521968473218141,0.0796226295961711));
#1790=CARTESIAN_POINT('',(0.022648522761984,-0.0521968473218141,0.0796226295961711));
#1791=CARTESIAN_POINT('',(0.022648522761984,-0.0521968473218141,0.0727317990349087));
#1792=CARTESIAN_POINT('',(0.022648522761984,-0.0521968473218141,0.0727317990349087));
#1793=CARTESIAN_POINT('',(0.024648522761984,-0.0521968473218141,0.0727317990349087));
#1794=CARTESIAN_POINT('',(0.00686261774019471,-0.0521968473218141,0.0727317990349087));
#1795=CARTESIAN_POINT('',(0.00686261774019471,-0.0521968473218141,0.067419713599783));
#1796=CARTESIAN_POINT('',(0.024648522761984,-0.0611968473218112,0.0826837799064213));
#1797=CARTESIAN_POINT('',(0.024648522761984,-0.0611968473218112,0.0826837799064213));
#1798=CARTESIAN_POINT('',(0.024648522761984,-0.0541968473218141,0.0770269256569208));
#1799=CARTESIAN_POINT('',(0.024648522761984,-0.0700468368161348,0.0810474162700576));
#1800=CARTESIAN_POINT('',(0.024648522761984,-0.0541968473218141,0.0770269256569208));
#1801=CARTESIAN_POINT('',(0.024648522761984,-0.0537686773547205,0.0775567589595763));
#1802=CARTESIAN_POINT('',(0.0245202471638785,-0.0534133788076425,0.0781181874694586));
#1803=CARTESIAN_POINT('',(0.0243367000679624,-0.0531244400374396,0.0787043024739843));
#1804=CARTESIAN_POINT('',(0.0243367000679624,-0.0531244400374396,0.0787043024739843));
#1805=CARTESIAN_POINT('',(0.024648522761984,-0.0531244400374396,0.0787043024739843));
#1806=CARTESIAN_POINT('',(-0.000351477238016012,-0.0531244400374396,0.0787043024739843));
#1807=CARTESIAN_POINT('',(-0.000351477238016012,-0.0611968473218112,0.0826837799064213));
#1808=CARTESIAN_POINT('',(-0.000351477238016012,-0.0700468368161348,0.0810474162700576));
#1809=CARTESIAN_POINT('',(0.024648522761984,-0.0700468368161348,0.0810474162700576));
#1810=CARTESIAN_POINT('',(0.024648522761984,-0.0331698458020808,0.126047846522205));
#1811=CARTESIAN_POINT('',(0.024648522761984,-0.0571968473218141,0.0727317990349087));
#1812=CARTESIAN_POINT('',(0.024648522761984,-0.0583662538707811,0.0699691031914917));
#1813=CARTESIAN_POINT('',(0.024648522761984,-0.0541968473218141,0.0727317990349087));
#1814=CARTESIAN_POINT('',(0.024648522761984,-0.0541968473218141,0.0796226295961711));
#1815=CARTESIAN_POINT('',(0.024648522761984,-0.0720135011482061,0.0806837799064213));
#1816=CARTESIAN_POINT('',(0.024648522761984,-0.0720135011482061,0.0826837799064213));
#1817=CARTESIAN_POINT('',(0.024648522761984,-0.0721833465619474,0.0826837799064213));
#1818=CARTESIAN_POINT('',(0.024648522761984,-0.0721698458020808,0.0826837799064213));
#1819=CARTESIAN_POINT('',(0.024648522761984,-0.0721698458020808,0.126047846522205));
#1820=CARTESIAN_POINT('',(0.024648522761984,-0.0721698458020808,0.0794614290060265));
#1821=CARTESIAN_POINT('',(0.024648522761984,-0.0691698458020807,0.0794614290060265));
#1822=CARTESIAN_POINT('',(0.024648522761984,-0.0709219843587056,0.077026267722171));
#1823=CARTESIAN_POINT('',(0.024648522761984,-0.0331698458020776,0.129495032734077));
#1824=CARTESIAN_POINT('',(-0.00035147723801602,-0.0611968473218112,0.0656301415631075));
#1825=CARTESIAN_POINT('',(-0.000351477238016012,-0.0531244400374396,0.0787043024739843));
#1826=CARTESIAN_POINT('',(-0.000975544990960478,-0.0531244400374396,0.0787043024739843));
#1827=CARTESIAN_POINT('',(-0.00159895832945236,-0.0531073709585623,0.0786935981519092));
#1828=CARTESIAN_POINT('',(-0.00222177664793409,-0.0530749434090754,0.078672906651921));
#1829=CARTESIAN_POINT('',(-0.00222177664793408,-0.0530749434090754,0.0786729066519209));
#1830=CARTESIAN_POINT('',(-0.002221776647999,-0.0530749434090713,0.0786729066519204));
#1831=CARTESIAN_POINT('',(-0.00232990204649241,-0.0531489740653844,0.0785007474616631));
#1832=CARTESIAN_POINT('',(-0.00244416290803697,-0.0532248518233181,0.0783332984071105));
#1833=CARTESIAN_POINT('',(-0.00256248919376146,-0.0533019387339666,0.0781694134706824));
#1834=CARTESIAN_POINT('',(-0.00035147723801602,-0.0700468368161346,0.0656301415631075));
#1835=CARTESIAN_POINT('',(0.024648522761984,-0.0521968473218141,0.067419713599783));
#1836=CARTESIAN_POINT('',(-0.0130667813923816,-0.0521968473218143,0.0717783175389293));
#1837=CARTESIAN_POINT('',(-0.0131403879255883,-0.0521968473218143,0.0717512801414017));
#1838=CARTESIAN_POINT('',(-0.0132133117040432,-0.0521968473218141,0.0717225132967643));
#1839=CARTESIAN_POINT('',(-0.0132855300241855,-0.0521968473218141,0.0716919594959242));
#1840=CARTESIAN_POINT('',(-0.0180849267541065,-0.0611968473218112,0.0798199741556653));
#1841=CARTESIAN_POINT('',(-0.0180849267541065,-0.0700468368161348,0.0781836105193015));
#1842=CARTESIAN_POINT('',(-0.0180849267541065,-0.0700468368161348,0.0781836105193015));
#1843=CARTESIAN_POINT('',(-0.0180849267541065,-0.0611968473218112,0.0798199741556653));
#1844=CARTESIAN_POINT('',(-0.0180849267541065,-0.0581725346529551,0.0713433278329119));
#1845=CARTESIAN_POINT('',(-0.0180849267541065,-0.0581725346529551,0.0713433278329119));
#1846=CARTESIAN_POINT('',(-0.020148988838421,-0.0588231003742321,0.0711112178594782));
#1847=CARTESIAN_POINT('',(-0.02427630819817,-0.0601365437514989,0.0708102095856802));
#1848=CARTESIAN_POINT('',(-0.0294469241060821,-0.0617615791461392,0.0707981458019083));
#1849=CARTESIAN_POINT('',(-0.0336007550529446,-0.0630200083888837,0.0709893810729201));
#1850=CARTESIAN_POINT('',(-0.0367255482018605,-0.0639327116960114,0.0712295164580877));
#1851=CARTESIAN_POINT('',(-0.0398588077392809,-0.0647716642937057,0.0715443741242353));
#1852=CARTESIAN_POINT('',(-0.0419674207059549,-0.0652381044106862,0.0717783175389183));
#1853=CARTESIAN_POINT('',(-0.0430849267541067,-0.0652381044106862,0.0717783175389183));
#1854=CARTESIAN_POINT('',(-0.0180849267541065,-0.0611968473218112,0.0798199741556653));
#1855=CARTESIAN_POINT('',(-0.0180849267541065,-0.0611968473218112,0.0781836105193015));
#1856=CARTESIAN_POINT('',(-0.0179417634865186,-0.0700456787886464,0.0781836105193015));
#1857=CARTESIAN_POINT('',(-0.0178007751906515,-0.0611968473218112,0.078208470559827));
#1858=CARTESIAN_POINT('',(-0.0166438407019137,-0.0577142437949973,0.0716471690273601));
#1859=CARTESIAN_POINT('',(-0.0171322348242616,-0.0578215019236621,0.0715153470301459));
#1860=CARTESIAN_POINT('',(-0.017612673541322,-0.0579740704986481,0.0714141362202541));
#1861=CARTESIAN_POINT('',(-0.0180849267541065,-0.0581725346529551,0.0713433278329119));
#1862=CARTESIAN_POINT('',(0.024648522761984,-0.0331698458020776,0.129495032734077));
#1863=CARTESIAN_POINT('',(0.024648522761984,-0.059145858236759,0.0681273059625471));
#1864=CARTESIAN_POINT('',(0.00686261774019471,-0.059145858236759,0.0681273059625471));
#1865=CARTESIAN_POINT('',(0.022648522761984,-0.059145858236759,0.0681273059625471));
#1866=CARTESIAN_POINT('',(0.022648522761984,-0.0331698458020776,0.129495032734077));
#1867=CARTESIAN_POINT('',(0.022648522761984,-0.0720900767297888,0.0754028268662673));
#1868=CARTESIAN_POINT('',(0.024648522761984,-0.0720900767297888,0.0754028268662673));
#1869=CARTESIAN_POINT('',(-0.000351477238016012,-0.0720900767297888,0.0754028268662673));
#1870=CARTESIAN_POINT('',(-0.000351477238016012,-0.0331698458020776,0.129495032734077));
#1871=CARTESIAN_POINT('',(-0.000351477238016012,-0.0579388780144791,0.0676302919330934));
#1872=CARTESIAN_POINT('',(-0.000351477238016006,-0.0579388780144791,0.0676302919330934));
#1873=CARTESIAN_POINT('',(0.00139947687592831,-0.0583872681158649,0.0678098156605212));
#1874=CARTESIAN_POINT('',(0.00317071358001929,-0.0587420170745166,0.0679575100195897));
#1875=CARTESIAN_POINT('',(0.00497426061833313,-0.0589513510673858,0.0680453370687057));
#1876=CARTESIAN_POINT('',(0.00497426061833313,-0.0589513510673858,0.0680453370687057));
#1877=CARTESIAN_POINT('',(0.00497426061833313,-0.0589513510673858,0.0680453370687057));
#1878=CARTESIAN_POINT('',(0.00559077075189133,-0.0590795197514135,0.0680991108354645));
#1879=CARTESIAN_POINT('',(0.00621989824692773,-0.059145858236759,0.0681273059625471));
#1880=CARTESIAN_POINT('',(0.00686261774019471,-0.059145858236759,0.0681273059625471));
#1881=CARTESIAN_POINT('',(0.024648522761984,-0.0721833465619474,0.0826837799064213));
#1882=CARTESIAN_POINT('',(0.024648522761984,-0.0741698458020808,0.0826837799064213));
#1883=CARTESIAN_POINT('',(0.022648522761984,-0.0741698458020808,0.0826837799064213));
#1884=CARTESIAN_POINT('',(-0.000351477238016012,-0.0741698458020808,0.0826837799064213));
#1885=CARTESIAN_POINT('',(0.022648522761984,-0.0721698458020808,0.0826837799064213));
#1886=CARTESIAN_POINT('',(0.024648522761984,-0.0720135011482061,0.0826837799064213));
#1887=CARTESIAN_POINT('',(-0.000351477238016012,-0.0720135011482061,0.0826837799064213));
#1888=CARTESIAN_POINT('',(-0.000351477238016012,-0.0721833465619474,0.0826837799064213));
#1889=CARTESIAN_POINT('',(0.024648522761984,-0.0741698458020808,0.0818227396535801));
#1890=CARTESIAN_POINT('',(0.024648522761984,-0.0741698458020808,0.0794614290060265));
#1891=CARTESIAN_POINT('',(-0.000351477238016012,-0.0741698458020808,0.0794614290060265));
#1892=CARTESIAN_POINT('',(0.022648522761984,-0.0741698458020808,0.0794614290060265));
#1893=CARTESIAN_POINT('',(0.022648522761984,-0.0741698458020808,0.0818227396535801));
#1894=CARTESIAN_POINT('',(-0.00035147723801602,-0.0741698458020808,0.0656301415631075));
#1895=CARTESIAN_POINT('',(-0.00331281045892335,-0.0741698458020808,0.0824246968206692));
#1896=CARTESIAN_POINT('',(-0.00331281045892335,-0.0741698458020808,0.0824246968206692));
#1897=CARTESIAN_POINT('',(-0.0180849267541065,-0.0741698458020808,0.0765976232552704));
#1898=CARTESIAN_POINT('',(-0.0180849267541065,-0.0741698458020808,0.0765976232552704));
#1899=CARTESIAN_POINT('',(-0.0180849267541065,-0.0741698458020808,0.0798199741556653));
#1900=CARTESIAN_POINT('',(-0.0175253713924495,-0.0741698458020808,0.0766465780060306));
#1901=CARTESIAN_POINT('',(-0.0027532550972664,-0.0741698458020808,0.0792513006710345));
#1902=CARTESIAN_POINT('',(-0.00275325509726639,-0.0741698458020808,0.0792513006710345));
#1903=CARTESIAN_POINT('',(-0.00035147723801602,-0.0741698458020808,0.0656301415631075));
#1904=CARTESIAN_POINT('',(-0.0180849267541065,-0.0331698458020776,0.126631226983321));
#1905=CARTESIAN_POINT('',(-0.0180849267541065,-0.0331698458020776,0.126631226983321));
#1906=CARTESIAN_POINT('',(-0.0180849267541065,-0.0543051342930573,0.0634327246947783));
#1907=CARTESIAN_POINT('',(-0.0180849267541065,-0.0720900767297888,0.0725390211155113));
#1908=CARTESIAN_POINT('',(-0.0180849267541065,-0.0720900767297888,0.0725390211155113));
#1909=CARTESIAN_POINT('',(-0.0180849267541065,-0.0543051342930573,0.0634327246947783));
#1910=CARTESIAN_POINT('',(-0.0222412117106523,-0.0529513393369296,0.062979979045447));
#1911=CARTESIAN_POINT('',(-0.0305092540741663,-0.0500960560432905,0.0621297688303645));
#1912=CARTESIAN_POINT('',(-0.0388829371693525,-0.0474778166114502,0.0615337315544845));
#1913=CARTESIAN_POINT('',(-0.0430849267541065,-0.0462178408327728,0.0612821570833536));
#1914=CARTESIAN_POINT('',(-0.0114414992067517,-0.0331698458020776,0.128524781533559));
#1915=CARTESIAN_POINT('',(-0.0114414992067517,-0.0331698458020776,0.128524781533559));
#1916=CARTESIAN_POINT('',(-0.000680809450328369,-0.0576785306509335,0.0674978773514091));
#1917=CARTESIAN_POINT('',(-0.00204848623182211,-0.0720900767297888,0.0752543578174078));
#1918=CARTESIAN_POINT('',(-0.00204848623182211,-0.0720900767297888,0.0752543578174078));
#1919=CARTESIAN_POINT('',(-0.0168206025270052,-0.0720900767297888,0.0726496351524038));
#1920=CARTESIAN_POINT('',(-0.0262136155019348,-0.0331698458020776,0.125920058868555));
#1921=CARTESIAN_POINT('',(-0.0152673979785214,-0.0547827750080872,0.06384097443444));
#1922=CARTESIAN_POINT('',(-0.0152673979785215,-0.0547827750080872,0.06384097443444));
#1923=CARTESIAN_POINT('',(-0.0103501439456433,-0.0555612751126092,0.0649790550062089));
#1924=CARTESIAN_POINT('',(-0.00554051044910098,-0.0567225981484561,0.0662570740661768));
#1925=CARTESIAN_POINT('',(-0.000680809450328369,-0.0576785306509335,0.0674978773514091));
#1926=CARTESIAN_POINT('',(-0.00331281045892335,-0.0721833465619474,0.0824246968206692));
#1927=CARTESIAN_POINT('',(-0.00331281045892335,-0.0721833465619474,0.0824246968206692));
#1928=CARTESIAN_POINT('',(-0.00331281045892335,-0.0720135011482061,0.0824246968206692));
#1929=CARTESIAN_POINT('',(-0.00331281045892335,-0.0720135011482061,0.0824246968206692));
#1930=CARTESIAN_POINT('',(-0.0180849267541065,-0.0331698458020776,0.0798199741556653));
#1931=CARTESIAN_POINT('',(-0.0180849267541065,-0.0720900767297888,0.0798199741556653));
#1932=CARTESIAN_POINT('',(-0.0180849267541065,-0.0543051342930573,0.0634327246947783));
#1933=CARTESIAN_POINT('',(-0.0171463967278223,-0.0545223762782777,0.0635053762903655));
#1934=CARTESIAN_POINT('',(-0.0162061968109549,-0.0546777585898828,0.0636388772424948));
#1935=CARTESIAN_POINT('',(-0.0152673979785214,-0.0547827750080872,0.06384097443444));
#1936=CARTESIAN_POINT('',(-0.00035147723801602,-0.0331698458020776,0.0656301415631075));
#1937=CARTESIAN_POINT('',(-0.00035147723801602,-0.0720900767297888,0.0656301415631075));
#1938=CARTESIAN_POINT('',(-0.000680809450328369,-0.0576785306509335,0.0674978773514091));
#1939=CARTESIAN_POINT('',(-0.000568053046178574,-0.0577577087833838,0.0675495576491486));
#1940=CARTESIAN_POINT('',(-0.000459886613608059,-0.0578466888097789,0.0675933817747174));
#1941=CARTESIAN_POINT('',(-0.000351477238016006,-0.0579388780144791,0.0676302919330934));
#1942=CARTESIAN_POINT('',(-0.00035147723801602,-0.0521968473218141,0.0656301415631075));
#1943=CARTESIAN_POINT('',(-0.00035147723801602,-0.0720135011482061,0.0656301415631075));
#1944=CARTESIAN_POINT('',(-0.0042850058214193,-0.0486686287293961,0.0782391558653671));
#1945=CARTESIAN_POINT('',(-0.00595640434139522,-0.0520313019817167,0.0803804615219525));
#1946=CARTESIAN_POINT('',(-0.00200075262509296,-0.0529832666062949,0.0789200105018078));
#1947=CARTESIAN_POINT('',(-0.00471303891346612,-0.0490847499410064,0.0774558359983447));
#1948=CARTESIAN_POINT('',(-0.00593528337428647,-0.0520725648820827,0.079819331826858));
#1949=CARTESIAN_POINT('',(-0.0025290980607909,-0.0533003917423963,0.0781079811154808));
#1950=CARTESIAN_POINT('',(-0.00590499133487706,-0.0500751485686599,0.0760860796122093));
#1951=CARTESIAN_POINT('',(-0.00631616041166903,-0.0524336648337894,0.0783559933759588));
#1952=CARTESIAN_POINT('',(-0.00396727976237073,-0.0540399432614631,0.0766658675809662));
#1953=CARTESIAN_POINT('',(-0.00819369834281825,-0.0516412642267403,0.0745403328292153));
#1954=CARTESIAN_POINT('',(-0.00811767292451583,-0.0535147299590271,0.0762263123280737));
#1955=CARTESIAN_POINT('',(-0.00666042505705848,-0.0551713512644066,0.074992366496933));
#1956=CARTESIAN_POINT('',(-0.0108372698695523,-0.0531585779553176,0.0733358334558335));
#1957=CARTESIAN_POINT('',(-0.0106043842260839,-0.0547075799526767,0.0744956213552584));
#1958=CARTESIAN_POINT('',(-0.00971439599036268,-0.0562261495687748,0.0736471614523994));
#1959=CARTESIAN_POINT('',(-0.0127323304644556,-0.0540447189313105,0.072718423734746));
#1960=CARTESIAN_POINT('',(-0.0125487310697335,-0.05544482551664,0.0735821282965635));
#1961=CARTESIAN_POINT('',(-0.0118704895731818,-0.0568077479257854,0.0729321834970107));
#1962=CARTESIAN_POINT('',(-0.0137183964065501,-0.0544460514853185,0.072440263814446));
#1963=CARTESIAN_POINT('',(-0.01356596164682,-0.0557711053427727,0.0731783282754584));
#1964=CARTESIAN_POINT('',(-0.0129853893123904,-0.0570582310959514,0.0726038839441808));
#1965=CARTESIAN_POINT('',(-0.00238093315885224,-0.0530303421582485,0.0787267487328929));
#1966=CARTESIAN_POINT('',(-0.00244123195376578,-0.0531173229761081,0.078539181284873));
#1967=CARTESIAN_POINT('',(-0.00250183806878752,-0.0532083982462506,0.078353655356386));
#1968=CARTESIAN_POINT('',(-0.00256248919376146,-0.0533019387339666,0.0781694134706825));
#1969=CARTESIAN_POINT('',(-0.00238093315869288,-0.0530303421582955,0.0787267487328511));
#1970=CARTESIAN_POINT('',(-0.00238093315869288,-0.0530303421582955,0.0787267487328511));
#1971=CARTESIAN_POINT('',(-0.0032501091041658,-0.0527794167672981,0.0789440607527788));
#1972=CARTESIAN_POINT('',(-0.00476561323797678,-0.0514064100587059,0.079099861335141));
#1973=CARTESIAN_POINT('',(-0.00472849544154886,-0.0494643746445389,0.0785121371914194));
#1974=CARTESIAN_POINT('',(-0.00431573465360707,-0.0486983608076451,0.0781836105193031));
#1975=CARTESIAN_POINT('',(-0.013588134609202,-0.0545380869356647,0.0725458146047624));
#1976=CARTESIAN_POINT('',(-0.0134899862591531,-0.0553416794311106,0.0729432484127714));
#1977=CARTESIAN_POINT('',(-0.0132306973693829,-0.0562863114291913,0.0729687346950065));
#1978=CARTESIAN_POINT('',(-0.0129061277185835,-0.0570403396488177,0.0726272936573978));
#1979=CARTESIAN_POINT('',(-0.0166438407019138,-0.0577142437949973,0.0716471690273602));
#1980=CARTESIAN_POINT('',(-0.017012242681794,-0.0565609173993162,0.0720736663637874));
#1981=CARTESIAN_POINT('',(-0.0171179462192755,-0.0554052568727353,0.0715249794938871));
#1982=CARTESIAN_POINT('',(-0.0153747086329316,-0.0575060375366727,0.0719596723028514));
#1983=CARTESIAN_POINT('',(-0.0157764556488603,-0.05632634232064,0.0724262778921545));
#1984=CARTESIAN_POINT('',(-0.0159023508169405,-0.0551330845853262,0.0718507805944625));
#1985=CARTESIAN_POINT('',(-0.0141217283266821,-0.0572776040467076,0.0722873361726704));
#1986=CARTESIAN_POINT('',(-0.0145647647813268,-0.0560716316531138,0.0728000265389476));
#1987=CARTESIAN_POINT('',(-0.0147037800631102,-0.054835085640274,0.0721966180410718));
#1988=CARTESIAN_POINT('',(-0.0128839794912718,-0.0570360184559537,0.0726334852078713));
#1989=CARTESIAN_POINT('',(-0.013382541758508,-0.0558079319935223,0.073195750170228));
#1990=CARTESIAN_POINT('',(-0.0135214861738809,-0.0545203680758003,0.0725666427162663));
#1991=CARTESIAN_POINT('',(-0.0161634786845163,-0.0565533759527264,0.0689229006512593));
#1992=CARTESIAN_POINT('',(-0.0171179462192755,-0.0554052568727353,0.0715249794938871));
#1993=CARTESIAN_POINT('',(-0.017012242681794,-0.0565609173993162,0.0720736663637874));
#1994=CARTESIAN_POINT('',(-0.0166438407019138,-0.0577142437949973,0.0716471690273602));
#1995=CARTESIAN_POINT('',(-0.0177441641297825,-0.0555454673091377,0.0713571420014708));
#1996=CARTESIAN_POINT('',(-0.0175518930520535,-0.0566810942038247,0.0719273015891307));
#1997=CARTESIAN_POINT('',(-0.0171322348240874,-0.057821501924,0.0715153470300327));
#1998=CARTESIAN_POINT('',(-0.0183606541815154,-0.0557435440230984,0.071228279073249));
#1999=CARTESIAN_POINT('',(-0.0180833744675951,-0.0568512975532053,0.0718147211118278));
#2000=CARTESIAN_POINT('',(-0.0176126735411504,-0.0579740704991788,0.0714141362200648));
#2001=CARTESIAN_POINT('',(-0.0189671032426732,-0.0560001485576523,0.0711381249069678));
#2002=CARTESIAN_POINT('',(-0.0186062324287524,-0.0570721401729631,0.0717359284959414));
#2003=CARTESIAN_POINT('',(-0.0180849267541065,-0.0581725346529551,0.0713433278329119));
#2004=CARTESIAN_POINT('',(-0.0180849267541065,-0.0571644304300034,0.0685177790586617));
#2005=CARTESIAN_POINT('',(-0.0189671032426732,-0.0560001485576523,0.0711381249069678));
#2006=CARTESIAN_POINT('',(-0.0186062324287524,-0.0570721401729631,0.0717359284959414));
#2007=CARTESIAN_POINT('',(-0.0180849267541065,-0.0581725346529551,0.0713433278329119));
#2008=CARTESIAN_POINT('',(-0.0209426301831157,-0.0568360459243035,0.0708444448689881));
#2009=CARTESIAN_POINT('',(-0.0205668340576537,-0.0577833275916161,0.0713890041949428));
#2010=CARTESIAN_POINT('',(-0.0201360997315097,-0.0588190378946513,0.071112667278033));
#2011=CARTESIAN_POINT('',(-0.0239074079245657,-0.0581003119623375,0.0705578533755184));
#2012=CARTESIAN_POINT('',(-0.0235586370032569,-0.0588915942124467,0.0710169103628288));
#2013=CARTESIAN_POINT('',(-0.023211681968642,-0.0597979156420246,0.0708875741695264));
#2014=CARTESIAN_POINT('',(-0.0278754227840312,-0.0597702501889202,0.0704504942281885));
#2015=CARTESIAN_POINT('',(-0.0276041867339134,-0.0603861804007707,0.0708064559301078));
#2016=CARTESIAN_POINT('',(-0.0273244033564607,-0.0610942285510981,0.0708032527404862));
#2017=CARTESIAN_POINT('',(-0.0308614429181518,-0.061006041656815,0.0705023458308912));
#2018=CARTESIAN_POINT('',(-0.0306383493993349,-0.061493534724005,0.0707854298033804));
#2019=CARTESIAN_POINT('',(-0.0304181933516264,-0.0620554020180705,0.0708439777401096));
#2020=CARTESIAN_POINT('',(-0.0338615299943483,-0.0622159534945515,0.0706821676677369));
#2021=CARTESIAN_POINT('',(-0.0336898716127803,-0.0625815574108341,0.0708954670021546));
#2022=CARTESIAN_POINT('',(-0.0335261147714397,-0.0629984307368341,0.0709852124146948));
#2023=CARTESIAN_POINT('',(-0.0368785574747983,-0.0633818782209839,0.0709828643281391));
#2024=CARTESIAN_POINT('',(-0.0367611897720775,-0.0636315508128593,0.071129089306946));
#2025=CARTESIAN_POINT('',(-0.0366518180414634,-0.0639091282730943,0.0712213839260182));
#2026=CARTESIAN_POINT('',(-0.0393976110343408,-0.0642907414144266,0.0713226498489962));
#2027=CARTESIAN_POINT('',(-0.0393287686363426,-0.0644499644373904,0.0714158421705159));
#2028=CARTESIAN_POINT('',(-0.0392622953111587,-0.064620544387953,0.0714882563944623));
#2029=CARTESIAN_POINT('',(-0.0414480779962286,-0.0649004195082902,0.071601670713995));
#2030=CARTESIAN_POINT('',(-0.0414176164666102,-0.0649973734818089,0.0716581931731764));
#2031=CARTESIAN_POINT('',(-0.0413878106163492,-0.0650984254146217,0.0717074034220773));
#2032=CARTESIAN_POINT('',(-0.0425176185454614,-0.0650784862013846,0.0716919594935475));
#2033=CARTESIAN_POINT('',(-0.0425071808632093,-0.0651569886711607,0.0717375536052521));
#2034=CARTESIAN_POINT('',(-0.0424967240477712,-0.0652381044073859,0.0717783175372599));
#2035=CARTESIAN_POINT('',(-0.0430849267541064,-0.065078486205455,0.0716919594959116));
#2036=CARTESIAN_POINT('',(-0.0430849267541064,-0.0651569886750246,0.0717375536071337));
#2037=CARTESIAN_POINT('',(-0.0430849267541064,-0.0652381044106869,0.0717783175389187));
#2038=CARTESIAN_POINT('',(-0.0430849267541065,-0.0665851901069783,0.0690977653333373));
#2039=CARTESIAN_POINT('',(-0.0430849267541065,-0.0241698458020807,0.0690977653333506));
#2040=CARTESIAN_POINT('',(0.024648522761984,-0.0513305717520242,0.0778199741556653));
#2041=CARTESIAN_POINT('',(0.0243367000679624,-0.0531244400374396,0.0787043024739843));
#2042=CARTESIAN_POINT('',(0.0242313366670944,-0.0529585775849762,0.0790407560139783));
#2043=CARTESIAN_POINT('',(0.0238175615717238,-0.0524461993398058,0.0795358437717841));
#2044=CARTESIAN_POINT('',(0.02303788113315,-0.0521968473218141,0.0796226295961711));
#2045=CARTESIAN_POINT('',(0.022648522761984,-0.0521968473218141,0.0796226295961711));
#2046=CARTESIAN_POINT('',(0.00686261774019471,-0.0521968473218141,0.0796226295961711));
#2047=CARTESIAN_POINT('',(0.00585521903007523,-0.0521968473218141,0.0796226295961711));
#2048=CARTESIAN_POINT('',(0.00488324516301547,-0.051897754538161,0.079819974558537));
#2049=CARTESIAN_POINT('',(0.0040497305970875,-0.0513305703314197,0.0798199741556648));
#2050=CARTESIAN_POINT('',(-0.000351477238016012,-0.0513305717520242,0.0778199741556653));
#2051=CARTESIAN_POINT('',(-0.000351477238016012,-0.0513305717520242,0.0798199741556653));
#2052=CARTESIAN_POINT('',(-0.000351477238016012,-0.0525744442155174,0.0798199741556653));
#2053=CARTESIAN_POINT('',(-0.000351477238016012,-0.0531244400374395,0.0787043024739844));
#2054=CARTESIAN_POINT('',(-0.000936134481716684,-0.0513305717519431,0.0798199741556653));
#2055=CARTESIAN_POINT('',(-0.000965544985762486,-0.0525744442154734,0.0798199741556774));
#2056=CARTESIAN_POINT('',(-0.000978549253649644,-0.0531244400374466,0.0787043024739701));
#2057=CARTESIAN_POINT('',(-0.00151870183060643,-0.0513094319981199,0.0798199741556653));
#2058=CARTESIAN_POINT('',(-0.00157958515744744,-0.0525604845503148,0.0798199741556704));
#2059=CARTESIAN_POINT('',(-0.00160331981381162,-0.0531071438742861,0.0786934532530598));
#2060=CARTESIAN_POINT('',(-0.00209946829285889,-0.0512700758729083,0.0798199741556653));
#2061=CARTESIAN_POINT('',(-0.00218521049342009,-0.0525353476860577,0.0798199741556653));
#2062=CARTESIAN_POINT('',(-0.00222177664799956,-0.053074943409072,0.0786729066519188));
#2063=CARTESIAN_POINT('',(-0.00209946829279742,-0.0512700758729125,0.0778199741556653));
#2064=CARTESIAN_POINT('',(0.00686261774019471,-0.0471968473218141,0.0580978936499829));
#2065=CARTESIAN_POINT('',(0.00591843917927744,-0.0521068907885366,0.0726559803640405));
#2066=CARTESIAN_POINT('',(0.0053542803162863,-0.0519984056586191,0.073224964042256));
#2067=CARTESIAN_POINT('',(0.0042625884570773,-0.0515881910522558,0.0743439092518316));
#2068=CARTESIAN_POINT('',(0.00282045493547757,-0.0503676313359211,0.0758681505665378));
#2069=CARTESIAN_POINT('',(0.00179252002332138,-0.0483353478795243,0.0769862698876356));
#2070=CARTESIAN_POINT('',(0.0018338584181415,-0.0466277244572981,0.076941383059603));
#2071=CARTESIAN_POINT('',(0.00204102183713294,-0.0458731355149702,0.0767158816123155));
#2072=CARTESIAN_POINT('',(0.00591843917926391,-0.052106890788534,0.0726559803640541));
#2073=CARTESIAN_POINT('',(0.00204102183713294,-0.0458731355149702,0.0767158816123155));
#2074=CARTESIAN_POINT('',(0.00204102183713294,-0.0458731355149702,0.0767158816123155));
#2075=CARTESIAN_POINT('',(0.00211211247308711,-0.0456141891814174,0.0766384980598799));
#2076=CARTESIAN_POINT('',(0.00220481457466786,-0.0453575210375015,0.0765976232552704));
#2077=CARTESIAN_POINT('',(0.00232193187707641,-0.0451034835472929,0.0765976232552704));
#2078=CARTESIAN_POINT('',(0.00686261774019471,-0.0521968473218141,0.0727317990349087));
#2079=CARTESIAN_POINT('',(0.00654100879242742,-0.0521968473218141,0.0727317990349087));
#2080=CARTESIAN_POINT('',(0.00622647664954818,-0.0521661249638274,0.0727056843108573));
#2081=CARTESIAN_POINT('',(0.00591843917926391,-0.052106890788534,0.0726559803640541));
#2082=CARTESIAN_POINT('',(0.024648522761984,-0.0571968473218141,0.0727317990349087));
#2083=CARTESIAN_POINT('',(0.022648522761984,-0.0571968473218141,0.0727317990349087));
#2084=CARTESIAN_POINT('',(0.00686261774019471,-0.0571968473218141,0.0727317990349087));
#2085=CARTESIAN_POINT('',(0.00686261774019471,-0.059145858236759,0.0681273059625471));
#2086=CARTESIAN_POINT('',(0.00686261774019471,-0.0521968473218141,0.0651858967979651));
#2087=CARTESIAN_POINT('',(0.00686261774019471,-0.0521968473218141,0.0727317990349087));
#2088=CARTESIAN_POINT('',(0.00622181445282734,-0.0591458582354649,0.0681273059619994));
#2089=CARTESIAN_POINT('',(0.00674689277656812,-0.0521968473219791,0.0651858967982273));
#2090=CARTESIAN_POINT('',(0.00654221609651061,-0.0521968473218141,0.0727317990344329));
#2091=CARTESIAN_POINT('',(0.00559257443053719,-0.0590798947252394,0.068099268157475));
#2092=CARTESIAN_POINT('',(0.0066333371606836,-0.0522063917940785,0.0651988066741966));
#2093=CARTESIAN_POINT('',(0.00622759608536356,-0.052166340226137,0.0727058649396888));
#2094=CARTESIAN_POINT('',(0.00497426061833313,-0.0589513510673858,0.0680453370687057));
#2095=CARTESIAN_POINT('',(0.00649693972880821,-0.0522181337581876,0.0652203844691865));
#2096=CARTESIAN_POINT('',(0.00591843917926392,-0.052106890788534,0.0726559803640542));
#2097=CARTESIAN_POINT('',(0.00497426061833313,-0.0570169342552539,0.0726559803640541));
#2098=CARTESIAN_POINT('',(0.000884141767427128,-0.0516386377869993,0.0703372010719904));
#2099=CARTESIAN_POINT('',(0.000849251900755222,-0.0535700326984821,0.0658811199659621));
#2100=CARTESIAN_POINT('',(-0.000351477238016006,-0.0579388780144791,0.0676302919330934));
#2101=CARTESIAN_POINT('',(0.00247503335992081,-0.0518473540137638,0.0708740119159713));
#2102=CARTESIAN_POINT('',(0.0026303642465825,-0.053596173175818,0.0658528921532064));
#2103=CARTESIAN_POINT('',(0.00141081474990502,-0.058390171556892,0.0678109781227476));
#2104=CARTESIAN_POINT('',(0.00402607068021394,-0.0520107973240022,0.0714021485668518));
#2105=CARTESIAN_POINT('',(0.00428877574382606,-0.0534445690852167,0.0657569405047668));
#2106=CARTESIAN_POINT('',(0.00318413102789314,-0.058743574410506,0.0679581634071383));
#2107=CARTESIAN_POINT('',(0.00553559553425994,-0.0521068907885333,0.0718967858783767));
#2108=CARTESIAN_POINT('',(0.00571276962496829,-0.0531021108183952,0.0655912611510868));
#2109=CARTESIAN_POINT('',(0.00497426061833322,-0.058951351067385,0.0680453370687054));
#2110=CARTESIAN_POINT('',(0.00497426061833312,-0.0570169342552539,0.0726559803640541));
#2111=CARTESIAN_POINT('',(-0.000351477238015992,-0.0560804282521846,0.0722720765555234));
#2112=CARTESIAN_POINT('',(-0.000168863056308705,-0.0515182311904269,0.0699355367586463));
#2113=CARTESIAN_POINT('',(0.000415882580545837,-0.053617030805757,0.0660601367648204));
#2114=CARTESIAN_POINT('',(-0.000680809450328367,-0.0576785306509336,0.067497877351409));
#2115=CARTESIAN_POINT('',(0.000191108592276016,-0.05155267052466,0.0700878288326544));
#2116=CARTESIAN_POINT('',(0.000578251351161399,-0.0536099054858475,0.066029354188659));
#2117=CARTESIAN_POINT('',(-0.000574763617885052,-0.0577529965868299,0.0675464819545344));
#2118=CARTESIAN_POINT('',(0.00054176240544005,-0.0515937194977729,0.0702216728016459));
#2119=CARTESIAN_POINT('',(0.000727150608384746,-0.0535961983640358,0.0659669202299022));
#2120=CARTESIAN_POINT('',(-0.000465689539193809,-0.0578417541123169,0.0675914060502771));
#2121=CARTESIAN_POINT('',(0.000884141767427142,-0.0516386377869993,0.0703372010719904));
#2122=CARTESIAN_POINT('',(0.000849251900755198,-0.0535700326984821,0.0658811199659621));
#2123=CARTESIAN_POINT('',(-0.000351477238016003,-0.0579388780144791,0.0676302919330934));
#2124=CARTESIAN_POINT('',(-0.00148819672119425,-0.0558396150590396,0.072076798102059));
#2125=CARTESIAN_POINT('',(-0.000680809450328377,-0.0576785306509335,0.0674978773514091));
#2126=CARTESIAN_POINT('',(0.000415882580545817,-0.053617030805757,0.0660601367648205));
#2127=CARTESIAN_POINT('',(-0.000168863056308711,-0.0515182311904269,0.0699355367586464));
#2128=CARTESIAN_POINT('',(-0.00553940814056128,-0.0567228149770834,0.0662573555122854));
#2129=CARTESIAN_POINT('',(-0.00415946998194138,-0.0534588153636086,0.0652575906258436));
#2130=CARTESIAN_POINT('',(-0.00478883521787795,-0.0510762275928468,0.0679809796467767));
#2131=CARTESIAN_POINT('',(-0.0103552207077358,-0.0555604713612444,0.0649778800087973));
#2132=CARTESIAN_POINT('',(-0.00945089900613387,-0.052775695015149,0.0641318079780341));
#2133=CARTESIAN_POINT('',(-0.00967848582194132,-0.0505386617907504,0.06616814938399));
#2134=CARTESIAN_POINT('',(-0.0152673979785214,-0.0547827750080872,0.06384097443444));
#2135=CARTESIAN_POINT('',(-0.0147264111062327,-0.0522871768435487,0.0630675186576173));
#2136=CARTESIAN_POINT('',(-0.0147893085438208,-0.0501789893532432,0.0647016851887888));
#2137=CARTESIAN_POINT('',(-0.016088705617026,-0.0531611313846724,0.0684988415130042));
#2138=CARTESIAN_POINT('',(-0.0152673979785214,-0.0547827750080872,0.06384097443444));
#2139=CARTESIAN_POINT('',(-0.0147264111062327,-0.0522871768435487,0.0630675186576173));
#2140=CARTESIAN_POINT('',(-0.0147893085438208,-0.0501789893532432,0.0647016851887888));
#2141=CARTESIAN_POINT('',(-0.0162138250844143,-0.0546769052728887,0.0636372350884371));
#2142=CARTESIAN_POINT('',(-0.0155940627227166,-0.0522188349914787,0.0628714015095372));
#2143=CARTESIAN_POINT('',(-0.0154850575363682,-0.0501300262506287,0.0645020517753653));
#2144=CARTESIAN_POINT('',(-0.0171552127957886,-0.0545203356162649,0.0635046938377949));
#2145=CARTESIAN_POINT('',(-0.0164544446150661,-0.0521175177073695,0.0627366925150917));
#2146=CARTESIAN_POINT('',(-0.0161727737093921,-0.0500576152269952,0.0643340217635398));
#2147=CARTESIAN_POINT('',(-0.0180849267541065,-0.0543051342930573,0.0634327246947783));
#2148=CARTESIAN_POINT('',(-0.0173045246068253,-0.0519754293221037,0.0626536083411159));
#2149=CARTESIAN_POINT('',(-0.0168518136404535,-0.0499580879694229,0.0641927515129496));
#2150=CARTESIAN_POINT('',(-0.0180849267541065,-0.0527193286170317,0.0681745830180399));
#2151=CARTESIAN_POINT('',(-0.0180849267541065,-0.0543051342930574,0.0634327246947783));
#2152=CARTESIAN_POINT('',(-0.0173045246068252,-0.0519754293221037,0.0626536083411159));
#2153=CARTESIAN_POINT('',(-0.0168518136404534,-0.0499580879694229,0.0641927515129496));
#2154=CARTESIAN_POINT('',(-0.0222425893111886,-0.0529508906203836,0.0629798289824976));
#2155=CARTESIAN_POINT('',(-0.0214177316986942,-0.0511608904134253,0.062434266223587));
#2156=CARTESIAN_POINT('',(-0.0211249542779445,-0.0493317713848616,0.063303749821018));
#2157=CARTESIAN_POINT('',(-0.0305192498834525,-0.0500926936120305,0.0621288535550608));
#2158=CARTESIAN_POINT('',(-0.0299874214044433,-0.0491363815871745,0.0619017207365132));
#2159=CARTESIAN_POINT('',(-0.0298792993706161,-0.0480098998304376,0.0619323037619931));
#2160=CARTESIAN_POINT('',(-0.0388876303772079,-0.0474764111100999,0.0615334509234875));
#2161=CARTESIAN_POINT('',(-0.0387901131084917,-0.0471381605370534,0.0614659137455796));
#2162=CARTESIAN_POINT('',(-0.0386925958420487,-0.0467999099637015,0.0613983765665001));
#2163=CARTESIAN_POINT('',(-0.0430849267541065,-0.0462178408327727,0.0612821570833536));
#2164=CARTESIAN_POINT('',(-0.0430849267541065,-0.0462178408327727,0.0612821570833536));
#2165=CARTESIAN_POINT('',(-0.0430849267541065,-0.0462178408327728,0.0612821570833536));
#2166=CARTESIAN_POINT('',(0.024648522761984,-0.0691698458020807,0.0794614290060265));
#2167=CARTESIAN_POINT('',(0.022648522761984,-0.0691698458020807,0.0794614290060265));
#2168=CARTESIAN_POINT('',(-0.000351477238016012,-0.0691698458020807,0.0794614290060265));
#2169=CARTESIAN_POINT('',(-0.00035147723801602,-0.0691698458020807,0.0656301415631075));
#2170=CARTESIAN_POINT('',(-0.00275325509726639,-0.0691698458020807,0.0792513006710345));
#2171=CARTESIAN_POINT('',(-0.0027532550972664,-0.0691698458020807,0.0792513006710345));
#2172=CARTESIAN_POINT('',(-0.0175253713924495,-0.0691698458020807,0.0766465780060306));
#2173=CARTESIAN_POINT('',(-0.0180849267541065,-0.0691698458020807,0.0798199741556653));
#2174=CARTESIAN_POINT('',(-0.0180849267541065,-0.0691698458020807,0.0765976232552704));
#2175=CARTESIAN_POINT('',(-0.0180849267541065,-0.0691698458020807,0.0765976232552704));
#2176=CARTESIAN_POINT('',(-0.0430849267541065,-0.0691698458020807,0.0765976232552704));
#2177=CARTESIAN_POINT('',(-0.0430849267541065,-0.0241698458020807,0.0765976232552704));
#2178=CARTESIAN_POINT('',(-0.00221875398604187,-0.0430101197727717,0.0765976232552704));
#2179=CARTESIAN_POINT('',(0.00232193187707643,-0.0451034835472929,0.0765976232552704));
#2180=CARTESIAN_POINT('',(0.00232193187707643,-0.0451034835472929,0.0740354491363564));
#2181=CARTESIAN_POINT('',(0.000433216272055072,-0.0442327409002318,0.0725390211155113));
#2182=CARTESIAN_POINT('',(0.00220660720548571,-0.0453536326672568,0.0765976232560617));
#2183=CARTESIAN_POINT('',(0.00215463732074802,-0.0454663598136608,0.0740354491370796));
#2184=CARTESIAN_POINT('',(0.000187599166528282,-0.0447655055048468,0.0725390211162081));
#2185=CARTESIAN_POINT('',(0.00211319289711328,-0.0456102537567796,0.0766373219975017));
#2186=CARTESIAN_POINT('',(0.00202822033805479,-0.0458436235366233,0.0740724115585527));
#2187=CARTESIAN_POINT('',(-1.0537845232107E-5,-0.0453124312389735,0.0725819401212673));
#2188=CARTESIAN_POINT('',(0.00204102183713294,-0.0458731355149702,0.0767158816123155));
#2189=CARTESIAN_POINT('',(0.00194295415143873,-0.046230345255883,0.0741450550288738));
#2190=CARTESIAN_POINT('',(-0.000162691214453558,-0.0458731355149702,0.0726668722978814));
#2191=CARTESIAN_POINT('',(-0.00278057406592884,-0.0445494237081263,0.0767158816123155));
#2192=CARTESIAN_POINT('',(0.00553559553424037,-0.0521068907885307,0.0718967858783833));
#2193=CARTESIAN_POINT('',(0.00573249900723493,-0.052071135356787,0.0722736188558192));
#2194=CARTESIAN_POINT('',(0.00591843917924715,-0.0521068907885307,0.0726559803640711));
#2195=CARTESIAN_POINT('',(0.00508322985642324,-0.0520454872812404,0.0719594381249011));
#2196=CARTESIAN_POINT('',(0.00535133226368405,-0.0519852678346561,0.0724635902980594));
#2197=CARTESIAN_POINT('',(0.00559912045824439,-0.0520454872811028,0.072978029971587));
#2198=CARTESIAN_POINT('',(0.00420180766388898,-0.051863858927611,0.0720807225686331));
#2199=CARTESIAN_POINT('',(0.00462007986053606,-0.0517299657512609,0.0728289956525542));
#2200=CARTESIAN_POINT('',(0.00498211545663328,-0.0518638589276748,0.0736058835678763));
#2201=CARTESIAN_POINT('',(0.00292627693911207,-0.0514059131657649,0.07225417933304));
#2202=CARTESIAN_POINT('',(0.00364272199430331,-0.0511132651235948,0.0733182701572031));
#2203=CARTESIAN_POINT('',(0.00410402494128527,-0.0514059131657478,0.0745149837544727));
#2204=CARTESIAN_POINT('',(0.00178219458399537,-0.0507824829543003,0.072408165948168));
#2205=CARTESIAN_POINT('',(0.00286858414835456,-0.0503320200501867,0.0737039016503481));
#2206=CARTESIAN_POINT('',(0.00332919148360367,-0.0507824829543047,0.0753304657889202));
#2207=CARTESIAN_POINT('',(0.000793926051742491,-0.0499858060417418,0.0725400821705128));
#2208=CARTESIAN_POINT('',(0.00231698633681352,-0.0494458549480213,0.0739735149547609));
#2209=CARTESIAN_POINT('',(0.00266984510995325,-0.0499858060417412,0.0760346677587265));
#2210=CARTESIAN_POINT('',(5.70018883268042E-5,-0.0490644375569473,0.0726378470115889));
#2211=CARTESIAN_POINT('',(0.00200527535209915,-0.0485775497825947,0.0741189796268434));
#2212=CARTESIAN_POINT('',(0.0021843584291841,-0.0490644375569451,0.0765595024217985));
#2213=CARTESIAN_POINT('',(-0.00054234686211014,-0.0476734449017795,0.0727170439486462));
#2214=CARTESIAN_POINT('',(0.00182946914429498,-0.0474887287713754,0.0741929536367821));
#2215=CARTESIAN_POINT('',(0.00179318059690602,-0.0476734449017928,0.0769861310154767));
#2216=CARTESIAN_POINT('',(-0.000454589687620303,-0.0465685025778522,0.0727054767000484));
#2217=CARTESIAN_POINT('',(0.00184722413325247,-0.0467831842942848,0.0741866469462868));
#2218=CARTESIAN_POINT('',(0.0018501170807714,-0.0465685025777922,0.0769236851862339));
#2219=CARTESIAN_POINT('',(-0.000162691214453531,-0.0458731355149702,0.0726668722978814));
#2220=CARTESIAN_POINT('',(0.00194295415143873,-0.046230345255883,0.0741450550288738));
#2221=CARTESIAN_POINT('',(0.00204102183713293,-0.0458731355149702,0.0767158816123155));
#2222=CARTESIAN_POINT('',(0.00497426061839446,-0.0570169342552643,0.0726559803640187));
#2223=CARTESIAN_POINT('',(0.00497426061833313,-0.0570169342552539,0.0726559803640541));
#2224=CARTESIAN_POINT('',(0.024648522761984,-0.0720135011482061,0.0806837799064213));
#2225=CARTESIAN_POINT('',(-0.000351477238016012,-0.0720135011482061,0.0806837799064213));
#2226=CARTESIAN_POINT('',(-0.00035147723801602,-0.0720135011482061,0.0656301415631075));
#2227=CARTESIAN_POINT('',(-0.00296551410358948,-0.0720135011482061,0.0804550813146448));
#2228=CARTESIAN_POINT('',(-0.00296551410358949,-0.0720135011482061,0.0804550813146448));
#2229=CARTESIAN_POINT('',(-0.0177376303987726,-0.0720135011482061,0.0778503586496408));
#2230=CARTESIAN_POINT('',(-0.0177376303987726,-0.0611968473218112,0.0778503586496408));
#2231=CARTESIAN_POINT('',(-0.0180849267541065,-0.0720135011482061,0.0798199741556653));
#2232=CARTESIAN_POINT('',(-0.0180849267541065,-0.0715452876732577,0.0798199741556653));
#2233=CARTESIAN_POINT('',(-0.0180554737640988,-0.0706264790423822,0.0794833249393851));
#2234=CARTESIAN_POINT('',(-0.0179813155296361,-0.0701299196084257,0.0786356924408761));
#2235=CARTESIAN_POINT('',(-0.0179417634865186,-0.0700456787886464,0.0781836105193015));
#2236=CARTESIAN_POINT('',(-0.0180849267541065,-0.0611968473218112,0.0778199741556653));
#2237=CARTESIAN_POINT('',(-0.0180849267541065,-0.0720135011482061,0.0778199741556653));
#2238=CARTESIAN_POINT('',(-0.0180849267541065,-0.0720135011482061,0.0778199741556653));
#2239=CARTESIAN_POINT('',(-0.0430849267541065,-0.0720135011482061,0.0778199741556653));
#2240=CARTESIAN_POINT('',(-0.0430849267541065,-0.0241698458020807,0.0778199741556653));
#2241=CARTESIAN_POINT('',(-0.00265376891431334,-0.0497498542581498,0.0778199741556653));
#2242=CARTESIAN_POINT('',(-0.00431573465360771,-0.0486983608076457,0.0781836105193018));
#2243=CARTESIAN_POINT('',(-0.00406004761679313,-0.0488601290308002,0.0798199741556653));
#2244=CARTESIAN_POINT('',(-0.00265376891431334,-0.0497498542581498,0.0798199741556653));
#2245=CARTESIAN_POINT('',(-0.00450518877305671,-0.0490499554450415,0.0783344018268962));
#2246=CARTESIAN_POINT('',(-0.00414145882757356,-0.049223992100928,0.0798199741556654));
#2247=CARTESIAN_POINT('',(-0.002740974045211,-0.0498876886486818,0.0798199741556653));
#2248=CARTESIAN_POINT('',(-0.00473222272173751,-0.049836379483333,0.0786251515642187));
#2249=CARTESIAN_POINT('',(-0.00418928952435624,-0.0499406471199093,0.079819974155665));
#2250=CARTESIAN_POINT('',(-0.002864945718314,-0.0501905344875927,0.0798199741556653));
#2251=CARTESIAN_POINT('',(-0.00452413212837594,-0.0511985063113904,0.0789477989650497));
#2252=CARTESIAN_POINT('',(-0.00391986675881014,-0.0510163673687837,0.0798199741556661));
#2253=CARTESIAN_POINT('',(-0.00285292087001541,-0.0506915093979225,0.0798199741556653));
#2254=CARTESIAN_POINT('',(-0.00365151747643455,-0.0524490853531175,0.0789975849756131));
#2255=CARTESIAN_POINT('',(-0.00325157829034975,-0.051954371986949,0.0798199741556623));
#2256=CARTESIAN_POINT('',(-0.00257120501264518,-0.0511157542935124,0.0798199741556653));
#2257=CARTESIAN_POINT('',(-0.00280948886372772,-0.052906620929709,0.0788338965684833));
#2258=CARTESIAN_POINT('',(-0.00262512693654324,-0.052345889876397,0.0798199741556719));
#2259=CARTESIAN_POINT('',(-0.00226099336962137,-0.0512442481763098,0.0798199741556653));
#2260=CARTESIAN_POINT('',(-0.00238093315890713,-0.0530303421582399,0.0787267487328913));
#2261=CARTESIAN_POINT('',(-0.0022931295889648,-0.0524812233069896,0.0798199741556653));
#2262=CARTESIAN_POINT('',(-0.00209946829287745,-0.0512700758729048,0.0798199741556653));
#2263=CARTESIAN_POINT('',(-0.00209946829279831,-0.0512700758729181,0.0778199741556653));
#2264=CARTESIAN_POINT('',(-0.00209946829279742,-0.0512700758729125,0.0778199741556653));
#2265=CARTESIAN_POINT('',(-0.00209946829279742,-0.0512700758729125,0.0778199741556653));
#2266=CARTESIAN_POINT('',(-0.00238093315886174,-0.0530303421582565,0.0787267487328745));
#2267=CARTESIAN_POINT('',(-0.00230173692612761,-0.0530560158702541,0.0787014926072724));
#2268=CARTESIAN_POINT('',(-0.00222177664799954,-0.0530749434090716,0.0786729066519198));
#2269=CARTESIAN_POINT('',(-0.00244002020320614,-0.0531155750320367,0.078542950592381));
#2270=CARTESIAN_POINT('',(-0.00238442210043778,-0.05313316852045,0.0785236845932924));
#2271=CARTESIAN_POINT('',(-0.00232864189153151,-0.0531481112690946,0.0785027539047309));
#2272=CARTESIAN_POINT('',(-0.00250141460947717,-0.0532062134228682,0.0783577835682969));
#2273=CARTESIAN_POINT('',(-0.00247210589000178,-0.0532150835616106,0.0783464945407438));
#2274=CARTESIAN_POINT('',(-0.00244279717208391,-0.0532239537074974,0.0783352055146675));
#2275=CARTESIAN_POINT('',(-0.00256248919376158,-0.0533019387339665,0.0781694134706825));
#2276=CARTESIAN_POINT('',(-0.00256248919376151,-0.0533019387339665,0.0781694134706825));
#2277=CARTESIAN_POINT('',(-0.00256248919376145,-0.0533019387339666,0.0781694134706825));
#2278=CARTESIAN_POINT('',(-0.0430849267541065,-0.0241698458020807,0.0609998839428753));
#2279=CARTESIAN_POINT('',(-0.0430849267541065,-0.0241698458020807,0.06));
#2280=CARTESIAN_POINT('',(-0.0530696918999836,-0.0241698458020807,0.06));
#2281=CARTESIAN_POINT('',(-0.0430849267541065,-0.0241698458020807,0.0621056420490352));
#2282=CARTESIAN_POINT('',(-0.0670849267194027,-0.000712307125488945,0.066));
#2283=CARTESIAN_POINT('',(-0.0670849267194027,-0.000712307125488945,0.06));
#2284=CARTESIAN_POINT('',(-0.0620849267194027,-0.000712307125488945,0.06));
#2285=CARTESIAN_POINT('',(-0.0196273881469223,-0.0441698458367846,0.0628));
#2286=CARTESIAN_POINT('',(-0.0196273881469223,-0.0441698458367846,0.06));
#2287=CARTESIAN_POINT('',(-0.0146273881469223,-0.0441698458367846,0.06));
#2288=CARTESIAN_POINT('',(-0.013132285693193,0.,0.06));
#2289=CARTESIAN_POINT('',(-0.0196273881469223,-0.0441698458367846,0.06));
#2290=CARTESIAN_POINT('',(-0.0176273881469223,-0.0441698458367846,0.06));
#2291=CARTESIAN_POINT('',(-0.013132285693193,0.,0.06));
#2292=CARTESIAN_POINT('',(-0.0670849267194027,-0.000712307125488945,0.06));
#2293=CARTESIAN_POINT('',(-0.0650849267194027,-0.000712307125488945,0.06));
#2294=CARTESIAN_POINT('',(-0.0430849267541065,-0.0241698458020807,0.126631226983321));
#2295=CARTESIAN_POINT('',(-0.0664866012006361,-0.00286138552304191,0.0639531466586181));
#2296=CARTESIAN_POINT('',(-0.0681560223058106,-0.00263282236879053,0.0644760888212957));
#2297=CARTESIAN_POINT('',(-0.0691781761475813,-0.00139781052273129,0.0651118333149612));
#2298=CARTESIAN_POINT('',(-0.069073988666689,0.000305642017500481,0.0655688067737221));
#2299=CARTESIAN_POINT('',(-0.067683573343587,0.00143466570917565,0.0654840922771077));
#2300=CARTESIAN_POINT('',(-0.0660241883298285,0.00121260556731122,0.0649379613791892));
#2301=CARTESIAN_POINT('',(-0.0649924075074702,-1.90623370118294E-5,0.0643061122233862));
#2302=CARTESIAN_POINT('',(-0.0650942839947531,-0.00172912602761765,0.0638756644249038));
#2303=CARTESIAN_POINT('',(-0.0664866012006361,-0.00286138552304191,0.0639531466586181));
#2304=CARTESIAN_POINT('',(-0.0681560223058106,-0.00263282236879053,0.0644760888212957));
#2305=CARTESIAN_POINT('',(-0.0691781761475813,-0.00139781052273129,0.0651118333149612));
#2306=CARTESIAN_POINT('',(-0.0680481443599446,-0.00246507972253307,0.0644948883331598));
#2307=CARTESIAN_POINT('',(-0.0670849267194027,-0.000712307125488945,0.066));
#2308=CARTESIAN_POINT('',(-0.013132285693193,0.,0.06));
#2309=CARTESIAN_POINT('',(-0.0188351267877499,-0.0460100648192939,0.0643244500388907));
#2310=CARTESIAN_POINT('',(-0.0188406911457444,-0.0460940065750244,0.0643441910699416));
#2311=CARTESIAN_POINT('',(-0.018845465275902,-0.0461786069171838,0.0643611285588264));
#2312=CARTESIAN_POINT('',(-0.0193493710140371,-0.0460150397171471,0.0641807641551939));
#2313=CARTESIAN_POINT('',(-0.019354761226532,-0.046098967944147,0.0642004561781785));
#2314=CARTESIAN_POINT('',(-0.0193593822556066,-0.046183551255193,0.0642173405199227));
#2315=CARTESIAN_POINT('',(-0.0198654034257145,-0.0460201349157565,0.0640426655650514));
#2316=CARTESIAN_POINT('',(-0.0198706258612951,-0.0461040491430761,0.0640623027151566));
#2317=CARTESIAN_POINT('',(-0.019875099918709,-0.0461886148734188,0.0640791284051058));
#2318=CARTESIAN_POINT('',(-0.0203832324480404,-0.046025346160274,0.0639100658582926));
#2319=CARTESIAN_POINT('',(-0.0203882944734571,-0.046109245915047,0.0639296425795709));
#2320=CARTESIAN_POINT('',(-0.0203926286423184,-0.0461937935167992,0.0639464044108114));
#2321=CARTESIAN_POINT('',(-0.0188442736127815,-0.0460101533182716,0.0643218949502816));
#2322=CARTESIAN_POINT('',(-0.0193526930508094,-0.0460150730696513,0.0641799079330679));
#2323=CARTESIAN_POINT('',(-0.0198626177915335,-0.0460201080359872,0.0640434492933673));
#2324=CARTESIAN_POINT('',(-0.0203740222398889,-0.0460252534823577,0.0639124249309758));
#2325=CARTESIAN_POINT('',(-0.0188442736127814,-0.0460101533182716,0.0643218949502815));
#2326=CARTESIAN_POINT('',(-0.0203740222398889,-0.0460252534823577,0.0639124249309757));
#2327=CARTESIAN_POINT('',(-0.0188442736127814,-0.0460101533182716,0.0643218949502815));
#2328=CARTESIAN_POINT('',(-0.019340509960513,-0.0462213190610547,0.064235691776416));
#2329=CARTESIAN_POINT('',(-0.0198938890960249,-0.0462184637319812,0.0640847426365462));
#2330=CARTESIAN_POINT('',(-0.0203740222398823,-0.0460252534823519,0.0639124249309759));
#2331=CARTESIAN_POINT('',(-0.0430849267541065,-0.0241698458020807,0.126631226983321));
#2332=CARTESIAN_POINT('',(-0.0203740222398852,-0.0460252534823508,0.0639124249309749));
#2333=CARTESIAN_POINT('',(-0.0207881609545187,-0.0458586000332825,0.0637637923401896));
#2334=CARTESIAN_POINT('',(-0.0214965459451039,-0.0452432451787133,0.0634382070297748));
#2335=CARTESIAN_POINT('',(-0.0217687684330195,-0.0438235434530945,0.063057978348382));
#2336=CARTESIAN_POINT('',(-0.0210288551340188,-0.0425053844056653,0.0629613016928222));
#2337=CARTESIAN_POINT('',(-0.0196239609588877,-0.0420070295836934,0.0632095285065651));
#2338=CARTESIAN_POINT('',(-0.0182888993585908,-0.0424856734256267,0.0636625609356316));
#2339=CARTESIAN_POINT('',(-0.0175273144065396,-0.0436679503076522,0.064135964600602));
#2340=CARTESIAN_POINT('',(-0.017680052628504,-0.0451349510567099,0.0644361305407175));
#2341=CARTESIAN_POINT('',(-0.0184142696259332,-0.0458271717376244,0.0643965926394181));
#2342=CARTESIAN_POINT('',(-0.0188442736127814,-0.0460101533182716,0.0643218949502816));
#2343=CARTESIAN_POINT('',(-0.0196273881469223,-0.0441698458367846,0.0628));
#2344=CARTESIAN_POINT('',(0.022648522761984,-0.0721698458020808,0.126047846522205));
#2345=CARTESIAN_POINT('',(0.022648522761984,-0.0721698458020808,0.0794614290060265));
#2346=CARTESIAN_POINT('',(0.022648522761984,-0.0691698458020807,0.0794614290060265));
#2347=CARTESIAN_POINT('',(0.022648522761984,-0.0709219843587056,0.077026267722171));
#2348=CARTESIAN_POINT('',(0.022648522761984,-0.0331698458020776,0.129495032734077));
#2349=CARTESIAN_POINT('',(0.022648522761984,-0.0583662538707811,0.0699691031914917));
#2350=CARTESIAN_POINT('',(0.022648522761984,-0.0571968473218141,0.0727317990349087));
#2351=CARTESIAN_POINT('',(0.022648522761984,-0.0541968473218141,0.0727317990349087));
#2352=CARTESIAN_POINT('',(0.022648522761984,-0.0541968473218141,0.067419713599783));
#2353=MECHANICAL_DESIGN_GEOMETRIC_PRESENTATION_REPRESENTATION('',(#1093),
#2354);
#2354=(
GEOMETRIC_REPRESENTATION_CONTEXT(3)
GLOBAL_UNCERTAINTY_ASSIGNED_CONTEXT((#2355))
GLOBAL_UNIT_ASSIGNED_CONTEXT((#2358,#2357,#2356))
REPRESENTATION_CONTEXT('Part 2','TOP_LEVEL_ASSEMBLY_PART')
);
#2355=UNCERTAINTY_MEASURE_WITH_UNIT(LENGTH_MEASURE(2.E-5),#2358,
'DISTANCE_ACCURACY_VALUE','Maximum Tolerance applied to model');
#2356=(
NAMED_UNIT(*)
SI_UNIT($,.STERADIAN.)
SOLID_ANGLE_UNIT()
);
#2357=(
NAMED_UNIT(*)
PLANE_ANGLE_UNIT()
SI_UNIT($,.RADIAN.)
);
#2358=(
LENGTH_UNIT()
NAMED_UNIT(*)
SI_UNIT($,.METRE.)
);
#2359=PRODUCT_DEFINITION_SHAPE('','',#2360);
#2360=PRODUCT_DEFINITION('','',#2362,#2361);
#2361=PRODUCT_DEFINITION_CONTEXT('',#2368,'design');
#2362=PRODUCT_DEFINITION_FORMATION_WITH_SPECIFIED_SOURCE('','',#2364,
 .NOT_KNOWN.);
#2363=PRODUCT_RELATED_PRODUCT_CATEGORY('','',(#2364));
#2364=PRODUCT('Part 2','Part 2','Part 2',(#2366));
#2365=PRODUCT_CATEGORY('','');
#2366=PRODUCT_CONTEXT('',#2368,'mechanical');
#2367=APPLICATION_PROTOCOL_DEFINITION('international standard',
'ap242_managed_model_based_3d_engineering',2020,#2368);
#2368=APPLICATION_CONTEXT('managed model based 3d engineering');
ENDSEC;
END-ISO-10303-21;
