ISO-10303-21;
HEADER;
/* Generated by software containing ST-Developer
 * from STEP Tools, Inc. (www.steptools.com) 
 */
/* OPTION: using custom renumber hook */

FILE_DESCRIPTION(
/* description */ ('STEP AP242 Edition 2',
'CAx-IF Rec.Pracs.---Representation and Presentation of Product Manufa
cturing Information (PMI)---4.0---2014-10-13',
'CAx-IF Rec.Pracs.---3D Tessellated Geometry---0.4---2014-09-14','2;1',
'CAx-IF Rec.Pracs.---User Defined Attributes---1.5---2016-08-15'),
/* implementation_level */ '2;1');

FILE_NAME(
/* name */ 'Assembly 1 - Part 1',
/* time_stamp */ '2026-07-25T03:56:15Z',
/* author */ (''),
/* organization */ (''),
/* preprocessor_version */ 'ST-DEVELOPER v20',
/* originating_system */ 'ONSHAPE BY PTC INC, 1.218',
/* authorisation */ '  ');

FILE_SCHEMA (('AP242_MANAGED_MODEL_BASED_3D_ENGINEERING_MIM_LF { 1 0 10303 442 3 1 4 }'));
ENDSEC;

DATA;
#10=SHAPE_REPRESENTATION_RELATIONSHIP('','',#2571,#11);
#11=ADVANCED_BREP_SHAPE_REPRESENTATION('',(#2569),#4557);
#12=(
BOUNDED_SURFACE()
B_SPLINE_SURFACE(3,2,((#4376,#4377,#4378),(#4379,#4380,#4381),(#4382,#4383,
#4384),(#4385,#4386,#4387)),.UNSPECIFIED.,.F.,.F.,.F.)
B_SPLINE_SURFACE_WITH_KNOTS((4,4),(3,3),(0.0314999999604719,0.0364999999618285),
(0.,1.),.PIECEWISE_BEZIER_KNOTS.)
GEOMETRIC_REPRESENTATION_ITEM()
RATIONAL_B_SPLINE_SURFACE(((1.,0.80439966666212,1.),(1.,0.80439966666212,
1.),(1.,0.804399666642276,1.),(1.,0.804399666642276,1.)))
REPRESENTATION_ITEM('')
SURFACE()
);
#13=(
BOUNDED_SURFACE()
B_SPLINE_SURFACE(3,2,((#4388,#4389,#4390),(#4391,#4392,#4393),(#4394,#4395,
#4396),(#4397,#4398,#4399)),.UNSPECIFIED.,.F.,.F.,.F.)
B_SPLINE_SURFACE_WITH_KNOTS((4,4),(3,3),(0.0314999999604719,0.0364999999618286),
(0.,1.),.PIECEWISE_BEZIER_KNOTS.)
GEOMETRIC_REPRESENTATION_ITEM()
RATIONAL_B_SPLINE_SURFACE(((1.,0.804399666642277,1.),(1.,0.804399666642277,
1.),(1.,0.804399666622433,1.),(1.,0.804399666622433,1.)))
REPRESENTATION_ITEM('')
SURFACE()
);
#14=(
BOUNDED_SURFACE()
B_SPLINE_SURFACE(3,2,((#4400,#4401,#4402),(#4403,#4404,#4405),(#4406,#4407,
#4408),(#4409,#4410,#4411)),.UNSPECIFIED.,.F.,.F.,.F.)
B_SPLINE_SURFACE_WITH_KNOTS((4,4),(3,3),(0.0413301540774945,0.0463301540787989),
(0.,1.),.PIECEWISE_BEZIER_KNOTS.)
GEOMETRIC_REPRESENTATION_ITEM()
RATIONAL_B_SPLINE_SURFACE(((1.,0.621227240963974,1.),(1.,0.621227240963974,
1.),(1.,0.621227240944042,1.),(1.,0.621227240944042,1.)))
REPRESENTATION_ITEM('')
SURFACE()
);
#15=(
BOUNDED_SURFACE()
B_SPLINE_SURFACE(3,2,((#4412,#4413,#4414),(#4415,#4416,#4417),(#4418,#4419,
#4420),(#4421,#4422,#4423)),.UNSPECIFIED.,.F.,.F.,.F.)
B_SPLINE_SURFACE_WITH_KNOTS((4,4),(3,3),(0.0413301540774944,0.0463301540787988),
(0.,1.),.PIECEWISE_BEZIER_KNOTS.)
GEOMETRIC_REPRESENTATION_ITEM()
RATIONAL_B_SPLINE_SURFACE(((1.,0.621227240944043,1.),(1.,0.621227240944043,
1.),(1.,0.621227240924112,1.),(1.,0.621227240924112,1.)))
REPRESENTATION_ITEM('')
SURFACE()
);
#16=(
BOUNDED_SURFACE()
B_SPLINE_SURFACE(3,2,((#4443,#4444,#4445),(#4446,#4447,#4448),(#4449,#4450,
#4451),(#4452,#4453,#4454)),.UNSPECIFIED.,.F.,.F.,.F.)
B_SPLINE_SURFACE_WITH_KNOTS((4,4),(3,3),(0.0164150770570806,0.0214150770633409),
(0.,1.),.PIECEWISE_BEZIER_KNOTS.)
GEOMETRIC_REPRESENTATION_ITEM()
RATIONAL_B_SPLINE_SURFACE(((1.,0.45986032105286,1.),(1.,0.45986032105286,
1.),(1.,0.4598603201532,1.),(1.,0.4598603201532,1.)))
REPRESENTATION_ITEM('')
SURFACE()
);
#17=(
BOUNDED_SURFACE()
B_SPLINE_SURFACE(3,2,((#4455,#4456,#4457),(#4458,#4459,#4460),(#4461,#4462,
#4463),(#4464,#4465,#4466)),.UNSPECIFIED.,.F.,.F.,.F.)
B_SPLINE_SURFACE_WITH_KNOTS((4,4),(3,3),(0.0164150770735677,0.0214150770764733),
(0.,1.),.PIECEWISE_BEZIER_KNOTS.)
GEOMETRIC_REPRESENTATION_ITEM()
RATIONAL_B_SPLINE_SURFACE(((1.,0.459860319379259,1.),(1.,0.459860319379259,
1.),(1.,0.459860319796797,1.),(1.,0.459860319796797,1.)))
REPRESENTATION_ITEM('')
SURFACE()
);
#18=(
BOUNDED_SURFACE()
B_SPLINE_SURFACE(3,2,((#4493,#4494,#4495),(#4496,#4497,#4498),(#4499,#4500,
#4501),(#4502,#4503,#4504)),.UNSPECIFIED.,.F.,.F.,.F.)
B_SPLINE_SURFACE_WITH_KNOTS((4,4),(3,3),(4.71238898038469,4.75686882627108),
(0.571496889246262,1.),.PIECEWISE_BEZIER_KNOTS.)
GEOMETRIC_REPRESENTATION_ITEM()
RATIONAL_B_SPLINE_SURFACE(((0.856547816734759,0.87449434461976,1.),(0.857831520680988,
0.875617451298365,1.),(0.859108083686477,0.876734310400759,1.),(0.86037649543718,
0.87784403800783,1.)))
REPRESENTATION_ITEM('')
SURFACE()
);
#19=DEGENERATE_TOROIDAL_SURFACE('',#2755,0.00199999996963536,0.002,.T.);
#20=TOROIDAL_SURFACE('',#2728,0.028915077039255,0.002);
#21=TOROIDAL_SURFACE('',#2732,0.0127511594086998,0.002);
#22=TOROIDAL_SURFACE('',#2736,0.01375116,0.002);
#23=TOROIDAL_SURFACE('',#2740,0.0209150770279403,0.002);
#24=TOROIDAL_SURFACE('',#2743,0.00999999998095003,0.002);
#25=TOROIDAL_SURFACE('',#2747,0.012751159461209,0.002);
#26=TOROIDAL_SURFACE('',#2751,0.01375116,0.002);
#27=TOROIDAL_SURFACE('',#2827,0.0132511594132827,0.0015);
#28=TOROIDAL_SURFACE('',#2831,0.0234150770279403,0.0015);
#29=TOROIDAL_SURFACE('',#2835,0.00895753853857342,0.0015);
#30=TOROIDAL_SURFACE('',#2839,0.00549999996963534,0.0015);
#31=TOROIDAL_SURFACE('',#2843,0.0132511594041168,0.0015);
#32=B_SPLINE_CURVE_WITH_KNOTS('',3,(#3696,#3697,#3698,#3699),
 .UNSPECIFIED.,.F.,.F.,(4,4),(0.,0.00500000000000012),.UNSPECIFIED.);
#33=B_SPLINE_CURVE_WITH_KNOTS('',3,(#3703,#3704,#3705,#3706),
 .UNSPECIFIED.,.F.,.F.,(4,4),(0.,0.005),.UNSPECIFIED.);
#34=B_SPLINE_CURVE_WITH_KNOTS('',3,(#4025,#4026,#4027,#4028,#4029),
 .UNSPECIFIED.,.F.,.F.,(4,1,4),(8.67361737988404E-18,0.00383449224833609,
0.00766898449667217),.UNSPECIFIED.);
#35=B_SPLINE_CURVE_WITH_KNOTS('',3,(#4037,#4038,#4039,#4040,#4041),
 .UNSPECIFIED.,.F.,.F.,(4,1,4),(0.,0.0030546569608613,0.00610931392172259),
 .UNSPECIFIED.);
#36=B_SPLINE_CURVE_WITH_KNOTS('',3,(#4043,#4044,#4045,#4046,#4047),
 .UNSPECIFIED.,.F.,.F.,(4,1,4),(0.,0.00305465696086129,0.00610931392172258),
 .UNSPECIFIED.);
#37=B_SPLINE_CURVE_WITH_KNOTS('',3,(#4087,#4088,#4089,#4090),
 .UNSPECIFIED.,.F.,.F.,(4,4),(0.,0.005),.UNSPECIFIED.);
#38=B_SPLINE_CURVE_WITH_KNOTS('',3,(#4094,#4095,#4096,#4097),
 .UNSPECIFIED.,.F.,.F.,(4,4),(0.,0.005),.UNSPECIFIED.);
#39=B_SPLINE_CURVE_WITH_KNOTS('',3,(#4119,#4120,#4121,#4122),
 .UNSPECIFIED.,.F.,.F.,(4,4),(0.00212081027659647,0.00244758671910025),
 .UNSPECIFIED.);
#40=B_SPLINE_CURVE_WITH_KNOTS('',3,(#4137,#4138,#4139,#4140),
 .UNSPECIFIED.,.F.,.F.,(4,4),(0.,0.000518018775357148),.UNSPECIFIED.);
#41=B_SPLINE_CURVE_WITH_KNOTS('',3,(#4150,#4151,#4152,#4153),
 .UNSPECIFIED.,.F.,.F.,(4,4),(0.0030579427647449,0.00356761616757165),
 .UNSPECIFIED.);
#42=B_SPLINE_CURVE_WITH_KNOTS('',3,(#4183,#4184,#4185,#4186),
 .UNSPECIFIED.,.F.,.F.,(4,4),(0.,0.0050000000000002),.UNSPECIFIED.);
#43=B_SPLINE_CURVE_WITH_KNOTS('',3,(#4200,#4201,#4202,#4203),
 .UNSPECIFIED.,.F.,.F.,(4,4),(0.,0.00499999999999999),.UNSPECIFIED.);
#44=B_SPLINE_CURVE_WITH_KNOTS('',3,(#4215,#4216,#4217,#4218,#4219,#4220,
#4221,#4222,#4223,#4224),.UNSPECIFIED.,.F.,.F.,(4,1,1,1,1,1,1,4),(4.81119155430366E-12,
0.00291386111978751,0.00582772223476383,0.00874158334974015,0.0116554444647165,
0.0145693055796928,0.0174831666946691,0.0233108889246217),.UNSPECIFIED.);
#45=B_SPLINE_CURVE_WITH_KNOTS('',3,(#4228,#4229,#4230,#4231,#4232,#4233,
#4234,#4235,#4236,#4237),.UNSPECIFIED.,.F.,.F.,(4,1,1,1,1,1,1,4),(1.24562326224544E-16,
0.000654412846520685,0.00130882569304124,0.00163603211630152,0.0019632385395618,
0.00229044496282209,0.00245404817445223,0.00261765138608237),
 .UNSPECIFIED.);
#46=B_SPLINE_CURVE_WITH_KNOTS('',3,(#4251,#4252,#4253,#4254,#4255),
 .UNSPECIFIED.,.F.,.F.,(4,1,4),(0.,0.00165797368809664,0.00331594737619328),
 .UNSPECIFIED.);
#47=B_SPLINE_CURVE_WITH_KNOTS('',3,(#4258,#4259,#4260,#4261),
 .UNSPECIFIED.,.F.,.F.,(4,4),(0.,0.00111748034171523),.UNSPECIFIED.);
#48=B_SPLINE_CURVE_WITH_KNOTS('',3,(#4263,#4264,#4265,#4266),
 .UNSPECIFIED.,.F.,.F.,(4,4),(1.2631333451178E-14,0.00154131618101019),
 .UNSPECIFIED.);
#49=B_SPLINE_CURVE_WITH_KNOTS('',3,(#4280,#4281,#4282,#4283,#4284),
 .UNSPECIFIED.,.F.,.F.,(4,1,4),(0.,0.00165713568990201,0.00331427137980402),
 .UNSPECIFIED.);
#50=B_SPLINE_CURVE_WITH_KNOTS('',3,(#4336,#4337,#4338,#4339),
 .UNSPECIFIED.,.F.,.F.,(4,4),(0.,0.005),.UNSPECIFIED.);
#51=B_SPLINE_CURVE_WITH_KNOTS('',3,(#4343,#4344,#4345,#4346),
 .UNSPECIFIED.,.F.,.F.,(4,4),(0.,0.005),.UNSPECIFIED.);
#52=B_SPLINE_CURVE_WITH_KNOTS('',3,(#4351,#4352,#4353,#4354),
 .UNSPECIFIED.,.F.,.F.,(4,4),(0.,0.005),.UNSPECIFIED.);
#53=B_SPLINE_CURVE_WITH_KNOTS('',3,(#4355,#4356,#4357,#4358),
 .UNSPECIFIED.,.F.,.F.,(4,4),(0.,0.005),.UNSPECIFIED.);
#54=B_SPLINE_CURVE_WITH_KNOTS('',3,(#4427,#4428,#4429,#4430),
 .UNSPECIFIED.,.F.,.F.,(4,4),(0.,0.00499999999999988),.UNSPECIFIED.);
#55=B_SPLINE_CURVE_WITH_KNOTS('',3,(#4434,#4435,#4436,#4437),
 .UNSPECIFIED.,.F.,.F.,(4,4),(0.,0.00499999999999999),.UNSPECIFIED.);
#56=ELLIPSE('',#2590,0.013444329637786,0.01199999998095);
#57=ELLIPSE('',#2606,0.00346410161513775,0.003);
#58=ELLIPSE('',#2647,0.00200000000000081,0.00200000000000069);
#59=ELLIPSE('',#2849,0.00200000000000081,0.00200000000000069);
#60=ELLIPSE('',#2856,0.00424264068711928,0.003);
#61=ELLIPSE('',#2857,0.00424264068711928,0.003);
#62=CYLINDRICAL_SURFACE('',#2580,0.00225);
#63=CYLINDRICAL_SURFACE('',#2583,0.00225);
#64=CYLINDRICAL_SURFACE('',#2586,0.00225);
#65=CYLINDRICAL_SURFACE('',#2589,0.01199999998095);
#66=CYLINDRICAL_SURFACE('',#2595,0.00225);
#67=CYLINDRICAL_SURFACE('',#2598,0.00399999996963536);
#68=CYLINDRICAL_SURFACE('',#2601,0.0189150770279403);
#69=CYLINDRICAL_SURFACE('',#2607,0.0147511593778622);
#70=CYLINDRICAL_SURFACE('',#2611,0.0147511594132827);
#71=CYLINDRICAL_SURFACE('',#2627,0.0147511593778622);
#72=CYLINDRICAL_SURFACE('',#2631,0.0147511594132827);
#73=CYLINDRICAL_SURFACE('',#2672,0.0229150770189169);
#74=CYLINDRICAL_SURFACE('',#2675,0.014751159461209);
#75=CYLINDRICAL_SURFACE('',#2676,0.0147511594086998);
#76=CYLINDRICAL_SURFACE('',#2678,0.01175116);
#77=CYLINDRICAL_SURFACE('',#2679,0.01175116);
#78=CYLINDRICAL_SURFACE('',#2695,0.00799999998997342);
#79=CYLINDRICAL_SURFACE('',#2696,0.026915077039255);
#80=CYLINDRICAL_SURFACE('',#2699,0.030915077022354);
#81=CYLINDRICAL_SURFACE('',#2710,0.0147511594132827);
#82=CYLINDRICAL_SURFACE('',#2712,0.0147511594041168);
#83=CYLINDRICAL_SURFACE('',#2714,0.0259150770189169);
#84=CYLINDRICAL_SURFACE('',#2715,0.0219150770279403);
#85=CYLINDRICAL_SURFACE('',#2717,0.00699999996963534);
#86=CYLINDRICAL_SURFACE('',#2719,0.00299999998653627);
#87=CYLINDRICAL_SURFACE('',#2724,0.0114575385261841);
#88=CYLINDRICAL_SURFACE('',#2726,0.00745753853857342);
#89=CYLINDRICAL_SURFACE('',#2730,0.002);
#90=CYLINDRICAL_SURFACE('',#2734,0.002);
#91=CYLINDRICAL_SURFACE('',#2738,0.002);
#92=CYLINDRICAL_SURFACE('',#2742,0.002);
#93=CYLINDRICAL_SURFACE('',#2745,0.002);
#94=CYLINDRICAL_SURFACE('',#2749,0.002);
#95=CYLINDRICAL_SURFACE('',#2753,0.002);
#96=CYLINDRICAL_SURFACE('',#2757,0.002);
#97=CYLINDRICAL_SURFACE('',#2758,0.00745753853466732);
#98=CYLINDRICAL_SURFACE('',#2767,0.00375);
#99=CYLINDRICAL_SURFACE('',#2771,0.005);
#100=CYLINDRICAL_SURFACE('',#2772,0.005);
#101=CYLINDRICAL_SURFACE('',#2781,0.00375);
#102=CYLINDRICAL_SURFACE('',#2784,0.005);
#103=CYLINDRICAL_SURFACE('',#2785,0.005);
#104=CYLINDRICAL_SURFACE('',#2786,0.005);
#105=CYLINDRICAL_SURFACE('',#2787,0.005);
#106=CYLINDRICAL_SURFACE('',#2797,0.00375);
#107=CYLINDRICAL_SURFACE('',#2800,0.00375);
#108=CYLINDRICAL_SURFACE('',#2803,0.005);
#109=CYLINDRICAL_SURFACE('',#2804,0.005);
#110=CYLINDRICAL_SURFACE('',#2805,0.00745753853466732);
#111=CYLINDRICAL_SURFACE('',#2811,0.00375);
#112=CYLINDRICAL_SURFACE('',#2814,0.00225);
#113=CYLINDRICAL_SURFACE('',#2816,0.009);
#114=CYLINDRICAL_SURFACE('',#2820,0.0114575385244327);
#115=CYLINDRICAL_SURFACE('',#2825,0.0015);
#116=CYLINDRICAL_SURFACE('',#2829,0.0015);
#117=CYLINDRICAL_SURFACE('',#2833,0.0015);
#118=CYLINDRICAL_SURFACE('',#2837,0.0015);
#119=CYLINDRICAL_SURFACE('',#2841,0.0015);
#120=CYLINDRICAL_SURFACE('',#2845,0.0015);
#121=CYLINDRICAL_SURFACE('',#2846,0.005);
#122=CYLINDRICAL_SURFACE('',#2848,0.002);
#123=CYLINDRICAL_SURFACE('',#2850,0.002);
#124=CYLINDRICAL_SURFACE('',#2855,0.003);
#125=CYLINDRICAL_SURFACE('',#2858,0.003);
#126=CYLINDRICAL_SURFACE('',#2859,0.003);
#127=LINE('',#3636,#322);
#128=LINE('',#3638,#323);
#129=LINE('',#3640,#324);
#130=LINE('',#3644,#325);
#131=LINE('',#3646,#326);
#132=LINE('',#3650,#327);
#133=LINE('',#3652,#328);
#134=LINE('',#3656,#329);
#135=LINE('',#3658,#330);
#136=LINE('',#3660,#331);
#137=LINE('',#3664,#332);
#138=LINE('',#3668,#333);
#139=LINE('',#3685,#334);
#140=LINE('',#3692,#335);
#141=LINE('',#3718,#336);
#142=LINE('',#3720,#337);
#143=LINE('',#3724,#338);
#144=LINE('',#3726,#339);
#145=LINE('',#3731,#340);
#146=LINE('',#3735,#341);
#147=LINE('',#3737,#342);
#148=LINE('',#3739,#343);
#149=LINE('',#3741,#344);
#150=LINE('',#3743,#345);
#151=LINE('',#3745,#346);
#152=LINE('',#3747,#347);
#153=LINE('',#3749,#348);
#154=LINE('',#3751,#349);
#155=LINE('',#3754,#350);
#156=LINE('',#3756,#351);
#157=LINE('',#3758,#352);
#158=LINE('',#3765,#353);
#159=LINE('',#3769,#354);
#160=LINE('',#3774,#355);
#161=LINE('',#3778,#356);
#162=LINE('',#3781,#357);
#163=LINE('',#3782,#358);
#164=LINE('',#3786,#359);
#165=LINE('',#3792,#360);
#166=LINE('',#3796,#361);
#167=LINE('',#3799,#362);
#168=LINE('',#3804,#363);
#169=LINE('',#3806,#364);
#170=LINE('',#3807,#365);
#171=LINE('',#3811,#366);
#172=LINE('',#3815,#367);
#173=LINE('',#3817,#368);
#174=LINE('',#3819,#369);
#175=LINE('',#3823,#370);
#176=LINE('',#3827,#371);
#177=LINE('',#3830,#372);
#178=LINE('',#3832,#373);
#179=LINE('',#3834,#374);
#180=LINE('',#3841,#375);
#181=LINE('',#3846,#376);
#182=LINE('',#3850,#377);
#183=LINE('',#3852,#378);
#184=LINE('',#3854,#379);
#185=LINE('',#3856,#380);
#186=LINE('',#3860,#381);
#187=LINE('',#3868,#382);
#188=LINE('',#3872,#383);
#189=LINE('',#3875,#384);
#190=LINE('',#3879,#385);
#191=LINE('',#3883,#386);
#192=LINE('',#3887,#387);
#193=LINE('',#3891,#388);
#194=LINE('',#3895,#389);
#195=LINE('',#3901,#390);
#196=LINE('',#3904,#391);
#197=LINE('',#3905,#392);
#198=LINE('',#3907,#393);
#199=LINE('',#3909,#394);
#200=LINE('',#3911,#395);
#201=LINE('',#3915,#396);
#202=LINE('',#3919,#397);
#203=LINE('',#3921,#398);
#204=LINE('',#3923,#399);
#205=LINE('',#3925,#400);
#206=LINE('',#3928,#401);
#207=LINE('',#3930,#402);
#208=LINE('',#3931,#403);
#209=LINE('',#3933,#404);
#210=LINE('',#3934,#405);
#211=LINE('',#3936,#406);
#212=LINE('',#3942,#407);
#213=LINE('',#3944,#408);
#214=LINE('',#3946,#409);
#215=LINE('',#3950,#410);
#216=LINE('',#3953,#411);
#217=LINE('',#3954,#412);
#218=LINE('',#3958,#413);
#219=LINE('',#3962,#414);
#220=LINE('',#3964,#415);
#221=LINE('',#3966,#416);
#222=LINE('',#3968,#417);
#223=LINE('',#3970,#418);
#224=LINE('',#3972,#419);
#225=LINE('',#3976,#420);
#226=LINE('',#3979,#421);
#227=LINE('',#3981,#422);
#228=LINE('',#3983,#423);
#229=LINE('',#3984,#424);
#230=LINE('',#3988,#425);
#231=LINE('',#3992,#426);
#232=LINE('',#3994,#427);
#233=LINE('',#3996,#428);
#234=LINE('',#3998,#429);
#235=LINE('',#4000,#430);
#236=LINE('',#4001,#431);
#237=LINE('',#4002,#432);
#238=LINE('',#4006,#433);
#239=LINE('',#4010,#434);
#240=LINE('',#4013,#435);
#241=LINE('',#4015,#436);
#242=LINE('',#4017,#437);
#243=LINE('',#4019,#438);
#244=LINE('',#4021,#439);
#245=LINE('',#4023,#440);
#246=LINE('',#4031,#441);
#247=LINE('',#4033,#442);
#248=LINE('',#4049,#443);
#249=LINE('',#4053,#444);
#250=LINE('',#4060,#445);
#251=LINE('',#4063,#446);
#252=LINE('',#4068,#447);
#253=LINE('',#4078,#448);
#254=LINE('',#4082,#449);
#255=LINE('',#4093,#450);
#256=LINE('',#4099,#451);
#257=LINE('',#4101,#452);
#258=LINE('',#4104,#453);
#259=LINE('',#4105,#454);
#260=LINE('',#4108,#455);
#261=LINE('',#4109,#456);
#262=LINE('',#4114,#457);
#263=LINE('',#4115,#458);
#264=LINE('',#4117,#459);
#265=LINE('',#4124,#460);
#266=LINE('',#4128,#461);
#267=LINE('',#4130,#462);
#268=LINE('',#4132,#463);
#269=LINE('',#4135,#464);
#270=LINE('',#4142,#465);
#271=LINE('',#4144,#466);
#272=LINE('',#4146,#467);
#273=LINE('',#4148,#468);
#274=LINE('',#4159,#469);
#275=LINE('',#4161,#470);
#276=LINE('',#4167,#471);
#277=LINE('',#4169,#472);
#278=LINE('',#4171,#473);
#279=LINE('',#4173,#474);
#280=LINE('',#4175,#475);
#281=LINE('',#4177,#476);
#282=LINE('',#4179,#477);
#283=LINE('',#4182,#478);
#284=LINE('',#4188,#479);
#285=LINE('',#4190,#480);
#286=LINE('',#4192,#481);
#287=LINE('',#4194,#482);
#288=LINE('',#4196,#483);
#289=LINE('',#4198,#484);
#290=LINE('',#4205,#485);
#291=LINE('',#4207,#486);
#292=LINE('',#4209,#487);
#293=LINE('',#4211,#488);
#294=LINE('',#4288,#489);
#295=LINE('',#4291,#490);
#296=LINE('',#4292,#491);
#297=LINE('',#4309,#492);
#298=LINE('',#4311,#493);
#299=LINE('',#4313,#494);
#300=LINE('',#4315,#495);
#301=LINE('',#4318,#496);
#302=LINE('',#4319,#497);
#303=LINE('',#4341,#498);
#304=LINE('',#4348,#499);
#305=LINE('',#4473,#500);
#306=LINE('',#4475,#501);
#307=LINE('',#4477,#502);
#308=LINE('',#4479,#503);
#309=LINE('',#4483,#504);
#310=LINE('',#4485,#505);
#311=LINE('',#4487,#506);
#312=LINE('',#4491,#507);
#313=LINE('',#4528,#508);
#314=LINE('',#4532,#509);
#315=LINE('',#4537,#510);
#316=LINE('',#4538,#511);
#317=LINE('',#4542,#512);
#318=LINE('',#4544,#513);
#319=LINE('',#4546,#514);
#320=LINE('',#4548,#515);
#321=LINE('',#4550,#516);
#322=VECTOR('',#2866,1.);
#323=VECTOR('',#2867,1.);
#324=VECTOR('',#2868,1.);
#325=VECTOR('',#2871,1.);
#326=VECTOR('',#2872,1.);
#327=VECTOR('',#2875,1.);
#328=VECTOR('',#2876,1.);
#329=VECTOR('',#2879,1.);
#330=VECTOR('',#2880,1.);
#331=VECTOR('',#2881,1.);
#332=VECTOR('',#2884,1.);
#333=VECTOR('',#2887,1.);
#334=VECTOR('',#2908,1.);
#335=VECTOR('',#2913,1.);
#336=VECTOR('',#2930,1.);
#337=VECTOR('',#2931,1.);
#338=VECTOR('',#2934,1.);
#339=VECTOR('',#2937,1.);
#340=VECTOR('',#2940,1.);
#341=VECTOR('',#2943,1.);
#342=VECTOR('',#2946,1.);
#343=VECTOR('',#2947,1.);
#344=VECTOR('',#2948,1.);
#345=VECTOR('',#2949,1.);
#346=VECTOR('',#2950,1.);
#347=VECTOR('',#2951,1.);
#348=VECTOR('',#2952,1.);
#349=VECTOR('',#2955,1.);
#350=VECTOR('',#2956,1.);
#351=VECTOR('',#2957,1.);
#352=VECTOR('',#2958,1.);
#353=VECTOR('',#2965,1.);
#354=VECTOR('',#2968,1.);
#355=VECTOR('',#2975,1.);
#356=VECTOR('',#2980,1.);
#357=VECTOR('',#2981,1.);
#358=VECTOR('',#2982,1.);
#359=VECTOR('',#2987,1.);
#360=VECTOR('',#2992,1.);
#361=VECTOR('',#2995,1.);
#362=VECTOR('',#2998,1.);
#363=VECTOR('',#3001,1.);
#364=VECTOR('',#3002,1.);
#365=VECTOR('',#3003,1.);
#366=VECTOR('',#3006,1.);
#367=VECTOR('',#3009,1.);
#368=VECTOR('',#3010,1.);
#369=VECTOR('',#3011,1.);
#370=VECTOR('',#3014,1.);
#371=VECTOR('',#3019,1.);
#372=VECTOR('',#3020,1.);
#373=VECTOR('',#3021,1.);
#374=VECTOR('',#3022,1.);
#375=VECTOR('',#3033,1.);
#376=VECTOR('',#3036,1.);
#377=VECTOR('',#3041,1.);
#378=VECTOR('',#3042,1.);
#379=VECTOR('',#3043,1.);
#380=VECTOR('',#3046,1.);
#381=VECTOR('',#3049,1.);
#382=VECTOR('',#3056,1.);
#383=VECTOR('',#3059,1.);
#384=VECTOR('',#3062,1.);
#385=VECTOR('',#3065,1.);
#386=VECTOR('',#3068,1.);
#387=VECTOR('',#3071,1.);
#388=VECTOR('',#3074,1.);
#389=VECTOR('',#3077,1.);
#390=VECTOR('',#3084,1.);
#391=VECTOR('',#3085,1.);
#392=VECTOR('',#3086,1.);
#393=VECTOR('',#3089,1.);
#394=VECTOR('',#3090,1.);
#395=VECTOR('',#3091,1.);
#396=VECTOR('',#3096,1.);
#397=VECTOR('',#3099,1.);
#398=VECTOR('',#3100,1.);
#399=VECTOR('',#3101,1.);
#400=VECTOR('',#3104,1.);
#401=VECTOR('',#3105,1.);
#402=VECTOR('',#3106,1.);
#403=VECTOR('',#3107,1.);
#404=VECTOR('',#3108,1.);
#405=VECTOR('',#3109,1.);
#406=VECTOR('',#3112,1.);
#407=VECTOR('',#3117,1.);
#408=VECTOR('',#3118,1.);
#409=VECTOR('',#3119,1.);
#410=VECTOR('',#3124,1.);
#411=VECTOR('',#3125,1.);
#412=VECTOR('',#3126,1.);
#413=VECTOR('',#3131,1.);
#414=VECTOR('',#3134,1.);
#415=VECTOR('',#3135,1.);
#416=VECTOR('',#3136,1.);
#417=VECTOR('',#3139,1.);
#418=VECTOR('',#3140,1.);
#419=VECTOR('',#3141,1.);
#420=VECTOR('',#3144,1.);
#421=VECTOR('',#3147,1.);
#422=VECTOR('',#3150,1.);
#423=VECTOR('',#3151,1.);
#424=VECTOR('',#3152,1.);
#425=VECTOR('',#3155,1.);
#426=VECTOR('',#3158,1.);
#427=VECTOR('',#3159,1.);
#428=VECTOR('',#3160,1.);
#429=VECTOR('',#3163,1.);
#430=VECTOR('',#3164,1.);
#431=VECTOR('',#3165,1.);
#432=VECTOR('',#3166,1.);
#433=VECTOR('',#3169,1.);
#434=VECTOR('',#3172,1.);
#435=VECTOR('',#3177,1.);
#436=VECTOR('',#3178,1.);
#437=VECTOR('',#3179,1.);
#438=VECTOR('',#3182,1.);
#439=VECTOR('',#3183,1.);
#440=VECTOR('',#3184,1.);
#441=VECTOR('',#3187,1.);
#442=VECTOR('',#3190,1.);
#443=VECTOR('',#3199,1.);
#444=VECTOR('',#3202,1.);
#445=VECTOR('',#3209,1.);
#446=VECTOR('',#3212,1.);
#447=VECTOR('',#3219,1.);
#448=VECTOR('',#3230,1.);
#449=VECTOR('',#3235,1.);
#450=VECTOR('',#3242,1.);
#451=VECTOR('',#3245,1.);
#452=VECTOR('',#3248,1.);
#453=VECTOR('',#3249,1.);
#454=VECTOR('',#3250,1.);
#455=VECTOR('',#3253,1.);
#456=VECTOR('',#3254,1.);
#457=VECTOR('',#3259,1.);
#458=VECTOR('',#3260,1.);
#459=VECTOR('',#3261,1.);
#460=VECTOR('',#3264,1.);
#461=VECTOR('',#3267,1.);
#462=VECTOR('',#3268,1.);
#463=VECTOR('',#3271,1.);
#464=VECTOR('',#3274,1.);
#465=VECTOR('',#3277,1.);
#466=VECTOR('',#3278,1.);
#467=VECTOR('',#3281,1.);
#468=VECTOR('',#3282,1.);
#469=VECTOR('',#3293,1.);
#470=VECTOR('',#3296,1.);
#471=VECTOR('',#3303,1.);
#472=VECTOR('',#3306,1.);
#473=VECTOR('',#3309,1.);
#474=VECTOR('',#3310,1.);
#475=VECTOR('',#3311,1.);
#476=VECTOR('',#3312,1.);
#477=VECTOR('',#3315,1.);
#478=VECTOR('',#3316,1.);
#479=VECTOR('',#3317,1.);
#480=VECTOR('',#3318,1.);
#481=VECTOR('',#3321,1.);
#482=VECTOR('',#3322,1.);
#483=VECTOR('',#3323,1.);
#484=VECTOR('',#3324,1.);
#485=VECTOR('',#3327,1.);
#486=VECTOR('',#3328,1.);
#487=VECTOR('',#3329,1.);
#488=VECTOR('',#3330,1.);
#489=VECTOR('',#3405,1.);
#490=VECTOR('',#3406,1.);
#491=VECTOR('',#3407,1.);
#492=VECTOR('',#3434,1.);
#493=VECTOR('',#3435,1.);
#494=VECTOR('',#3436,1.);
#495=VECTOR('',#3439,1.);
#496=VECTOR('',#3440,1.);
#497=VECTOR('',#3441,1.);
#498=VECTOR('',#3470,1.);
#499=VECTOR('',#3473,1.);
#500=VECTOR('',#3526,1.);
#501=VECTOR('',#3527,1.);
#502=VECTOR('',#3528,1.);
#503=VECTOR('',#3531,1.);
#504=VECTOR('',#3536,1.);
#505=VECTOR('',#3537,1.);
#506=VECTOR('',#3540,1.);
#507=VECTOR('',#3547,1.);
#508=VECTOR('',#3596,1.);
#509=VECTOR('',#3599,1.);
#510=VECTOR('',#3604,1.);
#511=VECTOR('',#3605,1.);
#512=VECTOR('',#3612,1.);
#513=VECTOR('',#3613,1.);
#514=VECTOR('',#3614,1.);
#515=VECTOR('',#3617,1.);
#516=VECTOR('',#3620,1.);
#517=ORIENTED_EDGE('',*,*,#1263,.T.);
#518=ORIENTED_EDGE('',*,*,#1264,.T.);
#519=ORIENTED_EDGE('',*,*,#1265,.T.);
#520=ORIENTED_EDGE('',*,*,#1266,.F.);
#521=ORIENTED_EDGE('',*,*,#1267,.F.);
#522=ORIENTED_EDGE('',*,*,#1268,.F.);
#523=ORIENTED_EDGE('',*,*,#1269,.F.);
#524=ORIENTED_EDGE('',*,*,#1270,.T.);
#525=ORIENTED_EDGE('',*,*,#1271,.T.);
#526=ORIENTED_EDGE('',*,*,#1272,.T.);
#527=ORIENTED_EDGE('',*,*,#1273,.T.);
#528=ORIENTED_EDGE('',*,*,#1274,.T.);
#529=ORIENTED_EDGE('',*,*,#1275,.T.);
#530=ORIENTED_EDGE('',*,*,#1276,.T.);
#531=ORIENTED_EDGE('',*,*,#1277,.T.);
#532=ORIENTED_EDGE('',*,*,#1278,.T.);
#533=ORIENTED_EDGE('',*,*,#1279,.T.);
#534=ORIENTED_EDGE('',*,*,#1280,.T.);
#535=ORIENTED_EDGE('',*,*,#1281,.T.);
#536=ORIENTED_EDGE('',*,*,#1282,.F.);
#537=ORIENTED_EDGE('',*,*,#1283,.T.);
#538=ORIENTED_EDGE('',*,*,#1284,.T.);
#539=ORIENTED_EDGE('',*,*,#1285,.T.);
#540=ORIENTED_EDGE('',*,*,#1286,.T.);
#541=ORIENTED_EDGE('',*,*,#1287,.F.);
#542=ORIENTED_EDGE('',*,*,#1288,.T.);
#543=ORIENTED_EDGE('',*,*,#1289,.T.);
#544=ORIENTED_EDGE('',*,*,#1290,.T.);
#545=ORIENTED_EDGE('',*,*,#1291,.T.);
#546=ORIENTED_EDGE('',*,*,#1292,.T.);
#547=ORIENTED_EDGE('',*,*,#1293,.T.);
#548=ORIENTED_EDGE('',*,*,#1294,.T.);
#549=ORIENTED_EDGE('',*,*,#1295,.T.);
#550=ORIENTED_EDGE('',*,*,#1296,.F.);
#551=ORIENTED_EDGE('',*,*,#1297,.T.);
#552=ORIENTED_EDGE('',*,*,#1298,.F.);
#553=ORIENTED_EDGE('',*,*,#1299,.T.);
#554=ORIENTED_EDGE('',*,*,#1300,.F.);
#555=ORIENTED_EDGE('',*,*,#1301,.T.);
#556=ORIENTED_EDGE('',*,*,#1302,.T.);
#557=ORIENTED_EDGE('',*,*,#1303,.F.);
#558=ORIENTED_EDGE('',*,*,#1304,.T.);
#559=ORIENTED_EDGE('',*,*,#1305,.F.);
#560=ORIENTED_EDGE('',*,*,#1306,.T.);
#561=ORIENTED_EDGE('',*,*,#1307,.T.);
#562=ORIENTED_EDGE('',*,*,#1308,.T.);
#563=ORIENTED_EDGE('',*,*,#1309,.T.);
#564=ORIENTED_EDGE('',*,*,#1310,.F.);
#565=ORIENTED_EDGE('',*,*,#1311,.T.);
#566=ORIENTED_EDGE('',*,*,#1312,.F.);
#567=ORIENTED_EDGE('',*,*,#1313,.T.);
#568=ORIENTED_EDGE('',*,*,#1314,.T.);
#569=ORIENTED_EDGE('',*,*,#1302,.F.);
#570=ORIENTED_EDGE('',*,*,#1315,.T.);
#571=ORIENTED_EDGE('',*,*,#1316,.F.);
#572=ORIENTED_EDGE('',*,*,#1317,.F.);
#573=ORIENTED_EDGE('',*,*,#1318,.F.);
#574=ORIENTED_EDGE('',*,*,#1319,.T.);
#575=ORIENTED_EDGE('',*,*,#1320,.F.);
#576=ORIENTED_EDGE('',*,*,#1321,.F.);
#577=ORIENTED_EDGE('',*,*,#1322,.T.);
#578=ORIENTED_EDGE('',*,*,#1323,.T.);
#579=ORIENTED_EDGE('',*,*,#1324,.T.);
#580=ORIENTED_EDGE('',*,*,#1325,.F.);
#581=ORIENTED_EDGE('',*,*,#1326,.F.);
#582=ORIENTED_EDGE('',*,*,#1327,.F.);
#583=ORIENTED_EDGE('',*,*,#1317,.T.);
#584=ORIENTED_EDGE('',*,*,#1328,.T.);
#585=ORIENTED_EDGE('',*,*,#1329,.F.);
#586=ORIENTED_EDGE('',*,*,#1323,.F.);
#587=ORIENTED_EDGE('',*,*,#1330,.F.);
#588=ORIENTED_EDGE('',*,*,#1331,.T.);
#589=ORIENTED_EDGE('',*,*,#1296,.T.);
#590=ORIENTED_EDGE('',*,*,#1332,.F.);
#591=ORIENTED_EDGE('',*,*,#1333,.T.);
#592=ORIENTED_EDGE('',*,*,#1312,.T.);
#593=ORIENTED_EDGE('',*,*,#1334,.T.);
#594=ORIENTED_EDGE('',*,*,#1335,.T.);
#595=ORIENTED_EDGE('',*,*,#1336,.T.);
#596=ORIENTED_EDGE('',*,*,#1337,.F.);
#597=ORIENTED_EDGE('',*,*,#1338,.T.);
#598=ORIENTED_EDGE('',*,*,#1339,.T.);
#599=ORIENTED_EDGE('',*,*,#1340,.T.);
#600=ORIENTED_EDGE('',*,*,#1341,.F.);
#601=ORIENTED_EDGE('',*,*,#1342,.T.);
#602=ORIENTED_EDGE('',*,*,#1321,.T.);
#603=ORIENTED_EDGE('',*,*,#1343,.F.);
#604=ORIENTED_EDGE('',*,*,#1344,.T.);
#605=ORIENTED_EDGE('',*,*,#1345,.T.);
#606=ORIENTED_EDGE('',*,*,#1346,.T.);
#607=ORIENTED_EDGE('',*,*,#1347,.T.);
#608=ORIENTED_EDGE('',*,*,#1348,.T.);
#609=ORIENTED_EDGE('',*,*,#1349,.F.);
#610=ORIENTED_EDGE('',*,*,#1350,.T.);
#611=ORIENTED_EDGE('',*,*,#1351,.T.);
#612=ORIENTED_EDGE('',*,*,#1352,.T.);
#613=ORIENTED_EDGE('',*,*,#1353,.T.);
#614=ORIENTED_EDGE('',*,*,#1354,.T.);
#615=ORIENTED_EDGE('',*,*,#1355,.T.);
#616=ORIENTED_EDGE('',*,*,#1356,.F.);
#617=ORIENTED_EDGE('',*,*,#1348,.F.);
#618=ORIENTED_EDGE('',*,*,#1357,.T.);
#619=ORIENTED_EDGE('',*,*,#1358,.F.);
#620=ORIENTED_EDGE('',*,*,#1356,.T.);
#621=ORIENTED_EDGE('',*,*,#1359,.F.);
#622=ORIENTED_EDGE('',*,*,#1360,.F.);
#623=ORIENTED_EDGE('',*,*,#1361,.T.);
#624=ORIENTED_EDGE('',*,*,#1362,.T.);
#625=ORIENTED_EDGE('',*,*,#1363,.T.);
#626=ORIENTED_EDGE('',*,*,#1364,.T.);
#627=ORIENTED_EDGE('',*,*,#1365,.T.);
#628=ORIENTED_EDGE('',*,*,#1366,.T.);
#629=ORIENTED_EDGE('',*,*,#1362,.F.);
#630=ORIENTED_EDGE('',*,*,#1365,.F.);
#631=ORIENTED_EDGE('',*,*,#1367,.T.);
#632=ORIENTED_EDGE('',*,*,#1368,.T.);
#633=ORIENTED_EDGE('',*,*,#1369,.T.);
#634=ORIENTED_EDGE('',*,*,#1370,.T.);
#635=ORIENTED_EDGE('',*,*,#1371,.T.);
#636=ORIENTED_EDGE('',*,*,#1372,.T.);
#637=ORIENTED_EDGE('',*,*,#1373,.F.);
#638=ORIENTED_EDGE('',*,*,#1374,.F.);
#639=ORIENTED_EDGE('',*,*,#1375,.F.);
#640=ORIENTED_EDGE('',*,*,#1315,.F.);
#641=ORIENTED_EDGE('',*,*,#1376,.T.);
#642=ORIENTED_EDGE('',*,*,#1377,.F.);
#643=ORIENTED_EDGE('',*,*,#1378,.T.);
#644=ORIENTED_EDGE('',*,*,#1379,.T.);
#645=ORIENTED_EDGE('',*,*,#1380,.T.);
#646=ORIENTED_EDGE('',*,*,#1381,.F.);
#647=ORIENTED_EDGE('',*,*,#1382,.F.);
#648=ORIENTED_EDGE('',*,*,#1383,.F.);
#649=ORIENTED_EDGE('',*,*,#1384,.F.);
#650=ORIENTED_EDGE('',*,*,#1385,.T.);
#651=ORIENTED_EDGE('',*,*,#1386,.T.);
#652=ORIENTED_EDGE('',*,*,#1387,.T.);
#653=ORIENTED_EDGE('',*,*,#1281,.F.);
#654=ORIENTED_EDGE('',*,*,#1388,.T.);
#655=ORIENTED_EDGE('',*,*,#1389,.T.);
#656=ORIENTED_EDGE('',*,*,#1390,.T.);
#657=ORIENTED_EDGE('',*,*,#1391,.T.);
#658=ORIENTED_EDGE('',*,*,#1351,.F.);
#659=ORIENTED_EDGE('',*,*,#1392,.F.);
#660=ORIENTED_EDGE('',*,*,#1341,.T.);
#661=ORIENTED_EDGE('',*,*,#1393,.T.);
#662=ORIENTED_EDGE('',*,*,#1394,.F.);
#663=ORIENTED_EDGE('',*,*,#1395,.T.);
#664=ORIENTED_EDGE('',*,*,#1394,.T.);
#665=ORIENTED_EDGE('',*,*,#1396,.T.);
#666=ORIENTED_EDGE('',*,*,#1397,.T.);
#667=ORIENTED_EDGE('',*,*,#1398,.T.);
#668=ORIENTED_EDGE('',*,*,#1399,.T.);
#669=ORIENTED_EDGE('',*,*,#1400,.T.);
#670=ORIENTED_EDGE('',*,*,#1401,.F.);
#671=ORIENTED_EDGE('',*,*,#1402,.T.);
#672=ORIENTED_EDGE('',*,*,#1403,.T.);
#673=ORIENTED_EDGE('',*,*,#1404,.T.);
#674=ORIENTED_EDGE('',*,*,#1305,.T.);
#675=ORIENTED_EDGE('',*,*,#1405,.T.);
#676=ORIENTED_EDGE('',*,*,#1406,.T.);
#677=ORIENTED_EDGE('',*,*,#1337,.T.);
#678=ORIENTED_EDGE('',*,*,#1407,.T.);
#679=ORIENTED_EDGE('',*,*,#1408,.T.);
#680=ORIENTED_EDGE('',*,*,#1409,.T.);
#681=ORIENTED_EDGE('',*,*,#1390,.F.);
#682=ORIENTED_EDGE('',*,*,#1410,.F.);
#683=ORIENTED_EDGE('',*,*,#1411,.T.);
#684=ORIENTED_EDGE('',*,*,#1412,.T.);
#685=ORIENTED_EDGE('',*,*,#1413,.T.);
#686=ORIENTED_EDGE('',*,*,#1414,.T.);
#687=ORIENTED_EDGE('',*,*,#1415,.F.);
#688=ORIENTED_EDGE('',*,*,#1416,.T.);
#689=ORIENTED_EDGE('',*,*,#1339,.F.);
#690=ORIENTED_EDGE('',*,*,#1417,.T.);
#691=ORIENTED_EDGE('',*,*,#1395,.F.);
#692=ORIENTED_EDGE('',*,*,#1401,.T.);
#693=ORIENTED_EDGE('',*,*,#1418,.T.);
#694=ORIENTED_EDGE('',*,*,#1419,.F.);
#695=ORIENTED_EDGE('',*,*,#1420,.F.);
#696=ORIENTED_EDGE('',*,*,#1421,.F.);
#697=ORIENTED_EDGE('',*,*,#1422,.T.);
#698=ORIENTED_EDGE('',*,*,#1423,.T.);
#699=ORIENTED_EDGE('',*,*,#1330,.T.);
#700=ORIENTED_EDGE('',*,*,#1322,.F.);
#701=ORIENTED_EDGE('',*,*,#1342,.F.);
#702=ORIENTED_EDGE('',*,*,#1349,.T.);
#703=ORIENTED_EDGE('',*,*,#1359,.T.);
#704=ORIENTED_EDGE('',*,*,#1355,.F.);
#705=ORIENTED_EDGE('',*,*,#1424,.F.);
#706=ORIENTED_EDGE('',*,*,#1425,.F.);
#707=ORIENTED_EDGE('',*,*,#1426,.T.);
#708=ORIENTED_EDGE('',*,*,#1427,.T.);
#709=ORIENTED_EDGE('',*,*,#1428,.T.);
#710=ORIENTED_EDGE('',*,*,#1429,.T.);
#711=ORIENTED_EDGE('',*,*,#1411,.F.);
#712=ORIENTED_EDGE('',*,*,#1430,.T.);
#713=ORIENTED_EDGE('',*,*,#1347,.F.);
#714=ORIENTED_EDGE('',*,*,#1431,.T.);
#715=ORIENTED_EDGE('',*,*,#1432,.T.);
#716=ORIENTED_EDGE('',*,*,#1303,.T.);
#717=ORIENTED_EDGE('',*,*,#1307,.F.);
#718=ORIENTED_EDGE('',*,*,#1433,.T.);
#719=ORIENTED_EDGE('',*,*,#1434,.T.);
#720=ORIENTED_EDGE('',*,*,#1435,.T.);
#721=ORIENTED_EDGE('',*,*,#1436,.T.);
#722=ORIENTED_EDGE('',*,*,#1437,.T.);
#723=ORIENTED_EDGE('',*,*,#1438,.T.);
#724=ORIENTED_EDGE('',*,*,#1439,.F.);
#725=ORIENTED_EDGE('',*,*,#1353,.F.);
#726=ORIENTED_EDGE('',*,*,#1358,.T.);
#727=ORIENTED_EDGE('',*,*,#1357,.F.);
#728=ORIENTED_EDGE('',*,*,#1299,.F.);
#729=ORIENTED_EDGE('',*,*,#1440,.T.);
#730=ORIENTED_EDGE('',*,*,#1441,.T.);
#731=ORIENTED_EDGE('',*,*,#1343,.T.);
#732=ORIENTED_EDGE('',*,*,#1320,.T.);
#733=ORIENTED_EDGE('',*,*,#1324,.F.);
#734=ORIENTED_EDGE('',*,*,#1329,.T.);
#735=ORIENTED_EDGE('',*,*,#1442,.T.);
#736=ORIENTED_EDGE('',*,*,#1290,.F.);
#737=ORIENTED_EDGE('',*,*,#1443,.T.);
#738=ORIENTED_EDGE('',*,*,#1444,.T.);
#739=ORIENTED_EDGE('',*,*,#1445,.T.);
#740=ORIENTED_EDGE('',*,*,#1446,.T.);
#741=ORIENTED_EDGE('',*,*,#1447,.T.);
#742=ORIENTED_EDGE('',*,*,#1300,.T.);
#743=ORIENTED_EDGE('',*,*,#1350,.F.);
#744=ORIENTED_EDGE('',*,*,#1430,.F.);
#745=ORIENTED_EDGE('',*,*,#1410,.T.);
#746=ORIENTED_EDGE('',*,*,#1392,.T.);
#747=ORIENTED_EDGE('',*,*,#1448,.T.);
#748=ORIENTED_EDGE('',*,*,#1449,.T.);
#749=ORIENTED_EDGE('',*,*,#1450,.F.);
#750=ORIENTED_EDGE('',*,*,#1419,.T.);
#751=ORIENTED_EDGE('',*,*,#1451,.F.);
#752=ORIENTED_EDGE('',*,*,#1452,.T.);
#753=ORIENTED_EDGE('',*,*,#1453,.T.);
#754=ORIENTED_EDGE('',*,*,#1428,.F.);
#755=ORIENTED_EDGE('',*,*,#1450,.T.);
#756=ORIENTED_EDGE('',*,*,#1454,.T.);
#757=ORIENTED_EDGE('',*,*,#1455,.F.);
#758=ORIENTED_EDGE('',*,*,#1420,.T.);
#759=ORIENTED_EDGE('',*,*,#1456,.F.);
#760=ORIENTED_EDGE('',*,*,#1457,.T.);
#761=ORIENTED_EDGE('',*,*,#1451,.T.);
#762=ORIENTED_EDGE('',*,*,#1427,.F.);
#763=ORIENTED_EDGE('',*,*,#1453,.F.);
#764=ORIENTED_EDGE('',*,*,#1458,.T.);
#765=ORIENTED_EDGE('',*,*,#1412,.F.);
#766=ORIENTED_EDGE('',*,*,#1429,.F.);
#767=ORIENTED_EDGE('',*,*,#1400,.F.);
#768=ORIENTED_EDGE('',*,*,#1459,.T.);
#769=ORIENTED_EDGE('',*,*,#1448,.F.);
#770=ORIENTED_EDGE('',*,*,#1418,.F.);
#771=ORIENTED_EDGE('',*,*,#1455,.T.);
#772=ORIENTED_EDGE('',*,*,#1460,.T.);
#773=ORIENTED_EDGE('',*,*,#1461,.T.);
#774=ORIENTED_EDGE('',*,*,#1462,.F.);
#775=ORIENTED_EDGE('',*,*,#1463,.T.);
#776=ORIENTED_EDGE('',*,*,#1421,.T.);
#777=ORIENTED_EDGE('',*,*,#1464,.T.);
#778=ORIENTED_EDGE('',*,*,#1465,.T.);
#779=ORIENTED_EDGE('',*,*,#1456,.T.);
#780=ORIENTED_EDGE('',*,*,#1426,.F.);
#781=ORIENTED_EDGE('',*,*,#1466,.F.);
#782=ORIENTED_EDGE('',*,*,#1467,.F.);
#783=ORIENTED_EDGE('',*,*,#1285,.F.);
#784=ORIENTED_EDGE('',*,*,#1283,.F.);
#785=ORIENTED_EDGE('',*,*,#1291,.F.);
#786=ORIENTED_EDGE('',*,*,#1442,.F.);
#787=ORIENTED_EDGE('',*,*,#1328,.F.);
#788=ORIENTED_EDGE('',*,*,#1423,.F.);
#789=ORIENTED_EDGE('',*,*,#1468,.F.);
#790=ORIENTED_EDGE('',*,*,#1326,.T.);
#791=ORIENTED_EDGE('',*,*,#1295,.F.);
#792=ORIENTED_EDGE('',*,*,#1469,.T.);
#793=ORIENTED_EDGE('',*,*,#1470,.T.);
#794=ORIENTED_EDGE('',*,*,#1471,.T.);
#795=ORIENTED_EDGE('',*,*,#1472,.T.);
#796=ORIENTED_EDGE('',*,*,#1360,.T.);
#797=ORIENTED_EDGE('',*,*,#1473,.T.);
#798=ORIENTED_EDGE('',*,*,#1424,.T.);
#799=ORIENTED_EDGE('',*,*,#1354,.F.);
#800=ORIENTED_EDGE('',*,*,#1439,.T.);
#801=ORIENTED_EDGE('',*,*,#1474,.T.);
#802=ORIENTED_EDGE('',*,*,#1475,.T.);
#803=ORIENTED_EDGE('',*,*,#1476,.F.);
#804=ORIENTED_EDGE('',*,*,#1477,.T.);
#805=ORIENTED_EDGE('',*,*,#1463,.F.);
#806=ORIENTED_EDGE('',*,*,#1478,.T.);
#807=ORIENTED_EDGE('',*,*,#1468,.T.);
#808=ORIENTED_EDGE('',*,*,#1422,.F.);
#809=ORIENTED_EDGE('',*,*,#1479,.T.);
#810=ORIENTED_EDGE('',*,*,#1480,.T.);
#811=ORIENTED_EDGE('',*,*,#1474,.F.);
#812=ORIENTED_EDGE('',*,*,#1438,.F.);
#813=ORIENTED_EDGE('',*,*,#1481,.T.);
#814=ORIENTED_EDGE('',*,*,#1482,.T.);
#815=ORIENTED_EDGE('',*,*,#1472,.F.);
#816=ORIENTED_EDGE('',*,*,#1483,.T.);
#817=ORIENTED_EDGE('',*,*,#1473,.F.);
#818=ORIENTED_EDGE('',*,*,#1484,.F.);
#819=ORIENTED_EDGE('',*,*,#1466,.T.);
#820=ORIENTED_EDGE('',*,*,#1425,.T.);
#821=ORIENTED_EDGE('',*,*,#1485,.T.);
#822=ORIENTED_EDGE('',*,*,#1486,.T.);
#823=ORIENTED_EDGE('',*,*,#1318,.T.);
#824=ORIENTED_EDGE('',*,*,#1327,.T.);
#825=ORIENTED_EDGE('',*,*,#1478,.F.);
#826=ORIENTED_EDGE('',*,*,#1487,.F.);
#827=ORIENTED_EDGE('',*,*,#1488,.F.);
#828=ORIENTED_EDGE('',*,*,#1274,.F.);
#829=ORIENTED_EDGE('',*,*,#1489,.T.);
#830=ORIENTED_EDGE('',*,*,#1381,.T.);
#831=ORIENTED_EDGE('',*,*,#1490,.T.);
#832=ORIENTED_EDGE('',*,*,#1491,.T.);
#833=ORIENTED_EDGE('',*,*,#1492,.T.);
#834=ORIENTED_EDGE('',*,*,#1287,.T.);
#835=ORIENTED_EDGE('',*,*,#1325,.T.);
#836=ORIENTED_EDGE('',*,*,#1316,.T.);
#837=ORIENTED_EDGE('',*,*,#1375,.T.);
#838=ORIENTED_EDGE('',*,*,#1493,.F.);
#839=ORIENTED_EDGE('',*,*,#1494,.T.);
#840=ORIENTED_EDGE('',*,*,#1495,.T.);
#841=ORIENTED_EDGE('',*,*,#1496,.T.);
#842=ORIENTED_EDGE('',*,*,#1497,.T.);
#843=ORIENTED_EDGE('',*,*,#1498,.T.);
#844=ORIENTED_EDGE('',*,*,#1499,.T.);
#845=ORIENTED_EDGE('',*,*,#1367,.F.);
#846=ORIENTED_EDGE('',*,*,#1364,.F.);
#847=ORIENTED_EDGE('',*,*,#1361,.F.);
#848=ORIENTED_EDGE('',*,*,#1482,.F.);
#849=ORIENTED_EDGE('',*,*,#1363,.F.);
#850=ORIENTED_EDGE('',*,*,#1366,.F.);
#851=ORIENTED_EDGE('',*,*,#1387,.F.);
#852=ORIENTED_EDGE('',*,*,#1500,.F.);
#853=ORIENTED_EDGE('',*,*,#1266,.T.);
#854=ORIENTED_EDGE('',*,*,#1501,.T.);
#855=ORIENTED_EDGE('',*,*,#1502,.T.);
#856=ORIENTED_EDGE('',*,*,#1484,.T.);
#857=ORIENTED_EDGE('',*,*,#1503,.T.);
#858=ORIENTED_EDGE('',*,*,#1504,.T.);
#859=ORIENTED_EDGE('',*,*,#1505,.F.);
#860=ORIENTED_EDGE('',*,*,#1487,.T.);
#861=ORIENTED_EDGE('',*,*,#1462,.T.);
#862=ORIENTED_EDGE('',*,*,#1506,.F.);
#863=ORIENTED_EDGE('',*,*,#1507,.T.);
#864=ORIENTED_EDGE('',*,*,#1508,.T.);
#865=ORIENTED_EDGE('',*,*,#1467,.T.);
#866=ORIENTED_EDGE('',*,*,#1502,.F.);
#867=ORIENTED_EDGE('',*,*,#1505,.T.);
#868=ORIENTED_EDGE('',*,*,#1509,.T.);
#869=ORIENTED_EDGE('',*,*,#1275,.F.);
#870=ORIENTED_EDGE('',*,*,#1488,.T.);
#871=ORIENTED_EDGE('',*,*,#1265,.F.);
#872=ORIENTED_EDGE('',*,*,#1510,.T.);
#873=ORIENTED_EDGE('',*,*,#1506,.T.);
#874=ORIENTED_EDGE('',*,*,#1501,.F.);
#875=ORIENTED_EDGE('',*,*,#1273,.F.);
#876=ORIENTED_EDGE('',*,*,#1511,.T.);
#877=ORIENTED_EDGE('',*,*,#1382,.T.);
#878=ORIENTED_EDGE('',*,*,#1489,.F.);
#879=ORIENTED_EDGE('',*,*,#1512,.F.);
#880=ORIENTED_EDGE('',*,*,#1513,.T.);
#881=ORIENTED_EDGE('',*,*,#1493,.T.);
#882=ORIENTED_EDGE('',*,*,#1374,.T.);
#883=ORIENTED_EDGE('',*,*,#1499,.F.);
#884=ORIENTED_EDGE('',*,*,#1514,.T.);
#885=ORIENTED_EDGE('',*,*,#1515,.T.);
#886=ORIENTED_EDGE('',*,*,#1368,.F.);
#887=ORIENTED_EDGE('',*,*,#1386,.F.);
#888=ORIENTED_EDGE('',*,*,#1516,.F.);
#889=ORIENTED_EDGE('',*,*,#1267,.T.);
#890=ORIENTED_EDGE('',*,*,#1500,.T.);
#891=ORIENTED_EDGE('',*,*,#1511,.F.);
#892=ORIENTED_EDGE('',*,*,#1517,.F.);
#893=ORIENTED_EDGE('',*,*,#1518,.F.);
#894=ORIENTED_EDGE('',*,*,#1519,.T.);
#895=ORIENTED_EDGE('',*,*,#1520,.T.);
#896=ORIENTED_EDGE('',*,*,#1383,.T.);
#897=ORIENTED_EDGE('',*,*,#1521,.F.);
#898=ORIENTED_EDGE('',*,*,#1522,.T.);
#899=ORIENTED_EDGE('',*,*,#1512,.T.);
#900=ORIENTED_EDGE('',*,*,#1373,.T.);
#901=ORIENTED_EDGE('',*,*,#1523,.T.);
#902=ORIENTED_EDGE('',*,*,#1524,.T.);
#903=ORIENTED_EDGE('',*,*,#1525,.T.);
#904=ORIENTED_EDGE('',*,*,#1515,.F.);
#905=ORIENTED_EDGE('',*,*,#1526,.T.);
#906=ORIENTED_EDGE('',*,*,#1527,.T.);
#907=ORIENTED_EDGE('',*,*,#1528,.F.);
#908=ORIENTED_EDGE('',*,*,#1529,.T.);
#909=ORIENTED_EDGE('',*,*,#1530,.T.);
#910=ORIENTED_EDGE('',*,*,#1369,.F.);
#911=ORIENTED_EDGE('',*,*,#1516,.T.);
#912=ORIENTED_EDGE('',*,*,#1385,.F.);
#913=ORIENTED_EDGE('',*,*,#1531,.F.);
#914=ORIENTED_EDGE('',*,*,#1532,.F.);
#915=ORIENTED_EDGE('',*,*,#1533,.T.);
#916=ORIENTED_EDGE('',*,*,#1534,.T.);
#917=ORIENTED_EDGE('',*,*,#1535,.F.);
#918=ORIENTED_EDGE('',*,*,#1531,.T.);
#919=ORIENTED_EDGE('',*,*,#1384,.T.);
#920=ORIENTED_EDGE('',*,*,#1520,.F.);
#921=ORIENTED_EDGE('',*,*,#1527,.F.);
#922=ORIENTED_EDGE('',*,*,#1536,.T.);
#923=ORIENTED_EDGE('',*,*,#1521,.T.);
#924=ORIENTED_EDGE('',*,*,#1537,.F.);
#925=ORIENTED_EDGE('',*,*,#1495,.F.);
#926=ORIENTED_EDGE('',*,*,#1481,.F.);
#927=ORIENTED_EDGE('',*,*,#1538,.F.);
#928=ORIENTED_EDGE('',*,*,#1464,.F.);
#929=ORIENTED_EDGE('',*,*,#1508,.F.);
#930=ORIENTED_EDGE('',*,*,#1539,.T.);
#931=ORIENTED_EDGE('',*,*,#1538,.T.);
#932=ORIENTED_EDGE('',*,*,#1437,.F.);
#933=ORIENTED_EDGE('',*,*,#1540,.F.);
#934=ORIENTED_EDGE('',*,*,#1465,.F.);
#935=ORIENTED_EDGE('',*,*,#1540,.T.);
#936=ORIENTED_EDGE('',*,*,#1436,.F.);
#937=ORIENTED_EDGE('',*,*,#1541,.F.);
#938=ORIENTED_EDGE('',*,*,#1457,.F.);
#939=ORIENTED_EDGE('',*,*,#1541,.T.);
#940=ORIENTED_EDGE('',*,*,#1435,.F.);
#941=ORIENTED_EDGE('',*,*,#1542,.F.);
#942=ORIENTED_EDGE('',*,*,#1452,.F.);
#943=ORIENTED_EDGE('',*,*,#1542,.T.);
#944=ORIENTED_EDGE('',*,*,#1434,.F.);
#945=ORIENTED_EDGE('',*,*,#1543,.F.);
#946=ORIENTED_EDGE('',*,*,#1458,.F.);
#947=ORIENTED_EDGE('',*,*,#1543,.T.);
#948=ORIENTED_EDGE('',*,*,#1433,.F.);
#949=ORIENTED_EDGE('',*,*,#1544,.F.);
#950=ORIENTED_EDGE('',*,*,#1413,.F.);
#951=ORIENTED_EDGE('',*,*,#1544,.T.);
#952=ORIENTED_EDGE('',*,*,#1306,.F.);
#953=ORIENTED_EDGE('',*,*,#1545,.F.);
#954=ORIENTED_EDGE('',*,*,#1414,.F.);
#955=ORIENTED_EDGE('',*,*,#1404,.F.);
#956=ORIENTED_EDGE('',*,*,#1546,.T.);
#957=ORIENTED_EDGE('',*,*,#1408,.F.);
#958=ORIENTED_EDGE('',*,*,#1545,.T.);
#959=ORIENTED_EDGE('',*,*,#1503,.F.);
#960=ORIENTED_EDGE('',*,*,#1461,.F.);
#961=ORIENTED_EDGE('',*,*,#1547,.F.);
#962=ORIENTED_EDGE('',*,*,#1289,.F.);
#963=ORIENTED_EDGE('',*,*,#1548,.T.);
#964=ORIENTED_EDGE('',*,*,#1549,.T.);
#965=ORIENTED_EDGE('',*,*,#1547,.T.);
#966=ORIENTED_EDGE('',*,*,#1460,.F.);
#967=ORIENTED_EDGE('',*,*,#1550,.F.);
#968=ORIENTED_EDGE('',*,*,#1443,.F.);
#969=ORIENTED_EDGE('',*,*,#1550,.T.);
#970=ORIENTED_EDGE('',*,*,#1454,.F.);
#971=ORIENTED_EDGE('',*,*,#1551,.F.);
#972=ORIENTED_EDGE('',*,*,#1444,.F.);
#973=ORIENTED_EDGE('',*,*,#1551,.T.);
#974=ORIENTED_EDGE('',*,*,#1449,.F.);
#975=ORIENTED_EDGE('',*,*,#1552,.F.);
#976=ORIENTED_EDGE('',*,*,#1445,.F.);
#977=ORIENTED_EDGE('',*,*,#1552,.T.);
#978=ORIENTED_EDGE('',*,*,#1459,.F.);
#979=ORIENTED_EDGE('',*,*,#1553,.F.);
#980=ORIENTED_EDGE('',*,*,#1446,.F.);
#981=ORIENTED_EDGE('',*,*,#1553,.T.);
#982=ORIENTED_EDGE('',*,*,#1399,.F.);
#983=ORIENTED_EDGE('',*,*,#1554,.F.);
#984=ORIENTED_EDGE('',*,*,#1447,.F.);
#985=ORIENTED_EDGE('',*,*,#1554,.T.);
#986=ORIENTED_EDGE('',*,*,#1398,.F.);
#987=ORIENTED_EDGE('',*,*,#1555,.F.);
#988=ORIENTED_EDGE('',*,*,#1301,.F.);
#989=ORIENTED_EDGE('',*,*,#1397,.F.);
#990=ORIENTED_EDGE('',*,*,#1556,.T.);
#991=ORIENTED_EDGE('',*,*,#1308,.F.);
#992=ORIENTED_EDGE('',*,*,#1555,.T.);
#993=ORIENTED_EDGE('',*,*,#1525,.F.);
#994=ORIENTED_EDGE('',*,*,#1557,.T.);
#995=ORIENTED_EDGE('',*,*,#1528,.T.);
#996=ORIENTED_EDGE('',*,*,#1537,.T.);
#997=ORIENTED_EDGE('',*,*,#1558,.T.);
#998=ORIENTED_EDGE('',*,*,#1559,.T.);
#999=ORIENTED_EDGE('',*,*,#1335,.F.);
#1000=ORIENTED_EDGE('',*,*,#1560,.T.);
#1001=ORIENTED_EDGE('',*,*,#1561,.F.);
#1002=ORIENTED_EDGE('',*,*,#1310,.T.);
#1003=ORIENTED_EDGE('',*,*,#1562,.T.);
#1004=ORIENTED_EDGE('',*,*,#1415,.T.);
#1005=ORIENTED_EDGE('',*,*,#1563,.T.);
#1006=ORIENTED_EDGE('',*,*,#1402,.F.);
#1007=ORIENTED_EDGE('',*,*,#1564,.T.);
#1008=ORIENTED_EDGE('',*,*,#1558,.F.);
#1009=ORIENTED_EDGE('',*,*,#1565,.T.);
#1010=ORIENTED_EDGE('',*,*,#1566,.F.);
#1011=ORIENTED_EDGE('',*,*,#1561,.T.);
#1012=ORIENTED_EDGE('',*,*,#1567,.F.);
#1013=ORIENTED_EDGE('',*,*,#1566,.T.);
#1014=ORIENTED_EDGE('',*,*,#1564,.F.);
#1015=ORIENTED_EDGE('',*,*,#1407,.F.);
#1016=ORIENTED_EDGE('',*,*,#1336,.F.);
#1017=ORIENTED_EDGE('',*,*,#1559,.F.);
#1018=ORIENTED_EDGE('',*,*,#1565,.F.);
#1019=ORIENTED_EDGE('',*,*,#1560,.F.);
#1020=ORIENTED_EDGE('',*,*,#1334,.F.);
#1021=ORIENTED_EDGE('',*,*,#1311,.F.);
#1022=ORIENTED_EDGE('',*,*,#1332,.T.);
#1023=ORIENTED_EDGE('',*,*,#1568,.T.);
#1024=ORIENTED_EDGE('',*,*,#1569,.F.);
#1025=ORIENTED_EDGE('',*,*,#1570,.T.);
#1026=ORIENTED_EDGE('',*,*,#1571,.T.);
#1027=ORIENTED_EDGE('',*,*,#1572,.T.);
#1028=ORIENTED_EDGE('',*,*,#1345,.F.);
#1029=ORIENTED_EDGE('',*,*,#1573,.T.);
#1030=ORIENTED_EDGE('',*,*,#1574,.F.);
#1031=ORIENTED_EDGE('',*,*,#1298,.T.);
#1032=ORIENTED_EDGE('',*,*,#1314,.F.);
#1033=ORIENTED_EDGE('',*,*,#1575,.T.);
#1034=ORIENTED_EDGE('',*,*,#1569,.T.);
#1035=ORIENTED_EDGE('',*,*,#1576,.T.);
#1036=ORIENTED_EDGE('',*,*,#1405,.F.);
#1037=ORIENTED_EDGE('',*,*,#1304,.F.);
#1038=ORIENTED_EDGE('',*,*,#1432,.F.);
#1039=ORIENTED_EDGE('',*,*,#1577,.T.);
#1040=ORIENTED_EDGE('',*,*,#1571,.F.);
#1041=ORIENTED_EDGE('',*,*,#1578,.T.);
#1042=ORIENTED_EDGE('',*,*,#1440,.F.);
#1043=ORIENTED_EDGE('',*,*,#1579,.F.);
#1044=ORIENTED_EDGE('',*,*,#1574,.T.);
#1045=ORIENTED_EDGE('',*,*,#1297,.F.);
#1046=ORIENTED_EDGE('',*,*,#1579,.T.);
#1047=ORIENTED_EDGE('',*,*,#1576,.F.);
#1048=ORIENTED_EDGE('',*,*,#1568,.F.);
#1049=ORIENTED_EDGE('',*,*,#1338,.F.);
#1050=ORIENTED_EDGE('',*,*,#1406,.F.);
#1051=ORIENTED_EDGE('',*,*,#1575,.F.);
#1052=ORIENTED_EDGE('',*,*,#1313,.F.);
#1053=ORIENTED_EDGE('',*,*,#1333,.F.);
#1054=ORIENTED_EDGE('',*,*,#1570,.F.);
#1055=ORIENTED_EDGE('',*,*,#1346,.F.);
#1056=ORIENTED_EDGE('',*,*,#1572,.F.);
#1057=ORIENTED_EDGE('',*,*,#1577,.F.);
#1058=ORIENTED_EDGE('',*,*,#1431,.F.);
#1059=ORIENTED_EDGE('',*,*,#1344,.F.);
#1060=ORIENTED_EDGE('',*,*,#1441,.F.);
#1061=ORIENTED_EDGE('',*,*,#1578,.F.);
#1062=ORIENTED_EDGE('',*,*,#1573,.F.);
#1063=ORIENTED_EDGE('',*,*,#1470,.F.);
#1064=ORIENTED_EDGE('',*,*,#1580,.T.);
#1065=ORIENTED_EDGE('',*,*,#1581,.T.);
#1066=ORIENTED_EDGE('',*,*,#1582,.T.);
#1067=ORIENTED_EDGE('',*,*,#1583,.F.);
#1068=ORIENTED_EDGE('',*,*,#1584,.T.);
#1069=ORIENTED_EDGE('',*,*,#1476,.T.);
#1070=ORIENTED_EDGE('',*,*,#1585,.T.);
#1071=ORIENTED_EDGE('',*,*,#1586,.F.);
#1072=ORIENTED_EDGE('',*,*,#1587,.F.);
#1073=ORIENTED_EDGE('',*,*,#1293,.F.);
#1074=ORIENTED_EDGE('',*,*,#1588,.T.);
#1075=ORIENTED_EDGE('',*,*,#1583,.T.);
#1076=ORIENTED_EDGE('',*,*,#1589,.T.);
#1077=ORIENTED_EDGE('',*,*,#1479,.F.);
#1078=ORIENTED_EDGE('',*,*,#1590,.T.);
#1079=ORIENTED_EDGE('',*,*,#1581,.F.);
#1080=ORIENTED_EDGE('',*,*,#1591,.T.);
#1081=ORIENTED_EDGE('',*,*,#1592,.F.);
#1082=ORIENTED_EDGE('',*,*,#1587,.T.);
#1083=ORIENTED_EDGE('',*,*,#1286,.F.);
#1084=ORIENTED_EDGE('',*,*,#1592,.T.);
#1085=ORIENTED_EDGE('',*,*,#1593,.F.);
#1086=ORIENTED_EDGE('',*,*,#1586,.T.);
#1087=ORIENTED_EDGE('',*,*,#1284,.F.);
#1088=ORIENTED_EDGE('',*,*,#1593,.T.);
#1089=ORIENTED_EDGE('',*,*,#1591,.F.);
#1090=ORIENTED_EDGE('',*,*,#1580,.F.);
#1091=ORIENTED_EDGE('',*,*,#1469,.F.);
#1092=ORIENTED_EDGE('',*,*,#1294,.F.);
#1093=ORIENTED_EDGE('',*,*,#1588,.F.);
#1094=ORIENTED_EDGE('',*,*,#1292,.F.);
#1095=ORIENTED_EDGE('',*,*,#1477,.F.);
#1096=ORIENTED_EDGE('',*,*,#1584,.F.);
#1097=ORIENTED_EDGE('',*,*,#1589,.F.);
#1098=ORIENTED_EDGE('',*,*,#1585,.F.);
#1099=ORIENTED_EDGE('',*,*,#1475,.F.);
#1100=ORIENTED_EDGE('',*,*,#1480,.F.);
#1101=ORIENTED_EDGE('',*,*,#1590,.F.);
#1102=ORIENTED_EDGE('',*,*,#1483,.F.);
#1103=ORIENTED_EDGE('',*,*,#1471,.F.);
#1104=ORIENTED_EDGE('',*,*,#1582,.F.);
#1105=ORIENTED_EDGE('',*,*,#1396,.F.);
#1106=ORIENTED_EDGE('',*,*,#1393,.F.);
#1107=ORIENTED_EDGE('',*,*,#1340,.F.);
#1108=ORIENTED_EDGE('',*,*,#1416,.F.);
#1109=ORIENTED_EDGE('',*,*,#1562,.F.);
#1110=ORIENTED_EDGE('',*,*,#1309,.F.);
#1111=ORIENTED_EDGE('',*,*,#1556,.F.);
#1112=ORIENTED_EDGE('',*,*,#1563,.F.);
#1113=ORIENTED_EDGE('',*,*,#1417,.F.);
#1114=ORIENTED_EDGE('',*,*,#1352,.F.);
#1115=ORIENTED_EDGE('',*,*,#1391,.F.);
#1116=ORIENTED_EDGE('',*,*,#1409,.F.);
#1117=ORIENTED_EDGE('',*,*,#1546,.F.);
#1118=ORIENTED_EDGE('',*,*,#1403,.F.);
#1119=ORIENTED_EDGE('',*,*,#1371,.F.);
#1120=ORIENTED_EDGE('',*,*,#1594,.T.);
#1121=ORIENTED_EDGE('',*,*,#1595,.T.);
#1122=ORIENTED_EDGE('',*,*,#1596,.T.);
#1123=ORIENTED_EDGE('',*,*,#1597,.F.);
#1124=ORIENTED_EDGE('',*,*,#1557,.F.);
#1125=ORIENTED_EDGE('',*,*,#1524,.F.);
#1126=ORIENTED_EDGE('',*,*,#1598,.T.);
#1127=ORIENTED_EDGE('',*,*,#1595,.F.);
#1128=ORIENTED_EDGE('',*,*,#1599,.T.);
#1129=ORIENTED_EDGE('',*,*,#1529,.F.);
#1130=ORIENTED_EDGE('',*,*,#1370,.F.);
#1131=ORIENTED_EDGE('',*,*,#1530,.F.);
#1132=ORIENTED_EDGE('',*,*,#1599,.F.);
#1133=ORIENTED_EDGE('',*,*,#1594,.F.);
#1134=ORIENTED_EDGE('',*,*,#1372,.F.);
#1135=ORIENTED_EDGE('',*,*,#1596,.F.);
#1136=ORIENTED_EDGE('',*,*,#1598,.F.);
#1137=ORIENTED_EDGE('',*,*,#1523,.F.);
#1138=ORIENTED_EDGE('',*,*,#1600,.F.);
#1139=ORIENTED_EDGE('',*,*,#1597,.T.);
#1140=ORIENTED_EDGE('',*,*,#1282,.T.);
#1141=ORIENTED_EDGE('',*,*,#1600,.T.);
#1142=ORIENTED_EDGE('',*,*,#1567,.T.);
#1143=ORIENTED_EDGE('',*,*,#1331,.F.);
#1144=ORIENTED_EDGE('',*,*,#1271,.F.);
#1145=ORIENTED_EDGE('',*,*,#1601,.F.);
#1146=ORIENTED_EDGE('',*,*,#1602,.T.);
#1147=ORIENTED_EDGE('',*,*,#1603,.T.);
#1148=ORIENTED_EDGE('',*,*,#1270,.F.);
#1149=ORIENTED_EDGE('',*,*,#1604,.F.);
#1150=ORIENTED_EDGE('',*,*,#1605,.T.);
#1151=ORIENTED_EDGE('',*,*,#1601,.T.);
#1152=ORIENTED_EDGE('',*,*,#1269,.T.);
#1153=ORIENTED_EDGE('',*,*,#1606,.F.);
#1154=ORIENTED_EDGE('',*,*,#1607,.F.);
#1155=ORIENTED_EDGE('',*,*,#1604,.T.);
#1156=ORIENTED_EDGE('',*,*,#1268,.T.);
#1157=ORIENTED_EDGE('',*,*,#1534,.F.);
#1158=ORIENTED_EDGE('',*,*,#1608,.F.);
#1159=ORIENTED_EDGE('',*,*,#1606,.T.);
#1160=ORIENTED_EDGE('',*,*,#1535,.T.);
#1161=ORIENTED_EDGE('',*,*,#1519,.F.);
#1162=ORIENTED_EDGE('',*,*,#1609,.F.);
#1163=ORIENTED_EDGE('',*,*,#1532,.T.);
#1164=ORIENTED_EDGE('',*,*,#1272,.F.);
#1165=ORIENTED_EDGE('',*,*,#1603,.F.);
#1166=ORIENTED_EDGE('',*,*,#1610,.T.);
#1167=ORIENTED_EDGE('',*,*,#1517,.T.);
#1168=ORIENTED_EDGE('',*,*,#1602,.F.);
#1169=ORIENTED_EDGE('',*,*,#1605,.F.);
#1170=ORIENTED_EDGE('',*,*,#1607,.T.);
#1171=ORIENTED_EDGE('',*,*,#1608,.T.);
#1172=ORIENTED_EDGE('',*,*,#1533,.F.);
#1173=ORIENTED_EDGE('',*,*,#1609,.T.);
#1174=ORIENTED_EDGE('',*,*,#1518,.T.);
#1175=ORIENTED_EDGE('',*,*,#1610,.F.);
#1176=ORIENTED_EDGE('',*,*,#1548,.F.);
#1177=ORIENTED_EDGE('',*,*,#1288,.F.);
#1178=ORIENTED_EDGE('',*,*,#1611,.F.);
#1179=ORIENTED_EDGE('',*,*,#1611,.T.);
#1180=ORIENTED_EDGE('',*,*,#1492,.F.);
#1181=ORIENTED_EDGE('',*,*,#1612,.F.);
#1182=ORIENTED_EDGE('',*,*,#1504,.F.);
#1183=ORIENTED_EDGE('',*,*,#1549,.F.);
#1184=ORIENTED_EDGE('',*,*,#1612,.T.);
#1185=ORIENTED_EDGE('',*,*,#1491,.F.);
#1186=ORIENTED_EDGE('',*,*,#1613,.F.);
#1187=ORIENTED_EDGE('',*,*,#1509,.F.);
#1188=ORIENTED_EDGE('',*,*,#1613,.T.);
#1189=ORIENTED_EDGE('',*,*,#1494,.F.);
#1190=ORIENTED_EDGE('',*,*,#1614,.F.);
#1191=ORIENTED_EDGE('',*,*,#1276,.F.);
#1192=ORIENTED_EDGE('',*,*,#1614,.T.);
#1193=ORIENTED_EDGE('',*,*,#1513,.F.);
#1194=ORIENTED_EDGE('',*,*,#1615,.F.);
#1195=ORIENTED_EDGE('',*,*,#1277,.F.);
#1196=ORIENTED_EDGE('',*,*,#1615,.T.);
#1197=ORIENTED_EDGE('',*,*,#1522,.F.);
#1198=ORIENTED_EDGE('',*,*,#1616,.F.);
#1199=ORIENTED_EDGE('',*,*,#1278,.F.);
#1200=ORIENTED_EDGE('',*,*,#1616,.T.);
#1201=ORIENTED_EDGE('',*,*,#1536,.F.);
#1202=ORIENTED_EDGE('',*,*,#1617,.F.);
#1203=ORIENTED_EDGE('',*,*,#1279,.F.);
#1204=ORIENTED_EDGE('',*,*,#1617,.T.);
#1205=ORIENTED_EDGE('',*,*,#1526,.F.);
#1206=ORIENTED_EDGE('',*,*,#1618,.F.);
#1207=ORIENTED_EDGE('',*,*,#1280,.F.);
#1208=ORIENTED_EDGE('',*,*,#1618,.T.);
#1209=ORIENTED_EDGE('',*,*,#1514,.F.);
#1210=ORIENTED_EDGE('',*,*,#1619,.F.);
#1211=ORIENTED_EDGE('',*,*,#1263,.F.);
#1212=ORIENTED_EDGE('',*,*,#1619,.T.);
#1213=ORIENTED_EDGE('',*,*,#1498,.F.);
#1214=ORIENTED_EDGE('',*,*,#1620,.F.);
#1215=ORIENTED_EDGE('',*,*,#1264,.F.);
#1216=ORIENTED_EDGE('',*,*,#1620,.T.);
#1217=ORIENTED_EDGE('',*,*,#1497,.F.);
#1218=ORIENTED_EDGE('',*,*,#1621,.F.);
#1219=ORIENTED_EDGE('',*,*,#1510,.F.);
#1220=ORIENTED_EDGE('',*,*,#1621,.T.);
#1221=ORIENTED_EDGE('',*,*,#1496,.F.);
#1222=ORIENTED_EDGE('',*,*,#1539,.F.);
#1223=ORIENTED_EDGE('',*,*,#1507,.F.);
#1224=ORIENTED_EDGE('',*,*,#1622,.F.);
#1225=ORIENTED_EDGE('',*,*,#1623,.T.);
#1226=ORIENTED_EDGE('',*,*,#1624,.T.);
#1227=ORIENTED_EDGE('',*,*,#1378,.F.);
#1228=ORIENTED_EDGE('',*,*,#1625,.T.);
#1229=ORIENTED_EDGE('',*,*,#1626,.F.);
#1230=ORIENTED_EDGE('',*,*,#1388,.F.);
#1231=ORIENTED_EDGE('',*,*,#1627,.T.);
#1232=ORIENTED_EDGE('',*,*,#1628,.T.);
#1233=ORIENTED_EDGE('',*,*,#1627,.F.);
#1234=ORIENTED_EDGE('',*,*,#1389,.F.);
#1235=ORIENTED_EDGE('',*,*,#1626,.T.);
#1236=ORIENTED_EDGE('',*,*,#1625,.F.);
#1237=ORIENTED_EDGE('',*,*,#1628,.F.);
#1238=ORIENTED_EDGE('',*,*,#1629,.T.);
#1239=ORIENTED_EDGE('',*,*,#1630,.T.);
#1240=ORIENTED_EDGE('',*,*,#1631,.F.);
#1241=ORIENTED_EDGE('',*,*,#1623,.F.);
#1242=ORIENTED_EDGE('',*,*,#1377,.T.);
#1243=ORIENTED_EDGE('',*,*,#1632,.T.);
#1244=ORIENTED_EDGE('',*,*,#1629,.F.);
#1245=ORIENTED_EDGE('',*,*,#1622,.T.);
#1246=ORIENTED_EDGE('',*,*,#1631,.T.);
#1247=ORIENTED_EDGE('',*,*,#1633,.T.);
#1248=ORIENTED_EDGE('',*,*,#1379,.F.);
#1249=ORIENTED_EDGE('',*,*,#1624,.F.);
#1250=ORIENTED_EDGE('',*,*,#1630,.F.);
#1251=ORIENTED_EDGE('',*,*,#1634,.T.);
#1252=ORIENTED_EDGE('',*,*,#1485,.F.);
#1253=ORIENTED_EDGE('',*,*,#1635,.T.);
#1254=ORIENTED_EDGE('',*,*,#1634,.F.);
#1255=ORIENTED_EDGE('',*,*,#1632,.F.);
#1256=ORIENTED_EDGE('',*,*,#1376,.F.);
#1257=ORIENTED_EDGE('',*,*,#1319,.F.);
#1258=ORIENTED_EDGE('',*,*,#1486,.F.);
#1259=ORIENTED_EDGE('',*,*,#1635,.F.);
#1260=ORIENTED_EDGE('',*,*,#1490,.F.);
#1261=ORIENTED_EDGE('',*,*,#1380,.F.);
#1262=ORIENTED_EDGE('',*,*,#1633,.F.);
#1263=EDGE_CURVE('',#1636,#1637,#1881,.F.);
#1264=EDGE_CURVE('',#1637,#1638,#127,.T.);
#1265=EDGE_CURVE('',#1638,#1639,#128,.T.);
#1266=EDGE_CURVE('',#1640,#1639,#129,.T.);
#1267=EDGE_CURVE('',#1641,#1640,#1882,.T.);
#1268=EDGE_CURVE('',#1642,#1641,#130,.T.);
#1269=EDGE_CURVE('',#1643,#1642,#131,.T.);
#1270=EDGE_CURVE('',#1643,#1644,#1883,.T.);
#1271=EDGE_CURVE('',#1644,#1645,#132,.T.);
#1272=EDGE_CURVE('',#1645,#1646,#133,.T.);
#1273=EDGE_CURVE('',#1646,#1647,#1884,.T.);
#1274=EDGE_CURVE('',#1647,#1648,#134,.T.);
#1275=EDGE_CURVE('',#1648,#1649,#135,.T.);
#1276=EDGE_CURVE('',#1649,#1650,#136,.F.);
#1277=EDGE_CURVE('',#1650,#1651,#1885,.T.);
#1278=EDGE_CURVE('',#1651,#1652,#137,.F.);
#1279=EDGE_CURVE('',#1652,#1653,#1886,.T.);
#1280=EDGE_CURVE('',#1653,#1636,#138,.T.);
#1281=EDGE_CURVE('',#1654,#1654,#1887,.T.);
#1282=EDGE_CURVE('',#1655,#1655,#1888,.T.);
#1283=EDGE_CURVE('',#1656,#1656,#1889,.T.);
#1284=EDGE_CURVE('',#1657,#1657,#1890,.T.);
#1285=EDGE_CURVE('',#1658,#1658,#1891,.T.);
#1286=EDGE_CURVE('',#1659,#1659,#1892,.T.);
#1287=EDGE_CURVE('',#1660,#1661,#139,.T.);
#1288=EDGE_CURVE('',#1660,#1662,#56,.F.);
#1289=EDGE_CURVE('',#1662,#1663,#1893,.T.);
#1290=EDGE_CURVE('',#1663,#1664,#140,.T.);
#1291=EDGE_CURVE('',#1664,#1665,#1894,.F.);
#1292=EDGE_CURVE('',#1665,#1666,#32,.T.);
#1293=EDGE_CURVE('',#1666,#1667,#1895,.F.);
#1294=EDGE_CURVE('',#1667,#1668,#33,.T.);
#1295=EDGE_CURVE('',#1668,#1661,#1896,.F.);
#1296=EDGE_CURVE('',#1669,#1669,#1897,.T.);
#1297=EDGE_CURVE('',#1670,#1670,#1898,.T.);
#1298=EDGE_CURVE('',#1671,#1672,#1899,.F.);
#1299=EDGE_CURVE('',#1671,#1673,#141,.T.);
#1300=EDGE_CURVE('',#1674,#1673,#142,.T.);
#1301=EDGE_CURVE('',#1674,#1675,#1900,.F.);
#1302=EDGE_CURVE('',#1675,#1672,#143,.T.);
#1303=EDGE_CURVE('',#1676,#1677,#144,.T.);
#1304=EDGE_CURVE('',#1676,#1678,#1901,.F.);
#1305=EDGE_CURVE('',#1679,#1678,#145,.T.);
#1306=EDGE_CURVE('',#1679,#1680,#1902,.T.);
#1307=EDGE_CURVE('',#1680,#1677,#146,.T.);
#1308=EDGE_CURVE('',#1675,#1681,#147,.F.);
#1309=EDGE_CURVE('',#1681,#1682,#148,.F.);
#1310=EDGE_CURVE('',#1683,#1682,#149,.T.);
#1311=EDGE_CURVE('',#1683,#1684,#150,.T.);
#1312=EDGE_CURVE('',#1685,#1684,#151,.T.);
#1313=EDGE_CURVE('',#1685,#1686,#152,.F.);
#1314=EDGE_CURVE('',#1686,#1672,#153,.T.);
#1315=EDGE_CURVE('',#1687,#1688,#154,.T.);
#1316=EDGE_CURVE('',#1689,#1688,#155,.T.);
#1317=EDGE_CURVE('',#1690,#1689,#156,.T.);
#1318=EDGE_CURVE('',#1691,#1690,#157,.T.);
#1319=EDGE_CURVE('',#1691,#1687,#57,.F.);
#1320=EDGE_CURVE('',#1692,#1693,#1903,.T.);
#1321=EDGE_CURVE('',#1694,#1692,#158,.T.);
#1322=EDGE_CURVE('',#1694,#1695,#1904,.T.);
#1323=EDGE_CURVE('',#1695,#1696,#159,.T.);
#1324=EDGE_CURVE('',#1696,#1693,#1905,.T.);
#1325=EDGE_CURVE('',#1661,#1689,#1906,.F.);
#1326=EDGE_CURVE('',#1697,#1661,#160,.T.);
#1327=EDGE_CURVE('',#1690,#1697,#1907,.T.);
#1328=EDGE_CURVE('',#1698,#1699,#161,.T.);
#1329=EDGE_CURVE('',#1696,#1699,#162,.T.);
#1330=EDGE_CURVE('',#1698,#1695,#163,.T.);
#1331=EDGE_CURVE('',#1700,#1700,#1908,.T.);
#1332=EDGE_CURVE('',#1701,#1702,#164,.T.);
#1333=EDGE_CURVE('',#1701,#1685,#1909,.T.);
#1334=EDGE_CURVE('',#1684,#1703,#1910,.T.);
#1335=EDGE_CURVE('',#1703,#1704,#165,.T.);
#1336=EDGE_CURVE('',#1704,#1705,#1911,.T.);
#1337=EDGE_CURVE('',#1706,#1705,#166,.T.);
#1338=EDGE_CURVE('',#1706,#1702,#1912,.T.);
#1339=EDGE_CURVE('',#1707,#1708,#167,.T.);
#1340=EDGE_CURVE('',#1708,#1709,#1913,.F.);
#1341=EDGE_CURVE('',#1710,#1709,#168,.T.);
#1342=EDGE_CURVE('',#1710,#1694,#169,.T.);
#1343=EDGE_CURVE('',#1711,#1692,#170,.T.);
#1344=EDGE_CURVE('',#1711,#1712,#1914,.T.);
#1345=EDGE_CURVE('',#1712,#1713,#171,.T.);
#1346=EDGE_CURVE('',#1713,#1714,#1915,.T.);
#1347=EDGE_CURVE('',#1714,#1715,#172,.T.);
#1348=EDGE_CURVE('',#1715,#1716,#173,.T.);
#1349=EDGE_CURVE('',#1717,#1716,#174,.T.);
#1350=EDGE_CURVE('',#1717,#1718,#1916,.T.);
#1351=EDGE_CURVE('',#1718,#1719,#175,.T.);
#1352=EDGE_CURVE('',#1719,#1707,#1917,.F.);
#1353=EDGE_CURVE('',#1720,#1721,#176,.T.);
#1354=EDGE_CURVE('',#1721,#1722,#177,.T.);
#1355=EDGE_CURVE('',#1722,#1723,#178,.T.);
#1356=EDGE_CURVE('',#1720,#1723,#179,.T.);
#1357=EDGE_CURVE('',#1715,#1724,#1918,.T.);
#1358=EDGE_CURVE('',#1720,#1724,#1919,.T.);
#1359=EDGE_CURVE('',#1716,#1723,#1920,.T.);
#1360=EDGE_CURVE('',#1725,#1726,#180,.T.);
#1361=EDGE_CURVE('',#1725,#1727,#1921,.F.);
#1362=EDGE_CURVE('',#1727,#1728,#181,.T.);
#1363=EDGE_CURVE('',#1728,#1726,#1922,.T.);
#1364=EDGE_CURVE('',#1727,#1729,#182,.T.);
#1365=EDGE_CURVE('',#1729,#1730,#183,.T.);
#1366=EDGE_CURVE('',#1730,#1728,#184,.T.);
#1367=EDGE_CURVE('',#1729,#1731,#185,.T.);
#1368=EDGE_CURVE('',#1731,#1732,#1923,.T.);
#1369=EDGE_CURVE('',#1732,#1733,#186,.T.);
#1370=EDGE_CURVE('',#1733,#1734,#1924,.F.);
#1371=EDGE_CURVE('',#1734,#1735,#1925,.T.);
#1372=EDGE_CURVE('',#1735,#1736,#1926,.F.);
#1373=EDGE_CURVE('',#1737,#1736,#187,.T.);
#1374=EDGE_CURVE('',#1738,#1737,#1927,.T.);
#1375=EDGE_CURVE('',#1688,#1738,#188,.T.);
#1376=EDGE_CURVE('',#1687,#1739,#1928,.F.);
#1377=EDGE_CURVE('',#1740,#1739,#189,.T.);
#1378=EDGE_CURVE('',#1740,#1741,#1929,.T.);
#1379=EDGE_CURVE('',#1741,#1742,#190,.T.);
#1380=EDGE_CURVE('',#1742,#1743,#1930,.F.);
#1381=EDGE_CURVE('',#1744,#1743,#191,.T.);
#1382=EDGE_CURVE('',#1745,#1744,#1931,.T.);
#1383=EDGE_CURVE('',#1746,#1745,#192,.T.);
#1384=EDGE_CURVE('',#1747,#1746,#1932,.T.);
#1385=EDGE_CURVE('',#1747,#1748,#193,.T.);
#1386=EDGE_CURVE('',#1748,#1749,#1933,.T.);
#1387=EDGE_CURVE('',#1749,#1730,#194,.T.);
#1388=EDGE_CURVE('',#1750,#1751,#58,.T.);
#1389=EDGE_CURVE('',#1751,#1750,#1934,.T.);
#1390=EDGE_CURVE('',#1752,#1753,#195,.T.);
#1391=EDGE_CURVE('',#1753,#1719,#196,.T.);
#1392=EDGE_CURVE('',#1752,#1718,#197,.T.);
#1393=EDGE_CURVE('',#1709,#1754,#198,.F.);
#1394=EDGE_CURVE('',#1755,#1754,#199,.T.);
#1395=EDGE_CURVE('',#1755,#1710,#200,.T.);
#1396=EDGE_CURVE('',#1754,#1756,#1935,.T.);
#1397=EDGE_CURVE('',#1756,#1757,#201,.T.);
#1398=EDGE_CURVE('',#1757,#1758,#1936,.T.);
#1399=EDGE_CURVE('',#1758,#1759,#202,.T.);
#1400=EDGE_CURVE('',#1759,#1760,#203,.F.);
#1401=EDGE_CURVE('',#1755,#1760,#204,.T.);
#1402=EDGE_CURVE('',#1761,#1762,#205,.T.);
#1403=EDGE_CURVE('',#1762,#1763,#206,.F.);
#1404=EDGE_CURVE('',#1763,#1679,#207,.T.);
#1405=EDGE_CURVE('',#1678,#1764,#208,.T.);
#1406=EDGE_CURVE('',#1764,#1706,#209,.T.);
#1407=EDGE_CURVE('',#1705,#1761,#210,.F.);
#1408=EDGE_CURVE('',#1765,#1766,#211,.F.);
#1409=EDGE_CURVE('',#1766,#1753,#1937,.T.);
#1410=EDGE_CURVE('',#1767,#1752,#1938,.T.);
#1411=EDGE_CURVE('',#1767,#1768,#212,.T.);
#1412=EDGE_CURVE('',#1768,#1769,#213,.F.);
#1413=EDGE_CURVE('',#1769,#1770,#214,.F.);
#1414=EDGE_CURVE('',#1770,#1765,#1939,.F.);
#1415=EDGE_CURVE('',#1771,#1772,#215,.T.);
#1416=EDGE_CURVE('',#1771,#1708,#216,.T.);
#1417=EDGE_CURVE('',#1707,#1772,#217,.F.);
#1418=EDGE_CURVE('',#1760,#1773,#1940,.T.);
#1419=EDGE_CURVE('',#1774,#1773,#218,.T.);
#1420=EDGE_CURVE('',#1775,#1774,#1941,.T.);
#1421=EDGE_CURVE('',#1776,#1775,#219,.T.);
#1422=EDGE_CURVE('',#1776,#1777,#220,.T.);
#1423=EDGE_CURVE('',#1777,#1698,#221,.T.);
#1424=EDGE_CURVE('',#1778,#1722,#222,.T.);
#1425=EDGE_CURVE('',#1779,#1778,#223,.T.);
#1426=EDGE_CURVE('',#1779,#1780,#224,.T.);
#1427=EDGE_CURVE('',#1780,#1781,#1942,.T.);
#1428=EDGE_CURVE('',#1781,#1782,#225,.T.);
#1429=EDGE_CURVE('',#1782,#1768,#1943,.F.);
#1430=EDGE_CURVE('',#1767,#1717,#226,.T.);
#1431=EDGE_CURVE('',#1714,#1783,#227,.T.);
#1432=EDGE_CURVE('',#1783,#1676,#228,.T.);
#1433=EDGE_CURVE('',#1680,#1784,#229,.T.);
#1434=EDGE_CURVE('',#1784,#1785,#1944,.T.);
#1435=EDGE_CURVE('',#1785,#1786,#230,.F.);
#1436=EDGE_CURVE('',#1786,#1787,#1945,.F.);
#1437=EDGE_CURVE('',#1787,#1788,#231,.F.);
#1438=EDGE_CURVE('',#1788,#1789,#232,.T.);
#1439=EDGE_CURVE('',#1721,#1789,#233,.T.);
#1440=EDGE_CURVE('',#1671,#1790,#234,.T.);
#1441=EDGE_CURVE('',#1790,#1711,#235,.F.);
#1442=EDGE_CURVE('',#1699,#1664,#236,.T.);
#1443=EDGE_CURVE('',#1663,#1791,#237,.T.);
#1444=EDGE_CURVE('',#1791,#1792,#1946,.T.);
#1445=EDGE_CURVE('',#1792,#1793,#238,.T.);
#1446=EDGE_CURVE('',#1793,#1794,#1947,.F.);
#1447=EDGE_CURVE('',#1794,#1674,#239,.F.);
#1448=EDGE_CURVE('',#1773,#1795,#240,.T.);
#1449=EDGE_CURVE('',#1795,#1796,#241,.F.);
#1450=EDGE_CURVE('',#1774,#1796,#242,.T.);
#1451=EDGE_CURVE('',#1797,#1781,#243,.T.);
#1452=EDGE_CURVE('',#1797,#1798,#244,.T.);
#1453=EDGE_CURVE('',#1798,#1782,#245,.T.);
#1454=EDGE_CURVE('',#1796,#1799,#34,.T.);
#1455=EDGE_CURVE('',#1775,#1799,#246,.T.);
#1456=EDGE_CURVE('',#1800,#1780,#247,.T.);
#1457=EDGE_CURVE('',#1800,#1797,#1948,.T.);
#1458=EDGE_CURVE('',#1798,#1769,#35,.T.);
#1459=EDGE_CURVE('',#1759,#1795,#36,.T.);
#1460=EDGE_CURVE('',#1799,#1801,#248,.F.);
#1461=EDGE_CURVE('',#1801,#1802,#1949,.F.);
#1462=EDGE_CURVE('',#1803,#1802,#249,.T.);
#1463=EDGE_CURVE('',#1803,#1776,#1950,.T.);
#1464=EDGE_CURVE('',#1804,#1805,#1951,.T.);
#1465=EDGE_CURVE('',#1805,#1800,#250,.T.);
#1466=EDGE_CURVE('',#1806,#1779,#1952,.T.);
#1467=EDGE_CURVE('',#1804,#1806,#251,.T.);
#1468=EDGE_CURVE('',#1697,#1777,#1953,.T.);
#1469=EDGE_CURVE('',#1668,#1807,#1954,.F.);
#1470=EDGE_CURVE('',#1807,#1808,#252,.T.);
#1471=EDGE_CURVE('',#1808,#1809,#1955,.F.);
#1472=EDGE_CURVE('',#1809,#1725,#1956,.F.);
#1473=EDGE_CURVE('',#1726,#1778,#1957,.T.);
#1474=EDGE_CURVE('',#1789,#1810,#1958,.F.);
#1475=EDGE_CURVE('',#1810,#1811,#1959,.F.);
#1476=EDGE_CURVE('',#1812,#1811,#253,.T.);
#1477=EDGE_CURVE('',#1812,#1665,#1960,.F.);
#1478=EDGE_CURVE('',#1803,#1697,#254,.T.);
#1479=EDGE_CURVE('',#1813,#1814,#1961,.T.);
#1480=EDGE_CURVE('',#1814,#1810,#37,.T.);
#1481=EDGE_CURVE('',#1788,#1815,#1962,.F.);
#1482=EDGE_CURVE('',#1815,#1725,#255,.T.);
#1483=EDGE_CURVE('',#1809,#1813,#38,.T.);
#1484=EDGE_CURVE('',#1806,#1726,#256,.T.);
#1485=EDGE_CURVE('',#1816,#1817,#257,.F.);
#1486=EDGE_CURVE('',#1817,#1691,#258,.T.);
#1487=EDGE_CURVE('',#1818,#1803,#259,.T.);
#1488=EDGE_CURVE('',#1648,#1818,#1963,.T.);
#1489=EDGE_CURVE('',#1647,#1744,#260,.T.);
#1490=EDGE_CURVE('',#1743,#1816,#261,.F.);
#1491=EDGE_CURVE('',#1819,#1820,#1964,.F.);
#1492=EDGE_CURVE('',#1820,#1660,#262,.T.);
#1493=EDGE_CURVE('',#1821,#1738,#263,.T.);
#1494=EDGE_CURVE('',#1821,#1819,#264,.T.);
#1495=EDGE_CURVE('',#1815,#1822,#39,.F.);
#1496=EDGE_CURVE('',#1822,#1823,#265,.F.);
#1497=EDGE_CURVE('',#1823,#1824,#1965,.T.);
#1498=EDGE_CURVE('',#1824,#1825,#266,.F.);
#1499=EDGE_CURVE('',#1825,#1731,#267,.T.);
#1500=EDGE_CURVE('',#1640,#1749,#268,.T.);
#1501=EDGE_CURVE('',#1639,#1826,#1966,.T.);
#1502=EDGE_CURVE('',#1826,#1806,#269,.T.);
#1503=EDGE_CURVE('',#1802,#1827,#40,.T.);
#1504=EDGE_CURVE('',#1827,#1828,#270,.F.);
#1505=EDGE_CURVE('',#1818,#1828,#271,.T.);
#1506=EDGE_CURVE('',#1829,#1826,#272,.T.);
#1507=EDGE_CURVE('',#1829,#1830,#273,.T.);
#1508=EDGE_CURVE('',#1830,#1804,#41,.T.);
#1509=EDGE_CURVE('',#1828,#1649,#1967,.T.);
#1510=EDGE_CURVE('',#1638,#1829,#1968,.F.);
#1511=EDGE_CURVE('',#1646,#1745,#274,.T.);
#1512=EDGE_CURVE('',#1831,#1737,#275,.T.);
#1513=EDGE_CURVE('',#1831,#1821,#1969,.F.);
#1514=EDGE_CURVE('',#1825,#1832,#1970,.T.);
#1515=EDGE_CURVE('',#1832,#1732,#276,.T.);
#1516=EDGE_CURVE('',#1641,#1748,#277,.T.);
#1517=EDGE_CURVE('',#1833,#1646,#278,.T.);
#1518=EDGE_CURVE('',#1834,#1833,#279,.T.);
#1519=EDGE_CURVE('',#1834,#1835,#280,.T.);
#1520=EDGE_CURVE('',#1835,#1746,#281,.T.);
#1521=EDGE_CURVE('',#1836,#1837,#282,.T.);
#1522=EDGE_CURVE('',#1836,#1831,#283,.T.);
#1523=EDGE_CURVE('',#1736,#1838,#42,.T.);
#1524=EDGE_CURVE('',#1838,#1839,#284,.T.);
#1525=EDGE_CURVE('',#1839,#1837,#285,.T.);
#1526=EDGE_CURVE('',#1832,#1840,#286,.F.);
#1527=EDGE_CURVE('',#1840,#1841,#287,.T.);
#1528=EDGE_CURVE('',#1842,#1841,#288,.T.);
#1529=EDGE_CURVE('',#1842,#1843,#289,.T.);
#1530=EDGE_CURVE('',#1843,#1733,#43,.T.);
#1531=EDGE_CURVE('',#1844,#1747,#290,.T.);
#1532=EDGE_CURVE('',#1845,#1844,#291,.T.);
#1533=EDGE_CURVE('',#1845,#1846,#292,.T.);
#1534=EDGE_CURVE('',#1846,#1641,#293,.T.);
#1535=EDGE_CURVE('',#1844,#1835,#1971,.T.);
#1536=EDGE_CURVE('',#1840,#1836,#44,.T.);
#1537=EDGE_CURVE('',#1841,#1837,#1972,.T.);
#1538=EDGE_CURVE('',#1805,#1788,#1973,.T.);
#1539=EDGE_CURVE('',#1830,#1822,#45,.T.);
#1540=EDGE_CURVE('',#1800,#1787,#1974,.T.);
#1541=EDGE_CURVE('',#1797,#1786,#1975,.T.);
#1542=EDGE_CURVE('',#1798,#1785,#1976,.T.);
#1543=EDGE_CURVE('',#1769,#1784,#1977,.T.);
#1544=EDGE_CURVE('',#1770,#1680,#1978,.T.);
#1545=EDGE_CURVE('',#1765,#1679,#1979,.T.);
#1546=EDGE_CURVE('',#1763,#1766,#46,.T.);
#1547=EDGE_CURVE('',#1663,#1801,#1980,.T.);
#1548=EDGE_CURVE('',#1662,#1847,#47,.F.);
#1549=EDGE_CURVE('',#1847,#1827,#48,.F.);
#1550=EDGE_CURVE('',#1791,#1799,#1981,.T.);
#1551=EDGE_CURVE('',#1792,#1796,#1982,.T.);
#1552=EDGE_CURVE('',#1793,#1795,#1983,.T.);
#1553=EDGE_CURVE('',#1794,#1759,#1984,.T.);
#1554=EDGE_CURVE('',#1674,#1758,#1985,.T.);
#1555=EDGE_CURVE('',#1675,#1757,#1986,.T.);
#1556=EDGE_CURVE('',#1756,#1681,#49,.T.);
#1557=EDGE_CURVE('',#1839,#1842,#1987,.T.);
#1558=EDGE_CURVE('',#1848,#1849,#294,.T.);
#1559=EDGE_CURVE('',#1849,#1704,#295,.T.);
#1560=EDGE_CURVE('',#1703,#1848,#296,.F.);
#1561=EDGE_CURVE('',#1850,#1850,#1988,.T.);
#1562=EDGE_CURVE('',#1682,#1771,#1989,.F.);
#1563=EDGE_CURVE('',#1772,#1762,#1990,.F.);
#1564=EDGE_CURVE('',#1761,#1849,#1991,.T.);
#1565=EDGE_CURVE('',#1848,#1683,#1992,.T.);
#1566=EDGE_CURVE('',#1851,#1851,#1993,.T.);
#1567=EDGE_CURVE('',#1852,#1852,#1994,.T.);
#1568=EDGE_CURVE('',#1702,#1853,#297,.F.);
#1569=EDGE_CURVE('',#1854,#1853,#298,.T.);
#1570=EDGE_CURVE('',#1854,#1701,#299,.T.);
#1571=EDGE_CURVE('',#1855,#1856,#300,.T.);
#1572=EDGE_CURVE('',#1856,#1713,#301,.F.);
#1573=EDGE_CURVE('',#1712,#1855,#302,.T.);
#1574=EDGE_CURVE('',#1857,#1857,#1995,.T.);
#1575=EDGE_CURVE('',#1686,#1854,#1996,.T.);
#1576=EDGE_CURVE('',#1853,#1764,#1997,.T.);
#1577=EDGE_CURVE('',#1783,#1856,#1998,.T.);
#1578=EDGE_CURVE('',#1855,#1790,#1999,.T.);
#1579=EDGE_CURVE('',#1858,#1858,#2000,.T.);
#1580=EDGE_CURVE('',#1807,#1859,#50,.T.);
#1581=EDGE_CURVE('',#1859,#1860,#303,.T.);
#1582=EDGE_CURVE('',#1860,#1808,#51,.T.);
#1583=EDGE_CURVE('',#1861,#1862,#304,.T.);
#1584=EDGE_CURVE('',#1861,#1812,#52,.T.);
#1585=EDGE_CURVE('',#1811,#1862,#53,.T.);
#1586=EDGE_CURVE('',#1863,#1863,#2001,.T.);
#1587=EDGE_CURVE('',#1864,#1864,#2002,.T.);
#1588=EDGE_CURVE('',#1666,#1861,#2003,.T.);
#1589=EDGE_CURVE('',#1862,#1814,#2004,.T.);
#1590=EDGE_CURVE('',#1813,#1860,#2005,.T.);
#1591=EDGE_CURVE('',#1859,#1667,#2006,.T.);
#1592=EDGE_CURVE('',#1865,#1865,#2007,.T.);
#1593=EDGE_CURVE('',#1866,#1866,#2008,.T.);
#1594=EDGE_CURVE('',#1734,#1867,#54,.T.);
#1595=EDGE_CURVE('',#1867,#1868,#2009,.T.);
#1596=EDGE_CURVE('',#1868,#1735,#55,.T.);
#1597=EDGE_CURVE('',#1869,#1869,#2010,.T.);
#1598=EDGE_CURVE('',#1838,#1868,#2011,.T.);
#1599=EDGE_CURVE('',#1867,#1843,#2012,.T.);
#1600=EDGE_CURVE('',#1870,#1870,#2013,.T.);
#1601=EDGE_CURVE('',#1871,#1644,#305,.T.);
#1602=EDGE_CURVE('',#1871,#1872,#306,.T.);
#1603=EDGE_CURVE('',#1872,#1645,#307,.T.);
#1604=EDGE_CURVE('',#1873,#1643,#308,.T.);
#1605=EDGE_CURVE('',#1873,#1871,#2014,.T.);
#1606=EDGE_CURVE('',#1874,#1642,#309,.T.);
#1607=EDGE_CURVE('',#1873,#1874,#310,.T.);
#1608=EDGE_CURVE('',#1874,#1846,#311,.T.);
#1609=EDGE_CURVE('',#1845,#1834,#2015,.T.);
#1610=EDGE_CURVE('',#1872,#1833,#312,.T.);
#1611=EDGE_CURVE('',#1847,#1660,#2016,.T.);
#1612=EDGE_CURVE('',#1828,#1820,#2017,.T.);
#1613=EDGE_CURVE('',#1649,#1819,#2018,.T.);
#1614=EDGE_CURVE('',#1650,#1821,#2019,.T.);
#1615=EDGE_CURVE('',#1651,#1831,#2020,.T.);
#1616=EDGE_CURVE('',#1652,#1836,#2021,.T.);
#1617=EDGE_CURVE('',#1653,#1840,#2022,.T.);
#1618=EDGE_CURVE('',#1636,#1832,#2023,.T.);
#1619=EDGE_CURVE('',#1637,#1825,#2024,.T.);
#1620=EDGE_CURVE('',#1638,#1824,#2025,.T.);
#1621=EDGE_CURVE('',#1829,#1823,#2026,.T.);
#1622=EDGE_CURVE('',#1875,#1740,#313,.T.);
#1623=EDGE_CURVE('',#1875,#1876,#2027,.T.);
#1624=EDGE_CURVE('',#1876,#1741,#314,.T.);
#1625=EDGE_CURVE('',#1877,#1878,#59,.T.);
#1626=EDGE_CURVE('',#1751,#1878,#315,.T.);
#1627=EDGE_CURVE('',#1750,#1877,#316,.T.);
#1628=EDGE_CURVE('',#1878,#1877,#2028,.T.);
#1629=EDGE_CURVE('',#1875,#1879,#317,.T.);
#1630=EDGE_CURVE('',#1879,#1880,#318,.T.);
#1631=EDGE_CURVE('',#1876,#1880,#319,.T.);
#1632=EDGE_CURVE('',#1739,#1879,#320,.F.);
#1633=EDGE_CURVE('',#1880,#1742,#321,.T.);
#1634=EDGE_CURVE('',#1879,#1817,#60,.F.);
#1635=EDGE_CURVE('',#1816,#1880,#61,.T.);
#1636=VERTEX_POINT('',#3634);
#1637=VERTEX_POINT('',#3635);
#1638=VERTEX_POINT('',#3637);
#1639=VERTEX_POINT('',#3639);
#1640=VERTEX_POINT('',#3641);
#1641=VERTEX_POINT('',#3643);
#1642=VERTEX_POINT('',#3645);
#1643=VERTEX_POINT('',#3647);
#1644=VERTEX_POINT('',#3649);
#1645=VERTEX_POINT('',#3651);
#1646=VERTEX_POINT('',#3653);
#1647=VERTEX_POINT('',#3655);
#1648=VERTEX_POINT('',#3657);
#1649=VERTEX_POINT('',#3659);
#1650=VERTEX_POINT('',#3661);
#1651=VERTEX_POINT('',#3663);
#1652=VERTEX_POINT('',#3665);
#1653=VERTEX_POINT('',#3667);
#1654=VERTEX_POINT('',#3671);
#1655=VERTEX_POINT('',#3673);
#1656=VERTEX_POINT('',#3676);
#1657=VERTEX_POINT('',#3678);
#1658=VERTEX_POINT('',#3681);
#1659=VERTEX_POINT('',#3683);
#1660=VERTEX_POINT('',#3686);
#1661=VERTEX_POINT('',#3687);
#1662=VERTEX_POINT('',#3689);
#1663=VERTEX_POINT('',#3691);
#1664=VERTEX_POINT('',#3693);
#1665=VERTEX_POINT('',#3695);
#1666=VERTEX_POINT('',#3700);
#1667=VERTEX_POINT('',#3702);
#1668=VERTEX_POINT('',#3707);
#1669=VERTEX_POINT('',#3711);
#1670=VERTEX_POINT('',#3713);
#1671=VERTEX_POINT('',#3716);
#1672=VERTEX_POINT('',#3717);
#1673=VERTEX_POINT('',#3719);
#1674=VERTEX_POINT('',#3721);
#1675=VERTEX_POINT('',#3723);
#1676=VERTEX_POINT('',#3727);
#1677=VERTEX_POINT('',#3728);
#1678=VERTEX_POINT('',#3730);
#1679=VERTEX_POINT('',#3732);
#1680=VERTEX_POINT('',#3734);
#1681=VERTEX_POINT('',#3738);
#1682=VERTEX_POINT('',#3740);
#1683=VERTEX_POINT('',#3742);
#1684=VERTEX_POINT('',#3744);
#1685=VERTEX_POINT('',#3746);
#1686=VERTEX_POINT('',#3748);
#1687=VERTEX_POINT('',#3752);
#1688=VERTEX_POINT('',#3753);
#1689=VERTEX_POINT('',#3755);
#1690=VERTEX_POINT('',#3757);
#1691=VERTEX_POINT('',#3759);
#1692=VERTEX_POINT('',#3763);
#1693=VERTEX_POINT('',#3764);
#1694=VERTEX_POINT('',#3766);
#1695=VERTEX_POINT('',#3768);
#1696=VERTEX_POINT('',#3770);
#1697=VERTEX_POINT('',#3775);
#1698=VERTEX_POINT('',#3779);
#1699=VERTEX_POINT('',#3780);
#1700=VERTEX_POINT('',#3785);
#1701=VERTEX_POINT('',#3787);
#1702=VERTEX_POINT('',#3788);
#1703=VERTEX_POINT('',#3791);
#1704=VERTEX_POINT('',#3793);
#1705=VERTEX_POINT('',#3795);
#1706=VERTEX_POINT('',#3797);
#1707=VERTEX_POINT('',#3800);
#1708=VERTEX_POINT('',#3801);
#1709=VERTEX_POINT('',#3803);
#1710=VERTEX_POINT('',#3805);
#1711=VERTEX_POINT('',#3808);
#1712=VERTEX_POINT('',#3810);
#1713=VERTEX_POINT('',#3812);
#1714=VERTEX_POINT('',#3814);
#1715=VERTEX_POINT('',#3816);
#1716=VERTEX_POINT('',#3818);
#1717=VERTEX_POINT('',#3820);
#1718=VERTEX_POINT('',#3822);
#1719=VERTEX_POINT('',#3824);
#1720=VERTEX_POINT('',#3828);
#1721=VERTEX_POINT('',#3829);
#1722=VERTEX_POINT('',#3831);
#1723=VERTEX_POINT('',#3833);
#1724=VERTEX_POINT('',#3837);
#1725=VERTEX_POINT('',#3842);
#1726=VERTEX_POINT('',#3843);
#1727=VERTEX_POINT('',#3845);
#1728=VERTEX_POINT('',#3847);
#1729=VERTEX_POINT('',#3851);
#1730=VERTEX_POINT('',#3853);
#1731=VERTEX_POINT('',#3857);
#1732=VERTEX_POINT('',#3859);
#1733=VERTEX_POINT('',#3861);
#1734=VERTEX_POINT('',#3863);
#1735=VERTEX_POINT('',#3865);
#1736=VERTEX_POINT('',#3867);
#1737=VERTEX_POINT('',#3869);
#1738=VERTEX_POINT('',#3871);
#1739=VERTEX_POINT('',#3874);
#1740=VERTEX_POINT('',#3876);
#1741=VERTEX_POINT('',#3878);
#1742=VERTEX_POINT('',#3880);
#1743=VERTEX_POINT('',#3882);
#1744=VERTEX_POINT('',#3884);
#1745=VERTEX_POINT('',#3886);
#1746=VERTEX_POINT('',#3888);
#1747=VERTEX_POINT('',#3890);
#1748=VERTEX_POINT('',#3892);
#1749=VERTEX_POINT('',#3894);
#1750=VERTEX_POINT('',#3897);
#1751=VERTEX_POINT('',#3898);
#1752=VERTEX_POINT('',#3902);
#1753=VERTEX_POINT('',#3903);
#1754=VERTEX_POINT('',#3908);
#1755=VERTEX_POINT('',#3910);
#1756=VERTEX_POINT('',#3914);
#1757=VERTEX_POINT('',#3916);
#1758=VERTEX_POINT('',#3918);
#1759=VERTEX_POINT('',#3920);
#1760=VERTEX_POINT('',#3922);
#1761=VERTEX_POINT('',#3926);
#1762=VERTEX_POINT('',#3927);
#1763=VERTEX_POINT('',#3929);
#1764=VERTEX_POINT('',#3932);
#1765=VERTEX_POINT('',#3937);
#1766=VERTEX_POINT('',#3938);
#1767=VERTEX_POINT('',#3941);
#1768=VERTEX_POINT('',#3943);
#1769=VERTEX_POINT('',#3945);
#1770=VERTEX_POINT('',#3947);
#1771=VERTEX_POINT('',#3951);
#1772=VERTEX_POINT('',#3952);
#1773=VERTEX_POINT('',#3957);
#1774=VERTEX_POINT('',#3959);
#1775=VERTEX_POINT('',#3961);
#1776=VERTEX_POINT('',#3963);
#1777=VERTEX_POINT('',#3965);
#1778=VERTEX_POINT('',#3969);
#1779=VERTEX_POINT('',#3971);
#1780=VERTEX_POINT('',#3973);
#1781=VERTEX_POINT('',#3975);
#1782=VERTEX_POINT('',#3977);
#1783=VERTEX_POINT('',#3982);
#1784=VERTEX_POINT('',#3985);
#1785=VERTEX_POINT('',#3987);
#1786=VERTEX_POINT('',#3989);
#1787=VERTEX_POINT('',#3991);
#1788=VERTEX_POINT('',#3993);
#1789=VERTEX_POINT('',#3995);
#1790=VERTEX_POINT('',#3999);
#1791=VERTEX_POINT('',#4003);
#1792=VERTEX_POINT('',#4005);
#1793=VERTEX_POINT('',#4007);
#1794=VERTEX_POINT('',#4009);
#1795=VERTEX_POINT('',#4014);
#1796=VERTEX_POINT('',#4016);
#1797=VERTEX_POINT('',#4020);
#1798=VERTEX_POINT('',#4022);
#1799=VERTEX_POINT('',#4030);
#1800=VERTEX_POINT('',#4034);
#1801=VERTEX_POINT('',#4050);
#1802=VERTEX_POINT('',#4052);
#1803=VERTEX_POINT('',#4054);
#1804=VERTEX_POINT('',#4058);
#1805=VERTEX_POINT('',#4059);
#1806=VERTEX_POINT('',#4062);
#1807=VERTEX_POINT('',#4067);
#1808=VERTEX_POINT('',#4069);
#1809=VERTEX_POINT('',#4071);
#1810=VERTEX_POINT('',#4075);
#1811=VERTEX_POINT('',#4077);
#1812=VERTEX_POINT('',#4079);
#1813=VERTEX_POINT('',#4085);
#1814=VERTEX_POINT('',#4086);
#1815=VERTEX_POINT('',#4092);
#1816=VERTEX_POINT('',#4102);
#1817=VERTEX_POINT('',#4103);
#1818=VERTEX_POINT('',#4106);
#1819=VERTEX_POINT('',#4112);
#1820=VERTEX_POINT('',#4113);
#1821=VERTEX_POINT('',#4116);
#1822=VERTEX_POINT('',#4123);
#1823=VERTEX_POINT('',#4125);
#1824=VERTEX_POINT('',#4127);
#1825=VERTEX_POINT('',#4129);
#1826=VERTEX_POINT('',#4134);
#1827=VERTEX_POINT('',#4141);
#1828=VERTEX_POINT('',#4143);
#1829=VERTEX_POINT('',#4147);
#1830=VERTEX_POINT('',#4149);
#1831=VERTEX_POINT('',#4162);
#1832=VERTEX_POINT('',#4166);
#1833=VERTEX_POINT('',#4172);
#1834=VERTEX_POINT('',#4174);
#1835=VERTEX_POINT('',#4176);
#1836=VERTEX_POINT('',#4180);
#1837=VERTEX_POINT('',#4181);
#1838=VERTEX_POINT('',#4187);
#1839=VERTEX_POINT('',#4189);
#1840=VERTEX_POINT('',#4193);
#1841=VERTEX_POINT('',#4195);
#1842=VERTEX_POINT('',#4197);
#1843=VERTEX_POINT('',#4199);
#1844=VERTEX_POINT('',#4206);
#1845=VERTEX_POINT('',#4208);
#1846=VERTEX_POINT('',#4210);
#1847=VERTEX_POINT('',#4262);
#1848=VERTEX_POINT('',#4289);
#1849=VERTEX_POINT('',#4290);
#1850=VERTEX_POINT('',#4295);
#1851=VERTEX_POINT('',#4302);
#1852=VERTEX_POINT('',#4305);
#1853=VERTEX_POINT('',#4310);
#1854=VERTEX_POINT('',#4312);
#1855=VERTEX_POINT('',#4316);
#1856=VERTEX_POINT('',#4317);
#1857=VERTEX_POINT('',#4322);
#1858=VERTEX_POINT('',#4329);
#1859=VERTEX_POINT('',#4340);
#1860=VERTEX_POINT('',#4342);
#1861=VERTEX_POINT('',#4349);
#1862=VERTEX_POINT('',#4350);
#1863=VERTEX_POINT('',#4361);
#1864=VERTEX_POINT('',#4363);
#1865=VERTEX_POINT('',#4370);
#1866=VERTEX_POINT('',#4374);
#1867=VERTEX_POINT('',#4431);
#1868=VERTEX_POINT('',#4433);
#1869=VERTEX_POINT('',#4440);
#1870=VERTEX_POINT('',#4469);
#1871=VERTEX_POINT('',#4474);
#1872=VERTEX_POINT('',#4476);
#1873=VERTEX_POINT('',#4480);
#1874=VERTEX_POINT('',#4484);
#1875=VERTEX_POINT('',#4529);
#1876=VERTEX_POINT('',#4531);
#1877=VERTEX_POINT('',#4535);
#1878=VERTEX_POINT('',#4536);
#1879=VERTEX_POINT('',#4543);
#1880=VERTEX_POINT('',#4545);
#1881=CIRCLE('',#2574,0.00549999996963534);
#1882=CIRCLE('',#2575,0.003);
#1883=CIRCLE('',#2576,0.009);
#1884=CIRCLE('',#2577,0.0259150770088904);
#1885=CIRCLE('',#2578,0.0234150770279403);
#1886=CIRCLE('',#2579,0.00895753853857342);
#1887=CIRCLE('',#2581,0.00225);
#1888=CIRCLE('',#2582,0.00225);
#1889=CIRCLE('',#2584,0.00225);
#1890=CIRCLE('',#2585,0.00225);
#1891=CIRCLE('',#2587,0.00225);
#1892=CIRCLE('',#2588,0.00225);
#1893=CIRCLE('',#2591,0.01199999998095);
#1894=CIRCLE('',#2592,0.0119999999799468);
#1895=CIRCLE('',#2593,0.0119999999799468);
#1896=CIRCLE('',#2594,0.0119999999799468);
#1897=CIRCLE('',#2596,0.00225);
#1898=CIRCLE('',#2597,0.00225);
#1899=CIRCLE('',#2599,0.00399999995960884);
#1900=CIRCLE('',#2600,0.00399999996963536);
#1901=CIRCLE('',#2602,0.0189150770289435);
#1902=CIRCLE('',#2603,0.0189150770279403);
#1903=CIRCLE('',#2608,0.0147511593778622);
#1904=CIRCLE('',#2609,0.0147511593516076);
#1905=CIRCLE('',#2610,0.0147511593778622);
#1906=CIRCLE('',#2612,0.0147511594132827);
#1907=CIRCLE('',#2613,0.0147511594132827);
#1908=CIRCLE('',#2616,0.00225);
#1909=CIRCLE('',#2617,0.005);
#1910=CIRCLE('',#2618,0.005);
#1911=CIRCLE('',#2619,0.005);
#1912=CIRCLE('',#2620,0.005);
#1913=CIRCLE('',#2621,0.005);
#1914=CIRCLE('',#2622,0.005);
#1915=CIRCLE('',#2623,0.005);
#1916=CIRCLE('',#2624,0.0229150770289435);
#1917=CIRCLE('',#2625,0.005);
#1918=CIRCLE('',#2628,0.0147511593778622);
#1919=CIRCLE('',#2629,0.0147511593778622);
#1920=CIRCLE('',#2630,0.0147511594041168);
#1921=CIRCLE('',#2632,0.0147511594132827);
#1922=CIRCLE('',#2633,0.0147511594132827);
#1923=CIRCLE('',#2636,0.00699999995960884);
#1924=CIRCLE('',#2637,0.002);
#1925=CIRCLE('',#2638,0.00745753853466732);
#1926=CIRCLE('',#2639,0.002);
#1927=CIRCLE('',#2640,0.0219150770289435);
#1928=CIRCLE('',#2641,0.003);
#1929=CIRCLE('',#2642,0.005);
#1930=CIRCLE('',#2643,0.003);
#1931=CIRCLE('',#2644,0.0259150770289435);
#1932=CIRCLE('',#2645,0.0114575385279355);
#1933=CIRCLE('',#2646,0.00299999997307254);
#1934=CIRCLE('',#2648,0.002);
#1935=CIRCLE('',#2652,0.005);
#1936=CIRCLE('',#2653,0.00199999996963536);
#1937=CIRCLE('',#2656,0.005);
#1938=CIRCLE('',#2657,0.0229150770088903);
#1939=CIRCLE('',#2658,0.0209150770279403);
#1940=CIRCLE('',#2661,0.01175116);
#1941=CIRCLE('',#2662,0.0147511594657919);
#1942=CIRCLE('',#2664,0.0147511594041168);
#1943=CIRCLE('',#2665,0.01175116);
#1944=CIRCLE('',#2667,0.01375116);
#1945=CIRCLE('',#2668,0.0127511594086998);
#1946=CIRCLE('',#2670,0.012751159461209);
#1947=CIRCLE('',#2671,0.01375116);
#1948=CIRCLE('',#2677,0.0147511594086998);
#1949=CIRCLE('',#2681,0.00999999998095003);
#1950=CIRCLE('',#2682,0.008);
#1951=CIRCLE('',#2684,0.028915077039255);
#1952=CIRCLE('',#2685,0.0309150770088903);
#1953=CIRCLE('',#2687,0.00799999997994685);
#1954=CIRCLE('',#2688,0.005);
#1955=CIRCLE('',#2689,0.005);
#1956=CIRCLE('',#2690,0.0269150770492815);
#1957=CIRCLE('',#2691,0.0309150770358178);
#1958=CIRCLE('',#2692,0.0269150770492815);
#1959=CIRCLE('',#2693,0.005);
#1960=CIRCLE('',#2694,0.005);
#1961=CIRCLE('',#2697,0.0269150770492815);
#1962=CIRCLE('',#2698,0.026915077039255);
#1963=CIRCLE('',#2701,0.0147511594132827);
#1964=CIRCLE('',#2703,0.0132511594132827);
#1965=CIRCLE('',#2705,0.0132511594041168);
#1966=CIRCLE('',#2707,0.0147511594041168);
#1967=CIRCLE('',#2711,0.0147511594132827);
#1968=CIRCLE('',#2713,0.0147511594041168);
#1969=CIRCLE('',#2716,0.0219150770279403);
#1970=CIRCLE('',#2718,0.00699999996963534);
#1971=CIRCLE('',#2725,0.0114575385244327);
#1972=CIRCLE('',#2727,0.00745753853466732);
#1973=CIRCLE('',#2729,0.002);
#1974=CIRCLE('',#2731,0.002);
#1975=CIRCLE('',#2733,0.002);
#1976=CIRCLE('',#2735,0.002);
#1977=CIRCLE('',#2737,0.002);
#1978=CIRCLE('',#2739,0.002);
#1979=CIRCLE('',#2741,0.002);
#1980=CIRCLE('',#2744,0.002);
#1981=CIRCLE('',#2746,0.002);
#1982=CIRCLE('',#2748,0.002);
#1983=CIRCLE('',#2750,0.002);
#1984=CIRCLE('',#2752,0.002);
#1985=CIRCLE('',#2754,0.002);
#1986=CIRCLE('',#2756,0.002);
#1987=CIRCLE('',#2759,0.00745753853466732);
#1988=CIRCLE('',#2762,0.00375);
#1989=CIRCLE('',#2763,0.005);
#1990=CIRCLE('',#2764,0.005);
#1991=CIRCLE('',#2765,0.005);
#1992=CIRCLE('',#2766,0.005);
#1993=CIRCLE('',#2768,0.00375);
#1994=CIRCLE('',#2770,0.00225);
#1995=CIRCLE('',#2776,0.00375);
#1996=CIRCLE('',#2777,0.005);
#1997=CIRCLE('',#2778,0.005);
#1998=CIRCLE('',#2779,0.005);
#1999=CIRCLE('',#2780,0.005);
#2000=CIRCLE('',#2782,0.00375);
#2001=CIRCLE('',#2791,0.00375);
#2002=CIRCLE('',#2792,0.00375);
#2003=CIRCLE('',#2793,0.005);
#2004=CIRCLE('',#2794,0.005);
#2005=CIRCLE('',#2795,0.005);
#2006=CIRCLE('',#2796,0.005);
#2007=CIRCLE('',#2798,0.00375);
#2008=CIRCLE('',#2801,0.00375);
#2009=CIRCLE('',#2806,0.00745753853466732);
#2010=CIRCLE('',#2808,0.00375);
#2011=CIRCLE('',#2809,0.002);
#2012=CIRCLE('',#2810,0.002);
#2013=CIRCLE('',#2812,0.00375);
#2014=CIRCLE('',#2817,0.009);
#2015=CIRCLE('',#2821,0.0114575385244327);
#2016=CIRCLE('',#2824,0.0015);
#2017=CIRCLE('',#2826,0.0015);
#2018=CIRCLE('',#2828,0.0015);
#2019=CIRCLE('',#2830,0.0015);
#2020=CIRCLE('',#2832,0.0015);
#2021=CIRCLE('',#2834,0.0015);
#2022=CIRCLE('',#2836,0.0015);
#2023=CIRCLE('',#2838,0.0015);
#2024=CIRCLE('',#2840,0.0015);
#2025=CIRCLE('',#2842,0.0015);
#2026=CIRCLE('',#2844,0.0015);
#2027=CIRCLE('',#2847,0.005);
#2028=CIRCLE('',#2851,0.002);
#2029=EDGE_LOOP('',(#517,#518,#519,#520,#521,#522,#523,#524,#525,#526,#527,
#528,#529,#530,#531,#532,#533,#534));
#2030=EDGE_LOOP('',(#535));
#2031=EDGE_LOOP('',(#536));
#2032=EDGE_LOOP('',(#537));
#2033=EDGE_LOOP('',(#538));
#2034=EDGE_LOOP('',(#539));
#2035=EDGE_LOOP('',(#540));
#2036=EDGE_LOOP('',(#541,#542,#543,#544,#545,#546,#547,#548,#549));
#2037=EDGE_LOOP('',(#550));
#2038=EDGE_LOOP('',(#551));
#2039=EDGE_LOOP('',(#552,#553,#554,#555,#556));
#2040=EDGE_LOOP('',(#557,#558,#559,#560,#561));
#2041=EDGE_LOOP('',(#562,#563,#564,#565,#566,#567,#568,#569));
#2042=EDGE_LOOP('',(#570,#571,#572,#573,#574));
#2043=EDGE_LOOP('',(#575,#576,#577,#578,#579));
#2044=EDGE_LOOP('',(#580,#581,#582,#583));
#2045=EDGE_LOOP('',(#584,#585,#586,#587));
#2046=EDGE_LOOP('',(#588));
#2047=EDGE_LOOP('',(#589));
#2048=EDGE_LOOP('',(#590,#591,#592,#593,#594,#595,#596,#597));
#2049=EDGE_LOOP('',(#598,#599,#600,#601,#602,#603,#604,#605,#606,#607,#608,
#609,#610,#611,#612));
#2050=EDGE_LOOP('',(#613,#614,#615,#616));
#2051=EDGE_LOOP('',(#617,#618,#619,#620,#621));
#2052=EDGE_LOOP('',(#622,#623,#624,#625));
#2053=EDGE_LOOP('',(#626,#627,#628,#629));
#2054=EDGE_LOOP('',(#630,#631,#632,#633,#634,#635,#636,#637,#638,#639,#640,
#641,#642,#643,#644,#645,#646,#647,#648,#649,#650,#651,#652));
#2055=EDGE_LOOP('',(#653));
#2056=EDGE_LOOP('',(#654,#655));
#2057=EDGE_LOOP('',(#656,#657,#658,#659));
#2058=EDGE_LOOP('',(#660,#661,#662,#663));
#2059=EDGE_LOOP('',(#664,#665,#666,#667,#668,#669,#670));
#2060=EDGE_LOOP('',(#671,#672,#673,#674,#675,#676,#677,#678));
#2061=EDGE_LOOP('',(#679,#680,#681,#682,#683,#684,#685,#686));
#2062=EDGE_LOOP('',(#687,#688,#689,#690));
#2063=EDGE_LOOP('',(#691,#692,#693,#694,#695,#696,#697,#698,#699,#700,#701));
#2064=EDGE_LOOP('',(#702,#703,#704,#705,#706,#707,#708,#709,#710,#711,#712));
#2065=EDGE_LOOP('',(#713,#714,#715,#716,#717,#718,#719,#720,#721,#722,#723,
#724,#725,#726,#727));
#2066=EDGE_LOOP('',(#728,#729,#730,#731,#732,#733,#734,#735,#736,#737,#738,
#739,#740,#741,#742));
#2067=EDGE_LOOP('',(#743,#744,#745,#746));
#2068=EDGE_LOOP('',(#747,#748,#749,#750));
#2069=EDGE_LOOP('',(#751,#752,#753,#754));
#2070=EDGE_LOOP('',(#755,#756,#757,#758));
#2071=EDGE_LOOP('',(#759,#760,#761,#762));
#2072=EDGE_LOOP('',(#763,#764,#765,#766));
#2073=EDGE_LOOP('',(#767,#768,#769,#770));
#2074=EDGE_LOOP('',(#771,#772,#773,#774,#775,#776));
#2075=EDGE_LOOP('',(#777,#778,#779,#780,#781,#782));
#2076=EDGE_LOOP('',(#783));
#2077=EDGE_LOOP('',(#784));
#2078=EDGE_LOOP('',(#785,#786,#787,#788,#789,#790,#791,#792,#793,#794,#795,
#796,#797,#798,#799,#800,#801,#802,#803,#804));
#2079=EDGE_LOOP('',(#805,#806,#807,#808));
#2080=EDGE_LOOP('',(#809,#810,#811,#812,#813,#814,#815,#816));
#2081=EDGE_LOOP('',(#817,#818,#819,#820));
#2082=EDGE_LOOP('',(#821,#822,#823,#824,#825,#826,#827,#828,#829,#830,#831));
#2083=EDGE_LOOP('',(#832,#833,#834,#835,#836,#837,#838,#839));
#2084=EDGE_LOOP('',(#840,#841,#842,#843,#844,#845,#846,#847,#848));
#2085=EDGE_LOOP('',(#849,#850,#851,#852,#853,#854,#855,#856));
#2086=EDGE_LOOP('',(#857,#858,#859,#860,#861));
#2087=EDGE_LOOP('',(#862,#863,#864,#865,#866));
#2088=EDGE_LOOP('',(#867,#868,#869,#870));
#2089=EDGE_LOOP('',(#871,#872,#873,#874));
#2090=EDGE_LOOP('',(#875,#876,#877,#878));
#2091=EDGE_LOOP('',(#879,#880,#881,#882));
#2092=EDGE_LOOP('',(#883,#884,#885,#886));
#2093=EDGE_LOOP('',(#887,#888,#889,#890));
#2094=EDGE_LOOP('',(#891,#892,#893,#894,#895,#896));
#2095=EDGE_LOOP('',(#897,#898,#899,#900,#901,#902,#903));
#2096=EDGE_LOOP('',(#904,#905,#906,#907,#908,#909,#910));
#2097=EDGE_LOOP('',(#911,#912,#913,#914,#915,#916));
#2098=EDGE_LOOP('',(#917,#918,#919,#920));
#2099=EDGE_LOOP('',(#921,#922,#923,#924));
#2100=EDGE_LOOP('',(#925,#926,#927,#928,#929,#930));
#2101=EDGE_LOOP('',(#931,#932,#933,#934));
#2102=EDGE_LOOP('',(#935,#936,#937,#938));
#2103=EDGE_LOOP('',(#939,#940,#941,#942));
#2104=EDGE_LOOP('',(#943,#944,#945,#946));
#2105=EDGE_LOOP('',(#947,#948,#949,#950));
#2106=EDGE_LOOP('',(#951,#952,#953,#954));
#2107=EDGE_LOOP('',(#955,#956,#957,#958));
#2108=EDGE_LOOP('',(#959,#960,#961,#962,#963,#964));
#2109=EDGE_LOOP('',(#965,#966,#967,#968));
#2110=EDGE_LOOP('',(#969,#970,#971,#972));
#2111=EDGE_LOOP('',(#973,#974,#975,#976));
#2112=EDGE_LOOP('',(#977,#978,#979,#980));
#2113=EDGE_LOOP('',(#981,#982,#983,#984));
#2114=EDGE_LOOP('',(#985,#986,#987,#988));
#2115=EDGE_LOOP('',(#989,#990,#991,#992));
#2116=EDGE_LOOP('',(#993,#994,#995,#996));
#2117=EDGE_LOOP('',(#997,#998,#999,#1000));
#2118=EDGE_LOOP('',(#1001));
#2119=EDGE_LOOP('',(#1002,#1003,#1004,#1005,#1006,#1007,#1008,#1009));
#2120=EDGE_LOOP('',(#1010));
#2121=EDGE_LOOP('',(#1011));
#2122=EDGE_LOOP('',(#1012));
#2123=EDGE_LOOP('',(#1013));
#2124=EDGE_LOOP('',(#1014,#1015,#1016,#1017));
#2125=EDGE_LOOP('',(#1018,#1019,#1020,#1021));
#2126=EDGE_LOOP('',(#1022,#1023,#1024,#1025));
#2127=EDGE_LOOP('',(#1026,#1027,#1028,#1029));
#2128=EDGE_LOOP('',(#1030));
#2129=EDGE_LOOP('',(#1031,#1032,#1033,#1034,#1035,#1036,#1037,#1038,#1039,
#1040,#1041,#1042));
#2130=EDGE_LOOP('',(#1043));
#2131=EDGE_LOOP('',(#1044));
#2132=EDGE_LOOP('',(#1045));
#2133=EDGE_LOOP('',(#1046));
#2134=EDGE_LOOP('',(#1047,#1048,#1049,#1050));
#2135=EDGE_LOOP('',(#1051,#1052,#1053,#1054));
#2136=EDGE_LOOP('',(#1055,#1056,#1057,#1058));
#2137=EDGE_LOOP('',(#1059,#1060,#1061,#1062));
#2138=EDGE_LOOP('',(#1063,#1064,#1065,#1066));
#2139=EDGE_LOOP('',(#1067,#1068,#1069,#1070));
#2140=EDGE_LOOP('',(#1071));
#2141=EDGE_LOOP('',(#1072));
#2142=EDGE_LOOP('',(#1073,#1074,#1075,#1076,#1077,#1078,#1079,#1080));
#2143=EDGE_LOOP('',(#1081));
#2144=EDGE_LOOP('',(#1082));
#2145=EDGE_LOOP('',(#1083));
#2146=EDGE_LOOP('',(#1084));
#2147=EDGE_LOOP('',(#1085));
#2148=EDGE_LOOP('',(#1086));
#2149=EDGE_LOOP('',(#1087));
#2150=EDGE_LOOP('',(#1088));
#2151=EDGE_LOOP('',(#1089,#1090,#1091,#1092));
#2152=EDGE_LOOP('',(#1093,#1094,#1095,#1096));
#2153=EDGE_LOOP('',(#1097,#1098,#1099,#1100));
#2154=EDGE_LOOP('',(#1101,#1102,#1103,#1104));
#2155=EDGE_LOOP('',(#1105,#1106,#1107,#1108,#1109,#1110,#1111));
#2156=EDGE_LOOP('',(#1112,#1113,#1114,#1115,#1116,#1117,#1118));
#2157=EDGE_LOOP('',(#1119,#1120,#1121,#1122));
#2158=EDGE_LOOP('',(#1123));
#2159=EDGE_LOOP('',(#1124,#1125,#1126,#1127,#1128,#1129));
#2160=EDGE_LOOP('',(#1130,#1131,#1132,#1133));
#2161=EDGE_LOOP('',(#1134,#1135,#1136,#1137));
#2162=EDGE_LOOP('',(#1138));
#2163=EDGE_LOOP('',(#1139));
#2164=EDGE_LOOP('',(#1140));
#2165=EDGE_LOOP('',(#1141));
#2166=EDGE_LOOP('',(#1142));
#2167=EDGE_LOOP('',(#1143));
#2168=EDGE_LOOP('',(#1144,#1145,#1146,#1147));
#2169=EDGE_LOOP('',(#1148,#1149,#1150,#1151));
#2170=EDGE_LOOP('',(#1152,#1153,#1154,#1155));
#2171=EDGE_LOOP('',(#1156,#1157,#1158,#1159));
#2172=EDGE_LOOP('',(#1160,#1161,#1162,#1163));
#2173=EDGE_LOOP('',(#1164,#1165,#1166,#1167));
#2174=EDGE_LOOP('',(#1168,#1169,#1170,#1171,#1172,#1173,#1174,#1175));
#2175=EDGE_LOOP('',(#1176,#1177,#1178));
#2176=EDGE_LOOP('',(#1179,#1180,#1181,#1182,#1183));
#2177=EDGE_LOOP('',(#1184,#1185,#1186,#1187));
#2178=EDGE_LOOP('',(#1188,#1189,#1190,#1191));
#2179=EDGE_LOOP('',(#1192,#1193,#1194,#1195));
#2180=EDGE_LOOP('',(#1196,#1197,#1198,#1199));
#2181=EDGE_LOOP('',(#1200,#1201,#1202,#1203));
#2182=EDGE_LOOP('',(#1204,#1205,#1206,#1207));
#2183=EDGE_LOOP('',(#1208,#1209,#1210,#1211));
#2184=EDGE_LOOP('',(#1212,#1213,#1214,#1215));
#2185=EDGE_LOOP('',(#1216,#1217,#1218,#1219));
#2186=EDGE_LOOP('',(#1220,#1221,#1222,#1223));
#2187=EDGE_LOOP('',(#1224,#1225,#1226,#1227));
#2188=EDGE_LOOP('',(#1228,#1229,#1230,#1231));
#2189=EDGE_LOOP('',(#1232,#1233,#1234,#1235));
#2190=EDGE_LOOP('',(#1236,#1237));
#2191=EDGE_LOOP('',(#1238,#1239,#1240,#1241));
#2192=EDGE_LOOP('',(#1242,#1243,#1244,#1245));
#2193=EDGE_LOOP('',(#1246,#1247,#1248,#1249));
#2194=EDGE_LOOP('',(#1250,#1251,#1252,#1253));
#2195=EDGE_LOOP('',(#1254,#1255,#1256,#1257,#1258));
#2196=EDGE_LOOP('',(#1259,#1260,#1261,#1262));
#2197=FACE_BOUND('',#2029,.T.);
#2198=FACE_BOUND('',#2030,.T.);
#2199=FACE_BOUND('',#2031,.T.);
#2200=FACE_BOUND('',#2032,.T.);
#2201=FACE_BOUND('',#2033,.T.);
#2202=FACE_BOUND('',#2034,.T.);
#2203=FACE_BOUND('',#2035,.T.);
#2204=FACE_BOUND('',#2036,.T.);
#2205=FACE_BOUND('',#2037,.T.);
#2206=FACE_BOUND('',#2038,.T.);
#2207=FACE_BOUND('',#2039,.T.);
#2208=FACE_BOUND('',#2040,.T.);
#2209=FACE_BOUND('',#2041,.T.);
#2210=FACE_BOUND('',#2042,.T.);
#2211=FACE_BOUND('',#2043,.T.);
#2212=FACE_BOUND('',#2044,.T.);
#2213=FACE_BOUND('',#2045,.T.);
#2214=FACE_BOUND('',#2046,.T.);
#2215=FACE_BOUND('',#2047,.T.);
#2216=FACE_BOUND('',#2048,.T.);
#2217=FACE_BOUND('',#2049,.T.);
#2218=FACE_BOUND('',#2050,.T.);
#2219=FACE_BOUND('',#2051,.T.);
#2220=FACE_BOUND('',#2052,.T.);
#2221=FACE_BOUND('',#2053,.T.);
#2222=FACE_BOUND('',#2054,.T.);
#2223=FACE_BOUND('',#2055,.T.);
#2224=FACE_BOUND('',#2056,.T.);
#2225=FACE_BOUND('',#2057,.T.);
#2226=FACE_BOUND('',#2058,.T.);
#2227=FACE_BOUND('',#2059,.T.);
#2228=FACE_BOUND('',#2060,.T.);
#2229=FACE_BOUND('',#2061,.T.);
#2230=FACE_BOUND('',#2062,.T.);
#2231=FACE_BOUND('',#2063,.T.);
#2232=FACE_BOUND('',#2064,.T.);
#2233=FACE_BOUND('',#2065,.T.);
#2234=FACE_BOUND('',#2066,.T.);
#2235=FACE_BOUND('',#2067,.T.);
#2236=FACE_BOUND('',#2068,.T.);
#2237=FACE_BOUND('',#2069,.T.);
#2238=FACE_BOUND('',#2070,.T.);
#2239=FACE_BOUND('',#2071,.T.);
#2240=FACE_BOUND('',#2072,.T.);
#2241=FACE_BOUND('',#2073,.T.);
#2242=FACE_BOUND('',#2074,.T.);
#2243=FACE_BOUND('',#2075,.T.);
#2244=FACE_BOUND('',#2076,.T.);
#2245=FACE_BOUND('',#2077,.T.);
#2246=FACE_BOUND('',#2078,.T.);
#2247=FACE_BOUND('',#2079,.T.);
#2248=FACE_BOUND('',#2080,.T.);
#2249=FACE_BOUND('',#2081,.T.);
#2250=FACE_BOUND('',#2082,.T.);
#2251=FACE_BOUND('',#2083,.T.);
#2252=FACE_BOUND('',#2084,.T.);
#2253=FACE_BOUND('',#2085,.T.);
#2254=FACE_BOUND('',#2086,.T.);
#2255=FACE_BOUND('',#2087,.T.);
#2256=FACE_BOUND('',#2088,.T.);
#2257=FACE_BOUND('',#2089,.T.);
#2258=FACE_BOUND('',#2090,.T.);
#2259=FACE_BOUND('',#2091,.T.);
#2260=FACE_BOUND('',#2092,.T.);
#2261=FACE_BOUND('',#2093,.T.);
#2262=FACE_BOUND('',#2094,.T.);
#2263=FACE_BOUND('',#2095,.T.);
#2264=FACE_BOUND('',#2096,.T.);
#2265=FACE_BOUND('',#2097,.T.);
#2266=FACE_BOUND('',#2098,.T.);
#2267=FACE_BOUND('',#2099,.T.);
#2268=FACE_BOUND('',#2100,.T.);
#2269=FACE_BOUND('',#2101,.T.);
#2270=FACE_BOUND('',#2102,.T.);
#2271=FACE_BOUND('',#2103,.T.);
#2272=FACE_BOUND('',#2104,.T.);
#2273=FACE_BOUND('',#2105,.T.);
#2274=FACE_BOUND('',#2106,.T.);
#2275=FACE_BOUND('',#2107,.T.);
#2276=FACE_BOUND('',#2108,.T.);
#2277=FACE_BOUND('',#2109,.T.);
#2278=FACE_BOUND('',#2110,.T.);
#2279=FACE_BOUND('',#2111,.T.);
#2280=FACE_BOUND('',#2112,.T.);
#2281=FACE_BOUND('',#2113,.T.);
#2282=FACE_BOUND('',#2114,.T.);
#2283=FACE_BOUND('',#2115,.T.);
#2284=FACE_BOUND('',#2116,.T.);
#2285=FACE_BOUND('',#2117,.T.);
#2286=FACE_BOUND('',#2118,.T.);
#2287=FACE_BOUND('',#2119,.T.);
#2288=FACE_BOUND('',#2120,.T.);
#2289=FACE_BOUND('',#2121,.T.);
#2290=FACE_BOUND('',#2122,.T.);
#2291=FACE_BOUND('',#2123,.T.);
#2292=FACE_BOUND('',#2124,.T.);
#2293=FACE_BOUND('',#2125,.T.);
#2294=FACE_BOUND('',#2126,.T.);
#2295=FACE_BOUND('',#2127,.T.);
#2296=FACE_BOUND('',#2128,.T.);
#2297=FACE_BOUND('',#2129,.T.);
#2298=FACE_BOUND('',#2130,.T.);
#2299=FACE_BOUND('',#2131,.T.);
#2300=FACE_BOUND('',#2132,.T.);
#2301=FACE_BOUND('',#2133,.T.);
#2302=FACE_BOUND('',#2134,.T.);
#2303=FACE_BOUND('',#2135,.T.);
#2304=FACE_BOUND('',#2136,.T.);
#2305=FACE_BOUND('',#2137,.T.);
#2306=FACE_BOUND('',#2138,.T.);
#2307=FACE_BOUND('',#2139,.T.);
#2308=FACE_BOUND('',#2140,.T.);
#2309=FACE_BOUND('',#2141,.T.);
#2310=FACE_BOUND('',#2142,.T.);
#2311=FACE_BOUND('',#2143,.T.);
#2312=FACE_BOUND('',#2144,.T.);
#2313=FACE_BOUND('',#2145,.T.);
#2314=FACE_BOUND('',#2146,.T.);
#2315=FACE_BOUND('',#2147,.T.);
#2316=FACE_BOUND('',#2148,.T.);
#2317=FACE_BOUND('',#2149,.T.);
#2318=FACE_BOUND('',#2150,.T.);
#2319=FACE_BOUND('',#2151,.T.);
#2320=FACE_BOUND('',#2152,.T.);
#2321=FACE_BOUND('',#2153,.T.);
#2322=FACE_BOUND('',#2154,.T.);
#2323=FACE_BOUND('',#2155,.T.);
#2324=FACE_BOUND('',#2156,.T.);
#2325=FACE_BOUND('',#2157,.T.);
#2326=FACE_BOUND('',#2158,.T.);
#2327=FACE_BOUND('',#2159,.T.);
#2328=FACE_BOUND('',#2160,.T.);
#2329=FACE_BOUND('',#2161,.T.);
#2330=FACE_BOUND('',#2162,.T.);
#2331=FACE_BOUND('',#2163,.T.);
#2332=FACE_BOUND('',#2164,.T.);
#2333=FACE_BOUND('',#2165,.T.);
#2334=FACE_BOUND('',#2166,.T.);
#2335=FACE_BOUND('',#2167,.T.);
#2336=FACE_BOUND('',#2168,.T.);
#2337=FACE_BOUND('',#2169,.T.);
#2338=FACE_BOUND('',#2170,.T.);
#2339=FACE_BOUND('',#2171,.T.);
#2340=FACE_BOUND('',#2172,.T.);
#2341=FACE_BOUND('',#2173,.T.);
#2342=FACE_BOUND('',#2174,.T.);
#2343=FACE_BOUND('',#2175,.T.);
#2344=FACE_BOUND('',#2176,.T.);
#2345=FACE_BOUND('',#2177,.T.);
#2346=FACE_BOUND('',#2178,.T.);
#2347=FACE_BOUND('',#2179,.T.);
#2348=FACE_BOUND('',#2180,.T.);
#2349=FACE_BOUND('',#2181,.T.);
#2350=FACE_BOUND('',#2182,.T.);
#2351=FACE_BOUND('',#2183,.T.);
#2352=FACE_BOUND('',#2184,.T.);
#2353=FACE_BOUND('',#2185,.T.);
#2354=FACE_BOUND('',#2186,.T.);
#2355=FACE_BOUND('',#2187,.T.);
#2356=FACE_BOUND('',#2188,.T.);
#2357=FACE_BOUND('',#2189,.T.);
#2358=FACE_BOUND('',#2190,.T.);
#2359=FACE_BOUND('',#2191,.T.);
#2360=FACE_BOUND('',#2192,.T.);
#2361=FACE_BOUND('',#2193,.T.);
#2362=FACE_BOUND('',#2194,.T.);
#2363=FACE_BOUND('',#2195,.T.);
#2364=FACE_BOUND('',#2196,.T.);
#2365=PLANE('',#2573);
#2366=PLANE('',#2604);
#2367=PLANE('',#2605);
#2368=PLANE('',#2614);
#2369=PLANE('',#2615);
#2370=PLANE('',#2626);
#2371=PLANE('',#2634);
#2372=PLANE('',#2635);
#2373=PLANE('',#2649);
#2374=PLANE('',#2650);
#2375=PLANE('',#2651);
#2376=PLANE('',#2654);
#2377=PLANE('',#2655);
#2378=PLANE('',#2659);
#2379=PLANE('',#2660);
#2380=PLANE('',#2663);
#2381=PLANE('',#2666);
#2382=PLANE('',#2669);
#2383=PLANE('',#2673);
#2384=PLANE('',#2674);
#2385=PLANE('',#2680);
#2386=PLANE('',#2683);
#2387=PLANE('',#2686);
#2388=PLANE('',#2700);
#2389=PLANE('',#2702);
#2390=PLANE('',#2704);
#2391=PLANE('',#2706);
#2392=PLANE('',#2708);
#2393=PLANE('',#2709);
#2394=PLANE('',#2720);
#2395=PLANE('',#2721);
#2396=PLANE('',#2722);
#2397=PLANE('',#2723);
#2398=PLANE('',#2760);
#2399=PLANE('',#2761);
#2400=PLANE('',#2769);
#2401=PLANE('',#2773);
#2402=PLANE('',#2774);
#2403=PLANE('',#2775);
#2404=PLANE('',#2783);
#2405=PLANE('',#2788);
#2406=PLANE('',#2789);
#2407=PLANE('',#2790);
#2408=PLANE('',#2799);
#2409=PLANE('',#2802);
#2410=PLANE('',#2807);
#2411=PLANE('',#2813);
#2412=PLANE('',#2815);
#2413=PLANE('',#2818);
#2414=PLANE('',#2819);
#2415=PLANE('',#2822);
#2416=PLANE('',#2823);
#2417=PLANE('',#2852);
#2418=PLANE('',#2853);
#2419=PLANE('',#2854);
#2420=ADVANCED_FACE('',(#2197),#2365,.F.);
#2421=ADVANCED_FACE('',(#2198,#2199),#62,.F.);
#2422=ADVANCED_FACE('',(#2200,#2201),#63,.F.);
#2423=ADVANCED_FACE('',(#2202,#2203),#64,.F.);
#2424=ADVANCED_FACE('',(#2204),#65,.T.);
#2425=ADVANCED_FACE('',(#2205,#2206),#66,.F.);
#2426=ADVANCED_FACE('',(#2207),#67,.T.);
#2427=ADVANCED_FACE('',(#2208),#68,.F.);
#2428=ADVANCED_FACE('',(#2209),#2366,.F.);
#2429=ADVANCED_FACE('',(#2210),#2367,.T.);
#2430=ADVANCED_FACE('',(#2211),#69,.T.);
#2431=ADVANCED_FACE('',(#2212),#70,.T.);
#2432=ADVANCED_FACE('',(#2213),#2368,.T.);
#2433=ADVANCED_FACE('',(#2214,#2215,#2216,#2217),#2369,.F.);
#2434=ADVANCED_FACE('',(#2218),#2370,.T.);
#2435=ADVANCED_FACE('',(#2219),#71,.T.);
#2436=ADVANCED_FACE('',(#2220),#72,.T.);
#2437=ADVANCED_FACE('',(#2221),#2371,.T.);
#2438=ADVANCED_FACE('',(#2222,#2223,#2224),#2372,.T.);
#2439=ADVANCED_FACE('',(#2225),#2373,.F.);
#2440=ADVANCED_FACE('',(#2226),#2374,.T.);
#2441=ADVANCED_FACE('',(#2227),#2375,.T.);
#2442=ADVANCED_FACE('',(#2228),#2376,.T.);
#2443=ADVANCED_FACE('',(#2229),#2377,.T.);
#2444=ADVANCED_FACE('',(#2230),#2378,.F.);
#2445=ADVANCED_FACE('',(#2231),#2379,.F.);
#2446=ADVANCED_FACE('',(#2232),#2380,.T.);
#2447=ADVANCED_FACE('',(#2233),#2381,.F.);
#2448=ADVANCED_FACE('',(#2234),#2382,.T.);
#2449=ADVANCED_FACE('',(#2235),#73,.T.);
#2450=ADVANCED_FACE('',(#2236),#2383,.F.);
#2451=ADVANCED_FACE('',(#2237),#2384,.F.);
#2452=ADVANCED_FACE('',(#2238),#74,.T.);
#2453=ADVANCED_FACE('',(#2239),#75,.T.);
#2454=ADVANCED_FACE('',(#2240),#76,.F.);
#2455=ADVANCED_FACE('',(#2241),#77,.F.);
#2456=ADVANCED_FACE('',(#2242),#2385,.F.);
#2457=ADVANCED_FACE('',(#2243),#2386,.F.);
#2458=ADVANCED_FACE('',(#2244,#2245,#2246),#2387,.T.);
#2459=ADVANCED_FACE('',(#2247),#78,.F.);
#2460=ADVANCED_FACE('',(#2248),#79,.F.);
#2461=ADVANCED_FACE('',(#2249),#80,.T.);
#2462=ADVANCED_FACE('',(#2250),#2388,.T.);
#2463=ADVANCED_FACE('',(#2251),#2389,.F.);
#2464=ADVANCED_FACE('',(#2252),#2390,.T.);
#2465=ADVANCED_FACE('',(#2253),#2391,.F.);
#2466=ADVANCED_FACE('',(#2254),#2392,.F.);
#2467=ADVANCED_FACE('',(#2255),#2393,.F.);
#2468=ADVANCED_FACE('',(#2256),#81,.T.);
#2469=ADVANCED_FACE('',(#2257),#82,.T.);
#2470=ADVANCED_FACE('',(#2258),#83,.T.);
#2471=ADVANCED_FACE('',(#2259),#84,.F.);
#2472=ADVANCED_FACE('',(#2260),#85,.T.);
#2473=ADVANCED_FACE('',(#2261),#86,.F.);
#2474=ADVANCED_FACE('',(#2262),#2394,.T.);
#2475=ADVANCED_FACE('',(#2263),#2395,.F.);
#2476=ADVANCED_FACE('',(#2264),#2396,.T.);
#2477=ADVANCED_FACE('',(#2265),#2397,.F.);
#2478=ADVANCED_FACE('',(#2266),#87,.T.);
#2479=ADVANCED_FACE('',(#2267),#88,.F.);
#2480=ADVANCED_FACE('',(#2268),#20,.T.);
#2481=ADVANCED_FACE('',(#2269),#89,.T.);
#2482=ADVANCED_FACE('',(#2270),#21,.T.);
#2483=ADVANCED_FACE('',(#2271),#90,.T.);
#2484=ADVANCED_FACE('',(#2272),#22,.T.);
#2485=ADVANCED_FACE('',(#2273),#91,.T.);
#2486=ADVANCED_FACE('',(#2274),#23,.T.);
#2487=ADVANCED_FACE('',(#2275),#92,.T.);
#2488=ADVANCED_FACE('',(#2276),#24,.T.);
#2489=ADVANCED_FACE('',(#2277),#93,.T.);
#2490=ADVANCED_FACE('',(#2278),#25,.T.);
#2491=ADVANCED_FACE('',(#2279),#94,.T.);
#2492=ADVANCED_FACE('',(#2280),#26,.T.);
#2493=ADVANCED_FACE('',(#2281),#95,.T.);
#2494=ADVANCED_FACE('',(#2282),#19,.T.);
#2495=ADVANCED_FACE('',(#2283),#96,.T.);
#2496=ADVANCED_FACE('',(#2284),#97,.F.);
#2497=ADVANCED_FACE('',(#2285),#2398,.T.);
#2498=ADVANCED_FACE('',(#2286,#2287),#2399,.F.);
#2499=ADVANCED_FACE('',(#2288,#2289),#98,.F.);
#2500=ADVANCED_FACE('',(#2290,#2291),#2400,.T.);
#2501=ADVANCED_FACE('',(#2292),#99,.F.);
#2502=ADVANCED_FACE('',(#2293),#100,.F.);
#2503=ADVANCED_FACE('',(#2294),#2401,.F.);
#2504=ADVANCED_FACE('',(#2295),#2402,.T.);
#2505=ADVANCED_FACE('',(#2296,#2297),#2403,.F.);
#2506=ADVANCED_FACE('',(#2298,#2299),#101,.F.);
#2507=ADVANCED_FACE('',(#2300,#2301),#2404,.T.);
#2508=ADVANCED_FACE('',(#2302),#102,.F.);
#2509=ADVANCED_FACE('',(#2303),#103,.F.);
#2510=ADVANCED_FACE('',(#2304),#104,.F.);
#2511=ADVANCED_FACE('',(#2305),#105,.F.);
#2512=ADVANCED_FACE('',(#2306),#2405,.T.);
#2513=ADVANCED_FACE('',(#2307),#2406,.F.);
#2514=ADVANCED_FACE('',(#2308,#2309,#2310),#2407,.F.);
#2515=ADVANCED_FACE('',(#2311,#2312),#106,.F.);
#2516=ADVANCED_FACE('',(#2313,#2314),#2408,.T.);
#2517=ADVANCED_FACE('',(#2315,#2316),#107,.F.);
#2518=ADVANCED_FACE('',(#2317,#2318),#2409,.T.);
#2519=ADVANCED_FACE('',(#2319),#12,.F.);
#2520=ADVANCED_FACE('',(#2320),#13,.F.);
#2521=ADVANCED_FACE('',(#2321),#14,.F.);
#2522=ADVANCED_FACE('',(#2322),#15,.F.);
#2523=ADVANCED_FACE('',(#2323),#108,.T.);
#2524=ADVANCED_FACE('',(#2324),#109,.T.);
#2525=ADVANCED_FACE('',(#2325),#110,.T.);
#2526=ADVANCED_FACE('',(#2326,#2327),#2410,.F.);
#2527=ADVANCED_FACE('',(#2328),#16,.F.);
#2528=ADVANCED_FACE('',(#2329),#17,.F.);
#2529=ADVANCED_FACE('',(#2330,#2331),#111,.F.);
#2530=ADVANCED_FACE('',(#2332,#2333),#2411,.T.);
#2531=ADVANCED_FACE('',(#2334,#2335),#112,.F.);
#2532=ADVANCED_FACE('',(#2336),#2412,.T.);
#2533=ADVANCED_FACE('',(#2337),#113,.F.);
#2534=ADVANCED_FACE('',(#2338),#2413,.F.);
#2535=ADVANCED_FACE('',(#2339),#2414,.F.);
#2536=ADVANCED_FACE('',(#2340),#114,.T.);
#2537=ADVANCED_FACE('',(#2341),#2415,.T.);
#2538=ADVANCED_FACE('',(#2342),#2416,.T.);
#2539=ADVANCED_FACE('',(#2343),#18,.T.);
#2540=ADVANCED_FACE('',(#2344),#115,.T.);
#2541=ADVANCED_FACE('',(#2345),#27,.T.);
#2542=ADVANCED_FACE('',(#2346),#116,.T.);
#2543=ADVANCED_FACE('',(#2347),#28,.T.);
#2544=ADVANCED_FACE('',(#2348),#117,.T.);
#2545=ADVANCED_FACE('',(#2349),#29,.T.);
#2546=ADVANCED_FACE('',(#2350),#118,.T.);
#2547=ADVANCED_FACE('',(#2351),#30,.T.);
#2548=ADVANCED_FACE('',(#2352),#119,.T.);
#2549=ADVANCED_FACE('',(#2353),#31,.T.);
#2550=ADVANCED_FACE('',(#2354),#120,.T.);
#2551=ADVANCED_FACE('',(#2355),#121,.T.);
#2552=ADVANCED_FACE('',(#2356),#122,.F.);
#2553=ADVANCED_FACE('',(#2357),#123,.F.);
#2554=ADVANCED_FACE('',(#2358,#2359),#2417,.F.);
#2555=ADVANCED_FACE('',(#2360),#2418,.F.);
#2556=ADVANCED_FACE('',(#2361),#2419,.T.);
#2557=ADVANCED_FACE('',(#2362),#124,.F.);
#2558=ADVANCED_FACE('',(#2363),#125,.F.);
#2559=ADVANCED_FACE('',(#2364),#126,.F.);
#2560=CLOSED_SHELL('',(#2420,#2421,#2422,#2423,#2424,#2425,#2426,#2427,
#2428,#2429,#2430,#2431,#2432,#2433,#2434,#2435,#2436,#2437,#2438,#2439,
#2440,#2441,#2442,#2443,#2444,#2445,#2446,#2447,#2448,#2449,#2450,#2451,
#2452,#2453,#2454,#2455,#2456,#2457,#2458,#2459,#2460,#2461,#2462,#2463,
#2464,#2465,#2466,#2467,#2468,#2469,#2470,#2471,#2472,#2473,#2474,#2475,
#2476,#2477,#2478,#2479,#2480,#2481,#2482,#2483,#2484,#2485,#2486,#2487,
#2488,#2489,#2490,#2491,#2492,#2493,#2494,#2495,#2496,#2497,#2498,#2499,
#2500,#2501,#2502,#2503,#2504,#2505,#2506,#2507,#2508,#2509,#2510,#2511,
#2512,#2513,#2514,#2515,#2516,#2517,#2518,#2519,#2520,#2521,#2522,#2523,
#2524,#2525,#2526,#2527,#2528,#2529,#2530,#2531,#2532,#2533,#2534,#2535,
#2536,#2537,#2538,#2539,#2540,#2541,#2542,#2543,#2544,#2545,#2546,#2547,
#2548,#2549,#2550,#2551,#2552,#2553,#2554,#2555,#2556,#2557,#2558,#2559));
#2561=STYLED_ITEM('',(#2562),#2569);
#2562=PRESENTATION_STYLE_ASSIGNMENT((#2563));
#2563=SURFACE_STYLE_USAGE(.BOTH.,#2564);
#2564=SURFACE_SIDE_STYLE('',(#2565));
#2565=SURFACE_STYLE_FILL_AREA(#2566);
#2566=FILL_AREA_STYLE('',(#2567));
#2567=FILL_AREA_STYLE_COLOUR('',#2568);
#2568=COLOUR_RGB('',0.917647058823529,0.917647058823529,0.917647058823529);
#2569=MANIFOLD_SOLID_BREP('Part 1',#2560);
#2570=SHAPE_DEFINITION_REPRESENTATION(#4562,#2571);
#2571=SHAPE_REPRESENTATION('Part 1',(#2572),#4557);
#2572=AXIS2_PLACEMENT_3D('',#3631,#2860,#2861);
#2573=AXIS2_PLACEMENT_3D('',#3632,#2862,#2863);
#2574=AXIS2_PLACEMENT_3D('',#3633,#2864,#2865);
#2575=AXIS2_PLACEMENT_3D('',#3642,#2869,#2870);
#2576=AXIS2_PLACEMENT_3D('',#3648,#2873,#2874);
#2577=AXIS2_PLACEMENT_3D('',#3654,#2877,#2878);
#2578=AXIS2_PLACEMENT_3D('',#3662,#2882,#2883);
#2579=AXIS2_PLACEMENT_3D('',#3666,#2885,#2886);
#2580=AXIS2_PLACEMENT_3D('',#3669,#2888,#2889);
#2581=AXIS2_PLACEMENT_3D('',#3670,#2890,#2891);
#2582=AXIS2_PLACEMENT_3D('',#3672,#2892,#2893);
#2583=AXIS2_PLACEMENT_3D('',#3674,#2894,#2895);
#2584=AXIS2_PLACEMENT_3D('',#3675,#2896,#2897);
#2585=AXIS2_PLACEMENT_3D('',#3677,#2898,#2899);
#2586=AXIS2_PLACEMENT_3D('',#3679,#2900,#2901);
#2587=AXIS2_PLACEMENT_3D('',#3680,#2902,#2903);
#2588=AXIS2_PLACEMENT_3D('',#3682,#2904,#2905);
#2589=AXIS2_PLACEMENT_3D('',#3684,#2906,#2907);
#2590=AXIS2_PLACEMENT_3D('',#3688,#2909,#2910);
#2591=AXIS2_PLACEMENT_3D('',#3690,#2911,#2912);
#2592=AXIS2_PLACEMENT_3D('',#3694,#2914,#2915);
#2593=AXIS2_PLACEMENT_3D('',#3701,#2916,#2917);
#2594=AXIS2_PLACEMENT_3D('',#3708,#2918,#2919);
#2595=AXIS2_PLACEMENT_3D('',#3709,#2920,#2921);
#2596=AXIS2_PLACEMENT_3D('',#3710,#2922,#2923);
#2597=AXIS2_PLACEMENT_3D('',#3712,#2924,#2925);
#2598=AXIS2_PLACEMENT_3D('',#3714,#2926,#2927);
#2599=AXIS2_PLACEMENT_3D('',#3715,#2928,#2929);
#2600=AXIS2_PLACEMENT_3D('',#3722,#2932,#2933);
#2601=AXIS2_PLACEMENT_3D('',#3725,#2935,#2936);
#2602=AXIS2_PLACEMENT_3D('',#3729,#2938,#2939);
#2603=AXIS2_PLACEMENT_3D('',#3733,#2941,#2942);
#2604=AXIS2_PLACEMENT_3D('',#3736,#2944,#2945);
#2605=AXIS2_PLACEMENT_3D('',#3750,#2953,#2954);
#2606=AXIS2_PLACEMENT_3D('',#3760,#2959,#2960);
#2607=AXIS2_PLACEMENT_3D('',#3761,#2961,#2962);
#2608=AXIS2_PLACEMENT_3D('',#3762,#2963,#2964);
#2609=AXIS2_PLACEMENT_3D('',#3767,#2966,#2967);
#2610=AXIS2_PLACEMENT_3D('',#3771,#2969,#2970);
#2611=AXIS2_PLACEMENT_3D('',#3772,#2971,#2972);
#2612=AXIS2_PLACEMENT_3D('',#3773,#2973,#2974);
#2613=AXIS2_PLACEMENT_3D('',#3776,#2976,#2977);
#2614=AXIS2_PLACEMENT_3D('',#3777,#2978,#2979);
#2615=AXIS2_PLACEMENT_3D('',#3783,#2983,#2984);
#2616=AXIS2_PLACEMENT_3D('',#3784,#2985,#2986);
#2617=AXIS2_PLACEMENT_3D('',#3789,#2988,#2989);
#2618=AXIS2_PLACEMENT_3D('',#3790,#2990,#2991);
#2619=AXIS2_PLACEMENT_3D('',#3794,#2993,#2994);
#2620=AXIS2_PLACEMENT_3D('',#3798,#2996,#2997);
#2621=AXIS2_PLACEMENT_3D('',#3802,#2999,#3000);
#2622=AXIS2_PLACEMENT_3D('',#3809,#3004,#3005);
#2623=AXIS2_PLACEMENT_3D('',#3813,#3007,#3008);
#2624=AXIS2_PLACEMENT_3D('',#3821,#3012,#3013);
#2625=AXIS2_PLACEMENT_3D('',#3825,#3015,#3016);
#2626=AXIS2_PLACEMENT_3D('',#3826,#3017,#3018);
#2627=AXIS2_PLACEMENT_3D('',#3835,#3023,#3024);
#2628=AXIS2_PLACEMENT_3D('',#3836,#3025,#3026);
#2629=AXIS2_PLACEMENT_3D('',#3838,#3027,#3028);
#2630=AXIS2_PLACEMENT_3D('',#3839,#3029,#3030);
#2631=AXIS2_PLACEMENT_3D('',#3840,#3031,#3032);
#2632=AXIS2_PLACEMENT_3D('',#3844,#3034,#3035);
#2633=AXIS2_PLACEMENT_3D('',#3848,#3037,#3038);
#2634=AXIS2_PLACEMENT_3D('',#3849,#3039,#3040);
#2635=AXIS2_PLACEMENT_3D('',#3855,#3044,#3045);
#2636=AXIS2_PLACEMENT_3D('',#3858,#3047,#3048);
#2637=AXIS2_PLACEMENT_3D('',#3862,#3050,#3051);
#2638=AXIS2_PLACEMENT_3D('',#3864,#3052,#3053);
#2639=AXIS2_PLACEMENT_3D('',#3866,#3054,#3055);
#2640=AXIS2_PLACEMENT_3D('',#3870,#3057,#3058);
#2641=AXIS2_PLACEMENT_3D('',#3873,#3060,#3061);
#2642=AXIS2_PLACEMENT_3D('',#3877,#3063,#3064);
#2643=AXIS2_PLACEMENT_3D('',#3881,#3066,#3067);
#2644=AXIS2_PLACEMENT_3D('',#3885,#3069,#3070);
#2645=AXIS2_PLACEMENT_3D('',#3889,#3072,#3073);
#2646=AXIS2_PLACEMENT_3D('',#3893,#3075,#3076);
#2647=AXIS2_PLACEMENT_3D('',#3896,#3078,#3079);
#2648=AXIS2_PLACEMENT_3D('',#3899,#3080,#3081);
#2649=AXIS2_PLACEMENT_3D('',#3900,#3082,#3083);
#2650=AXIS2_PLACEMENT_3D('',#3906,#3087,#3088);
#2651=AXIS2_PLACEMENT_3D('',#3912,#3092,#3093);
#2652=AXIS2_PLACEMENT_3D('',#3913,#3094,#3095);
#2653=AXIS2_PLACEMENT_3D('',#3917,#3097,#3098);
#2654=AXIS2_PLACEMENT_3D('',#3924,#3102,#3103);
#2655=AXIS2_PLACEMENT_3D('',#3935,#3110,#3111);
#2656=AXIS2_PLACEMENT_3D('',#3939,#3113,#3114);
#2657=AXIS2_PLACEMENT_3D('',#3940,#3115,#3116);
#2658=AXIS2_PLACEMENT_3D('',#3948,#3120,#3121);
#2659=AXIS2_PLACEMENT_3D('',#3949,#3122,#3123);
#2660=AXIS2_PLACEMENT_3D('',#3955,#3127,#3128);
#2661=AXIS2_PLACEMENT_3D('',#3956,#3129,#3130);
#2662=AXIS2_PLACEMENT_3D('',#3960,#3132,#3133);
#2663=AXIS2_PLACEMENT_3D('',#3967,#3137,#3138);
#2664=AXIS2_PLACEMENT_3D('',#3974,#3142,#3143);
#2665=AXIS2_PLACEMENT_3D('',#3978,#3145,#3146);
#2666=AXIS2_PLACEMENT_3D('',#3980,#3148,#3149);
#2667=AXIS2_PLACEMENT_3D('',#3986,#3153,#3154);
#2668=AXIS2_PLACEMENT_3D('',#3990,#3156,#3157);
#2669=AXIS2_PLACEMENT_3D('',#3997,#3161,#3162);
#2670=AXIS2_PLACEMENT_3D('',#4004,#3167,#3168);
#2671=AXIS2_PLACEMENT_3D('',#4008,#3170,#3171);
#2672=AXIS2_PLACEMENT_3D('',#4011,#3173,#3174);
#2673=AXIS2_PLACEMENT_3D('',#4012,#3175,#3176);
#2674=AXIS2_PLACEMENT_3D('',#4018,#3180,#3181);
#2675=AXIS2_PLACEMENT_3D('',#4024,#3185,#3186);
#2676=AXIS2_PLACEMENT_3D('',#4032,#3188,#3189);
#2677=AXIS2_PLACEMENT_3D('',#4035,#3191,#3192);
#2678=AXIS2_PLACEMENT_3D('',#4036,#3193,#3194);
#2679=AXIS2_PLACEMENT_3D('',#4042,#3195,#3196);
#2680=AXIS2_PLACEMENT_3D('',#4048,#3197,#3198);
#2681=AXIS2_PLACEMENT_3D('',#4051,#3200,#3201);
#2682=AXIS2_PLACEMENT_3D('',#4055,#3203,#3204);
#2683=AXIS2_PLACEMENT_3D('',#4056,#3205,#3206);
#2684=AXIS2_PLACEMENT_3D('',#4057,#3207,#3208);
#2685=AXIS2_PLACEMENT_3D('',#4061,#3210,#3211);
#2686=AXIS2_PLACEMENT_3D('',#4064,#3213,#3214);
#2687=AXIS2_PLACEMENT_3D('',#4065,#3215,#3216);
#2688=AXIS2_PLACEMENT_3D('',#4066,#3217,#3218);
#2689=AXIS2_PLACEMENT_3D('',#4070,#3220,#3221);
#2690=AXIS2_PLACEMENT_3D('',#4072,#3222,#3223);
#2691=AXIS2_PLACEMENT_3D('',#4073,#3224,#3225);
#2692=AXIS2_PLACEMENT_3D('',#4074,#3226,#3227);
#2693=AXIS2_PLACEMENT_3D('',#4076,#3228,#3229);
#2694=AXIS2_PLACEMENT_3D('',#4080,#3231,#3232);
#2695=AXIS2_PLACEMENT_3D('',#4081,#3233,#3234);
#2696=AXIS2_PLACEMENT_3D('',#4083,#3236,#3237);
#2697=AXIS2_PLACEMENT_3D('',#4084,#3238,#3239);
#2698=AXIS2_PLACEMENT_3D('',#4091,#3240,#3241);
#2699=AXIS2_PLACEMENT_3D('',#4098,#3243,#3244);
#2700=AXIS2_PLACEMENT_3D('',#4100,#3246,#3247);
#2701=AXIS2_PLACEMENT_3D('',#4107,#3251,#3252);
#2702=AXIS2_PLACEMENT_3D('',#4110,#3255,#3256);
#2703=AXIS2_PLACEMENT_3D('',#4111,#3257,#3258);
#2704=AXIS2_PLACEMENT_3D('',#4118,#3262,#3263);
#2705=AXIS2_PLACEMENT_3D('',#4126,#3265,#3266);
#2706=AXIS2_PLACEMENT_3D('',#4131,#3269,#3270);
#2707=AXIS2_PLACEMENT_3D('',#4133,#3272,#3273);
#2708=AXIS2_PLACEMENT_3D('',#4136,#3275,#3276);
#2709=AXIS2_PLACEMENT_3D('',#4145,#3279,#3280);
#2710=AXIS2_PLACEMENT_3D('',#4154,#3283,#3284);
#2711=AXIS2_PLACEMENT_3D('',#4155,#3285,#3286);
#2712=AXIS2_PLACEMENT_3D('',#4156,#3287,#3288);
#2713=AXIS2_PLACEMENT_3D('',#4157,#3289,#3290);
#2714=AXIS2_PLACEMENT_3D('',#4158,#3291,#3292);
#2715=AXIS2_PLACEMENT_3D('',#4160,#3294,#3295);
#2716=AXIS2_PLACEMENT_3D('',#4163,#3297,#3298);
#2717=AXIS2_PLACEMENT_3D('',#4164,#3299,#3300);
#2718=AXIS2_PLACEMENT_3D('',#4165,#3301,#3302);
#2719=AXIS2_PLACEMENT_3D('',#4168,#3304,#3305);
#2720=AXIS2_PLACEMENT_3D('',#4170,#3307,#3308);
#2721=AXIS2_PLACEMENT_3D('',#4178,#3313,#3314);
#2722=AXIS2_PLACEMENT_3D('',#4191,#3319,#3320);
#2723=AXIS2_PLACEMENT_3D('',#4204,#3325,#3326);
#2724=AXIS2_PLACEMENT_3D('',#4212,#3331,#3332);
#2725=AXIS2_PLACEMENT_3D('',#4213,#3333,#3334);
#2726=AXIS2_PLACEMENT_3D('',#4214,#3335,#3336);
#2727=AXIS2_PLACEMENT_3D('',#4225,#3337,#3338);
#2728=AXIS2_PLACEMENT_3D('',#4226,#3339,#3340);
#2729=AXIS2_PLACEMENT_3D('',#4227,#3341,#3342);
#2730=AXIS2_PLACEMENT_3D('',#4238,#3343,#3344);
#2731=AXIS2_PLACEMENT_3D('',#4239,#3345,#3346);
#2732=AXIS2_PLACEMENT_3D('',#4240,#3347,#3348);
#2733=AXIS2_PLACEMENT_3D('',#4241,#3349,#3350);
#2734=AXIS2_PLACEMENT_3D('',#4242,#3351,#3352);
#2735=AXIS2_PLACEMENT_3D('',#4243,#3353,#3354);
#2736=AXIS2_PLACEMENT_3D('',#4244,#3355,#3356);
#2737=AXIS2_PLACEMENT_3D('',#4245,#3357,#3358);
#2738=AXIS2_PLACEMENT_3D('',#4246,#3359,#3360);
#2739=AXIS2_PLACEMENT_3D('',#4247,#3361,#3362);
#2740=AXIS2_PLACEMENT_3D('',#4248,#3363,#3364);
#2741=AXIS2_PLACEMENT_3D('',#4249,#3365,#3366);
#2742=AXIS2_PLACEMENT_3D('',#4250,#3367,#3368);
#2743=AXIS2_PLACEMENT_3D('',#4256,#3369,#3370);
#2744=AXIS2_PLACEMENT_3D('',#4257,#3371,#3372);
#2745=AXIS2_PLACEMENT_3D('',#4267,#3373,#3374);
#2746=AXIS2_PLACEMENT_3D('',#4268,#3375,#3376);
#2747=AXIS2_PLACEMENT_3D('',#4269,#3377,#3378);
#2748=AXIS2_PLACEMENT_3D('',#4270,#3379,#3380);
#2749=AXIS2_PLACEMENT_3D('',#4271,#3381,#3382);
#2750=AXIS2_PLACEMENT_3D('',#4272,#3383,#3384);
#2751=AXIS2_PLACEMENT_3D('',#4273,#3385,#3386);
#2752=AXIS2_PLACEMENT_3D('',#4274,#3387,#3388);
#2753=AXIS2_PLACEMENT_3D('',#4275,#3389,#3390);
#2754=AXIS2_PLACEMENT_3D('',#4276,#3391,#3392);
#2755=AXIS2_PLACEMENT_3D('',#4277,#3393,#3394);
#2756=AXIS2_PLACEMENT_3D('',#4278,#3395,#3396);
#2757=AXIS2_PLACEMENT_3D('',#4279,#3397,#3398);
#2758=AXIS2_PLACEMENT_3D('',#4285,#3399,#3400);
#2759=AXIS2_PLACEMENT_3D('',#4286,#3401,#3402);
#2760=AXIS2_PLACEMENT_3D('',#4287,#3403,#3404);
#2761=AXIS2_PLACEMENT_3D('',#4293,#3408,#3409);
#2762=AXIS2_PLACEMENT_3D('',#4294,#3410,#3411);
#2763=AXIS2_PLACEMENT_3D('',#4296,#3412,#3413);
#2764=AXIS2_PLACEMENT_3D('',#4297,#3414,#3415);
#2765=AXIS2_PLACEMENT_3D('',#4298,#3416,#3417);
#2766=AXIS2_PLACEMENT_3D('',#4299,#3418,#3419);
#2767=AXIS2_PLACEMENT_3D('',#4300,#3420,#3421);
#2768=AXIS2_PLACEMENT_3D('',#4301,#3422,#3423);
#2769=AXIS2_PLACEMENT_3D('',#4303,#3424,#3425);
#2770=AXIS2_PLACEMENT_3D('',#4304,#3426,#3427);
#2771=AXIS2_PLACEMENT_3D('',#4306,#3428,#3429);
#2772=AXIS2_PLACEMENT_3D('',#4307,#3430,#3431);
#2773=AXIS2_PLACEMENT_3D('',#4308,#3432,#3433);
#2774=AXIS2_PLACEMENT_3D('',#4314,#3437,#3438);
#2775=AXIS2_PLACEMENT_3D('',#4320,#3442,#3443);
#2776=AXIS2_PLACEMENT_3D('',#4321,#3444,#3445);
#2777=AXIS2_PLACEMENT_3D('',#4323,#3446,#3447);
#2778=AXIS2_PLACEMENT_3D('',#4324,#3448,#3449);
#2779=AXIS2_PLACEMENT_3D('',#4325,#3450,#3451);
#2780=AXIS2_PLACEMENT_3D('',#4326,#3452,#3453);
#2781=AXIS2_PLACEMENT_3D('',#4327,#3454,#3455);
#2782=AXIS2_PLACEMENT_3D('',#4328,#3456,#3457);
#2783=AXIS2_PLACEMENT_3D('',#4330,#3458,#3459);
#2784=AXIS2_PLACEMENT_3D('',#4331,#3460,#3461);
#2785=AXIS2_PLACEMENT_3D('',#4332,#3462,#3463);
#2786=AXIS2_PLACEMENT_3D('',#4333,#3464,#3465);
#2787=AXIS2_PLACEMENT_3D('',#4334,#3466,#3467);
#2788=AXIS2_PLACEMENT_3D('',#4335,#3468,#3469);
#2789=AXIS2_PLACEMENT_3D('',#4347,#3471,#3472);
#2790=AXIS2_PLACEMENT_3D('',#4359,#3474,#3475);
#2791=AXIS2_PLACEMENT_3D('',#4360,#3476,#3477);
#2792=AXIS2_PLACEMENT_3D('',#4362,#3478,#3479);
#2793=AXIS2_PLACEMENT_3D('',#4364,#3480,#3481);
#2794=AXIS2_PLACEMENT_3D('',#4365,#3482,#3483);
#2795=AXIS2_PLACEMENT_3D('',#4366,#3484,#3485);
#2796=AXIS2_PLACEMENT_3D('',#4367,#3486,#3487);
#2797=AXIS2_PLACEMENT_3D('',#4368,#3488,#3489);
#2798=AXIS2_PLACEMENT_3D('',#4369,#3490,#3491);
#2799=AXIS2_PLACEMENT_3D('',#4371,#3492,#3493);
#2800=AXIS2_PLACEMENT_3D('',#4372,#3494,#3495);
#2801=AXIS2_PLACEMENT_3D('',#4373,#3496,#3497);
#2802=AXIS2_PLACEMENT_3D('',#4375,#3498,#3499);
#2803=AXIS2_PLACEMENT_3D('',#4424,#3500,#3501);
#2804=AXIS2_PLACEMENT_3D('',#4425,#3502,#3503);
#2805=AXIS2_PLACEMENT_3D('',#4426,#3504,#3505);
#2806=AXIS2_PLACEMENT_3D('',#4432,#3506,#3507);
#2807=AXIS2_PLACEMENT_3D('',#4438,#3508,#3509);
#2808=AXIS2_PLACEMENT_3D('',#4439,#3510,#3511);
#2809=AXIS2_PLACEMENT_3D('',#4441,#3512,#3513);
#2810=AXIS2_PLACEMENT_3D('',#4442,#3514,#3515);
#2811=AXIS2_PLACEMENT_3D('',#4467,#3516,#3517);
#2812=AXIS2_PLACEMENT_3D('',#4468,#3518,#3519);
#2813=AXIS2_PLACEMENT_3D('',#4470,#3520,#3521);
#2814=AXIS2_PLACEMENT_3D('',#4471,#3522,#3523);
#2815=AXIS2_PLACEMENT_3D('',#4472,#3524,#3525);
#2816=AXIS2_PLACEMENT_3D('',#4478,#3529,#3530);
#2817=AXIS2_PLACEMENT_3D('',#4481,#3532,#3533);
#2818=AXIS2_PLACEMENT_3D('',#4482,#3534,#3535);
#2819=AXIS2_PLACEMENT_3D('',#4486,#3538,#3539);
#2820=AXIS2_PLACEMENT_3D('',#4488,#3541,#3542);
#2821=AXIS2_PLACEMENT_3D('',#4489,#3543,#3544);
#2822=AXIS2_PLACEMENT_3D('',#4490,#3545,#3546);
#2823=AXIS2_PLACEMENT_3D('',#4492,#3548,#3549);
#2824=AXIS2_PLACEMENT_3D('',#4505,#3550,#3551);
#2825=AXIS2_PLACEMENT_3D('',#4506,#3552,#3553);
#2826=AXIS2_PLACEMENT_3D('',#4507,#3554,#3555);
#2827=AXIS2_PLACEMENT_3D('',#4508,#3556,#3557);
#2828=AXIS2_PLACEMENT_3D('',#4509,#3558,#3559);
#2829=AXIS2_PLACEMENT_3D('',#4510,#3560,#3561);
#2830=AXIS2_PLACEMENT_3D('',#4511,#3562,#3563);
#2831=AXIS2_PLACEMENT_3D('',#4512,#3564,#3565);
#2832=AXIS2_PLACEMENT_3D('',#4513,#3566,#3567);
#2833=AXIS2_PLACEMENT_3D('',#4514,#3568,#3569);
#2834=AXIS2_PLACEMENT_3D('',#4515,#3570,#3571);
#2835=AXIS2_PLACEMENT_3D('',#4516,#3572,#3573);
#2836=AXIS2_PLACEMENT_3D('',#4517,#3574,#3575);
#2837=AXIS2_PLACEMENT_3D('',#4518,#3576,#3577);
#2838=AXIS2_PLACEMENT_3D('',#4519,#3578,#3579);
#2839=AXIS2_PLACEMENT_3D('',#4520,#3580,#3581);
#2840=AXIS2_PLACEMENT_3D('',#4521,#3582,#3583);
#2841=AXIS2_PLACEMENT_3D('',#4522,#3584,#3585);
#2842=AXIS2_PLACEMENT_3D('',#4523,#3586,#3587);
#2843=AXIS2_PLACEMENT_3D('',#4524,#3588,#3589);
#2844=AXIS2_PLACEMENT_3D('',#4525,#3590,#3591);
#2845=AXIS2_PLACEMENT_3D('',#4526,#3592,#3593);
#2846=AXIS2_PLACEMENT_3D('',#4527,#3594,#3595);
#2847=AXIS2_PLACEMENT_3D('',#4530,#3597,#3598);
#2848=AXIS2_PLACEMENT_3D('',#4533,#3600,#3601);
#2849=AXIS2_PLACEMENT_3D('',#4534,#3602,#3603);
#2850=AXIS2_PLACEMENT_3D('',#4539,#3606,#3607);
#2851=AXIS2_PLACEMENT_3D('',#4540,#3608,#3609);
#2852=AXIS2_PLACEMENT_3D('',#4541,#3610,#3611);
#2853=AXIS2_PLACEMENT_3D('',#4547,#3615,#3616);
#2854=AXIS2_PLACEMENT_3D('',#4549,#3618,#3619);
#2855=AXIS2_PLACEMENT_3D('',#4551,#3621,#3622);
#2856=AXIS2_PLACEMENT_3D('',#4552,#3623,#3624);
#2857=AXIS2_PLACEMENT_3D('',#4553,#3625,#3626);
#2858=AXIS2_PLACEMENT_3D('',#4554,#3627,#3628);
#2859=AXIS2_PLACEMENT_3D('',#4555,#3629,#3630);
#2860=DIRECTION('',(0.,0.,1.));
#2861=DIRECTION('',(1.,0.,0.));
#2862=DIRECTION('',(-6.12323404942065E-17,-5.55111512312578E-16,-1.));
#2863=DIRECTION('',(0.,1.,-5.55111512312578E-16));
#2864=DIRECTION('',(-6.12323404942065E-17,-5.55111512312578E-16,-1.));
#2865=DIRECTION('',(0.,1.,-5.55111512312578E-16));
#2866=DIRECTION('',(0.,1.,-5.55111512312578E-16));
#2867=DIRECTION('',(-1.,1.06057524905721E-16,6.12323404942065E-17));
#2868=DIRECTION('',(1.22464681129657E-16,1.,-5.55111512312578E-16));
#2869=DIRECTION('',(6.12323404942065E-17,5.55111512312578E-16,1.));
#2870=DIRECTION('',(0.,-1.,5.55111512312578E-16));
#2871=DIRECTION('',(1.,-3.39907771341777E-32,-6.12323404942065E-17));
#2872=DIRECTION('',(3.39907771341777E-32,-1.,5.55111512312578E-16));
#2873=DIRECTION('',(6.12323404942065E-17,5.55111512312578E-16,1.));
#2874=DIRECTION('',(0.,-1.,5.55111512312578E-16));
#2875=DIRECTION('',(3.39907771341777E-32,-1.,5.55111512312578E-16));
#2876=DIRECTION('',(-1.,3.39907771341777E-32,6.12323404942065E-17));
#2877=DIRECTION('',(6.12323404942065E-17,5.55111512312578E-16,1.));
#2878=DIRECTION('',(0.,-1.,5.55111512312578E-16));
#2879=DIRECTION('',(1.22464681129657E-16,1.,-5.55111512312578E-16));
#2880=DIRECTION('',(-1.,1.06057524905721E-16,6.12323404942065E-17));
#2881=DIRECTION('',(0.,1.,-5.55111512312578E-16));
#2882=DIRECTION('',(-6.12323404942065E-17,-5.55111512312578E-16,-1.));
#2883=DIRECTION('',(0.,1.,-5.55111512312578E-16));
#2884=DIRECTION('',(-1.2149215187131E-24,-1.,5.55111512312578E-16));
#2885=DIRECTION('',(-6.12323404942065E-17,-5.55111512312578E-16,-1.));
#2886=DIRECTION('',(0.,1.,-5.55111512312578E-16));
#2887=DIRECTION('',(-1.2149215187131E-24,-1.,5.55111512312578E-16));
#2888=DIRECTION('',(-8.38736565709317E-10,-5.55111512209863E-16,-1.));
#2889=DIRECTION('',(-1.,0.,8.38736565709317E-10));
#2890=DIRECTION('',(-8.38736565709317E-10,-5.55111512209863E-16,-1.));
#2891=DIRECTION('',(-1.,0.,8.38736565709317E-10));
#2892=DIRECTION('',(-8.38736565709317E-10,-5.55111512209863E-16,-1.));
#2893=DIRECTION('',(-1.,0.,8.38736565709317E-10));
#2894=DIRECTION('',(-3.06998912545119E-10,5.55111512312578E-16,1.));
#2895=DIRECTION('',(1.,0.,3.06998912545119E-10));
#2896=DIRECTION('',(3.06998912545119E-10,-5.55111512312578E-16,-1.));
#2897=DIRECTION('',(-1.,0.,-3.06998912545119E-10));
#2898=DIRECTION('',(-3.06998912545119E-10,5.55111512312578E-16,1.));
#2899=DIRECTION('',(1.,0.,3.06998912545119E-10));
#2900=DIRECTION('',(-3.06998912545119E-10,5.55111512312578E-16,1.));
#2901=DIRECTION('',(1.,0.,3.06998912545119E-10));
#2902=DIRECTION('',(3.06998912545119E-10,-5.55111512312578E-16,-1.));
#2903=DIRECTION('',(-1.,0.,-3.06998912545119E-10));
#2904=DIRECTION('',(-3.06998912545119E-10,5.55111512312578E-16,1.));
#2905=DIRECTION('',(1.,0.,3.06998912545119E-10));
#2906=DIRECTION('',(5.16987882845636E-26,-5.55111512312578E-16,-1.));
#2907=DIRECTION('',(0.,1.,-5.55111512312578E-16));
#2908=DIRECTION('',(2.29148502583112E-9,-5.55111512593204E-16,-1.));
#2909=DIRECTION('',(5.522050501538E-17,0.450909638399113,0.892569604007878));
#2910=DIRECTION('',(0.,0.892569604007878,-0.450909638399113));
#2911=DIRECTION('',(5.16987882845636E-26,-5.55111512312578E-16,-1.));
#2912=DIRECTION('',(0.,1.,-5.55111512312578E-16));
#2913=DIRECTION('',(-2.29148502583112E-9,-5.55111512312578E-16,-1.));
#2914=DIRECTION('',(3.06998912545119E-10,-5.55111512312578E-16,-1.));
#2915=DIRECTION('',(-1.,0.,-3.06998912545119E-10));
#2916=DIRECTION('',(3.06998912545119E-10,-5.55111512312578E-16,-1.));
#2917=DIRECTION('',(-1.,0.,-3.06998912545119E-10));
#2918=DIRECTION('',(3.06998912545119E-10,-5.55111512312578E-16,-1.));
#2919=DIRECTION('',(-1.,0.,-3.06998912545119E-10));
#2920=DIRECTION('',(0.,0.,1.));
#2921=DIRECTION('',(1.,0.,0.));
#2922=DIRECTION('',(0.,0.,1.));
#2923=DIRECTION('',(1.,0.,0.));
#2924=DIRECTION('',(0.,0.,1.));
#2925=DIRECTION('',(1.,0.,0.));
#2926=DIRECTION('',(0.,0.,-1.));
#2927=DIRECTION('',(-1.,0.,0.));
#2928=DIRECTION('',(0.,0.,1.));
#2929=DIRECTION('',(1.,0.,0.));
#2930=DIRECTION('',(9.30453643794348E-16,5.55111512312578E-16,1.));
#2931=DIRECTION('',(-2.29148502583112E-9,0.,-1.));
#2932=DIRECTION('',(0.,0.,1.));
#2933=DIRECTION('',(1.,0.,0.));
#2934=DIRECTION('',(0.,2.29147166744155E-9,-1.));
#2935=DIRECTION('',(0.,0.,-1.));
#2936=DIRECTION('',(-1.,0.,0.));
#2937=DIRECTION('',(9.30453643794348E-16,5.55111512312578E-16,1.));
#2938=DIRECTION('',(0.,0.,1.));
#2939=DIRECTION('',(1.,0.,0.));
#2940=DIRECTION('',(0.,-2.29148502583112E-9,-1.));
#2941=DIRECTION('',(0.,0.,1.));
#2942=DIRECTION('',(1.,0.,0.));
#2943=DIRECTION('',(2.29147166744155E-9,0.,-1.));
#2944=DIRECTION('',(0.,1.,2.29147166744155E-9));
#2945=DIRECTION('',(0.,-2.29147166744155E-9,1.));
#2946=DIRECTION('',(1.,0.,0.));
#2947=DIRECTION('',(0.,-2.29147107897355E-9,1.));
#2948=DIRECTION('',(-1.,0.,0.));
#2949=DIRECTION('',(0.,2.29147166744155E-9,-1.));
#2950=DIRECTION('',(-1.,0.,0.));
#2951=DIRECTION('',(0.,2.29147166744155E-9,-1.));
#2952=DIRECTION('',(1.,0.,0.));
#2953=DIRECTION('',(-3.06998912545119E-10,-0.5,-0.866025403784439));
#2954=DIRECTION('',(0.,0.866025403784439,-0.5));
#2955=DIRECTION('',(-1.,-8.38736520884132E-10,8.38736565709317E-10));
#2956=DIRECTION('',(-1.22464681129657E-16,-0.866025403784439,0.5));
#2957=DIRECTION('',(-1.,-8.38736520884132E-10,8.38736565709317E-10));
#2958=DIRECTION('',(1.22464681129657E-16,0.866025403784439,-0.5));
#2959=DIRECTION('',(-3.06998912545119E-10,-0.5,-0.866025403784439));
#2960=DIRECTION('',(5.3173771439654E-10,0.866025403784439,-0.5));
#2961=DIRECTION('',(1.,0.,2.29147107897355E-9));
#2962=DIRECTION('',(2.29147107897355E-9,0.,-1.));
#2963=DIRECTION('',(1.,-1.03301105873072E-30,-9.30453643794348E-16));
#2964=DIRECTION('',(-9.30453643794348E-16,0.,-1.));
#2965=DIRECTION('',(1.,0.,0.));
#2966=DIRECTION('',(1.,0.,2.29147107897355E-9));
#2967=DIRECTION('',(2.29147107897355E-9,0.,-1.));
#2968=DIRECTION('',(1.,1.14573553948677E-9,3.06998912545118E-10));
#2969=DIRECTION('',(-1.,-1.32298198148328E-9,9.3045364452875E-16));
#2970=DIRECTION('',(1.32298198148328E-9,-1.,0.));
#2971=DIRECTION('',(1.,0.,0.));
#2972=DIRECTION('',(0.,0.,-1.));
#2973=DIRECTION('',(1.,-6.78607694945993E-16,-9.30453643794347E-16));
#2974=DIRECTION('',(-9.30453643794347E-16,0.,-1.));
#2975=DIRECTION('',(-1.,-1.14573541702209E-9,3.06998912545119E-10));
#2976=DIRECTION('',(1.,0.,0.));
#2977=DIRECTION('',(0.,0.,-1.));
#2978=DIRECTION('',(-3.06998912545118E-10,0.5,-0.866025403784439));
#2979=DIRECTION('',(-1.,-1.14573553948677E-9,-3.06998912545118E-10));
#2980=DIRECTION('',(1.,1.14573553948677E-9,3.06998912545118E-10));
#2981=DIRECTION('',(-1.14573553948677E-9,0.866025403784439,0.5));
#2982=DIRECTION('',(1.14573553948677E-9,-0.866025403784439,-0.5));
#2983=DIRECTION('',(0.,0.,1.));
#2984=DIRECTION('',(1.,0.,0.));
#2985=DIRECTION('',(0.,0.,1.));
#2986=DIRECTION('',(1.,0.,0.));
#2987=DIRECTION('',(0.,-1.,0.));
#2988=DIRECTION('',(0.,0.,1.));
#2989=DIRECTION('',(1.,0.,0.));
#2990=DIRECTION('',(0.,0.,1.));
#2991=DIRECTION('',(1.,0.,0.));
#2992=DIRECTION('',(0.,-1.,0.));
#2993=DIRECTION('',(0.,0.,1.));
#2994=DIRECTION('',(1.,0.,0.));
#2995=DIRECTION('',(-1.,0.,0.));
#2996=DIRECTION('',(0.,0.,1.));
#2997=DIRECTION('',(1.,0.,0.));
#2998=DIRECTION('',(0.,1.,0.));
#2999=DIRECTION('',(0.,0.,1.));
#3000=DIRECTION('',(1.,0.,0.));
#3001=DIRECTION('',(-1.,0.,0.));
#3002=DIRECTION('',(0.,1.,0.));
#3003=DIRECTION('',(0.,1.,0.));
#3004=DIRECTION('',(0.,0.,1.));
#3005=DIRECTION('',(1.,0.,0.));
#3006=DIRECTION('',(1.,-1.1750955371609E-9,0.));
#3007=DIRECTION('',(0.,0.,1.));
#3008=DIRECTION('',(1.,0.,0.));
#3009=DIRECTION('',(0.,1.,0.));
#3010=DIRECTION('',(1.,0.,0.));
#3011=DIRECTION('',(0.,1.,0.));
#3012=DIRECTION('',(0.,0.,-1.));
#3013=DIRECTION('',(-1.,0.,0.));
#3014=DIRECTION('',(-1.,0.,0.));
#3015=DIRECTION('',(0.,0.,1.));
#3016=DIRECTION('',(1.,0.,0.));
#3017=DIRECTION('',(-3.06998912545118E-10,0.5,-0.866025403784439));
#3018=DIRECTION('',(-1.,-1.14573553948677E-9,-3.06998912545118E-10));
#3019=DIRECTION('',(-1.14573553948677E-9,0.866025403784439,0.5));
#3020=DIRECTION('',(1.,1.14573553948677E-9,3.06998912545118E-10));
#3021=DIRECTION('',(1.14573553948677E-9,-0.866025403784439,-0.5));
#3022=DIRECTION('',(1.,1.14573553948677E-9,3.06998912545118E-10));
#3023=DIRECTION('',(1.,0.,2.29147107897355E-9));
#3024=DIRECTION('',(2.29147107897355E-9,0.,-1.));
#3025=DIRECTION('',(1.,-1.03301105873072E-30,-9.30453643794348E-16));
#3026=DIRECTION('',(-9.30453643794348E-16,0.,-1.));
#3027=DIRECTION('',(-1.,-1.32298198148328E-9,9.3045364452875E-16));
#3028=DIRECTION('',(1.32298198148328E-9,-1.,0.));
#3029=DIRECTION('',(1.,0.,2.29147107897355E-9));
#3030=DIRECTION('',(2.29147107897355E-9,0.,-1.));
#3031=DIRECTION('',(1.,0.,0.));
#3032=DIRECTION('',(0.,0.,-1.));
#3033=DIRECTION('',(-1.,-1.14573541702209E-9,3.06998912545119E-10));
#3034=DIRECTION('',(1.,-6.78607694945993E-16,-9.30453643794347E-16));
#3035=DIRECTION('',(-9.30453643794347E-16,0.,-1.));
#3036=DIRECTION('',(-1.,-8.38736520884132E-10,8.38736565709317E-10));
#3037=DIRECTION('',(1.,0.,0.));
#3038=DIRECTION('',(0.,0.,-1.));
#3039=DIRECTION('',(-3.06998912545119E-10,-0.5,-0.866025403784439));
#3040=DIRECTION('',(0.,0.866025403784439,-0.5));
#3041=DIRECTION('',(-1.22464681129657E-16,-0.866025403784439,0.5));
#3042=DIRECTION('',(-1.,-8.38736520884132E-10,8.38736565709317E-10));
#3043=DIRECTION('',(1.22464681129657E-16,0.866025403784439,-0.5));
#3044=DIRECTION('',(-8.38736565709317E-10,-5.55111512209863E-16,-1.));
#3045=DIRECTION('',(-1.,0.,8.38736565709317E-10));
#3046=DIRECTION('',(-1.22464681129657E-16,-1.,5.55111512312578E-16));
#3047=DIRECTION('',(-8.38736565709317E-10,-5.55111512209863E-16,-1.));
#3048=DIRECTION('',(-1.,0.,8.38736565709317E-10));
#3049=DIRECTION('',(1.2149215187131E-24,1.,-5.55111512209863E-16));
#3050=DIRECTION('',(-8.38736565709317E-10,-5.55111512209863E-16,-1.));
#3051=DIRECTION('',(-1.,0.,8.38736565709317E-10));
#3052=DIRECTION('',(-8.38736565709317E-10,-5.55111512209863E-16,-1.));
#3053=DIRECTION('',(-1.,0.,8.38736565709317E-10));
#3054=DIRECTION('',(-8.38736565709317E-10,-5.55111512209863E-16,-1.));
#3055=DIRECTION('',(-1.,0.,8.38736565709317E-10));
#3056=DIRECTION('',(1.2149215187131E-24,1.,-5.55111512209863E-16));
#3057=DIRECTION('',(-8.38736565709317E-10,-5.55111512209863E-16,-1.));
#3058=DIRECTION('',(-1.,0.,8.38736565709317E-10));
#3059=DIRECTION('',(-1.22464681129657E-16,-1.,5.55111512312578E-16));
#3060=DIRECTION('',(-8.38736565709317E-10,-5.55111512209863E-16,-1.));
#3061=DIRECTION('',(-1.,0.,8.38736565709317E-10));
#3062=DIRECTION('',(-1.,-8.38736524491207E-10,6.12323409597988E-17));
#3063=DIRECTION('',(-6.12323404942065E-17,-5.55111512312578E-16,-1.));
#3064=DIRECTION('',(0.,1.,-5.55111512312578E-16));
#3065=DIRECTION('',(-1.,3.39907771341777E-32,6.12323404942065E-17));
#3066=DIRECTION('',(-8.38736565709317E-10,-5.55111512209863E-16,-1.));
#3067=DIRECTION('',(-1.,0.,8.38736565709317E-10));
#3068=DIRECTION('',(1.22464681129657E-16,1.,-5.55111512312578E-16));
#3069=DIRECTION('',(6.12323404942065E-17,5.55111512312578E-16,1.));
#3070=DIRECTION('',(0.,-1.,5.55111512312578E-16));
#3071=DIRECTION('',(-1.2149215187131E-24,-1.,5.55111512312578E-16));
#3072=DIRECTION('',(1.12197403965442E-9,0.,1.));
#3073=DIRECTION('',(1.,0.,-1.12197403965442E-9));
#3074=DIRECTION('',(-1.2149215187131E-24,-1.,5.55111512312578E-16));
#3075=DIRECTION('',(6.12323404942065E-17,5.55111512312578E-16,1.));
#3076=DIRECTION('',(0.,-1.,5.55111512312578E-16));
#3077=DIRECTION('',(1.22464681129657E-16,1.,-5.55111512312578E-16));
#3078=DIRECTION('',(-1.09345272250133E-24,2.09323299445409E-14,1.));
#3079=DIRECTION('',(-0.165670423435531,-0.986181175443281,0.));
#3080=DIRECTION('',(6.12323404942065E-17,5.55111512312578E-16,1.));
#3081=DIRECTION('',(0.,-1.,5.55111512312578E-16));
#3082=DIRECTION('',(0.,1.,-2.29148534897835E-9));
#3083=DIRECTION('',(0.,2.29148534897835E-9,1.));
#3084=DIRECTION('',(-1.,0.,0.));
#3085=DIRECTION('',(0.,-2.29148534897835E-9,-1.));
#3086=DIRECTION('',(0.,-2.29148534897835E-9,-1.));
#3087=DIRECTION('',(0.,1.,2.29147107897355E-9));
#3088=DIRECTION('',(0.,-2.29147107897355E-9,1.));
#3089=DIRECTION('',(0.,2.29147107897355E-9,-1.));
#3090=DIRECTION('',(-1.,0.,0.));
#3091=DIRECTION('',(0.,2.29147107897355E-9,-1.));
#3092=DIRECTION('',(0.,0.,1.));
#3093=DIRECTION('',(1.,0.,0.));
#3094=DIRECTION('',(0.,0.,1.));
#3095=DIRECTION('',(1.,0.,0.));
#3096=DIRECTION('',(1.,0.,0.));
#3097=DIRECTION('',(0.,0.,1.));
#3098=DIRECTION('',(1.,0.,0.));
#3099=DIRECTION('',(0.,1.,0.));
#3100=DIRECTION('',(1.,6.13997825090236E-10,0.));
#3101=DIRECTION('',(0.,1.,0.));
#3102=DIRECTION('',(0.,1.,-2.29148502583112E-9));
#3103=DIRECTION('',(0.,2.29148502583112E-9,1.));
#3104=DIRECTION('',(-1.,0.,0.));
#3105=DIRECTION('',(0.,-2.29148534897835E-9,-1.));
#3106=DIRECTION('',(1.,0.,0.));
#3107=DIRECTION('',(-1.,0.,0.));
#3108=DIRECTION('',(0.,-2.29148502583112E-9,-1.));
#3109=DIRECTION('',(0.,-2.29148502583112E-9,-1.));
#3110=DIRECTION('',(0.,0.,1.));
#3111=DIRECTION('',(1.,0.,0.));
#3112=DIRECTION('',(1.,0.,0.));
#3113=DIRECTION('',(0.,0.,1.));
#3114=DIRECTION('',(1.,0.,0.));
#3115=DIRECTION('',(0.,0.,-1.));
#3116=DIRECTION('',(-1.,0.,0.));
#3117=DIRECTION('',(0.,1.,0.));
#3118=DIRECTION('',(1.,6.13997825090236E-10,0.));
#3119=DIRECTION('',(0.,1.,0.));
#3120=DIRECTION('',(0.,0.,1.));
#3121=DIRECTION('',(1.,0.,0.));
#3122=DIRECTION('',(1.,0.,0.));
#3123=DIRECTION('',(0.,1.,0.));
#3124=DIRECTION('',(0.,-1.,0.));
#3125=DIRECTION('',(0.,2.29147107897355E-9,-1.));
#3126=DIRECTION('',(0.,-2.29148534897835E-9,-1.));
#3127=DIRECTION('',(1.,0.,-2.29148534897835E-9));
#3128=DIRECTION('',(2.29148534897835E-9,0.,1.));
#3129=DIRECTION('',(1.,0.,-2.29148534897835E-9));
#3130=DIRECTION('',(-2.29148534897835E-9,0.,-1.));
#3131=DIRECTION('',(1.14573553948677E-9,-0.866025403784439,-0.5));
#3132=DIRECTION('',(1.,0.,2.29147107897355E-9));
#3133=DIRECTION('',(2.29147107897355E-9,0.,-1.));
#3134=DIRECTION('',(-1.21492152468726E-24,-1.,5.55111512312578E-16));
#3135=DIRECTION('',(-2.29148534897835E-9,-5.55111512312578E-16,-1.));
#3136=DIRECTION('',(-1.21492152468726E-24,-1.,5.55111512312578E-16));
#3137=DIRECTION('',(1.,0.,2.29147107897355E-9));
#3138=DIRECTION('',(-2.29147107897355E-9,0.,1.));
#3139=DIRECTION('',(-1.21492152468726E-24,-1.,5.55111512312578E-16));
#3140=DIRECTION('',(2.29147107897355E-9,-5.55111512312578E-16,-1.));
#3141=DIRECTION('',(-1.21492152468726E-24,-1.,5.55111512312578E-16));
#3142=DIRECTION('',(1.,0.,2.29147107897355E-9));
#3143=DIRECTION('',(2.29147107897355E-9,0.,-1.));
#3144=DIRECTION('',(1.14573553948677E-9,-0.866025403784439,-0.5));
#3145=DIRECTION('',(1.,0.,2.29147107897355E-9));
#3146=DIRECTION('',(2.29147107897355E-9,0.,-1.));
#3147=DIRECTION('',(2.29147107897355E-9,0.,-1.));
#3148=DIRECTION('',(1.,0.,2.29147166744155E-9));
#3149=DIRECTION('',(-2.29147166744155E-9,0.,1.));
#3150=DIRECTION('',(-2.29147166744155E-9,2.69269812994122E-18,1.));
#3151=DIRECTION('',(0.,-1.,0.));
#3152=DIRECTION('',(0.,1.,0.));
#3153=DIRECTION('',(1.,0.,2.29147166744155E-9));
#3154=DIRECTION('',(2.29147166744155E-9,0.,-1.));
#3155=DIRECTION('',(1.14573583372077E-9,-0.866025403784439,-0.5));
#3156=DIRECTION('',(1.,0.,2.29147166744155E-9));
#3157=DIRECTION('',(2.29147166744155E-9,0.,-1.));
#3158=DIRECTION('',(-1.2720223027349E-24,-1.,5.55111512312578E-16));
#3159=DIRECTION('',(2.29147166744155E-9,-5.55111512312578E-16,-1.));
#3160=DIRECTION('',(1.21492152468726E-24,1.,-5.55111512312578E-16));
#3161=DIRECTION('',(1.,0.,-2.29148502583112E-9));
#3162=DIRECTION('',(2.29148502583112E-9,0.,1.));
#3163=DIRECTION('',(0.,1.,0.));
#3164=DIRECTION('',(2.29148502583112E-9,-2.69271382732518E-18,1.));
#3165=DIRECTION('',(1.21492152468726E-24,1.,-5.55111512312578E-16));
#3166=DIRECTION('',(1.27202971813074E-24,-1.,5.55111512312578E-16));
#3167=DIRECTION('',(1.,0.,-2.29148502583112E-9));
#3168=DIRECTION('',(-2.29148502583112E-9,0.,-1.));
#3169=DIRECTION('',(-1.14574251291556E-9,-0.866025403784439,-0.5));
#3170=DIRECTION('',(1.,0.,-2.29148502583112E-9));
#3171=DIRECTION('',(-2.29148502583112E-9,0.,-1.));
#3172=DIRECTION('',(0.,1.,0.));
#3173=DIRECTION('',(0.,0.,-1.));
#3174=DIRECTION('',(-1.,0.,0.));
#3175=DIRECTION('',(-3.06998912545118E-10,0.5,-0.866025403784439));
#3176=DIRECTION('',(-1.,-1.14573553948677E-9,-3.06998912545118E-10));
#3177=DIRECTION('',(1.,6.13997825090236E-10,0.));
#3178=DIRECTION('',(-1.14574251291556E-9,-0.866025403784439,-0.5));
#3179=DIRECTION('',(1.,1.14573553948677E-9,3.06998912545118E-10));
#3180=DIRECTION('',(-3.06998912545118E-10,0.5,-0.866025403784439));
#3181=DIRECTION('',(-1.,-1.14573553948677E-9,-3.06998912545118E-10));
#3182=DIRECTION('',(1.,1.14573553948677E-9,3.06998912545118E-10));
#3183=DIRECTION('',(1.14573583372077E-9,-0.866025403784439,-0.5));
#3184=DIRECTION('',(1.,6.13997825090236E-10,0.));
#3185=DIRECTION('',(1.,0.,2.29147107897355E-9));
#3186=DIRECTION('',(2.29147107897355E-9,0.,-1.));
#3187=DIRECTION('',(1.,-1.16322273640269E-24,5.16987882845642E-26));
#3188=DIRECTION('',(1.,0.,2.29147107897355E-9));
#3189=DIRECTION('',(2.29147107897355E-9,0.,-1.));
#3190=DIRECTION('',(1.,-1.16322273640269E-24,5.16987882845642E-26));
#3191=DIRECTION('',(1.,0.,2.29147166744155E-9));
#3192=DIRECTION('',(2.29147166744155E-9,0.,-1.));
#3193=DIRECTION('',(1.,6.13997825090236E-10,0.));
#3194=DIRECTION('',(-6.13997825090236E-10,1.,0.));
#3195=DIRECTION('',(1.,6.13997825090236E-10,0.));
#3196=DIRECTION('',(-6.13997825090236E-10,1.,0.));
#3197=DIRECTION('',(5.16987882845636E-26,-5.55111512312578E-16,-1.));
#3198=DIRECTION('',(0.,1.,-5.55111512312578E-16));
#3199=DIRECTION('',(1.27202971813074E-24,-1.,5.55111512312578E-16));
#3200=DIRECTION('',(5.16987882845636E-26,-5.55111512312578E-16,-1.));
#3201=DIRECTION('',(0.,1.,-5.55111512312578E-16));
#3202=DIRECTION('',(-1.,1.22464681077958E-16,-5.16988562661179E-26));
#3203=DIRECTION('',(5.16987882845636E-26,-5.55111512312578E-16,-1.));
#3204=DIRECTION('',(0.,1.,-5.55111512312578E-16));
#3205=DIRECTION('',(5.16987882845636E-26,-5.55111512312578E-16,-1.));
#3206=DIRECTION('',(0.,1.,-5.55111512312578E-16));
#3207=DIRECTION('',(5.16987882845636E-26,-5.55111512312578E-16,-1.));
#3208=DIRECTION('',(0.,1.,-5.55111512312578E-16));
#3209=DIRECTION('',(-1.2720223027349E-24,-1.,5.55111512312578E-16));
#3210=DIRECTION('',(5.16987882845636E-26,-5.55111512312578E-16,-1.));
#3211=DIRECTION('',(0.,1.,-5.55111512312578E-16));
#3212=DIRECTION('',(-1.,1.22464681077958E-16,-5.16988562661179E-26));
#3213=DIRECTION('',(3.06998912545119E-10,-5.55111512312578E-16,-1.));
#3214=DIRECTION('',(-1.,0.,-3.06998912545119E-10));
#3215=DIRECTION('',(5.16987882845636E-26,-5.55111512312578E-16,-1.));
#3216=DIRECTION('',(0.,1.,-5.55111512312578E-16));
#3217=DIRECTION('',(3.06998912545119E-10,-5.55111512312578E-16,-1.));
#3218=DIRECTION('',(-1.,0.,-3.06998912545119E-10));
#3219=DIRECTION('',(-0.707106780228786,0.70710678214431,-2.17081405106632E-10));
#3220=DIRECTION('',(3.06998912545119E-10,-5.55111512312578E-16,-1.));
#3221=DIRECTION('',(-1.,0.,-3.06998912545119E-10));
#3222=DIRECTION('',(3.06998912545119E-10,-5.55111512312578E-16,-1.));
#3223=DIRECTION('',(-1.,0.,-3.06998912545119E-10));
#3224=DIRECTION('',(5.16987882845636E-26,-5.55111512312578E-16,-1.));
#3225=DIRECTION('',(0.,1.,-5.55111512312578E-16));
#3226=DIRECTION('',(3.06998912545119E-10,-5.55111512312578E-16,-1.));
#3227=DIRECTION('',(-1.,0.,-3.06998912545119E-10));
#3228=DIRECTION('',(3.06998912545119E-10,-5.55111512312578E-16,-1.));
#3229=DIRECTION('',(-1.,0.,-3.06998912545119E-10));
#3230=DIRECTION('',(0.707106781505801,0.707106780867294,2.17080620452445E-10));
#3231=DIRECTION('',(3.06998912545119E-10,-5.55111512312578E-16,-1.));
#3232=DIRECTION('',(-1.,0.,-3.06998912545119E-10));
#3233=DIRECTION('',(5.16987882845636E-26,-5.55111512312578E-16,-1.));
#3234=DIRECTION('',(0.,1.,-5.55111512312578E-16));
#3235=DIRECTION('',(2.29148534897835E-9,-5.55111512593204E-16,-1.));
#3236=DIRECTION('',(5.16987882845636E-26,-5.55111512312578E-16,-1.));
#3237=DIRECTION('',(0.,1.,-5.55111512312578E-16));
#3238=DIRECTION('',(3.06998912545119E-10,-5.55111512312578E-16,-1.));
#3239=DIRECTION('',(-1.,0.,-3.06998912545119E-10));
#3240=DIRECTION('',(5.16987882845636E-26,-5.55111512312578E-16,-1.));
#3241=DIRECTION('',(0.,1.,-5.55111512312578E-16));
#3242=DIRECTION('',(-2.29147166744155E-9,-5.55111512031954E-16,-1.));
#3243=DIRECTION('',(5.16987882845636E-26,-5.55111512312578E-16,-1.));
#3244=DIRECTION('',(0.,1.,-5.55111512312578E-16));
#3245=DIRECTION('',(-2.29147107897355E-9,-5.55111512031954E-16,-1.));
#3246=DIRECTION('',(1.,0.,0.));
#3247=DIRECTION('',(0.,0.,-1.));
#3248=DIRECTION('',(0.,-1.,5.55111512312578E-16));
#3249=DIRECTION('',(0.,-5.5511151226122E-16,-1.));
#3250=DIRECTION('',(1.22464681129657E-16,0.866025403784439,-0.5));
#3251=DIRECTION('',(-1.,0.,0.));
#3252=DIRECTION('',(0.,0.,1.));
#3253=DIRECTION('',(2.29148534897835E-9,-6.10622663543836E-16,-1.));
#3254=DIRECTION('',(0.,-5.55111512312578E-16,-1.));
#3255=DIRECTION('',(1.,0.,0.));
#3256=DIRECTION('',(0.,0.,-1.));
#3257=DIRECTION('',(1.,0.,0.));
#3258=DIRECTION('',(0.,0.,-1.));
#3259=DIRECTION('',(0.,0.866025403784439,-0.5));
#3260=DIRECTION('',(2.29148502583112E-9,-6.10622663543836E-16,-1.));
#3261=DIRECTION('',(0.,1.,-5.55111512312578E-16));
#3262=DIRECTION('',(1.,0.,0.));
#3263=DIRECTION('',(0.,0.,-1.));
#3264=DIRECTION('',(0.,0.866025403784439,-0.5));
#3265=DIRECTION('',(1.,0.,0.));
#3266=DIRECTION('',(0.,0.,-1.));
#3267=DIRECTION('',(0.,1.,-5.55111512312578E-16));
#3268=DIRECTION('',(-2.29147166744155E-9,-5.55111512312578E-16,-1.));
#3269=DIRECTION('',(1.,0.,0.));
#3270=DIRECTION('',(0.,0.,-1.));
#3271=DIRECTION('',(-2.29147107897355E-9,-5.55111512312578E-16,-1.));
#3272=DIRECTION('',(-1.,0.,0.));
#3273=DIRECTION('',(0.,0.,1.));
#3274=DIRECTION('',(1.22464681129657E-16,0.866025403784439,-0.5));
#3275=DIRECTION('',(-6.12323404942066E-17,-0.5,-0.866025403784439));
#3276=DIRECTION('',(0.,0.866025403784439,-0.5));
#3277=DIRECTION('',(-3.08148791101958E-33,0.866025403784439,-0.5));
#3278=DIRECTION('',(-1.,1.22464681077958E-16,-5.16988562661179E-26));
#3279=DIRECTION('',(-6.12323404942066E-17,-0.5,-0.866025403784439));
#3280=DIRECTION('',(0.,0.866025403784439,-0.5));
#3281=DIRECTION('',(-1.,1.22464681077958E-16,-5.16988562661179E-26));
#3282=DIRECTION('',(-3.08148791101958E-33,0.866025403784439,-0.5));
#3283=DIRECTION('',(-1.,0.,0.));
#3284=DIRECTION('',(0.,0.,1.));
#3285=DIRECTION('',(1.,0.,0.));
#3286=DIRECTION('',(0.,0.,-1.));
#3287=DIRECTION('',(-1.,0.,0.));
#3288=DIRECTION('',(0.,0.,1.));
#3289=DIRECTION('',(1.,0.,0.));
#3290=DIRECTION('',(0.,0.,-1.));
#3291=DIRECTION('',(6.12323404942065E-17,5.55111512312578E-16,1.));
#3292=DIRECTION('',(0.,-1.,5.55111512312578E-16));
#3293=DIRECTION('',(-2.29148547144304E-9,-4.99600361361946E-16,-1.));
#3294=DIRECTION('',(6.12323404942065E-17,5.55111512312578E-16,1.));
#3295=DIRECTION('',(0.,-1.,5.55111512312578E-16));
#3296=DIRECTION('',(-2.2914851482958E-9,-4.99600361361946E-16,-1.));
#3297=DIRECTION('',(-6.12323404942065E-17,-5.55111512312578E-16,-1.));
#3298=DIRECTION('',(0.,1.,-5.55111512312578E-16));
#3299=DIRECTION('',(6.12323404942065E-17,5.55111512312578E-16,1.));
#3300=DIRECTION('',(0.,-1.,5.55111512312578E-16));
#3301=DIRECTION('',(-6.12323404942065E-17,-5.55111512312578E-16,-1.));
#3302=DIRECTION('',(0.,1.,-5.55111512312578E-16));
#3303=DIRECTION('',(2.29147154497687E-9,-5.55111512031954E-16,-1.));
#3304=DIRECTION('',(6.12323404942065E-17,5.55111512312578E-16,1.));
#3305=DIRECTION('',(0.,-1.,5.55111512312578E-16));
#3306=DIRECTION('',(2.29147095650887E-9,-5.55111512031954E-16,-1.));
#3307=DIRECTION('',(-1.,2.48695148420815E-24,2.29148547144304E-9));
#3308=DIRECTION('',(2.29148547144304E-9,0.,1.));
#3309=DIRECTION('',(-6.12323404942065E-17,-5.55111512312578E-16,-1.));
#3310=DIRECTION('',(-1.2149215187131E-24,-1.,5.55111512312578E-16));
#3311=DIRECTION('',(-6.12323404942065E-17,-5.55111512312578E-16,-1.));
#3312=DIRECTION('',(-2.29148547144304E-9,-4.99600361361946E-16,-1.));
#3313=DIRECTION('',(-1.,2.4869513048254E-24,2.2914851482958E-9));
#3314=DIRECTION('',(2.2914851482958E-9,0.,1.));
#3315=DIRECTION('',(-2.2914851482958E-9,-4.99600361361946E-16,-1.));
#3316=DIRECTION('',(-1.2149215187131E-24,-1.,5.55111512312578E-16));
#3317=DIRECTION('',(1.21492151894847E-24,1.,-5.55111512209863E-16));
#3318=DIRECTION('',(9.30453643794348E-16,5.55111512312578E-16,1.));
#3319=DIRECTION('',(-1.,-5.71007160402453E-26,-2.29147154497687E-9));
#3320=DIRECTION('',(-2.29147154497687E-9,0.,1.));
#3321=DIRECTION('',(-1.2149215187131E-24,-1.,5.55111512312578E-16));
#3322=DIRECTION('',(2.29147154497687E-9,-5.55111512031954E-16,-1.));
#3323=DIRECTION('',(9.30453643794348E-16,5.55111512312578E-16,1.));
#3324=DIRECTION('',(-1.21492151847773E-24,-1.,5.55111512209863E-16));
#3325=DIRECTION('',(-1.,-5.71003893748852E-26,-2.29147095650887E-9));
#3326=DIRECTION('',(-2.29147095650887E-9,0.,1.));
#3327=DIRECTION('',(2.29147095650887E-9,-5.55111512031954E-16,-1.));
#3328=DIRECTION('',(-6.12323404942065E-17,-5.55111512312578E-16,-1.));
#3329=DIRECTION('',(-1.2149215187131E-24,-1.,5.55111512312578E-16));
#3330=DIRECTION('',(-6.12323404942065E-17,-5.55111512312578E-16,-1.));
#3331=DIRECTION('',(1.12197403965442E-9,0.,1.));
#3332=DIRECTION('',(1.,0.,-1.12197403965442E-9));
#3333=DIRECTION('',(1.12197403965442E-9,0.,1.));
#3334=DIRECTION('',(1.,0.,-1.12197403965442E-9));
#3335=DIRECTION('',(1.12197403965442E-9,0.,1.));
#3336=DIRECTION('',(1.,0.,-1.12197403965442E-9));
#3337=DIRECTION('',(1.12197403965442E-9,0.,1.));
#3338=DIRECTION('',(1.,0.,-1.12197403965442E-9));
#3339=DIRECTION('',(5.16987882845636E-26,-5.55111512312578E-16,-1.));
#3340=DIRECTION('',(0.,1.,-5.55111512312578E-16));
#3341=DIRECTION('',(0.,-1.,0.));
#3342=DIRECTION('',(0.,0.,-1.));
#3343=DIRECTION('',(-1.2720223027349E-24,-1.,5.55111512312578E-16));
#3344=DIRECTION('',(0.,-5.55111512312578E-16,-1.));
#3345=DIRECTION('',(8.67361736994635E-16,-1.,4.33680868994202E-16));
#3346=DIRECTION('',(1.,8.67361736994635E-16,0.));
#3347=DIRECTION('',(1.,0.,2.29147166744155E-9));
#3348=DIRECTION('',(2.29147166744155E-9,0.,-1.));
#3349=DIRECTION('',(1.14573459352143E-9,-0.866025403784438,-0.5));
#3350=DIRECTION('',(0.,0.5,-0.866025403784438));
#3351=DIRECTION('',(1.14573583372077E-9,-0.866025403784439,-0.5));
#3352=DIRECTION('',(0.,0.5,-0.866025403784439));
#3353=DIRECTION('',(1.14573478131075E-9,-0.866025403784439,-0.5));
#3354=DIRECTION('',(0.,0.5,-0.866025403784439));
#3355=DIRECTION('',(1.,0.,2.29147166744155E-9));
#3356=DIRECTION('',(2.29147166744155E-9,0.,-1.));
#3357=DIRECTION('',(0.,-1.,0.));
#3358=DIRECTION('',(0.,0.,-1.));
#3359=DIRECTION('',(0.,-1.,0.));
#3360=DIRECTION('',(0.,0.,-1.));
#3361=DIRECTION('',(-6.19857325190319E-8,-1.,0.));
#3362=DIRECTION('',(1.,-6.19857325190319E-8,0.));
#3363=DIRECTION('',(0.,0.,1.));
#3364=DIRECTION('',(1.,0.,0.));
#3365=DIRECTION('',(-1.,0.,0.));
#3366=DIRECTION('',(0.,0.,1.));
#3367=DIRECTION('',(1.,0.,0.));
#3368=DIRECTION('',(0.,0.,-1.));
#3369=DIRECTION('',(5.16987882845636E-26,-5.55111512312578E-16,-1.));
#3370=DIRECTION('',(0.,1.,-5.55111512312578E-16));
#3371=DIRECTION('',(0.,-1.,0.));
#3372=DIRECTION('',(0.,0.,-1.));
#3373=DIRECTION('',(-1.27202971813074E-24,1.,-5.55111512312578E-16));
#3374=DIRECTION('',(0.,5.55111512312578E-16,1.));
#3375=DIRECTION('',(1.98754766554547E-24,-1.,8.67361737988403E-16));
#3376=DIRECTION('',(0.,-8.67361737988403E-16,-1.));
#3377=DIRECTION('',(1.,0.,-2.29148502583112E-9));
#3378=DIRECTION('',(-2.29148502583112E-9,0.,-1.));
#3379=DIRECTION('',(-1.14574322251925E-9,-0.86602540378444,-0.5));
#3380=DIRECTION('',(0.,0.5,-0.86602540378444));
#3381=DIRECTION('',(1.14574251291556E-9,0.866025403784439,0.5));
#3382=DIRECTION('',(0.,-0.5,0.866025403784439));
#3383=DIRECTION('',(-1.14574322251926E-9,-0.866025403784438,-0.5));
#3384=DIRECTION('',(0.,0.5,-0.866025403784438));
#3385=DIRECTION('',(1.,0.,-2.29148502583112E-9));
#3386=DIRECTION('',(-2.29148502583112E-9,0.,-1.));
#3387=DIRECTION('',(0.,-1.,0.));
#3388=DIRECTION('',(0.,0.,-1.));
#3389=DIRECTION('',(0.,1.,0.));
#3390=DIRECTION('',(0.,0.,1.));
#3391=DIRECTION('',(6.71671850144217E-16,-0.999999999999957,2.93116222266341E-7));
#3392=DIRECTION('',(0.,-2.93116222266341E-7,-0.999999999999957));
#3393=DIRECTION('',(0.,0.,1.));
#3394=DIRECTION('',(1.,0.,0.));
#3395=DIRECTION('',(-1.,-6.93889390390722E-15,6.93889390390722E-15));
#3396=DIRECTION('',(6.93889390390722E-15,0.,1.));
#3397=DIRECTION('',(-1.,0.,0.));
#3398=DIRECTION('',(0.,0.,1.));
#3399=DIRECTION('',(9.30453643794348E-16,5.55111512312578E-16,1.));
#3400=DIRECTION('',(1.,0.,-9.30453643794348E-16));
#3401=DIRECTION('',(-8.38736565709317E-10,-5.55111512209863E-16,-1.));
#3402=DIRECTION('',(-1.,0.,8.38736565709317E-10));
#3403=DIRECTION('',(1.,0.,0.));
#3404=DIRECTION('',(0.,0.,-1.));
#3405=DIRECTION('',(0.,-1.,0.));
#3406=DIRECTION('',(0.,-2.29148502583112E-9,-1.));
#3407=DIRECTION('',(0.,2.29147166744155E-9,-1.));
#3408=DIRECTION('',(0.,0.,-1.));
#3409=DIRECTION('',(1.,0.,0.));
#3410=DIRECTION('',(0.,0.,1.));
#3411=DIRECTION('',(1.,0.,0.));
#3412=DIRECTION('',(0.,0.,-1.));
#3413=DIRECTION('',(-1.,0.,0.));
#3414=DIRECTION('',(0.,0.,-1.));
#3415=DIRECTION('',(-1.,0.,0.));
#3416=DIRECTION('',(0.,0.,-1.));
#3417=DIRECTION('',(-1.,0.,0.));
#3418=DIRECTION('',(0.,0.,-1.));
#3419=DIRECTION('',(-1.,0.,0.));
#3420=DIRECTION('',(0.,0.,1.));
#3421=DIRECTION('',(1.,0.,0.));
#3422=DIRECTION('',(0.,0.,1.));
#3423=DIRECTION('',(1.,0.,0.));
#3424=DIRECTION('',(0.,0.,1.));
#3425=DIRECTION('',(1.,0.,0.));
#3426=DIRECTION('',(0.,0.,1.));
#3427=DIRECTION('',(1.,0.,0.));
#3428=DIRECTION('',(0.,2.29148502583112E-9,1.));
#3429=DIRECTION('',(0.,-1.,2.29148502583112E-9));
#3430=DIRECTION('',(0.,2.29147166744155E-9,-1.));
#3431=DIRECTION('',(0.,1.,2.29147166744155E-9));
#3432=DIRECTION('',(1.,0.,0.));
#3433=DIRECTION('',(0.,0.,-1.));
#3434=DIRECTION('',(0.,-2.29148502583112E-9,-1.));
#3435=DIRECTION('',(0.,-1.,0.));
#3436=DIRECTION('',(0.,2.29147166744155E-9,-1.));
#3437=DIRECTION('',(1.1750955371609E-9,1.,0.));
#3438=DIRECTION('',(-1.,1.1750955371609E-9,0.));
#3439=DIRECTION('',(1.,-1.1750955371609E-9,0.));
#3440=DIRECTION('',(-2.29147166744155E-9,2.69269812994122E-18,1.));
#3441=DIRECTION('',(2.29148502583112E-9,-2.69271382732518E-18,1.));
#3442=DIRECTION('',(0.,0.,-1.));
#3443=DIRECTION('',(1.,0.,0.));
#3444=DIRECTION('',(0.,0.,1.));
#3445=DIRECTION('',(1.,0.,0.));
#3446=DIRECTION('',(0.,0.,-1.));
#3447=DIRECTION('',(-1.,0.,0.));
#3448=DIRECTION('',(0.,0.,-1.));
#3449=DIRECTION('',(-1.,0.,0.));
#3450=DIRECTION('',(0.,0.,-1.));
#3451=DIRECTION('',(-1.,0.,0.));
#3452=DIRECTION('',(0.,0.,-1.));
#3453=DIRECTION('',(-1.,0.,0.));
#3454=DIRECTION('',(0.,0.,1.));
#3455=DIRECTION('',(1.,0.,0.));
#3456=DIRECTION('',(0.,0.,1.));
#3457=DIRECTION('',(1.,0.,0.));
#3458=DIRECTION('',(0.,0.,1.));
#3459=DIRECTION('',(1.,0.,0.));
#3460=DIRECTION('',(0.,-2.29148502583112E-9,-1.));
#3461=DIRECTION('',(0.,1.,-2.29148502583112E-9));
#3462=DIRECTION('',(0.,-2.29147166744155E-9,1.));
#3463=DIRECTION('',(0.,-1.,-2.29147166744155E-9));
#3464=DIRECTION('',(-2.29147166744155E-9,2.69269812994122E-18,1.));
#3465=DIRECTION('',(1.,0.,2.29147166744155E-9));
#3466=DIRECTION('',(-2.29148502583112E-9,2.69271382732518E-18,-1.));
#3467=DIRECTION('',(-1.,0.,2.29148502583112E-9));
#3468=DIRECTION('',(-0.70710678214431,-0.707106780228786,-2.17080620648467E-10));
#3469=DIRECTION('',(0.707106780228786,-0.70710678214431,0.));
#3470=DIRECTION('',(-0.707106780228786,0.70710678214431,-2.17081405106632E-10));
#3471=DIRECTION('',(-0.707106780867294,0.707106781505801,-2.17081405302653E-10));
#3472=DIRECTION('',(-0.707106781505801,-0.707106780867294,0.));
#3473=DIRECTION('',(0.707106781505801,0.707106780867294,2.17080620452445E-10));
#3474=DIRECTION('',(3.06998912545119E-10,-5.55111512312578E-16,-1.));
#3475=DIRECTION('',(1.,1.70418630621238E-25,3.06998912545119E-10));
#3476=DIRECTION('',(-3.06998912545119E-10,5.55111512312578E-16,1.));
#3477=DIRECTION('',(1.,0.,3.06998912545119E-10));
#3478=DIRECTION('',(-3.06998912545119E-10,5.55111512312578E-16,1.));
#3479=DIRECTION('',(1.,0.,3.06998912545119E-10));
#3480=DIRECTION('',(3.06998912545119E-10,-5.55111512312578E-16,-1.));
#3481=DIRECTION('',(-1.,0.,-3.06998912545119E-10));
#3482=DIRECTION('',(3.06998912545119E-10,-5.55111512312578E-16,-1.));
#3483=DIRECTION('',(-1.,0.,-3.06998912545119E-10));
#3484=DIRECTION('',(3.06998912545119E-10,-5.55111512312578E-16,-1.));
#3485=DIRECTION('',(-1.,0.,-3.06998912545119E-10));
#3486=DIRECTION('',(3.06998912545119E-10,-5.55111512312578E-16,-1.));
#3487=DIRECTION('',(-1.,0.,-3.06998912545119E-10));
#3488=DIRECTION('',(-3.06998912545119E-10,5.55111512312578E-16,1.));
#3489=DIRECTION('',(1.,0.,3.06998912545119E-10));
#3490=DIRECTION('',(-3.06998912545119E-10,5.55111512312578E-16,1.));
#3491=DIRECTION('',(1.,0.,3.06998912545119E-10));
#3492=DIRECTION('',(-3.06998912545119E-10,5.55111512312578E-16,1.));
#3493=DIRECTION('',(1.,1.70418630621238E-25,3.06998912545119E-10));
#3494=DIRECTION('',(-3.06998912545119E-10,5.55111512312578E-16,1.));
#3495=DIRECTION('',(1.,0.,3.06998912545119E-10));
#3496=DIRECTION('',(-3.06998912545119E-10,5.55111512312578E-16,1.));
#3497=DIRECTION('',(1.,0.,3.06998912545119E-10));
#3498=DIRECTION('',(-3.06998912545119E-10,5.55111512312578E-16,1.));
#3499=DIRECTION('',(1.,1.70418630621238E-25,3.06998912545119E-10));
#3500=DIRECTION('',(0.,-2.29147107897355E-9,1.));
#3501=DIRECTION('',(0.,-1.,-2.29147107897355E-9));
#3502=DIRECTION('',(0.,-2.29148534897835E-9,-1.));
#3503=DIRECTION('',(0.,1.,-2.29148534897835E-9));
#3504=DIRECTION('',(-8.38736565709317E-10,-5.55111512209863E-16,-1.));
#3505=DIRECTION('',(-1.,0.,8.38736565709317E-10));
#3506=DIRECTION('',(-8.38736565709317E-10,-5.55111512209863E-16,-1.));
#3507=DIRECTION('',(-1.,0.,8.38736565709317E-10));
#3508=DIRECTION('',(-8.38736565709317E-10,-5.55111512209863E-16,-1.));
#3509=DIRECTION('',(1.,-4.65592323336606E-25,-8.38736565709317E-10));
#3510=DIRECTION('',(8.38736565709317E-10,5.55111512209863E-16,1.));
#3511=DIRECTION('',(1.,0.,-8.38736565709317E-10));
#3512=DIRECTION('',(-8.38736565709317E-10,-5.55111512209863E-16,-1.));
#3513=DIRECTION('',(-1.,0.,8.38736565709317E-10));
#3514=DIRECTION('',(-8.38736565709317E-10,-5.55111512209863E-16,-1.));
#3515=DIRECTION('',(-1.,0.,8.38736565709317E-10));
#3516=DIRECTION('',(8.38736565709317E-10,5.55111512209863E-16,1.));
#3517=DIRECTION('',(1.,0.,-8.38736565709317E-10));
#3518=DIRECTION('',(8.38736565709317E-10,5.55111512209863E-16,1.));
#3519=DIRECTION('',(1.,0.,-8.38736565709317E-10));
#3520=DIRECTION('',(8.38736565709317E-10,5.55111512209863E-16,1.));
#3521=DIRECTION('',(1.,-4.65592323336606E-25,-8.38736565709317E-10));
#3522=DIRECTION('',(0.,0.,1.));
#3523=DIRECTION('',(1.,0.,0.));
#3524=DIRECTION('',(1.,0.,-6.12323404942065E-17));
#3525=DIRECTION('',(-6.12323404942065E-17,0.,-1.));
#3526=DIRECTION('',(-6.12323404942065E-17,-5.55111512312578E-16,-1.));
#3527=DIRECTION('',(3.39907771341777E-32,-1.,5.55111512312578E-16));
#3528=DIRECTION('',(-6.12323404942065E-17,-5.55111512312578E-16,-1.));
#3529=DIRECTION('',(-6.12323404942065E-17,-5.55111512312578E-16,-1.));
#3530=DIRECTION('',(0.,1.,-5.55111512312578E-16));
#3531=DIRECTION('',(-6.12323404942065E-17,-5.55111512312578E-16,-1.));
#3532=DIRECTION('',(6.12323404942065E-17,5.55111512312578E-16,1.));
#3533=DIRECTION('',(0.,-1.,5.55111512312578E-16));
#3534=DIRECTION('',(1.,0.,-6.12323404942065E-17));
#3535=DIRECTION('',(-6.12323404942065E-17,0.,-1.));
#3536=DIRECTION('',(-6.12323404942065E-17,-5.55111512312578E-16,-1.));
#3537=DIRECTION('',(3.39907771341777E-32,-1.,5.55111512312578E-16));
#3538=DIRECTION('',(0.,1.,-5.55111512312578E-16));
#3539=DIRECTION('',(0.,5.55111512312578E-16,1.));
#3540=DIRECTION('',(1.,-3.39907771341777E-32,-6.12323404942065E-17));
#3541=DIRECTION('',(-6.12323404942065E-17,-5.55111512312578E-16,-1.));
#3542=DIRECTION('',(0.,1.,-5.55111512312578E-16));
#3543=DIRECTION('',(1.12197403965442E-9,0.,1.));
#3544=DIRECTION('',(1.,0.,-1.12197403965442E-9));
#3545=DIRECTION('',(0.,-1.,5.55111512312578E-16));
#3546=DIRECTION('',(0.,-5.55111512312578E-16,-1.));
#3547=DIRECTION('',(-1.,3.39907771341777E-32,6.12323404942065E-17));
#3548=DIRECTION('',(6.12323404942065E-17,5.55111512312578E-16,1.));
#3549=DIRECTION('',(1.,-3.39907771341777E-32,-6.12323404942065E-17));
#3550=DIRECTION('',(0.,-0.86602540378444,0.5));
#3551=DIRECTION('',(0.,-0.5,-0.86602540378444));
#3552=DIRECTION('',(0.,0.866025403784439,-0.5));
#3553=DIRECTION('',(0.,0.5,0.866025403784439));
#3554=DIRECTION('',(0.,-0.86602540378444,0.5));
#3555=DIRECTION('',(0.,-0.5,-0.86602540378444));
#3556=DIRECTION('',(1.,0.,0.));
#3557=DIRECTION('',(0.,0.,-1.));
#3558=DIRECTION('',(0.,-1.,-6.86661375907486E-16));
#3559=DIRECTION('',(0.,6.86661375907486E-16,-1.));
#3560=DIRECTION('',(0.,1.,-5.55111512312578E-16));
#3561=DIRECTION('',(0.,5.55111512312578E-16,1.));
#3562=DIRECTION('',(0.,-1.,0.));
#3563=DIRECTION('',(0.,0.,-1.));
#3564=DIRECTION('',(-6.12323404942065E-17,-5.55111512312578E-16,-1.));
#3565=DIRECTION('',(0.,1.,-5.55111512312578E-16));
#3566=DIRECTION('',(0.,1.,0.));
#3567=DIRECTION('',(0.,0.,1.));
#3568=DIRECTION('',(-1.2149215187131E-24,-1.,5.55111512312578E-16));
#3569=DIRECTION('',(0.,-5.55111512312578E-16,-1.));
#3570=DIRECTION('',(2.31296463463575E-15,1.,0.));
#3571=DIRECTION('',(-1.,2.31296463463575E-15,0.));
#3572=DIRECTION('',(-6.12323404942065E-17,-5.55111512312578E-16,-1.));
#3573=DIRECTION('',(0.,1.,-5.55111512312578E-16));
#3574=DIRECTION('',(0.,-1.,0.));
#3575=DIRECTION('',(0.,0.,-1.));
#3576=DIRECTION('',(1.2149215187131E-24,1.,-5.55111512312578E-16));
#3577=DIRECTION('',(0.,5.55111512312578E-16,1.));
#3578=DIRECTION('',(-6.54712395409262E-10,-1.,0.));
#3579=DIRECTION('',(1.,-6.54712395409262E-10,0.));
#3580=DIRECTION('',(-6.12323404942065E-17,-5.55111512312578E-16,-1.));
#3581=DIRECTION('',(0.,1.,-5.55111512312578E-16));
#3582=DIRECTION('',(0.,1.,0.));
#3583=DIRECTION('',(0.,0.,1.));
#3584=DIRECTION('',(0.,-1.,5.55111512312578E-16));
#3585=DIRECTION('',(0.,-5.55111512312578E-16,-1.));
#3586=DIRECTION('',(3.10681529692528E-10,1.,-5.42101086242752E-16));
#3587=DIRECTION('',(-1.,3.10681529692528E-10,0.));
#3588=DIRECTION('',(1.,0.,0.));
#3589=DIRECTION('',(0.,0.,-1.));
#3590=DIRECTION('',(-3.1068597725367E-10,0.866025403629097,-0.50000000026906));
#3591=DIRECTION('',(0.,0.50000000026906,0.866025403629097));
#3592=DIRECTION('',(0.,-0.866025403784439,0.5));
#3593=DIRECTION('',(0.,-0.5,-0.866025403784439));
#3594=DIRECTION('',(6.12323404942065E-17,5.55111512312578E-16,1.));
#3595=DIRECTION('',(0.,-1.,5.55111512312578E-16));
#3596=DIRECTION('',(-6.12323404942065E-17,-5.55111512312578E-16,-1.));
#3597=DIRECTION('',(-6.12323404942065E-17,-5.55111512312578E-16,-1.));
#3598=DIRECTION('',(0.,1.,-5.55111512312578E-16));
#3599=DIRECTION('',(-6.12323404942065E-17,-5.55111512312578E-16,-1.));
#3600=DIRECTION('',(6.12323404942065E-17,5.55111512312578E-16,1.));
#3601=DIRECTION('',(5.22498710964216E-11,-1.,0.));
#3602=DIRECTION('',(0.,0.,1.));
#3603=DIRECTION('',(-0.165670423435531,-0.986181175443281,0.));
#3604=DIRECTION('',(6.12323404942065E-17,5.55111512312578E-16,1.));
#3605=DIRECTION('',(6.12323404942065E-17,5.55111512312578E-16,1.));
#3606=DIRECTION('',(6.12323404942065E-17,5.55111512312578E-16,1.));
#3607=DIRECTION('',(0.,-1.,5.55111512312578E-16));
#3608=DIRECTION('',(6.12323404942065E-17,5.55111512312578E-16,1.));
#3609=DIRECTION('',(0.,-1.,5.55111512312578E-16));
#3610=DIRECTION('',(-6.12323404942065E-17,-5.55111512312578E-16,-1.));
#3611=DIRECTION('',(1.,-3.39907771341777E-32,-6.12323404942065E-17));
#3612=DIRECTION('',(-1.,-8.38736524491207E-10,6.12323409597988E-17));
#3613=DIRECTION('',(0.,-1.,5.55111512312578E-16));
#3614=DIRECTION('',(-1.,3.39907771341777E-32,6.12323404942065E-17));
#3615=DIRECTION('',(8.38736524491207E-10,-1.,5.5511151226122E-16));
#3616=DIRECTION('',(1.,8.38736524491207E-10,0.));
#3617=DIRECTION('',(0.,-5.5511151226122E-16,-1.));
#3618=DIRECTION('',(-4.27642353614751E-48,-1.,5.55111512312578E-16));
#3619=DIRECTION('',(0.,-5.55111512312578E-16,-1.));
#3620=DIRECTION('',(0.,-5.55111512312578E-16,-1.));
#3621=DIRECTION('',(0.,-1.,5.55111512312578E-16));
#3622=DIRECTION('',(0.,-5.55111512312578E-16,-1.));
#3623=DIRECTION('',(0.,-0.707106781186547,0.707106781186548));
#3624=DIRECTION('',(0.,-0.707106781186548,-0.707106781186547));
#3625=DIRECTION('',(0.,-0.707106781186548,-0.707106781186547));
#3626=DIRECTION('',(0.,-0.707106781186547,0.707106781186548));
#3627=DIRECTION('',(0.,-5.5511151226122E-16,-1.));
#3628=DIRECTION('',(0.,1.,-5.5511151226122E-16));
#3629=DIRECTION('',(0.,5.55111512312578E-16,1.));
#3630=DIRECTION('',(0.,-1.,5.55111512312578E-16));
#3631=CARTESIAN_POINT('',(0.,0.,0.));
#3632=CARTESIAN_POINT('',(0.0600849229669611,-0.0237393100045829,0.11133325222867));
#3633=CARTESIAN_POINT('',(0.0351698459490474,-0.02373931,0.11133325222867));
#3634=CARTESIAN_POINT('',(0.0296698459728227,-0.023739309996399,0.11133325222867));
#3635=CARTESIAN_POINT('',(0.0406698459186827,-0.0237393100045829,0.11133325222867));
#3636=CARTESIAN_POINT('',(0.0406698459186827,0.000260689995417092,0.11133325222867));
#3637=CARTESIAN_POINT('',(0.0406698459186827,0.000260690000000014,0.111333252220732));
#3638=CARTESIAN_POINT('',(0.0391698459365868,0.000260690000000015,0.111333252220732));
#3639=CARTESIAN_POINT('',(0.0381698459490473,0.000260689995417091,0.111333252219504));
#3640=CARTESIAN_POINT('',(0.0381698459490473,-0.0237393100045829,0.111333252219504));
#3641=CARTESIAN_POINT('',(0.0381698459490473,-0.0237393100045829,0.111333252219504));
#3642=CARTESIAN_POINT('',(0.0351698459490474,-0.02373931,0.111333252219504));
#3643=CARTESIAN_POINT('',(0.0321698459490474,-0.023739309995417,0.111333252219504));
#3644=CARTESIAN_POINT('',(0.032905644037945,-0.023739309995417,0.11133325222867));
#3645=CARTESIAN_POINT('',(0.0297123074645898,-0.023739309995417,0.11133325222867));
#3646=CARTESIAN_POINT('',(0.0297123074645898,-0.019739309995417,0.11133325222867));
#3647=CARTESIAN_POINT('',(0.0297123074645898,-0.015739309995417,0.11133325222867));
#3648=CARTESIAN_POINT('',(0.0207123074645898,-0.015739309995417,0.11133325222867));
#3649=CARTESIAN_POINT('',(0.0117123074645898,-0.015739309995417,0.11133325222867));
#3650=CARTESIAN_POINT('',(0.0117123074645898,-0.019739309995417,0.11133325222867));
#3651=CARTESIAN_POINT('',(0.0117123074645898,-0.023739309995417,0.11133325222867));
#3652=CARTESIAN_POINT('',(0.00920604021532999,-0.023739309995417,0.11133325222867));
#3653=CARTESIAN_POINT('',(0.00925476894015703,-0.023739309995417,0.11133325222867));
#3654=CARTESIAN_POINT('',(0.0351698459490474,-0.02373931,0.11133325222867));
#3655=CARTESIAN_POINT('',(0.0610849229579377,-0.0237393100045829,0.11133325222867));
#3656=CARTESIAN_POINT('',(0.0610849229579377,-0.0237393100045829,0.11133325222867));
#3657=CARTESIAN_POINT('',(0.0610849229579377,0.000260689995417091,0.11133325222867));
#3658=CARTESIAN_POINT('',(0.0600849229669611,0.000260689995417084,0.11133325222867));
#3659=CARTESIAN_POINT('',(0.0585849229769877,0.000260689995417084,0.11133325222867));
#3660=CARTESIAN_POINT('',(0.0585849229769877,-0.0237393100045829,0.11133325222867));
#3661=CARTESIAN_POINT('',(0.0585849229769877,-0.0237393100045829,0.11133325222867));
#3662=CARTESIAN_POINT('',(0.0351698459490474,-0.02373931,0.11133325222867));
#3663=CARTESIAN_POINT('',(0.0117547689211071,-0.023739309995417,0.11133325222867));
#3664=CARTESIAN_POINT('',(0.011754768923256,-0.0237393100045829,0.11133325222867));
#3665=CARTESIAN_POINT('',(0.011754768923256,-0.015739309995417,0.11133325222867));
#3666=CARTESIAN_POINT('',(0.0207123074629068,-0.015739309995417,0.11133325222867));
#3667=CARTESIAN_POINT('',(0.0296698460014802,-0.015739309995417,0.11133325222867));
#3668=CARTESIAN_POINT('',(0.0296698459728227,-0.023739309995417,0.11133325222867));
#3669=CARTESIAN_POINT('',(0.0207123074589649,-0.015739309995417,0.10158209283003));
#3670=CARTESIAN_POINT('',(0.0207123074547712,-0.015739309995417,0.0965820928300299));
#3671=CARTESIAN_POINT('',(0.0184623074547712,-0.015739309995417,0.0965820928319171));
#3672=CARTESIAN_POINT('',(0.0207123074556099,-0.015739309995417,0.0975820928300299));
#3673=CARTESIAN_POINT('',(0.0184623074556099,-0.015739309995417,0.0975820928319171));
#3674=CARTESIAN_POINT('',(0.0616388453602355,0.0472633263917381,0.0621058121775049));
#3675=CARTESIAN_POINT('',(0.0616388453540955,0.0472633263917381,0.0821058121775049));
#3676=CARTESIAN_POINT('',(0.0593888453540955,0.0472633263917381,0.0821058121768141));
#3677=CARTESIAN_POINT('',(0.0616388453537885,0.0472633263917381,0.0831058121775049));
#3678=CARTESIAN_POINT('',(0.0638888453537885,0.0472633263917381,0.0831058121781957));
#3679=CARTESIAN_POINT('',(0.0765310005999778,0.0472633263784593,0.0621058121820768));
#3680=CARTESIAN_POINT('',(0.0765310005938378,0.0472633263784593,0.0821058121820767));
#3681=CARTESIAN_POINT('',(0.0742810005938378,0.0472633263784593,0.0821058121813859));
#3682=CARTESIAN_POINT('',(0.0765310005935308,0.0472633263784593,0.0831058121820767));
#3683=CARTESIAN_POINT('',(0.0787810005935308,0.0472633263784593,0.0831058121827675));
#3684=CARTESIAN_POINT('',(0.0690849229579377,0.0292869047966694,0.0968569716025644));
#3685=CARTESIAN_POINT('',(0.0570849229837196,0.0292869047966694,0.0914813918936316));
#3686=CARTESIAN_POINT('',(0.0570849229753705,0.0292869047966694,0.0951249207949955));
#3687=CARTESIAN_POINT('',(0.0570849229779909,0.0292869048183411,0.0821058121834748));
#3688=CARTESIAN_POINT('',(0.0690849229579377,0.0292869047966694,0.0951249207949955));
#3689=CARTESIAN_POINT('',(0.0570966506293422,0.0298173066426614,0.0948569716025644));
#3690=CARTESIAN_POINT('',(0.0690849229579377,0.0292869047966694,0.0948569716025644));
#3691=CARTESIAN_POINT('',(0.0810849229398909,0.0292869047966694,0.0948569716025644));
#3692=CARTESIAN_POINT('',(0.0810849229321558,0.0292869047966694,0.0914813918936316));
#3693=CARTESIAN_POINT('',(0.0810849229378845,0.0292869047966694,0.0821058121834748));
#3694=CARTESIAN_POINT('',(0.0690849229579377,0.0292869047966694,0.0821058121797908));
#3695=CARTESIAN_POINT('',(0.0796905647322211,0.0349012045815311,0.0821058121830467));
#3696=CARTESIAN_POINT('',(0.0796905647331077,0.0349012045820005,0.0821058121830467));
#3697=CARTESIAN_POINT('',(0.0796905647329827,0.0349012045822367,0.0837724788497134));
#3698=CARTESIAN_POINT('',(0.0796905647328577,0.0349012045824728,0.0854391455163801));
#3699=CARTESIAN_POINT('',(0.0796905647327327,0.034901204582709,0.0871058121830468));
#3700=CARTESIAN_POINT('',(0.079690564730647,0.0349012045816049,0.0871058121830468));
#3701=CARTESIAN_POINT('',(0.0690849229564027,0.0292869047966694,0.0871058121797908));
#3702=CARTESIAN_POINT('',(0.0584792811922195,0.0349012046006109,0.0871058121765349));
#3703=CARTESIAN_POINT('',(0.0584792811925319,0.0349012046004456,0.0871058121765349));
#3704=CARTESIAN_POINT('',(0.0584792811926569,0.0349012046006817,0.0854391455098682));
#3705=CARTESIAN_POINT('',(0.0584792811927819,0.0349012046009179,0.0837724788432016));
#3706=CARTESIAN_POINT('',(0.0584792811929069,0.034901204601154,0.0821058121765349));
#3707=CARTESIAN_POINT('',(0.0584792811937936,0.0349012046006847,0.0821058121765349));
#3708=CARTESIAN_POINT('',(0.0690849229579377,0.0292869047966694,0.0821058121797908));
#3709=CARTESIAN_POINT('',(0.0851866259301828,-0.0578410119957339,0.0476295315644038));
#3710=CARTESIAN_POINT('',(0.0851866259301828,-0.0578410119957339,0.0676295315644038));
#3711=CARTESIAN_POINT('',(0.0874366259301828,-0.0578410119957339,0.0676295315644038));
#3712=CARTESIAN_POINT('',(0.0851866259301828,-0.0578410119957339,0.0686295315644038));
#3713=CARTESIAN_POINT('',(0.0874366259301828,-0.0578410119957339,0.0686295315644038));
#3714=CARTESIAN_POINT('',(0.077084922761984,-0.0497393088275351,0.0823806909685207));
#3715=CARTESIAN_POINT('',(0.077084922761984,-0.0497393088275351,0.0726295315644038));
#3716=CARTESIAN_POINT('',(0.0810849227215928,-0.049739308827535,0.0726295315644038));
#3717=CARTESIAN_POINT('',(0.077084922761984,-0.0537393087871439,0.0726295315644038));
#3718=CARTESIAN_POINT('',(0.0810849227215928,-0.0497393088275351,0.0486295315644038));
#3719=CARTESIAN_POINT('',(0.0810849227215928,-0.049739308827535,0.0736295315644038));
#3720=CARTESIAN_POINT('',(0.0810849229653278,-0.04973931,0.0770051112687537));
#3721=CARTESIAN_POINT('',(0.0810849229730629,-0.04973931,0.0803806909639377));
#3722=CARTESIAN_POINT('',(0.077084922761984,-0.0497393088275351,0.0803806909685206));
#3723=CARTESIAN_POINT('',(0.077084922761984,-0.053739308802614,0.0803806909685206));
#3724=CARTESIAN_POINT('',(0.077084922761984,-0.053739308794879,0.0770051112641708));
#3725=CARTESIAN_POINT('',(0.077084922761984,-0.0497393088275351,0.0823806909685207));
#3726=CARTESIAN_POINT('',(0.0959999997909274,-0.0497393088275351,0.0486295315644038));
#3727=CARTESIAN_POINT('',(0.0959999997909275,-0.049739308827535,0.0726295315644038));
#3728=CARTESIAN_POINT('',(0.0959999997909275,-0.049739308827535,0.0736295315644038));
#3729=CARTESIAN_POINT('',(0.077084922761984,-0.0497393088275351,0.0726295315644038));
#3730=CARTESIAN_POINT('',(0.077084922761984,-0.0686543858722339,0.0726295315644038));
#3731=CARTESIAN_POINT('',(0.077084922761984,-0.0686543858622073,0.0770051112687537));
#3732=CARTESIAN_POINT('',(0.077084922761984,-0.0686543858544722,0.0803806909776865));
#3733=CARTESIAN_POINT('',(0.077084922761984,-0.0497393088275351,0.0803806909776865));
#3734=CARTESIAN_POINT('',(0.0960000000249211,-0.04973931,0.0803806909731036));
#3735=CARTESIAN_POINT('',(0.0960000000326561,-0.04973931,0.0770051112641708));
#3736=CARTESIAN_POINT('',(0.049648522761984,-0.053739308794879,0.0770051112641708));
#3737=CARTESIAN_POINT('',(0.024648522761984,-0.053739308802614,0.0803806909639377));
#3738=CARTESIAN_POINT('',(0.0247495432803353,-0.053739308802614,0.0803806909639377));
#3739=CARTESIAN_POINT('',(0.0247495432805692,-0.053739308802614,0.0803806909639377));
#3740=CARTESIAN_POINT('',(0.0247495432801014,-0.0537393087871439,0.0726295315644038));
#3741=CARTESIAN_POINT('',(0.029648522761984,-0.0537393087871439,0.0726295315644038));
#3742=CARTESIAN_POINT('',(0.039648522761984,-0.0537393087871439,0.0726295315644038));
#3743=CARTESIAN_POINT('',(0.039648522761984,-0.053739308794879,0.0770051112641708));
#3744=CARTESIAN_POINT('',(0.039648522761984,-0.0537393087871439,0.0676295315644038));
#3745=CARTESIAN_POINT('',(0.049648522761984,-0.0537393087871439,0.0676295315644038));
#3746=CARTESIAN_POINT('',(0.072084922761984,-0.0537393087871439,0.0676295315644038));
#3747=CARTESIAN_POINT('',(0.072084922761984,-0.0537393087848524,0.0726295315644038));
#3748=CARTESIAN_POINT('',(0.072084922761984,-0.0537393087848524,0.0726295315644038));
#3749=CARTESIAN_POINT('',(0.0623242613944557,-0.0537393087848524,0.0726295315644038));
#3750=CARTESIAN_POINT('',(0.0496273844500554,0.000260690005026948,0.0965820928057778));
#3751=CARTESIAN_POINT('',(0.0496273844500554,0.000260690005026948,0.0965820928057778));
#3752=CARTESIAN_POINT('',(0.0618488549777088,0.000260690015277542,0.0965820927955272));
#3753=CARTESIAN_POINT('',(0.0570849229779909,0.000260690000447997,0.0965820928057778));
#3754=CARTESIAN_POINT('',(0.0570849229779908,0.000260690003882219,0.0965820928037951));
#3755=CARTESIAN_POINT('',(0.0570849229779908,0.0219113251058928,0.0840820927995229));
#3756=CARTESIAN_POINT('',(0.0496273844500554,0.0219113250996379,0.0840820928057778));
#3757=CARTESIAN_POINT('',(0.0610849229779908,0.021911325090028,0.0840820928153876));
#3758=CARTESIAN_POINT('',(0.0610849229779908,0.000260689995417094,0.0965820928153877));
#3759=CARTESIAN_POINT('',(0.0610849229779908,0.00226069000101622,0.0954273922737757));
#3760=CARTESIAN_POINT('',(0.0640849229679643,0.00226069000101622,0.095427392264589));
#3761=CARTESIAN_POINT('',(0.1,-0.02473931,0.0823806909685207));
#3762=CARTESIAN_POINT('',(0.0810849229710565,-0.02473931,0.0823806909251773));
#3763=CARTESIAN_POINT('',(0.0810849229710565,-0.02473931,0.0676295315644038));
#3764=CARTESIAN_POINT('',(0.0810849229710565,-0.0203637303196133,0.0682934269803341));
#3765=CARTESIAN_POINT('',(0.088542461498992,-0.02473931,0.0676295315644038));
#3766=CARTESIAN_POINT('',(0.0770849229710565,-0.02473931,0.0676295315644038));
#3767=CARTESIAN_POINT('',(0.0770849229372547,-0.02473931,0.0823806909160114));
#3768=CARTESIAN_POINT('',(0.0770849229665279,-0.0173637303241962,0.0696058121822469));
#3769=CARTESIAN_POINT('',(0.0885424614944634,-0.0173637303110689,0.0696058121857643));
#3770=CARTESIAN_POINT('',(0.081084922964401,-0.0173637303036693,0.0696058121729477));
#3771=CARTESIAN_POINT('',(0.0810849229741587,-0.02473931,0.0823806909251773));
#3772=CARTESIAN_POINT('',(0.0590849229669611,0.0292869047966694,0.0968569716025644));
#3773=CARTESIAN_POINT('',(0.0570849229779909,0.0292869047966694,0.0968569716025644));
#3774=CARTESIAN_POINT('',(0.0496273844500554,0.0292869048097967,0.0821058121857643));
#3775=CARTESIAN_POINT('',(0.0610849229779908,0.0292869047966694,0.0821058121892817));
#3776=CARTESIAN_POINT('',(0.0610849229779908,0.0292869047966694,0.0968569716025644));
#3777=CARTESIAN_POINT('',(0.08854246146582,0.00428690478354207,0.0821058121857643));
#3778=CARTESIAN_POINT('',(0.08854246146582,0.00428690478354207,0.0821058121857643));
#3779=CARTESIAN_POINT('',(0.0770849229378846,0.00428690479666938,0.0821058121892817));
#3780=CARTESIAN_POINT('',(0.0810849229397265,0.00428690479666938,0.082105812195987));
#3781=CARTESIAN_POINT('',(0.0810849229357576,0.00428690477499771,0.0821058121834748));
#3782=CARTESIAN_POINT('',(0.0770849229378846,0.00428690477041476,0.0821058121822468));
#3783=CARTESIAN_POINT('',(0.049648522761984,-0.0611968473285431,0.0676295315644038));
#3784=CARTESIAN_POINT('',(0.029648522761984,-0.0611968473285431,0.0676295315644038));
#3785=CARTESIAN_POINT('',(0.031898522761984,-0.0611968473285431,0.0676295315644038));
#3786=CARTESIAN_POINT('',(0.077084922761984,-0.0611968473285431,0.0676295315644038));
#3787=CARTESIAN_POINT('',(0.077084922761984,-0.0587393087733951,0.0676295315644038));
#3788=CARTESIAN_POINT('',(0.077084922761984,-0.0636543858836913,0.0676295315644038));
#3789=CARTESIAN_POINT('',(0.072084922761984,-0.0587393087733951,0.0676295315644038));
#3790=CARTESIAN_POINT('',(0.039648522761984,-0.0587393087733951,0.0676295315644038));
#3791=CARTESIAN_POINT('',(0.034648522761984,-0.0587393087733951,0.0676295315644038));
#3792=CARTESIAN_POINT('',(0.034648522761984,-0.0631968473218112,0.0676295315644038));
#3793=CARTESIAN_POINT('',(0.034648522761984,-0.0636543858836913,0.0676295315644038));
#3794=CARTESIAN_POINT('',(0.039648522761984,-0.0636543858836913,0.0676295315644038));
#3795=CARTESIAN_POINT('',(0.039648522761984,-0.0686543858564786,0.0676295315644038));
#3796=CARTESIAN_POINT('',(0.049648522761984,-0.0686543858564786,0.0676295315644038));
#3797=CARTESIAN_POINT('',(0.072084922761984,-0.0686543858564786,0.0676295315644038));
#3798=CARTESIAN_POINT('',(0.072084922761984,-0.0636543858836913,0.0676295315644038));
#3799=CARTESIAN_POINT('',(0.024648522761984,-0.0611968473285431,0.0676295315644038));
#3800=CARTESIAN_POINT('',(0.024648522761984,-0.0676543858702275,0.0676295315644038));
#3801=CARTESIAN_POINT('',(0.024648522761984,-0.0547393087937332,0.0676295315644038));
#3802=CARTESIAN_POINT('',(0.029648522761984,-0.0547393087937332,0.0676295315644038));
#3803=CARTESIAN_POINT('',(0.029648522761984,-0.0497393088006076,0.0676295315644038));
#3804=CARTESIAN_POINT('',(0.049648522761984,-0.0497393088006076,0.0676295315644038));
#3805=CARTESIAN_POINT('',(0.077084922761984,-0.0497393088006076,0.0676295315644038));
#3806=CARTESIAN_POINT('',(0.0770849229710565,-0.04973931,0.0676295315644038));
#3807=CARTESIAN_POINT('',(0.0810849229710565,-0.0611968473285431,0.0676295315644038));
#3808=CARTESIAN_POINT('',(0.0810849229710565,-0.0447393088111835,0.0676295315644038));
#3809=CARTESIAN_POINT('',(0.0860849229438438,-0.0447393088111835,0.0676295315644038));
#3810=CARTESIAN_POINT('',(0.0860849229379683,-0.0497393088111835,0.0676295315644038));
#3811=CARTESIAN_POINT('',(0.0885424612764557,-0.0497393088140713,0.0676295315644038));
#3812=CARTESIAN_POINT('',(0.0910000000482645,-0.0497393088169592,0.0676295315644038));
#3813=CARTESIAN_POINT('',(0.09100000005414,-0.0447393088169592,0.0676295315644038));
#3814=CARTESIAN_POINT('',(0.0960000000403912,-0.0447393088169592,0.0676295315644038));
#3815=CARTESIAN_POINT('',(0.0960000000403912,-0.0611968473285431,0.0676295315644038));
#3816=CARTESIAN_POINT('',(0.0960000000403911,-0.02473931,0.0676295315644038));
#3817=CARTESIAN_POINT('',(0.088542461498992,-0.02473931,0.0676295315644038));
#3818=CARTESIAN_POINT('',(0.100000000026927,-0.02473931,0.0676295315644038));
#3819=CARTESIAN_POINT('',(0.100000000026927,-0.04973931,0.0676295315644038));
#3820=CARTESIAN_POINT('',(0.0999999997909275,-0.049739308827535,0.0676295315644038));
#3821=CARTESIAN_POINT('',(0.077084922761984,-0.0497393088275351,0.0676295315644038));
#3822=CARTESIAN_POINT('',(0.077084922761984,-0.0726543858564786,0.0676295315644038));
#3823=CARTESIAN_POINT('',(0.049648522761984,-0.0726543858564786,0.0676295315644038));
#3824=CARTESIAN_POINT('',(0.029648522761984,-0.0726543858564786,0.0676295315644038));
#3825=CARTESIAN_POINT('',(0.029648522761984,-0.0676543858702275,0.0676295315644038));
#3826=CARTESIAN_POINT('',(0.08854246146582,0.00428690478354207,0.0821058121857643));
#3827=CARTESIAN_POINT('',(0.0960000000050922,0.00428690479208644,0.0821058121880537));
#3828=CARTESIAN_POINT('',(0.0960000000337356,-0.0173637303184685,0.0696058121985808));
#3829=CARTESIAN_POINT('',(0.0960000000090612,0.00428690479208644,0.0821058121880537));
#3830=CARTESIAN_POINT('',(0.08854246146582,0.00428690478354207,0.0821058121857643));
#3831=CARTESIAN_POINT('',(0.0999999999937555,0.00428690479666938,0.0821058121892817));
#3832=CARTESIAN_POINT('',(0.0999999999937555,0.00428690479666938,0.0821058121892817));
#3833=CARTESIAN_POINT('',(0.100000000022399,-0.0173637302979416,0.0696058121892818));
#3834=CARTESIAN_POINT('',(0.0885424614944634,-0.0173637303110689,0.0696058121857643));
#3835=CARTESIAN_POINT('',(0.1,-0.02473931,0.0823806909685207));
#3836=CARTESIAN_POINT('',(0.0960000000403912,-0.02473931,0.0823806909593548));
#3837=CARTESIAN_POINT('',(0.0960000000403911,-0.0203637303025246,0.0682934270198194));
#3838=CARTESIAN_POINT('',(0.0960000000434934,-0.02473931,0.0823806909593548));
#3839=CARTESIAN_POINT('',(0.0999999999931256,-0.02473931,0.0823806909685207));
#3840=CARTESIAN_POINT('',(0.0590849229669611,0.0292869047966694,0.0968569716025644));
#3841=CARTESIAN_POINT('',(0.0496273844500554,0.0292869048097967,0.0821058121857643));
#3842=CARTESIAN_POINT('',(0.0421698459086562,0.0292869047966694,0.0821058121892817));
#3843=CARTESIAN_POINT('',(0.0381698459221199,0.0292869047966694,0.0821058121892817));
#3844=CARTESIAN_POINT('',(0.0421698459086562,0.0292869047966694,0.0968569716025644));
#3845=CARTESIAN_POINT('',(0.0421698459086562,0.021911325090028,0.0840820928139697));
#3846=CARTESIAN_POINT('',(0.0496273844500554,0.0219113250996379,0.0840820928057778));
#3847=CARTESIAN_POINT('',(0.0381698459221199,0.021911325090028,0.0840820928153876));
#3848=CARTESIAN_POINT('',(0.0381698459221199,0.0292869047966694,0.0968569716025644));
#3849=CARTESIAN_POINT('',(0.0496273844500554,0.000260690005026948,0.0965820928057778));
#3850=CARTESIAN_POINT('',(0.0421698459086562,0.000260690006171677,0.0965820928077605));
#3851=CARTESIAN_POINT('',(0.0421698459086562,0.000260689995417081,0.0965820928120327));
#3852=CARTESIAN_POINT('',(0.0496273844500554,0.000260690005026948,0.0965820928057778));
#3853=CARTESIAN_POINT('',(0.0381698459221199,0.000260689995417094,0.0965820928153877));
#3854=CARTESIAN_POINT('',(0.0381698459221199,0.000260689995417094,0.0965820928153877));
#3855=CARTESIAN_POINT('',(0.0496273844500554,-0.0237393099949731,0.0965820928057778));
#3856=CARTESIAN_POINT('',(0.0421698459086562,-0.0237393099949731,0.0965820928120327));
#3857=CARTESIAN_POINT('',(0.0421698459086562,-0.0237393100045829,0.0965820928179039));
#3858=CARTESIAN_POINT('',(0.0351698459490474,-0.02373931,0.0965820928179039));
#3859=CARTESIAN_POINT('',(0.0281698459894386,-0.023739309995417,0.096582092823775));
#3860=CARTESIAN_POINT('',(0.0281698459894386,-0.0237393099949731,0.096582092823775));
#3861=CARTESIAN_POINT('',(0.0281698459894386,-0.0234633185484462,0.096582092823775));
#3862=CARTESIAN_POINT('',(0.0261698460031873,-0.0234633185484462,0.0965820928191921));
#3863=CARTESIAN_POINT('',(0.025015732059393,-0.0218299107595767,0.0965820928264205));
#3864=CARTESIAN_POINT('',(0.0207123074547712,-0.015739309995417,0.0965820928300299));
#3865=CARTESIAN_POINT('',(0.0164088828395328,-0.0218299107520754,0.0965820928336394));
#3866=CARTESIAN_POINT('',(0.0152547688928912,-0.0234633185389331,0.0965820928346074));
#3867=CARTESIAN_POINT('',(0.0132547689201039,-0.0234633185389331,0.0965820928362848));
#3868=CARTESIAN_POINT('',(0.0132547689201039,-0.0237393099949731,0.0965820928362848));
#3869=CARTESIAN_POINT('',(0.0132547689201039,-0.023739309995417,0.0965820928179039));
#3870=CARTESIAN_POINT('',(0.0351698459490474,-0.02373931,0.0965820928179039));
#3871=CARTESIAN_POINT('',(0.0570849229779909,-0.0237393100045829,0.0965820927995229));
#3872=CARTESIAN_POINT('',(0.0570849229779909,-0.0237393099949731,0.0965820927995229));
#3873=CARTESIAN_POINT('',(0.0640849229679643,0.00226069000101622,0.0965820927936517));
#3874=CARTESIAN_POINT('',(0.0640849229704805,-0.000739309998983781,0.0965820922286704));
#3875=CARTESIAN_POINT('',(0.0650849229747432,-0.000739309998145044,0.0965820922286704));
#3876=CARTESIAN_POINT('',(0.0690849229675108,-0.000739309994790098,0.0965820922286704));
#3877=CARTESIAN_POINT('',(0.0690849229717045,-0.0057393099947901,0.0965820922286704));
#3878=CARTESIAN_POINT('',(0.0690849229717045,-0.0107393099947901,0.0965820922286704));
#3879=CARTESIAN_POINT('',(0.0650849229748477,-0.0107393099947901,0.0965820922286704));
#3880=CARTESIAN_POINT('',(0.0640849229679643,-0.0107393099947901,0.0965820922286704));
#3881=CARTESIAN_POINT('',(0.0640849229679643,-0.0137393099947901,0.0965820927936517));
#3882=CARTESIAN_POINT('',(0.0610849229779908,-0.0137393099947901,0.0965820928153877));
#3883=CARTESIAN_POINT('',(0.0610849229779908,-0.0237393100045829,0.0965820928153877));
#3884=CARTESIAN_POINT('',(0.0610849229779908,-0.0237393100045829,0.0965820928153877));
#3885=CARTESIAN_POINT('',(0.0351698459490474,-0.02373931,0.0965820928153877));
#3886=CARTESIAN_POINT('',(0.00925476892010389,-0.023739309995417,0.0965820928153877));
#3887=CARTESIAN_POINT('',(0.00925476892010389,-0.015739309995417,0.0965820928153877));
#3888=CARTESIAN_POINT('',(0.00925476892010389,-0.015739309995417,0.0965820928153877));
#3889=CARTESIAN_POINT('',(0.0207123074480394,-0.015739309995417,0.0965820928025326));
#3890=CARTESIAN_POINT('',(0.0321698459759749,-0.015739309995417,0.0965820928153877));
#3891=CARTESIAN_POINT('',(0.0321698459759749,-0.015739309995417,0.0965820928153877));
#3892=CARTESIAN_POINT('',(0.0321698459759749,-0.023739309995417,0.0965820928153877));
#3893=CARTESIAN_POINT('',(0.0351698459490474,-0.02373931,0.0965820928153877));
#3894=CARTESIAN_POINT('',(0.0381698459221199,-0.0237393100045829,0.0965820928153877));
#3895=CARTESIAN_POINT('',(0.0381698459221199,-0.0237393100045829,0.0965820928153877));
#3896=CARTESIAN_POINT('',(0.0690849229717045,-0.00573930999479,0.0965820922286704));
#3897=CARTESIAN_POINT('',(0.0670849229717045,-0.00573930999499905,0.0965820922286704));
#3898=CARTESIAN_POINT('',(0.0710849229717045,-0.00573930999458116,0.0965820922286704));
#3899=CARTESIAN_POINT('',(0.0690849229717045,-0.0057393099947901,0.0965820922286704));
#3900=CARTESIAN_POINT('',(0.049648522761984,-0.072654385846452,0.0780051112710452));
#3901=CARTESIAN_POINT('',(0.049648522761984,-0.0726543858364254,0.0823806909776865));
#3902=CARTESIAN_POINT('',(0.077084922761984,-0.0726543858364254,0.0823806909776865));
#3903=CARTESIAN_POINT('',(0.029648522761984,-0.0726543858364254,0.0823806909776865));
#3904=CARTESIAN_POINT('',(0.029648522761984,-0.072654385846452,0.0780051112710452));
#3905=CARTESIAN_POINT('',(0.077084922761984,-0.072654385846452,0.0780051112710452));
#3906=CARTESIAN_POINT('',(0.049648522761984,-0.0497393088175086,0.0780051112664622));
#3907=CARTESIAN_POINT('',(0.029648522761984,-0.0497393088275351,0.0823806909685207));
#3908=CARTESIAN_POINT('',(0.029648522761984,-0.0497393088275351,0.0823806909685207));
#3909=CARTESIAN_POINT('',(0.049648522761984,-0.0497393088275351,0.0823806909685207));
#3910=CARTESIAN_POINT('',(0.0770849229911097,-0.0497393088140714,0.0823806909776865));
#3911=CARTESIAN_POINT('',(0.077084922761984,-0.0497393088175086,0.0780051112664622));
#3912=CARTESIAN_POINT('',(0.049648522761984,-0.0507393088150745,0.0823806909685207));
#3913=CARTESIAN_POINT('',(0.029648522761984,-0.0547393088275351,0.0823806909685207));
#3914=CARTESIAN_POINT('',(0.0256485227806748,-0.051739308802614,0.0823806909685207));
#3915=CARTESIAN_POINT('',(0.077084922761984,-0.051739308802614,0.0823806909685207));
#3916=CARTESIAN_POINT('',(0.077084922761984,-0.0517393087971704,0.0823806909685207));
#3917=CARTESIAN_POINT('',(0.077084922761984,-0.0497393088275351,0.0823806909685207));
#3918=CARTESIAN_POINT('',(0.0790849229730629,-0.0497393094137675,0.0823806909685207));
#3919=CARTESIAN_POINT('',(0.0790849229730629,-0.0507393088150745,0.0823806909685207));
#3920=CARTESIAN_POINT('',(0.0790849229742909,-0.0278880238633025,0.0823806909685207));
#3921=CARTESIAN_POINT('',(0.0496485227479534,-0.0278880238813764,0.0823806909685207));
#3922=CARTESIAN_POINT('',(0.0770849229911097,-0.0278880238645305,0.0823806909776865));
#3923=CARTESIAN_POINT('',(0.0770849229911097,-0.04973931,0.0823806909776865));
#3924=CARTESIAN_POINT('',(0.049648522761984,-0.0686543858622073,0.0770051112687537));
#3925=CARTESIAN_POINT('',(0.049648522761984,-0.0686543858564786,0.0726295315644038));
#3926=CARTESIAN_POINT('',(0.039648522761984,-0.0686543858564786,0.0726295315644038));
#3927=CARTESIAN_POINT('',(0.0247495432775579,-0.0686543858564786,0.0726295315644038));
#3928=CARTESIAN_POINT('',(0.0247495432759499,-0.0686543858564786,0.0726295315644038));
#3929=CARTESIAN_POINT('',(0.0247495432791659,-0.0686543858544722,0.0803806909731036));
#3930=CARTESIAN_POINT('',(0.049648522761984,-0.0686543858544722,0.0803806909731036));
#3931=CARTESIAN_POINT('',(0.049648522761984,-0.0686543858722339,0.0726295315644038));
#3932=CARTESIAN_POINT('',(0.072084922761984,-0.0686543858722339,0.0726295315644038));
#3933=CARTESIAN_POINT('',(0.072084922761984,-0.0686543858622073,0.0770051112687537));
#3934=CARTESIAN_POINT('',(0.039648522761984,-0.0686543858722339,0.0726295315644038));
#3935=CARTESIAN_POINT('',(0.049648522761984,-0.0716543858454488,0.0823806909776865));
#3936=CARTESIAN_POINT('',(0.049648522761984,-0.0706543858544722,0.0823806909776865));
#3937=CARTESIAN_POINT('',(0.077084922761984,-0.0706543858554754,0.0823806909776865));
#3938=CARTESIAN_POINT('',(0.0256485227755191,-0.0706543858544722,0.0823806909776865));
#3939=CARTESIAN_POINT('',(0.029648522761984,-0.0676543858364254,0.0823806909776865));
#3940=CARTESIAN_POINT('',(0.077084922761984,-0.0497393088275351,0.0823806909776865));
#3941=CARTESIAN_POINT('',(0.0999999997708743,-0.049739308827535,0.0823806909776865));
#3942=CARTESIAN_POINT('',(0.1,-0.04973931,0.0823806909685207));
#3943=CARTESIAN_POINT('',(0.1,-0.0278880238162532,0.0823806909685207));
#3944=CARTESIAN_POINT('',(0.0496485227351115,-0.0278880238471689,0.0823806909776865));
#3945=CARTESIAN_POINT('',(0.0980000000249211,-0.0278880238174812,0.0823806909776865));
#3946=CARTESIAN_POINT('',(0.0980000000249211,-0.049739308827535,0.0823806909776865));
#3947=CARTESIAN_POINT('',(0.0980000000249211,-0.0497393101239715,0.0823806909776865));
#3948=CARTESIAN_POINT('',(0.077084922761984,-0.0497393088275351,0.0823806909776865));
#3949=CARTESIAN_POINT('',(0.024648522761984,-0.0619545772878805,0.0796566557354126));
#3950=CARTESIAN_POINT('',(0.024648522761984,-0.0631968473218112,0.0726295315644038));
#3951=CARTESIAN_POINT('',(0.024648522761984,-0.0547393088051906,0.0726295315644038));
#3952=CARTESIAN_POINT('',(0.024648522761984,-0.0676543858587701,0.0726295315644038));
#3953=CARTESIAN_POINT('',(0.024648522761984,-0.0547393087937332,0.0676295315529465));
#3954=CARTESIAN_POINT('',(0.024648522761984,-0.0676543858426675,0.0796566557484736));
#3955=CARTESIAN_POINT('',(0.0770849229810831,-0.04973931,0.0780051112710452));
#3956=CARTESIAN_POINT('',(0.0770849230180373,-0.0278880238645305,0.0941318509685206));
#3957=CARTESIAN_POINT('',(0.0770849229875021,-0.0220124438645305,0.0839550478845851));
#3958=CARTESIAN_POINT('',(0.0770849229624663,-0.00308867493622658,0.0948806909694236));
#3959=CARTESIAN_POINT('',(0.0770849229624663,-0.00308867493622658,0.0948806909694236));
#3960=CARTESIAN_POINT('',(0.0770849229917395,0.00428690479666938,0.0821058121367725));
#3961=CARTESIAN_POINT('',(0.0770849229579377,0.00428690479666939,0.0968569716025644));
#3962=CARTESIAN_POINT('',(0.0770849229579377,0.0292869047966694,0.0968569716025644));
#3963=CARTESIAN_POINT('',(0.0770849229579377,0.0292869047966694,0.0968569716025644));
#3964=CARTESIAN_POINT('',(0.0770849229479111,0.0292869047966694,0.0924813918959231));
#3965=CARTESIAN_POINT('',(0.0770849229378846,0.0292869047966694,0.0821058121892817));
#3966=CARTESIAN_POINT('',(0.0770849229378846,0.0292869047966694,0.0821058121892817));
#3967=CARTESIAN_POINT('',(0.100000000010026,-0.04973931,0.0780051112664622));
#3968=CARTESIAN_POINT('',(0.0999999999937555,0.0292869047966694,0.0821058121892817));
#3969=CARTESIAN_POINT('',(0.0999999999937555,0.0292869047966694,0.0821058121892817));
#3970=CARTESIAN_POINT('',(0.0999999999768545,0.0292869047966694,0.0924813918913402));
#3971=CARTESIAN_POINT('',(0.099999999966828,0.0292869047966694,0.0968569715933986));
#3972=CARTESIAN_POINT('',(0.099999999966828,0.0292869047966694,0.0968569715933986));
#3973=CARTESIAN_POINT('',(0.099999999966828,0.0042869047966694,0.0968569715933986));
#3974=CARTESIAN_POINT('',(0.10000000000063,0.00428690479666938,0.0821058121892817));
#3975=CARTESIAN_POINT('',(0.0999999999713566,-0.00308867490538902,0.0948806909685206));
#3976=CARTESIAN_POINT('',(0.0999999999713566,-0.00308867490538902,0.0948806909685206));
#3977=CARTESIAN_POINT('',(0.0999999999963924,-0.0220124438162532,0.083955047893751));
#3978=CARTESIAN_POINT('',(0.0999999999730726,-0.0278880238162532,0.0941318509776865));
#3979=CARTESIAN_POINT('',(0.100000000010026,-0.04973931,0.0780051112664622));
#3980=CARTESIAN_POINT('',(0.0960000000326561,-0.04973931,0.0770051112641708));
#3981=CARTESIAN_POINT('',(0.0960000000326561,-0.0447393088169592,0.0770051112641708));
#3982=CARTESIAN_POINT('',(0.0960000000426827,-0.0447393088169592,0.0726295315644038));
#3983=CARTESIAN_POINT('',(0.0960000000426826,-0.0486968479282393,0.0726295315644038));
#3984=CARTESIAN_POINT('',(0.0960000000249211,-0.0278880238187091,0.0803806909731036));
#3985=CARTESIAN_POINT('',(0.0960000000249211,-0.0278880238174812,0.0803806909731036));
#3986=CARTESIAN_POINT('',(0.0959999999934107,-0.0278880238174812,0.0941318509731036));
#3987=CARTESIAN_POINT('',(0.0960000000206995,-0.0210124438174812,0.0822229970815992));
#3988=CARTESIAN_POINT('',(0.0960000000521925,-0.0448170042903401,0.0684794276846534));
#3989=CARTESIAN_POINT('',(0.0959999999956637,-0.00208867490768049,0.0931486401557548));
#3990=CARTESIAN_POINT('',(0.096000000020968,0.00428690479666938,0.0821058121801158));
#3991=CARTESIAN_POINT('',(0.0959999999917491,0.0042869047966694,0.0948569715888156));
#3992=CARTESIAN_POINT('',(0.0959999999917491,-0.04973931,0.0948569715888156));
#3993=CARTESIAN_POINT('',(0.0959999999917491,0.0292869047966694,0.0948569715933986));
#3994=CARTESIAN_POINT('',(0.0959999999994842,0.0292869047966694,0.0914813918890487));
#3995=CARTESIAN_POINT('',(0.0960000000072192,0.0292869047966694,0.0821058121797908));
#3996=CARTESIAN_POINT('',(0.0960000000072192,0.0292869047835421,0.0821058121880537));
#3997=CARTESIAN_POINT('',(0.0810849229653278,-0.04973931,0.0770051112687537));
#3998=CARTESIAN_POINT('',(0.0810849229553012,-0.04973931,0.0726295315644038));
#3999=CARTESIAN_POINT('',(0.0810849229553012,-0.0447393088111835,0.0726295315644038));
#4000=CARTESIAN_POINT('',(0.0810849229438438,-0.0447393088111835,0.0676295315644038));
#4001=CARTESIAN_POINT('',(0.0810849229378845,0.0292869047835421,0.0821058121834748));
#4002=CARTESIAN_POINT('',(0.0810849230062351,0.00428690479666939,0.0948569715979815));
#4003=CARTESIAN_POINT('',(0.0810849230062351,0.00428690479666939,0.0948569715979815));
#4004=CARTESIAN_POINT('',(0.081084922977016,0.00428690479666938,0.0821058121367725));
#4005=CARTESIAN_POINT('',(0.0810849230023205,-0.00208867493393511,0.0931486401578858));
#4006=CARTESIAN_POINT('',(0.0810849229772845,-0.021012443860397,0.0822229970741107));
#4007=CARTESIAN_POINT('',(0.0810849229772845,-0.0210124438633025,0.0822229970724333));
#4008=CARTESIAN_POINT('',(0.0810849230045735,-0.0278880238633025,0.0941318509639377));
#4009=CARTESIAN_POINT('',(0.0810849229730629,-0.0278880238633025,0.0803806909639377));
#4010=CARTESIAN_POINT('',(0.0810849229730629,-0.04973931,0.0803806909639377));
#4011=CARTESIAN_POINT('',(0.077084922761984,-0.0497393088275351,0.0823806909685207));
#4012=CARTESIAN_POINT('',(0.0780849229534429,-0.00308867493508085,0.0948806909697306));
#4013=CARTESIAN_POINT('',(0.0780849229650621,-0.0220124438639165,0.0839550478845851));
#4014=CARTESIAN_POINT('',(0.0790849229778985,-0.0220124438633025,0.0839550478845851));
#4015=CARTESIAN_POINT('',(0.0790849230029345,-0.00308867492996613,0.0948806909723291));
#4016=CARTESIAN_POINT('',(0.0790849229971235,-0.00308867493393511,0.0948806909700376));
#4017=CARTESIAN_POINT('',(0.0780849229534429,-0.00308867493508085,0.0948806909697306));
#4018=CARTESIAN_POINT('',(0.0989999999838172,-0.00308867490653475,0.0948806909682136));
#4019=CARTESIAN_POINT('',(0.0989999999838172,-0.00308867490653475,0.0948806909682136));
#4020=CARTESIAN_POINT('',(0.0979999999916947,-0.00308867490768049,0.0948806909679066));
#4021=CARTESIAN_POINT('',(0.0979999999962777,-0.00308867490768049,0.0948806909679066));
#4022=CARTESIAN_POINT('',(0.0980000000213135,-0.0220124438174811,0.083955047893751));
#4023=CARTESIAN_POINT('',(0.0989999999954363,-0.0220124438168671,0.083955047893751));
#4024=CARTESIAN_POINT('',(0.0999999999937555,0.00428690479666938,0.0821058121892817));
#4025=CARTESIAN_POINT('',(0.0790849229971235,-0.0030886749339351,0.0948806909700376));
#4026=CARTESIAN_POINT('',(0.079084922998609,-0.00196581502228527,0.0955289744422908));
#4027=CARTESIAN_POINT('',(0.079084923000854,0.000399433089922772,0.0965086286939526));
#4028=CARTESIAN_POINT('',(0.0790849230016521,0.00299033785216287,0.0968569716025644));
#4029=CARTESIAN_POINT('',(0.0790849230016521,0.0042869047966694,0.0968569716025644));
#4030=CARTESIAN_POINT('',(0.0790849230062351,0.0042869047966694,0.0968569716025644));
#4031=CARTESIAN_POINT('',(0.0780849229489143,0.0042869047966694,0.0968569716025644));
#4032=CARTESIAN_POINT('',(0.0999999999937555,0.00428690479666938,0.0821058121892817));
#4033=CARTESIAN_POINT('',(0.0989999999792886,0.0042869047966694,0.0968569715933986));
#4034=CARTESIAN_POINT('',(0.0979999999917491,0.0042869047966694,0.0968569715933986));
#4035=CARTESIAN_POINT('',(0.098000000020968,0.00428690479666938,0.0821058121846988));
#4036=CARTESIAN_POINT('',(0.0989999999990439,-0.0278880238168672,0.0941318509776865));
#4037=CARTESIAN_POINT('',(0.0980000000213135,-0.0220124438174811,0.083955047893751));
#4038=CARTESIAN_POINT('',(0.0980000000224969,-0.0229069434338728,0.0834386082994373));
#4039=CARTESIAN_POINT('',(0.0980000000242852,-0.0247911620323731,0.0826581900627399));
#4040=CARTESIAN_POINT('',(0.0980000000249211,-0.0268551446288537,0.0823806909776865));
#4041=CARTESIAN_POINT('',(0.0980000000249211,-0.0278880238174812,0.0823806909776865));
#4042=CARTESIAN_POINT('',(0.0780849229686697,-0.0278880238639165,0.0941318509685206));
#4043=CARTESIAN_POINT('',(0.0790849229742909,-0.0278880238633025,0.0823806909685207));
#4044=CARTESIAN_POINT('',(0.0790849229742909,-0.0268551446746751,0.0823806909685207));
#4045=CARTESIAN_POINT('',(0.0790849229749011,-0.024833154383742,0.0826469382492142));
#4046=CARTESIAN_POINT('',(0.0790849229767151,-0.0229069434796941,0.0834386082902714));
#4047=CARTESIAN_POINT('',(0.0790849229778985,-0.0220124438633025,0.0839550478845851));
#4048=CARTESIAN_POINT('',(0.0780849229489143,0.0292869047966694,0.0968569716025644));
#4049=CARTESIAN_POINT('',(0.0790849230062351,0.0292869047966694,0.0968569716025644));
#4050=CARTESIAN_POINT('',(0.0790849229388877,0.0292869047966694,0.0968569716025644));
#4051=CARTESIAN_POINT('',(0.0690849229579377,0.0292869047966694,0.0968569716025644));
#4052=CARTESIAN_POINT('',(0.0590849229769877,0.0292869047966694,0.0968569716025644));
#4053=CARTESIAN_POINT('',(0.0600849229669611,0.0292869047966694,0.0968569716025644));
#4054=CARTESIAN_POINT('',(0.0610849229579377,0.0292869047966694,0.0968569716025644));
#4055=CARTESIAN_POINT('',(0.0690849229579377,0.0292869047966694,0.0968569716025644));
#4056=CARTESIAN_POINT('',(0.0989999999792886,0.0292869047966694,0.0968569715933986));
#4057=CARTESIAN_POINT('',(0.0690849229579377,0.0292869047966694,0.0968569715933986));
#4058=CARTESIAN_POINT('',(0.0401698459186827,0.0292869047966694,0.0968569715933986));
#4059=CARTESIAN_POINT('',(0.0979999999971927,0.0292869047966694,0.0968569715933986));
#4060=CARTESIAN_POINT('',(0.0979999999917491,0.0292869047966694,0.0968569715933986));
#4061=CARTESIAN_POINT('',(0.0690849229579377,0.0292869047966694,0.0968569715933986));
#4062=CARTESIAN_POINT('',(0.0381698459490473,0.0292869047920865,0.0968569715946266));
#4063=CARTESIAN_POINT('',(0.0391698459365868,0.0292869047966694,0.0968569715933986));
#4064=CARTESIAN_POINT('',(0.08854246146582,0.0292869047835421,0.0821058121857643));
#4065=CARTESIAN_POINT('',(0.0690849229579377,0.0292869047966694,0.0821058121892817));
#4066=CARTESIAN_POINT('',(0.0540602637837956,0.0372404961900696,0.0821058121765349));
#4067=CARTESIAN_POINT('',(0.0575957976945172,0.0407760300912135,0.0821058121762637));
#4068=CARTESIAN_POINT('',(0.0553263655476913,0.0430454622441872,0.0821058121755669));
#4069=CARTESIAN_POINT('',(0.0539973353375928,0.044374492457886,0.0821058121751589));
#4070=CARTESIAN_POINT('',(0.0504618014268712,0.040838958556742,0.0821058121740735));
#4071=CARTESIAN_POINT('',(0.0462128723596694,0.0434745992534518,0.0821058121727691));
#4072=CARTESIAN_POINT('',(0.0690849229579377,0.0292869047966694,0.0821058121797908));
#4073=CARTESIAN_POINT('',(0.0690849229579377,0.0292869047966694,0.0821058121892817));
#4074=CARTESIAN_POINT('',(0.0690849229579377,0.0292869047966694,0.0821058121797908));
#4075=CARTESIAN_POINT('',(0.0919569735818286,0.0434745992121455,0.0821058121868125));
#4076=CARTESIAN_POINT('',(0.0877080445098669,0.0408389585231092,0.0821058121868125));
#4077=CARTESIAN_POINT('',(0.0841725106055304,0.0443744924306382,0.0821058121844227));
#4078=CARTESIAN_POINT('',(0.0828434803930317,0.0430454622193396,0.0821058121840147));
#4079=CARTESIAN_POINT('',(0.0805740482421073,0.0407760300704644,0.082105812183318));
#4080=CARTESIAN_POINT('',(0.0841095821464438,0.0372404961629354,0.0821058121844034));
#4081=CARTESIAN_POINT('',(0.0690849229579377,0.0292869047966694,0.0968569716025644));
#4082=CARTESIAN_POINT('',(0.0610849229679643,0.0292869047966694,0.0924813918959231));
#4083=CARTESIAN_POINT('',(0.0690849229579377,0.0292869047966694,0.0968569716025644));
#4084=CARTESIAN_POINT('',(0.0690849229564027,0.0292869047966694,0.0871058121797908));
#4085=CARTESIAN_POINT('',(0.0462128723578392,0.0434745992529759,0.0871058121727691));
#4086=CARTESIAN_POINT('',(0.0919569735799983,0.0434745992126214,0.0871058121868125));
#4087=CARTESIAN_POINT('',(0.0919569735725865,0.0434745992080237,0.0871058121868125));
#4088=CARTESIAN_POINT('',(0.0919569735728271,0.0434745992076359,0.0854391455201458));
#4089=CARTESIAN_POINT('',(0.0919569735730676,0.0434745992072481,0.0837724788534792));
#4090=CARTESIAN_POINT('',(0.0919569735733082,0.0434745992068603,0.0821058121868125));
#4091=CARTESIAN_POINT('',(0.0690849229579377,0.0292869047966694,0.0948569715933986));
#4092=CARTESIAN_POINT('',(0.0421698459241263,0.0292869047966694,0.0948569715933986));
#4093=CARTESIAN_POINT('',(0.0421698459163913,0.0292869047966694,0.0914813918890487));
#4094=CARTESIAN_POINT('',(0.0462128723681898,0.0434745992481666,0.0821058121727691));
#4095=CARTESIAN_POINT('',(0.0462128723679492,0.0434745992477788,0.0837724788394358));
#4096=CARTESIAN_POINT('',(0.0462128723677087,0.0434745992473909,0.0854391455061024));
#4097=CARTESIAN_POINT('',(0.0462128723674681,0.0434745992470031,0.0871058121727691));
#4098=CARTESIAN_POINT('',(0.0690849229579377,0.0292869047966694,0.0968569716025644));
#4099=CARTESIAN_POINT('',(0.0381698459390208,0.0292869047966694,0.0924813918913402));
#4100=CARTESIAN_POINT('',(0.0610849229679643,0.0270991149433488,0.0930676084203294));
#4101=CARTESIAN_POINT('',(0.0610849229679643,0.0270991149433488,0.10458209222867));
#4102=CARTESIAN_POINT('',(0.0610849229679643,-0.0137393099947901,0.10458209222867));
#4103=CARTESIAN_POINT('',(0.0610849229679643,0.00226069000101623,0.10458209222867));
#4104=CARTESIAN_POINT('',(0.0610849229679643,0.00226069000101622,0.0930676084203294));
#4105=CARTESIAN_POINT('',(0.0610849229579377,0.00763626970205844,0.109356971602564));
#4106=CARTESIAN_POINT('',(0.0610849229579377,0.00763626970205844,0.109356971602564));
#4107=CARTESIAN_POINT('',(0.0610849229579377,0.000260689995417094,0.0965820928153877));
#4108=CARTESIAN_POINT('',(0.0610849229679643,-0.0237393100045829,0.106957672522029));
#4109=CARTESIAN_POINT('',(0.0610849229679643,-0.0137393099947901,0.10458209222867));
#4110=CARTESIAN_POINT('',(0.0570849229769877,0.026599114942203,0.0922015830145604));
#4111=CARTESIAN_POINT('',(0.0570849229769877,0.000260689995417094,0.0965820928153877));
#4112=CARTESIAN_POINT('',(0.0570849229769877,0.000260689995417085,0.10983325222867));
#4113=CARTESIAN_POINT('',(0.0570849229769877,0.00688626970205844,0.108057933496888));
#4114=CARTESIAN_POINT('',(0.0570849229769877,0.0285369047966694,0.0955579334968878));
#4115=CARTESIAN_POINT('',(0.0570849229837196,-0.0237393100045829,0.105957672519738));
#4116=CARTESIAN_POINT('',(0.0570849229748387,-0.0237393100045829,0.10983325222867));
#4117=CARTESIAN_POINT('',(0.0570849229769877,0.026599114942203,0.10983325222867));
#4118=CARTESIAN_POINT('',(0.0421698459186827,0.0265991149399116,0.0922015830105915));
#4119=CARTESIAN_POINT('',(0.0421698459186827,0.0296021846786566,0.094942893861092));
#4120=CARTESIAN_POINT('',(0.0421698459186827,0.0294970877582602,0.0949142663267992));
#4121=CARTESIAN_POINT('',(0.0421698459186827,0.0293919957175342,0.0948856187350856));
#4122=CARTESIAN_POINT('',(0.0421698459186827,0.0292869047966694,0.0948569715933986));
#4123=CARTESIAN_POINT('',(0.0421698459186827,0.0296021846786566,0.0949428938610921));
#4124=CARTESIAN_POINT('',(0.0421698459186827,0.0068862696980895,0.108057933490013));
#4125=CARTESIAN_POINT('',(0.0421698459186827,0.00688626970144444,0.108057933486658));
#4126=CARTESIAN_POINT('',(0.0421698459186827,0.000260689995417094,0.0965820928153877));
#4127=CARTESIAN_POINT('',(0.0421698459186827,0.000260689999533992,0.10983325222867));
#4128=CARTESIAN_POINT('',(0.0421698459186827,-0.0237393100045829,0.10983325222867));
#4129=CARTESIAN_POINT('',(0.042169845925272,-0.0237393100045829,0.10983325222867));
#4130=CARTESIAN_POINT('',(0.0421698459163913,-0.0237393100045829,0.105957672515155));
#4131=CARTESIAN_POINT('',(0.0381698459355836,0.0270991149410573,0.0930676084163604));
#4132=CARTESIAN_POINT('',(0.0381698459390208,-0.0237393100045829,0.106957672517446));
#4133=CARTESIAN_POINT('',(0.0381698459490473,0.000260689995417094,0.0965820928153877));
#4134=CARTESIAN_POINT('',(0.0381698459490473,0.00763626969747551,0.109356971594627));
#4135=CARTESIAN_POINT('',(0.0381698459490473,0.00763626969747551,0.109356971594627));
#4136=CARTESIAN_POINT('',(0.0600849229669611,0.00763626970205844,0.109356971602564));
#4137=CARTESIAN_POINT('',(0.0590849229769877,0.0292869047966694,0.0968569716025644));
#4138=CARTESIAN_POINT('',(0.0589095518151838,0.0292869047966694,0.0968569716025644));
#4139=CARTESIAN_POINT('',(0.0587387283195396,0.0293279731842975,0.0968332607579122));
#4140=CARTESIAN_POINT('',(0.0585849229770019,0.029397163491936,0.0967933137151717));
#4141=CARTESIAN_POINT('',(0.0585849229770021,0.0293971634919363,0.0967933137151716));
#4142=CARTESIAN_POINT('',(0.0585849229769877,0.00763626970205844,0.109356971602564));
#4143=CARTESIAN_POINT('',(0.0585849229769877,0.00763626970205844,0.109356971602564));
#4144=CARTESIAN_POINT('',(0.0600849229669611,0.00763626970205844,0.109356971602564));
#4145=CARTESIAN_POINT('',(0.0391698459365868,0.00763626970205843,0.109356971593399));
#4146=CARTESIAN_POINT('',(0.0391698459365868,0.00763626970205843,0.109356971593399));
#4147=CARTESIAN_POINT('',(0.0406698459186827,0.00763626970205843,0.109356971593399));
#4148=CARTESIAN_POINT('',(0.0406698459186827,0.0316505983182258,0.0954922925024462));
#4149=CARTESIAN_POINT('',(0.0406698459186828,0.0293968094139781,0.0967935181330102));
#4150=CARTESIAN_POINT('',(0.0406698459186829,0.029396809413978,0.0967935181330103));
#4151=CARTESIAN_POINT('',(0.0405160167906676,0.0293281653250876,0.0968331498162094));
#4152=CARTESIAN_POINT('',(0.0403448635267579,0.0292869047966694,0.0968569715933986));
#4153=CARTESIAN_POINT('',(0.0401698459186827,0.0292869047966694,0.0968569715933986));
#4154=CARTESIAN_POINT('',(0.0381698459221199,0.000260689995417094,0.0965820928153877));
#4155=CARTESIAN_POINT('',(0.0585849229769877,0.000260689995417094,0.0965820928153877));
#4156=CARTESIAN_POINT('',(0.0381698459221199,0.000260689995417094,0.0965820928153877));
#4157=CARTESIAN_POINT('',(0.0406698459186827,0.000260689995417094,0.0965820928153877));
#4158=CARTESIAN_POINT('',(0.0351698459490474,-0.02373931,0.111333252220732));
#4159=CARTESIAN_POINT('',(0.00925476893013046,-0.023739309995417,0.106957672522029));
#4160=CARTESIAN_POINT('',(0.0351698459490474,-0.02373931,0.111333252220732));
#4161=CARTESIAN_POINT('',(0.0132547689143752,-0.023739309995417,0.105957672519738));
#4162=CARTESIAN_POINT('',(0.013254768923256,-0.023739309995417,0.10983325222867));
#4163=CARTESIAN_POINT('',(0.0351698459490474,-0.02373931,0.10983325222867));
#4164=CARTESIAN_POINT('',(0.0351698459490474,-0.02373931,0.111333252220732));
#4165=CARTESIAN_POINT('',(0.0351698459490474,-0.02373931,0.10983325222867));
#4166=CARTESIAN_POINT('',(0.0281698459728227,-0.023739309995417,0.109833252225233));
#4167=CARTESIAN_POINT('',(0.0281698459817035,-0.023739309995417,0.105957672515155));
#4168=CARTESIAN_POINT('',(0.0351698459490474,-0.02373931,0.111333252220732));
#4169=CARTESIAN_POINT('',(0.0321698459590739,-0.023739309995417,0.106957672517446));
#4170=CARTESIAN_POINT('',(0.00925476893013046,-0.015739309995417,0.106957672522029));
#4171=CARTESIAN_POINT('',(0.00925476894015703,-0.023739309995417,0.12833325222867));
#4172=CARTESIAN_POINT('',(0.00925476894015703,-0.023739309995417,0.12833325222867));
#4173=CARTESIAN_POINT('',(0.00925476894015703,-0.015739309995417,0.12833325222867));
#4174=CARTESIAN_POINT('',(0.00925476894015703,-0.015739309995417,0.12833325222867));
#4175=CARTESIAN_POINT('',(0.00925476894015703,-0.015739309995417,0.12833325222867));
#4176=CARTESIAN_POINT('',(0.00925476894015703,-0.015739309995417,0.11133325222867));
#4177=CARTESIAN_POINT('',(0.00925476893013046,-0.015739309995417,0.106957672522029));
#4178=CARTESIAN_POINT('',(0.0132547689143752,-0.015739309995417,0.105957672519738));
#4179=CARTESIAN_POINT('',(0.0132547689143752,-0.015739309995417,0.105957672519738));
#4180=CARTESIAN_POINT('',(0.013254768923256,-0.015739309995417,0.109833252225233));
#4181=CARTESIAN_POINT('',(0.0132547689201039,-0.015739309995417,0.102582092815388));
#4182=CARTESIAN_POINT('',(0.013254768923256,-0.015739309995417,0.109833252225233));
#4183=CARTESIAN_POINT('',(0.0132547688928912,-0.0234633185389331,0.0965820928362848));
#4184=CARTESIAN_POINT('',(0.0132547688967103,-0.0234633185406438,0.0982487595029515));
#4185=CARTESIAN_POINT('',(0.0132547689005294,-0.0234633185423546,0.0999154261696183));
#4186=CARTESIAN_POINT('',(0.0132547689043486,-0.0234633185440654,0.101582092836285));
#4187=CARTESIAN_POINT('',(0.0132547689043486,-0.0234633185440654,0.101582092836285));
#4188=CARTESIAN_POINT('',(0.0132547689043486,-0.0246968485167632,0.101582092836285));
#4189=CARTESIAN_POINT('',(0.0132547689242976,-0.015739309995417,0.101582092836285));
#4190=CARTESIAN_POINT('',(0.0132547689201039,-0.015739309995417,0.0775820928153877));
#4191=CARTESIAN_POINT('',(0.0281698459817035,-0.015739309995417,0.105957672515155));
#4192=CARTESIAN_POINT('',(0.0281698459728227,-0.015739309995417,0.109833252225233));
#4193=CARTESIAN_POINT('',(0.0281698459728227,-0.015739309995417,0.109833252226987));
#4194=CARTESIAN_POINT('',(0.0281698459817035,-0.015739309995417,0.105957672515155));
#4195=CARTESIAN_POINT('',(0.0281698459894386,-0.015739309995417,0.102582092798653));
#4196=CARTESIAN_POINT('',(0.0281698459894385,-0.015739309995417,0.0775820927986533));
#4197=CARTESIAN_POINT('',(0.0281698459894386,-0.015739309995417,0.10158209283003));
#4198=CARTESIAN_POINT('',(0.02816984599173,-0.015739309995417,0.101582092823775));
#4199=CARTESIAN_POINT('',(0.02816984599173,-0.0234633185595047,0.101582092823775));
#4200=CARTESIAN_POINT('',(0.02816984599173,-0.0234633185595047,0.101582092823775));
#4201=CARTESIAN_POINT('',(0.0281698459955491,-0.0234633185558186,0.0999154261571083));
#4202=CARTESIAN_POINT('',(0.0281698459993682,-0.0234633185521324,0.0982487594904417));
#4203=CARTESIAN_POINT('',(0.0281698460031873,-0.0234633185484462,0.096582092823775));
#4204=CARTESIAN_POINT('',(0.0321698459590739,-0.015739309995417,0.106957672517446));
#4205=CARTESIAN_POINT('',(0.0321698459590739,-0.015739309995417,0.106957672517446));
#4206=CARTESIAN_POINT('',(0.0321698459890226,-0.015739309995417,0.11133325220296));
#4207=CARTESIAN_POINT('',(0.0321698459890226,-0.015739309995417,0.12833325220296));
#4208=CARTESIAN_POINT('',(0.0321698459890226,-0.015739309995417,0.12833325220296));
#4209=CARTESIAN_POINT('',(0.0321698459490474,-0.0157393099954169,0.128333252219504));
#4210=CARTESIAN_POINT('',(0.0321698459490474,-0.023739309995417,0.128333252219504));
#4211=CARTESIAN_POINT('',(0.0321698459490474,-0.023739309995417,0.128333252219504));
#4212=CARTESIAN_POINT('',(0.0207123074514053,-0.015739309995417,0.0995820928105828));
#4213=CARTESIAN_POINT('',(0.0207123074645898,-0.015739309995417,0.111333252215815));
#4214=CARTESIAN_POINT('',(0.0207123074514053,-0.015739309995417,0.0995820928105828));
#4215=CARTESIAN_POINT('',(0.0281698460014802,-0.015739309995417,0.109833252226987));
#4216=CARTESIAN_POINT('',(0.0281698460014802,-0.0147540384762997,0.109833252226987));
#4217=CARTESIAN_POINT('',(0.0277807948528679,-0.0128132240909602,0.109833252226987));
#4218=CARTESIAN_POINT('',(0.0261223641793245,-0.0103276976808999,0.109833252226987));
#4219=CARTESIAN_POINT('',(0.0236427011348377,-0.0086716402359896,0.109833252226987));
#4220=CARTESIAN_POINT('',(0.0207173537950196,-0.00808795894682346,0.109833252226987));
#4221=CARTESIAN_POINT('',(0.0177919644016413,-0.00866716293352692,0.109833252226987));
#4222=CARTESIAN_POINT('',(0.0144710845180051,-0.0108778545722411,0.109833252226987));
#4223=CARTESIAN_POINT('',(0.0132547689243334,-0.0137687669571825,0.109833252226987));
#4224=CARTESIAN_POINT('',(0.0132547689243334,-0.015739309995417,0.109833252226987));
#4225=CARTESIAN_POINT('',(0.0207123074547712,-0.015739309995417,0.10258209280702));
#4226=CARTESIAN_POINT('',(0.0690849229579377,0.0292869047966694,0.0948569715933986));
#4227=CARTESIAN_POINT('',(0.0979999999971927,0.0292869047966694,0.0948569715933986));
#4228=CARTESIAN_POINT('',(0.0406698459186827,0.0293968094139781,0.0967935181330102));
#4229=CARTESIAN_POINT('',(0.0408665482494598,0.0294845850677377,0.0967428408356838));
#4230=CARTESIAN_POINT('',(0.0412560133910694,0.0296142715845707,0.0965785395500312));
#4231=CARTESIAN_POINT('',(0.0416706187651646,0.029694418134978,0.096213888942713));
#4232=CARTESIAN_POINT('',(0.0419181257611093,0.0297228564783174,0.0958526170362199));
#4233=CARTESIAN_POINT('',(0.042058106559278,0.029730818380202,0.095553846548432));
#4234=CARTESIAN_POINT('',(0.0421322664464032,0.0297227432803025,0.0952845967874221));
#4235=CARTESIAN_POINT('',(0.0421644008520761,0.0297068246312429,0.0950695486185406));
#4236=CARTESIAN_POINT('',(0.0421698459186828,0.0296559992953162,0.0949575525188146));
#4237=CARTESIAN_POINT('',(0.0421698459186828,0.0296021846786567,0.0949428938610923));
#4238=CARTESIAN_POINT('',(0.0979999999917491,0.0292869047966694,0.0948569715933986));
#4239=CARTESIAN_POINT('',(0.0979999999917491,0.0042869047966694,0.0948569715933986));
#4240=CARTESIAN_POINT('',(0.098000000020968,0.00428690479666938,0.0821058121846988));
#4241=CARTESIAN_POINT('',(0.0979999999956637,-0.0020886749076805,0.0931486401603378));
#4242=CARTESIAN_POINT('',(0.0979999999956637,-0.00208867490768049,0.0931486401603378));
#4243=CARTESIAN_POINT('',(0.0980000000206995,-0.0210124438174812,0.0822229970861821));
#4244=CARTESIAN_POINT('',(0.0979999999934107,-0.0278880238174812,0.0941318509776865));
#4245=CARTESIAN_POINT('',(0.0980000000249211,-0.0278880238174812,0.0803806909776865));
#4246=CARTESIAN_POINT('',(0.0980000000249211,-0.04973931,0.0803806909776865));
#4247=CARTESIAN_POINT('',(0.0980000000249211,-0.0497393101239715,0.0803806909776865));
#4248=CARTESIAN_POINT('',(0.077084922761984,-0.0497393088275351,0.0803806909776865));
#4249=CARTESIAN_POINT('',(0.077084922761984,-0.0706543858554754,0.0803806909776865));
#4250=CARTESIAN_POINT('',(0.049648522761984,-0.0706543858544722,0.0803806909776865));
#4251=CARTESIAN_POINT('',(0.0247495432791659,-0.0686543858544722,0.0803806909731036));
#4252=CARTESIAN_POINT('',(0.0247495432791659,-0.0686543858531877,0.0809412463728823));
#4253=CARTESIAN_POINT('',(0.0248219843510199,-0.0691666479679677,0.0820411864192966));
#4254=CARTESIAN_POINT('',(0.0253129844097891,-0.0702070013710374,0.0823806909776865));
#4255=CARTESIAN_POINT('',(0.0256485227755191,-0.0706543858544722,0.0823806909776865));
#4256=CARTESIAN_POINT('',(0.0690849229579377,0.0292869047966694,0.0948569716025644));
#4257=CARTESIAN_POINT('',(0.0790849229388877,0.0292869047966694,0.0948569716025644));
#4258=CARTESIAN_POINT('',(0.0574028718006699,0.0297486284739282,0.0959246496630655));
#4259=CARTESIAN_POINT('',(0.057202445599457,0.0297893804997799,0.095604878535186));
#4260=CARTESIAN_POINT('',(0.0570961300734227,0.0298055409103718,0.0952292812313074));
#4261=CARTESIAN_POINT('',(0.0570966506293422,0.0298173066426614,0.0948569716025644));
#4262=CARTESIAN_POINT('',(0.0574028718006699,0.0297486284739282,0.0959246496630655));
#4263=CARTESIAN_POINT('',(0.0585849229769907,0.0293971634919414,0.0967933137151687));
#4264=CARTESIAN_POINT('',(0.0581223888445589,0.0296052374013995,0.0966731821875328));
#4265=CARTESIAN_POINT('',(0.0576744885204097,0.0296934015050112,0.0963580021104826));
#4266=CARTESIAN_POINT('',(0.0574028718006699,0.0297486284739283,0.0959246496630655));
#4267=CARTESIAN_POINT('',(0.0790849230062351,-0.04973931,0.0948569716025645));
#4268=CARTESIAN_POINT('',(0.0790849230062351,0.00428690479666939,0.0948569716025644));
#4269=CARTESIAN_POINT('',(0.079084922977016,0.00428690479666938,0.0821058121413554));
#4270=CARTESIAN_POINT('',(0.0790849230023205,-0.00208867493393511,0.0931486401624687));
#4271=CARTESIAN_POINT('',(0.0790849229457913,-0.044817004295842,0.0684794277033489));
#4272=CARTESIAN_POINT('',(0.0790849229772845,-0.0210124438633025,0.0822229970770162));
#4273=CARTESIAN_POINT('',(0.0790849230045735,-0.0278880238633025,0.0941318509685206));
#4274=CARTESIAN_POINT('',(0.0790849229730629,-0.0278880238633025,0.0803806909685206));
#4275=CARTESIAN_POINT('',(0.0790849229730629,-0.0507393088150745,0.0803806909685206));
#4276=CARTESIAN_POINT('',(0.0790849229730629,-0.04973931,0.0803806909685206));
#4277=CARTESIAN_POINT('',(0.077084922761984,-0.0497393088275351,0.0803806909685206));
#4278=CARTESIAN_POINT('',(0.077084922761984,-0.0517393087971704,0.0803806909685206));
#4279=CARTESIAN_POINT('',(0.049648522761984,-0.051739308802614,0.0803806909685206));
#4280=CARTESIAN_POINT('',(0.0256485227806748,-0.051739308802614,0.0823806909685207));
#4281=CARTESIAN_POINT('',(0.0253129446420867,-0.0521867463149238,0.0823806909685207));
#4282=CARTESIAN_POINT('',(0.024823383800893,-0.0532230611544686,0.0820445996611041));
#4283=CARTESIAN_POINT('',(0.0247495432805692,-0.0537393088038996,0.0809417105469017));
#4284=CARTESIAN_POINT('',(0.0247495432805692,-0.053739308802614,0.0803806909639377));
#4285=CARTESIAN_POINT('',(0.0207123074547712,-0.015739309995417,0.0775820928070205));
#4286=CARTESIAN_POINT('',(0.0207123074589649,-0.015739309995417,0.10158209283003));
#4287=CARTESIAN_POINT('',(0.034648522761984,-0.0631968473218112,0.0726295315644038));
#4288=CARTESIAN_POINT('',(0.034648522761984,-0.0631968473218112,0.0726295315644038));
#4289=CARTESIAN_POINT('',(0.034648522761984,-0.0587393087848524,0.0726295315644038));
#4290=CARTESIAN_POINT('',(0.034648522761984,-0.0636543858722339,0.0726295315644038));
#4291=CARTESIAN_POINT('',(0.034648522761984,-0.0636543858836913,0.0676295315529464));
#4292=CARTESIAN_POINT('',(0.034648522761984,-0.0587393087848524,0.0726295315746182));
#4293=CARTESIAN_POINT('',(0.0623242613944557,-0.0486968479282393,0.0726295315644038));
#4294=CARTESIAN_POINT('',(0.029648522761984,-0.0611968473285431,0.0726295315644038));
#4295=CARTESIAN_POINT('',(0.033398522761984,-0.0611968473285431,0.0726295315644038));
#4296=CARTESIAN_POINT('',(0.029648522761984,-0.0547393088051906,0.0726295315644038));
#4297=CARTESIAN_POINT('',(0.029648522761984,-0.0676543858587701,0.0726295315644038));
#4298=CARTESIAN_POINT('',(0.039648522761984,-0.0636543858722339,0.0726295315644038));
#4299=CARTESIAN_POINT('',(0.039648522761984,-0.0587393087848524,0.0726295315644038));
#4300=CARTESIAN_POINT('',(0.029648522761984,-0.0611968473285431,0.0686295315644038));
#4301=CARTESIAN_POINT('',(0.029648522761984,-0.0611968473285431,0.0686295315644038));
#4302=CARTESIAN_POINT('',(0.033398522761984,-0.0611968473285431,0.0686295315644038));
#4303=CARTESIAN_POINT('',(0.029648522761984,-0.0611968473218112,0.0686295315644038));
#4304=CARTESIAN_POINT('',(0.029648522761984,-0.0611968473285431,0.0686295315644038));
#4305=CARTESIAN_POINT('',(0.031898522761984,-0.0611968473285431,0.0686295315644038));
#4306=CARTESIAN_POINT('',(0.039648522761984,-0.0636543858722339,0.0726295315654523));
#4307=CARTESIAN_POINT('',(0.039648522761984,-0.058739308794879,0.0770051112527134));
#4308=CARTESIAN_POINT('',(0.077084922761984,-0.0611968473285431,0.0726295315644038));
#4309=CARTESIAN_POINT('',(0.077084922761984,-0.0636543858722339,0.0726295315700352));
#4310=CARTESIAN_POINT('',(0.077084922761984,-0.0636543858722339,0.0726295315644038));
#4311=CARTESIAN_POINT('',(0.077084922761984,-0.0611968473285431,0.0726295315644038));
#4312=CARTESIAN_POINT('',(0.077084922761984,-0.0587393087848524,0.0726295315644038));
#4313=CARTESIAN_POINT('',(0.077084922761984,-0.0587393087733951,0.0676295315529465));
#4314=CARTESIAN_POINT('',(0.0885424612764557,-0.0497393088140713,0.0726295315644038));
#4315=CARTESIAN_POINT('',(0.0885424612764557,-0.0497393088140713,0.0726295315644038));
#4316=CARTESIAN_POINT('',(0.0860849229494257,-0.0497393088111835,0.0726295315644038));
#4317=CARTESIAN_POINT('',(0.0910000000368072,-0.0497393088169592,0.0726295315644038));
#4318=CARTESIAN_POINT('',(0.0910000000368072,-0.0497393088169592,0.0726295315700352));
#4319=CARTESIAN_POINT('',(0.0860849229494257,-0.0497393088111835,0.0726295315529464));
#4320=CARTESIAN_POINT('',(0.0623242613944557,-0.0486968479282393,0.0726295315644038));
#4321=CARTESIAN_POINT('',(0.0851866259301828,-0.0578410119957339,0.0726295315644038));
#4322=CARTESIAN_POINT('',(0.0889366259301828,-0.0578410119957339,0.0726295315644038));
#4323=CARTESIAN_POINT('',(0.072084922761984,-0.0587393087848524,0.0726295315644038));
#4324=CARTESIAN_POINT('',(0.072084922761984,-0.0636543858722339,0.0726295315644038));
#4325=CARTESIAN_POINT('',(0.0910000000426826,-0.0447393088169592,0.0726295315644038));
#4326=CARTESIAN_POINT('',(0.0860849229553012,-0.0447393088111835,0.0726295315644038));
#4327=CARTESIAN_POINT('',(0.0851866259301828,-0.0578410119957339,0.0686295315644038));
#4328=CARTESIAN_POINT('',(0.0851866259301828,-0.0578410119957339,0.0686295315644038));
#4329=CARTESIAN_POINT('',(0.0889366259301828,-0.0578410119957339,0.0686295315644038));
#4330=CARTESIAN_POINT('',(0.0865424612764557,-0.0591968473420068,0.0686295315644038));
#4331=CARTESIAN_POINT('',(0.072084922761984,-0.0636543858622073,0.0770051112572963));
#4332=CARTESIAN_POINT('',(0.072084922761984,-0.0587393087848524,0.0726295315700352));
#4333=CARTESIAN_POINT('',(0.0910000000326561,-0.0447393088169592,0.0770051112527134));
#4334=CARTESIAN_POINT('',(0.0860849229553012,-0.0447393088111835,0.0726295315700352));
#4335=CARTESIAN_POINT('',(0.0553263655461563,0.0430454622441872,0.0871058121755669));
#4336=CARTESIAN_POINT('',(0.0575957976945172,0.0407760300912135,0.0821058121762637));
#4337=CARTESIAN_POINT('',(0.0575957976943401,0.0407760300908789,0.0837724788429304));
#4338=CARTESIAN_POINT('',(0.057595797694163,0.0407760300905444,0.085439145509597));
#4339=CARTESIAN_POINT('',(0.0575957976939859,0.0407760300902098,0.0871058121762637));
#4340=CARTESIAN_POINT('',(0.0575957976939859,0.0407760300902098,0.0871058121762637));
#4341=CARTESIAN_POINT('',(0.0553263655461563,0.0430454622441872,0.0871058121755669));
#4342=CARTESIAN_POINT('',(0.0539973353370051,0.0443744924569386,0.0871058121751589));
#4343=CARTESIAN_POINT('',(0.0539973353370051,0.0443744924569386,0.0871058121751589));
#4344=CARTESIAN_POINT('',(0.053997335337201,0.0443744924572544,0.0854391455084922));
#4345=CARTESIAN_POINT('',(0.0539973353373969,0.0443744924575702,0.0837724788418256));
#4346=CARTESIAN_POINT('',(0.0539973353375928,0.044374492457886,0.0821058121751589));
#4347=CARTESIAN_POINT('',(0.0828434803914967,0.0430454622193396,0.0871058121840147));
#4348=CARTESIAN_POINT('',(0.0828434803914967,0.0430454622193396,0.0871058121840147));
#4349=CARTESIAN_POINT('',(0.080574048241576,0.0407760300714681,0.087105812183318));
#4350=CARTESIAN_POINT('',(0.0841725106049427,0.0443744924315855,0.0871058121844227));
#4351=CARTESIAN_POINT('',(0.080574048241576,0.0407760300714681,0.087105812183318));
#4352=CARTESIAN_POINT('',(0.0805740482417531,0.0407760300711336,0.0854391455166513));
#4353=CARTESIAN_POINT('',(0.0805740482419302,0.040776030070799,0.0837724788499847));
#4354=CARTESIAN_POINT('',(0.0805740482421073,0.0407760300704644,0.082105812183318));
#4355=CARTESIAN_POINT('',(0.0841725106055304,0.0443744924306382,0.0821058121844227));
#4356=CARTESIAN_POINT('',(0.0841725106053345,0.044374492430954,0.0837724788510894));
#4357=CARTESIAN_POINT('',(0.0841725106051386,0.0443744924312698,0.085439145517756));
#4358=CARTESIAN_POINT('',(0.0841725106049427,0.0443744924315855,0.0871058121844227));
#4359=CARTESIAN_POINT('',(0.0690849229564027,0.0292869047966694,0.0871058121797908));
#4360=CARTESIAN_POINT('',(0.0616388453525605,0.0472633263917381,0.0871058121775049));
#4361=CARTESIAN_POINT('',(0.0653888453525605,0.0472633263917381,0.0871058121786562));
#4362=CARTESIAN_POINT('',(0.0765310005923028,0.0472633263784593,0.0871058121820767));
#4363=CARTESIAN_POINT('',(0.0802810005923028,0.0472633263784593,0.087105812183228));
#4364=CARTESIAN_POINT('',(0.0841095821459124,0.0372404961639392,0.0871058121830468));
#4365=CARTESIAN_POINT('',(0.0877080445092792,0.0408389585240565,0.0871058121855081));
#4366=CARTESIAN_POINT('',(0.0504618014262836,0.0408389585557947,0.0871058121727691));
#4367=CARTESIAN_POINT('',(0.0540602637832643,0.0372404961890659,0.0871058121751783));
#4368=CARTESIAN_POINT('',(0.0765310005935308,0.0472633263784593,0.0831058121820767));
#4369=CARTESIAN_POINT('',(0.0765310005935308,0.0472633263784593,0.0831058121820767));
#4370=CARTESIAN_POINT('',(0.0802810005935308,0.0472633263784593,0.0831058121832279));
#4371=CARTESIAN_POINT('',(0.0690849229748162,0.046987083999424,0.0831058121797908));
#4372=CARTESIAN_POINT('',(0.0616388453537885,0.0472633263917381,0.0831058121775049));
#4373=CARTESIAN_POINT('',(0.0616388453537885,0.0472633263917381,0.0831058121775049));
#4374=CARTESIAN_POINT('',(0.0653888453537885,0.0472633263917381,0.0831058121786561));
#4375=CARTESIAN_POINT('',(0.0690849229748162,0.046987083999424,0.0831058121797908));
#4376=CARTESIAN_POINT('',(0.0584792811925319,0.0349012046004455,0.0871058121765349));
#4377=CARTESIAN_POINT('',(0.0602069625286599,0.0381648652484622,0.0871058121773736));
#4378=CARTESIAN_POINT('',(0.0575957976939858,0.0407760300902098,0.0871058121776203));
#4379=CARTESIAN_POINT('',(0.05847928119266,0.0349012046006876,0.085439145509416));
#4380=CARTESIAN_POINT('',(0.0602069625283292,0.0381648652484083,0.0854391455093962));
#4381=CARTESIAN_POINT('',(0.0575957976941607,0.0407760300905466,0.0854391455105014));
#4382=CARTESIAN_POINT('',(0.0584792811927822,0.0349012046009183,0.083772478842274));
#4383=CARTESIAN_POINT('',(0.0602069625296541,0.0381648652493444,0.0837724788438055));
#4384=CARTESIAN_POINT('',(0.0575957976943423,0.0407760300908767,0.0837724788433594));
#4385=CARTESIAN_POINT('',(0.0584792811929069,0.034901204601154,0.0821058121751783));
#4386=CARTESIAN_POINT('',(0.0602069625293737,0.0381648652492833,0.082105812176017));
#4387=CARTESIAN_POINT('',(0.0575957976945171,0.0407760300912135,0.0821058121762637));
#4388=CARTESIAN_POINT('',(0.0796905647331077,0.0349012045820005,0.0821058121830467));
#4389=CARTESIAN_POINT('',(0.077962883402535,0.03816486523325,0.082105812182208));
#4390=CARTESIAN_POINT('',(0.0805740482421073,0.0407760300704644,0.0821058121819613));
#4391=CARTESIAN_POINT('',(0.0796905647329893,0.0349012045822242,0.0837724788501656));
#4392=CARTESIAN_POINT('',(0.0779628834015574,0.0381648652331673,0.0837724788485444));
#4393=CARTESIAN_POINT('',(0.0805740482419266,0.0407760300707954,0.0837724788490802));
#4394=CARTESIAN_POINT('',(0.0796905647328583,0.0349012045824717,0.0854391455173076));
#4395=CARTESIAN_POINT('',(0.0779628834027557,0.0381648652341035,0.0854391455172159));
#4396=CARTESIAN_POINT('',(0.0805740482417567,0.0407760300711371,0.0854391455162222));
#4397=CARTESIAN_POINT('',(0.0796905647327327,0.034901204582709,0.0871058121844034));
#4398=CARTESIAN_POINT('',(0.0779628834018212,0.0381648652340712,0.0871058121835647));
#4399=CARTESIAN_POINT('',(0.080574048241576,0.0407760300714681,0.087105812183318));
#4400=CARTESIAN_POINT('',(0.0919569735725865,0.0434745992080237,0.0871058121868125));
#4401=CARTESIAN_POINT('',(0.0886323151957793,0.0488342970183949,0.0871058121854063));
#4402=CARTESIAN_POINT('',(0.0841725106049428,0.0443744924315856,0.0871058121857271));
#4403=CARTESIAN_POINT('',(0.0919569735728263,0.0434745992076372,0.085439145519711));
#4404=CARTESIAN_POINT('',(0.0886323151950998,0.0488342970175851,0.0854391455173453));
#4405=CARTESIAN_POINT('',(0.0841725106051205,0.0443744924312517,0.0854391455186256));
#4406=CARTESIAN_POINT('',(0.0919569735730814,0.0434745992072259,0.0837724788526212));
#4407=CARTESIAN_POINT('',(0.0886323151972608,0.0488342970184113,0.0837724788520395));
#4408=CARTESIAN_POINT('',(0.0841725106053411,0.0443744924309605,0.0837724788515357));
#4409=CARTESIAN_POINT('',(0.0919569735733082,0.0434745992068602,0.0821058121855081));
#4410=CARTESIAN_POINT('',(0.0886323151965999,0.0488342970176806,0.0821058121841019));
#4411=CARTESIAN_POINT('',(0.0841725106055304,0.0443744924306382,0.0821058121844227));
#4412=CARTESIAN_POINT('',(0.0462128723681898,0.0434745992481665,0.0821058121727691));
#4413=CARTESIAN_POINT('',(0.0495375307545775,0.0488342970529826,0.0821058121741753));
#4414=CARTESIAN_POINT('',(0.0539973353375927,0.044374492457886,0.0821058121738545));
#4415=CARTESIAN_POINT('',(0.0462128723679406,0.0434745992477649,0.0837724788398706));
#4416=CARTESIAN_POINT('',(0.0495375307537026,0.0488342970521588,0.0837724788402607));
#4417=CARTESIAN_POINT('',(0.0539973353374121,0.044374492457555,0.083772478840956));
#4418=CARTESIAN_POINT('',(0.0462128723677065,0.0434745992473874,0.085439145506972));
#4419=CARTESIAN_POINT('',(0.0495375307545434,0.0488342970530269,0.0854391455092665));
#4420=CARTESIAN_POINT('',(0.0539973353372031,0.0443744924572523,0.0854391455080574));
#4421=CARTESIAN_POINT('',(0.046212872367468,0.0434745992470031,0.0871058121740735));
#4422=CARTESIAN_POINT('',(0.0495375307537569,0.0488342970522683,0.0871058121754797));
#4423=CARTESIAN_POINT('',(0.0539973353370051,0.0443744924569386,0.0871058121751589));
#4424=CARTESIAN_POINT('',(0.029648522761984,-0.054739308821293,0.0796566557519461));
#4425=CARTESIAN_POINT('',(0.029648522761984,-0.067654385846452,0.0780051112595877));
#4426=CARTESIAN_POINT('',(0.0207123074589649,-0.015739309995417,0.10158209283003));
#4427=CARTESIAN_POINT('',(0.025015732059393,-0.0218299107595767,0.0965820928264205));
#4428=CARTESIAN_POINT('',(0.0250157320566771,-0.0218299107624834,0.0982487594930871));
#4429=CARTESIAN_POINT('',(0.0250157320539612,-0.0218299107653901,0.0999154261597538));
#4430=CARTESIAN_POINT('',(0.0250157320512454,-0.0218299107682968,0.10158209282642));
#4431=CARTESIAN_POINT('',(0.0250157320512454,-0.0218299107682968,0.10158209282642));
#4432=CARTESIAN_POINT('',(0.0207123074589649,-0.015739309995417,0.10158209283003));
#4433=CARTESIAN_POINT('',(0.0164088828494541,-0.0218299107561223,0.101582092833639));
#4434=CARTESIAN_POINT('',(0.0164088828494541,-0.0218299107561223,0.101582092833639));
#4435=CARTESIAN_POINT('',(0.016408882846147,-0.0218299107547734,0.0999154261669727));
#4436=CARTESIAN_POINT('',(0.0164088828428399,-0.0218299107534244,0.0982487595003061));
#4437=CARTESIAN_POINT('',(0.0164088828395328,-0.0218299107520754,0.0965820928336394));
#4438=CARTESIAN_POINT('',(0.0351698459532411,-0.0246968485167632,0.101582092817904));
#4439=CARTESIAN_POINT('',(0.0207123074589649,-0.015739309995417,0.10158209283003));
#4440=CARTESIAN_POINT('',(0.0244623074589649,-0.015739309995417,0.101582092826885));
#4441=CARTESIAN_POINT('',(0.0152547689043486,-0.0234633185440654,0.101582092831702));
#4442=CARTESIAN_POINT('',(0.02616984599173,-0.0234633185595047,0.101582092825452));
#4443=CARTESIAN_POINT('',(0.02816984599173,-0.0234633185595047,0.101582092830035));
#4444=CARTESIAN_POINT('',(0.02816984599173,-0.0196013142792974,0.101582092838577));
#4445=CARTESIAN_POINT('',(0.0250157320512454,-0.0218299107682967,0.10158209282642));
#4446=CARTESIAN_POINT('',(0.0281698459955491,-0.0234633185558242,0.0999154261612819));
#4447=CARTESIAN_POINT('',(0.0281698459771376,-0.0196013142596281,0.099915426103437));
#4448=CARTESIAN_POINT('',(0.0250157320539593,-0.0218299107653914,0.099915426157667));
#4449=CARTESIAN_POINT('',(0.0281698459993683,-0.0234633185521354,0.0982487594925169));
#4450=CARTESIAN_POINT('',(0.0281698460177107,-0.0196013142782855,0.098248759563726));
#4451=CARTESIAN_POINT('',(0.0250157320566808,-0.0218299107624808,0.098248759488902));
#4452=CARTESIAN_POINT('',(0.0281698460031874,-0.0234633185484462,0.0965820928237751));
#4453=CARTESIAN_POINT('',(0.0281698460031874,-0.0196013142586571,0.0965820928323167));
#4454=CARTESIAN_POINT('',(0.025015732059393,-0.0218299107595768,0.0965820928201601));
#4455=CARTESIAN_POINT('',(0.0132547688928911,-0.023463318538933,0.0965820928362848));
#4456=CARTESIAN_POINT('',(0.0132547688928911,-0.0196013142409011,0.096582092840249));
#4457=CARTESIAN_POINT('',(0.0164088828395328,-0.0218299107520754,0.0965820928307338));
#4458=CARTESIAN_POINT('',(0.0132547688967103,-0.0234633185406446,0.09824875950392));
#4459=CARTESIAN_POINT('',(0.0132547689007579,-0.0196013142500834,0.0982487595375461));
#4460=CARTESIAN_POINT('',(0.0164088828428394,-0.021829910753424,0.098248759498369));
#4461=CARTESIAN_POINT('',(0.0132547689005294,-0.0234633185423509,0.0999154261715552));
#4462=CARTESIAN_POINT('',(0.0132547688965258,-0.0196013142413734,0.0999154261446673));
#4463=CARTESIAN_POINT('',(0.0164088828461475,-0.0218299107547737,0.0999154261660042));
#4464=CARTESIAN_POINT('',(0.0132547689043486,-0.0234633185440654,0.10158209283919));
#4465=CARTESIAN_POINT('',(0.0132547689043486,-0.0196013142504804,0.101582092843155));
#4466=CARTESIAN_POINT('',(0.0164088828494541,-0.0218299107561223,0.101582092833639));
#4467=CARTESIAN_POINT('',(0.0207123074556099,-0.015739309995417,0.0975820928300299));
#4468=CARTESIAN_POINT('',(0.0207123074556099,-0.015739309995417,0.0975820928300299));
#4469=CARTESIAN_POINT('',(0.0244623074556099,-0.015739309995417,0.0975820928268846));
#4470=CARTESIAN_POINT('',(0.0207123074456355,-0.0158725450101272,0.0975820928300299));
#4471=CARTESIAN_POINT('',(0.029648522761984,-0.0611968473285431,-0.117070468435596));
#4472=CARTESIAN_POINT('',(0.0117123074645898,-0.019739309995417,0.12833325222867));
#4473=CARTESIAN_POINT('',(0.0117123074645898,-0.015739309995417,0.12833325222867));
#4474=CARTESIAN_POINT('',(0.0117123074645898,-0.015739309995417,0.12833325222867));
#4475=CARTESIAN_POINT('',(0.0117123074645898,-0.019739309995417,0.12833325222867));
#4476=CARTESIAN_POINT('',(0.0117123074645898,-0.023739309995417,0.12833325222867));
#4477=CARTESIAN_POINT('',(0.0117123074645898,-0.023739309995417,0.12833325222867));
#4478=CARTESIAN_POINT('',(0.0207123074645898,-0.015739309995417,0.12833325222867));
#4479=CARTESIAN_POINT('',(0.0297123074645898,-0.015739309995417,0.12833325222867));
#4480=CARTESIAN_POINT('',(0.0297123074645898,-0.015739309995417,0.12833325222867));
#4481=CARTESIAN_POINT('',(0.0207123074645898,-0.015739309995417,0.12833325222867));
#4482=CARTESIAN_POINT('',(0.0297123074645898,-0.019739309995417,0.12833325222867));
#4483=CARTESIAN_POINT('',(0.0297123074645898,-0.023739309995417,0.12833325222867));
#4484=CARTESIAN_POINT('',(0.0297123074645898,-0.023739309995417,0.12833325222867));
#4485=CARTESIAN_POINT('',(0.0297123074645898,-0.019739309995417,0.12833325222867));
#4486=CARTESIAN_POINT('',(0.032905644037945,-0.023739309995417,0.12833325222867));
#4487=CARTESIAN_POINT('',(0.032905644037945,-0.023739309995417,0.12833325222867));
#4488=CARTESIAN_POINT('',(0.0207123074645898,-0.015739309995417,0.128333252215815));
#4489=CARTESIAN_POINT('',(0.0207123074645898,-0.015739309995417,0.128333252215815));
#4490=CARTESIAN_POINT('',(0.00920604021533,-0.023739309995417,0.12833325222867));
#4491=CARTESIAN_POINT('',(0.00920604021533,-0.023739309995417,0.12833325222867));
#4492=CARTESIAN_POINT('',(0.033892347962004,-0.0246968485067366,0.12833325222867));
#4493=CARTESIAN_POINT('',(0.0574064723038406,0.0297509236569971,0.0959286250367533));
#4494=CARTESIAN_POINT('',(0.0570849229769877,0.0295467670735706,0.0955750154615589));
#4495=CARTESIAN_POINT('',(0.0570849229769877,0.0292869047966694,0.0951249207949955));
#4496=CARTESIAN_POINT('',(0.0574104804773971,0.0299219997176418,0.0958357313081003));
#4497=CARTESIAN_POINT('',(0.0570887709130461,0.0297231629545905,0.0954830056521433));
#4498=CARTESIAN_POINT('',(0.0570849229769877,0.0294648241803347,0.0950350392164694));
#4499=CARTESIAN_POINT('',(0.0574182696515666,0.0300931884562671,0.0957427495690808));
#4500=CARTESIAN_POINT('',(0.0570965138043481,0.0298996404245172,0.0953909156199895));
#4501=CARTESIAN_POINT('',(0.0570888805425963,0.0296427435511861,0.0949451576444119));
#4502=CARTESIAN_POINT('',(0.0574298574662903,0.0302643154368865,0.0956497752030981));
#4503=CARTESIAN_POINT('',(0.0571081653697747,0.0300760208490583,0.0952988394584605));
#4504=CARTESIAN_POINT('',(0.0570967917600929,0.0298204869609716,0.0948553649646363));
#4505=CARTESIAN_POINT('',(0.0585849229769877,0.0292869047966694,0.0951249207949955));
#4506=CARTESIAN_POINT('',(0.0585849229769877,0.0285369047966694,0.0955579334968878));
#4507=CARTESIAN_POINT('',(0.0585849229769877,0.00688626970205844,0.108057933496888));
#4508=CARTESIAN_POINT('',(0.0585849229769877,0.000260689995417094,0.0965820928153877));
#4509=CARTESIAN_POINT('',(0.0585849229769877,0.000260689995417085,0.10983325222867));
#4510=CARTESIAN_POINT('',(0.0585849229769877,0.026599114942203,0.10983325222867));
#4511=CARTESIAN_POINT('',(0.0585849229769877,-0.0237393100045829,0.10983325222867));
#4512=CARTESIAN_POINT('',(0.0351698459490474,-0.02373931,0.10983325222867));
#4513=CARTESIAN_POINT('',(0.0117547689211071,-0.023739309995417,0.10983325222867));
#4514=CARTESIAN_POINT('',(0.011754768923256,-0.015739309995417,0.10983325222867));
#4515=CARTESIAN_POINT('',(0.011754768923256,-0.015739309995417,0.10983325222867));
#4516=CARTESIAN_POINT('',(0.0207123074629068,-0.015739309995417,0.10983325222867));
#4517=CARTESIAN_POINT('',(0.0296698460014802,-0.015739309995417,0.10983325222867));
#4518=CARTESIAN_POINT('',(0.0296698459728227,-0.0237393100045829,0.10983325222867));
#4519=CARTESIAN_POINT('',(0.0296698459728227,-0.023739309996399,0.10983325222867));
#4520=CARTESIAN_POINT('',(0.0351698459490474,-0.02373931,0.10983325222867));
#4521=CARTESIAN_POINT('',(0.0406698459186827,-0.0237393100045829,0.10983325222867));
#4522=CARTESIAN_POINT('',(0.0406698459186827,-0.0237393100045829,0.10983325222867));
#4523=CARTESIAN_POINT('',(0.0406698459186827,0.000260690000000014,0.10983325222867));
#4524=CARTESIAN_POINT('',(0.0406698459186827,0.000260689995417094,0.0965820928153877));
#4525=CARTESIAN_POINT('',(0.0406698459186827,0.00688626970104085,0.108057933486891));
#4526=CARTESIAN_POINT('',(0.0406698459186827,0.00688626970205843,0.108057933487722));
#4527=CARTESIAN_POINT('',(0.0690849229717045,-0.0057393099947901,0.0965820922286704));
#4528=CARTESIAN_POINT('',(0.0690849229675108,-0.000739309994790095,0.10158209222867));
#4529=CARTESIAN_POINT('',(0.0690849229675108,-0.000739309994790095,0.10158209222867));
#4530=CARTESIAN_POINT('',(0.0690849229717045,-0.0057393099947901,0.10158209222867));
#4531=CARTESIAN_POINT('',(0.0690849229717045,-0.0107393099947901,0.10158209222867));
#4532=CARTESIAN_POINT('',(0.0690849229717045,-0.0107393099947901,0.10158209222867));
#4533=CARTESIAN_POINT('',(0.0690849229717045,-0.00573930999479011,0.0965820922286704));
#4534=CARTESIAN_POINT('',(0.0690849229717045,-0.00573930999479,0.10158209222867));
#4535=CARTESIAN_POINT('',(0.0670849229717045,-0.00573930999499905,0.10158209222867));
#4536=CARTESIAN_POINT('',(0.0710849229717045,-0.00573930999458116,0.10158209222867));
#4537=CARTESIAN_POINT('',(0.0710849229717045,-0.00573930999458116,0.0965820922286704));
#4538=CARTESIAN_POINT('',(0.0670849229717045,-0.00573930999499905,0.0965820922286704));
#4539=CARTESIAN_POINT('',(0.0690849229717045,-0.0057393099947901,0.0965820922286704));
#4540=CARTESIAN_POINT('',(0.0690849229717045,-0.0057393099947901,0.10158209222867));
#4541=CARTESIAN_POINT('',(0.0671393725864722,-0.00557452276958466,0.10158209222867));
#4542=CARTESIAN_POINT('',(0.0650849229747432,-0.000739309998145041,0.10158209222867));
#4543=CARTESIAN_POINT('',(0.0640849229679643,-0.000739309998983778,0.10158209222867));
#4544=CARTESIAN_POINT('',(0.0640849229679643,-0.00557452276958466,0.10158209222867));
#4545=CARTESIAN_POINT('',(0.0640849229679643,-0.0107393099947901,0.10158209222867));
#4546=CARTESIAN_POINT('',(0.0650849229748477,-0.0107393099947901,0.10158209222867));
#4547=CARTESIAN_POINT('',(0.0650849229747432,-0.000739309998145041,0.10158209222867));
#4548=CARTESIAN_POINT('',(0.0640849229704805,-0.000739309998983778,0.10158209222867));
#4549=CARTESIAN_POINT('',(0.0650849229748477,-0.0107393099947901,0.10158209222867));
#4550=CARTESIAN_POINT('',(0.0640849229679643,-0.0107393099947901,0.0965820922286704));
#4551=CARTESIAN_POINT('',(0.0640849229679643,-0.00557452276958466,0.10458209222867));
#4552=CARTESIAN_POINT('',(0.0640849229679643,0.00226069000101622,0.10458209222867));
#4553=CARTESIAN_POINT('',(0.0640849229679643,-0.0137393099947901,0.10458209222867));
#4554=CARTESIAN_POINT('',(0.0640849229679643,0.00226069000101622,0.0930676084203294));
#4555=CARTESIAN_POINT('',(0.0640849229679643,-0.0137393099947901,0.10158209222867));
#4556=MECHANICAL_DESIGN_GEOMETRIC_PRESENTATION_REPRESENTATION('',(#2561),
#4557);
#4557=(
GEOMETRIC_REPRESENTATION_CONTEXT(3)
GLOBAL_UNCERTAINTY_ASSIGNED_CONTEXT((#4558))
GLOBAL_UNIT_ASSIGNED_CONTEXT((#4561,#4560,#4559))
REPRESENTATION_CONTEXT('Part 1','TOP_LEVEL_ASSEMBLY_PART')
);
#4558=UNCERTAINTY_MEASURE_WITH_UNIT(LENGTH_MEASURE(2.E-5),#4561,
'DISTANCE_ACCURACY_VALUE','Maximum Tolerance applied to model');
#4559=(
NAMED_UNIT(*)
SI_UNIT($,.STERADIAN.)
SOLID_ANGLE_UNIT()
);
#4560=(
NAMED_UNIT(*)
PLANE_ANGLE_UNIT()
SI_UNIT($,.RADIAN.)
);
#4561=(
LENGTH_UNIT()
NAMED_UNIT(*)
SI_UNIT($,.METRE.)
);
#4562=PRODUCT_DEFINITION_SHAPE('','',#4563);
#4563=PRODUCT_DEFINITION('','',#4565,#4564);
#4564=PRODUCT_DEFINITION_CONTEXT('',#4571,'design');
#4565=PRODUCT_DEFINITION_FORMATION_WITH_SPECIFIED_SOURCE('','',#4567,
 .NOT_KNOWN.);
#4566=PRODUCT_RELATED_PRODUCT_CATEGORY('','',(#4567));
#4567=PRODUCT('Part 1','Part 1','Part 1',(#4569));
#4568=PRODUCT_CATEGORY('','');
#4569=PRODUCT_CONTEXT('',#4571,'mechanical');
#4570=APPLICATION_PROTOCOL_DEFINITION('international standard',
'ap242_managed_model_based_3d_engineering',2020,#4571);
#4571=APPLICATION_CONTEXT('managed model based 3d engineering');
ENDSEC;
END-ISO-10303-21;
