ISO-10303-21;
HEADER;
/* Generated by software containing ST-Developer
 * from STEP Tools, Inc. (www.steptools.com) 
 */
/* OPTION: using custom renumber hook */

FILE_DESCRIPTION(
/* description */ ('STEP AP242 Edition 2',
'CAx-IF Rec.Pracs.---Representation and Presentation of Product Manufa
cturing Information (PMI)---4.0---2014-10-13',
'CAx-IF Rec.Pracs.---3D Tessellated Geometry---0.4---2014-09-14','2;1',
'CAx-IF Rec.Pracs.---User Defined Attributes---1.5---2016-08-15'),
/* implementation_level */ '2;1');

FILE_NAME(
/* name */ 'Assembly 1 - Part 17',
/* time_stamp */ '2026-07-25T03:56:15Z',
/* author */ (''),
/* organization */ (''),
/* preprocessor_version */ 'ST-DEVELOPER v20',
/* originating_system */ 'ONSHAPE BY PTC INC, 1.218',
/* authorisation */ '  ');

FILE_SCHEMA (('AP242_MANAGED_MODEL_BASED_3D_ENGINEERING_MIM_LF { 1 0 10303 442 3 1 4 }'));
ENDSEC;

DATA;
#10=SHAPE_REPRESENTATION_RELATIONSHIP('','',#1474,#11);
#11=ADVANCED_BREP_SHAPE_REPRESENTATION('',(#1472),#2636);
#12=(
BOUNDED_SURFACE()
B_SPLINE_SURFACE(3,3,((#2496,#2497,#2498,#2499),(#2500,#2501,#2502,#2503),
(#2504,#2505,#2506,#2507),(#2508,#2509,#2510,#2511),(#2512,#2513,#2514,
#2515)),.SURF_OF_REVOLUTION.,.F.,.F.,.F.)
B_SPLINE_SURFACE_WITH_KNOTS((4,1,4),(4,4),(4.71238897923891,5.49778714264617,
6.28318530605343),(0.,1.),.UNSPECIFIED.)
GEOMETRIC_REPRESENTATION_ITEM()
RATIONAL_B_SPLINE_SURFACE(((1.,0.990494821232987,0.990494821232987,1.),
(1.,0.990494821232987,0.990494821232987,1.),(1.,0.990494821232987,0.990494821232987,
1.),(1.,0.990494821232987,0.990494821232987,1.),(1.,0.990494821232987,0.990494821232987,
1.)))
REPRESENTATION_ITEM('')
SURFACE()
);
#13=(
BOUNDED_SURFACE()
B_SPLINE_SURFACE(3,3,((#2517,#2518,#2519,#2520),(#2521,#2522,#2523,#2524),
(#2525,#2526,#2527,#2528),(#2529,#2530,#2531,#2532),(#2533,#2534,#2535,
#2536)),.SURF_OF_REVOLUTION.,.F.,.F.,.F.)
B_SPLINE_SURFACE_WITH_KNOTS((4,1,4),(4,4),(3.14159265246363,3.92699081585128,
4.71238897923894),(0.,1.),.UNSPECIFIED.)
GEOMETRIC_REPRESENTATION_ITEM()
RATIONAL_B_SPLINE_SURFACE(((1.,0.990494821462381,0.990494821462381,1.),
(1.,0.990494821462381,0.990494821462381,1.),(1.,0.990494821462381,0.990494821462381,
1.),(1.,0.990494821462381,0.990494821462381,1.),(1.,0.990494821462381,0.990494821462381,
1.)))
REPRESENTATION_ITEM('')
SURFACE()
);
#14=(
BOUNDED_SURFACE()
B_SPLINE_SURFACE(3,2,((#2568,#2569,#2570),(#2571,#2572,#2573),(#2574,#2575,
#2576),(#2577,#2578,#2579)),.UNSPECIFIED.,.F.,.F.,.F.)
B_SPLINE_SURFACE_WITH_KNOTS((4,4),(3,3),(0.828343525945377,0.828420390709381),
(0.,1.),.PIECEWISE_BEZIER_KNOTS.)
GEOMETRIC_REPRESENTATION_ITEM()
RATIONAL_B_SPLINE_SURFACE(((1.,0.997858923238603,1.),(1.,0.997858923238532,
1.),(1.,0.997858919875308,1.),(1.,0.997858913148931,1.)))
REPRESENTATION_ITEM('')
SURFACE()
);
#15=(
BOUNDED_SURFACE()
B_SPLINE_SURFACE(3,2,((#2581,#2582,#2583),(#2584,#2585,#2586),(#2587,#2588,
#2589),(#2590,#2591,#2592),(#2593,#2594,#2595)),.UNSPECIFIED.,.F.,.F.,.F.)
B_SPLINE_SURFACE_WITH_KNOTS((4,1,4),(3,3),(0.0890401149580352,0.0936129195857097,
0.0981857242133842),(0.,1.),.UNSPECIFIED.)
GEOMETRIC_REPRESENTATION_ITEM()
RATIONAL_B_SPLINE_SURFACE(((1.,0.997858913148931,1.),(1.,0.997773142969592,
1.),(1.,0.99827006597757,1.),(1.,0.999533940693748,1.),(1.,0.999825390683003,
1.)))
REPRESENTATION_ITEM('')
SURFACE()
);
#16=(
BOUNDED_SURFACE()
B_SPLINE_SURFACE(3,2,((#2597,#2598,#2599),(#2600,#2601,#2602),(#2603,#2604,
#2605),(#2606,#2607,#2608)),.UNSPECIFIED.,.F.,.F.,.F.)
B_SPLINE_SURFACE_WITH_KNOTS((4,4),(3,3),(4.71238898038469,5.00387870703852),
(0.,1.),.PIECEWISE_BEZIER_KNOTS.)
GEOMETRIC_REPRESENTATION_ITEM()
RATIONAL_B_SPLINE_SURFACE(((1.,1.,1.),(1.,1.00000000000008,1.),(1.,0.999937771883011,
1.),(1.,0.999823348725513,1.)))
REPRESENTATION_ITEM('')
SURFACE()
);
#17=B_SPLINE_SURFACE_WITH_KNOTS('',3,1,((#2453,#2454),(#2455,#2456),(#2457,
#2458),(#2459,#2460),(#2461,#2462)),.SURF_OF_LINEAR_EXTRUSION.,.F.,.F.,
 .F.,(4,1,4),(2,2),(3.14159265246361,3.92699081585127,4.71238897923894),
(0.,1.),.UNSPECIFIED.);
#18=B_SPLINE_SURFACE_WITH_KNOTS('',3,1,((#2485,#2486),(#2487,#2488),(#2489,
#2490),(#2491,#2492),(#2493,#2494)),.SURF_OF_LINEAR_EXTRUSION.,.F.,.F.,
 .F.,(4,1,4),(2,2),(4.71238897923894,5.49778714320926,6.28318530717959),
(0.,1.),.UNSPECIFIED.);
#19=TOROIDAL_SURFACE('',#1563,0.012751159999795,0.002);
#20=TOROIDAL_SURFACE('',#1565,0.00799999998095002,0.002);
#21=TOROIDAL_SURFACE('',#1568,0.0127511600479263,0.002);
#22=TOROIDAL_SURFACE('',#1572,0.00945753853366415,0.002);
#23=TOROIDAL_SURFACE('',#1576,0.0127511600068744,0.002);
#24=TOROIDAL_SURFACE('',#1583,0.0269150770415464,0.002);
#25=TOROIDAL_SURFACE('',#1585,0.0127511600022915,0.002);
#26=ELLIPSE('',#1523,0.00504314480290076,0.005);
#27=ELLIPSE('',#1524,0.00504314480290076,0.005);
#28=ELLIPSE('',#1530,0.0536290830287827,0.007);
#29=ELLIPSE('',#1552,0.00504314480290076,0.005);
#30=ELLIPSE('',#1553,0.00504314480290076,0.005);
#31=ELLIPSE('',#1555,0.00504314480290076,0.005);
#32=ELLIPSE('',#1556,0.00504314480290076,0.005);
#33=ELLIPSE('',#1561,0.0020172579211603,0.002);
#34=ELLIPSE('',#1579,0.0532078804925367,0.002);
#35=ELLIPSE('',#1580,0.00205195061596833,0.002);
#36=ELLIPSE('',#1582,0.00205195061596833,0.002);
#37=ELLIPSE('',#1588,0.0020172579211603,0.002);
#38=ELLIPSE('',#1589,0.0020172579211603,0.002);
#39=ELLIPSE('',#1598,0.0020172579211603,0.002);
#40=ELLIPSE('',#1599,0.0020172579211603,0.002);
#41=ELLIPSE('',#1600,0.0020172579211603,0.002);
#42=B_SPLINE_CURVE_WITH_KNOTS('',3,(#2189,#2190,#2191,#2192),
 .UNSPECIFIED.,.F.,.F.,(4,4),(0.,3.42882873922865E-5),.UNSPECIFIED.);
#43=B_SPLINE_CURVE_WITH_KNOTS('',3,(#2253,#2254,#2255,#2256),
 .UNSPECIFIED.,.F.,.F.,(4,4),(0.,0.00192954405381812),.UNSPECIFIED.);
#44=B_SPLINE_CURVE_WITH_KNOTS('',3,(#2282,#2283,#2284,#2285),
 .UNSPECIFIED.,.F.,.F.,(4,4),(0.,0.00451931683300224),.UNSPECIFIED.);
#45=B_SPLINE_CURVE_WITH_KNOTS('',3,(#2287,#2288,#2289,#2290),
 .UNSPECIFIED.,.F.,.F.,(4,4),(0.,0.0045188378289748),.UNSPECIFIED.);
#46=B_SPLINE_CURVE_WITH_KNOTS('',3,(#2308,#2309,#2310,#2311),
 .UNSPECIFIED.,.F.,.F.,(4,4),(7.51360670211451E-14,0.000327898904640365),
 .UNSPECIFIED.);
#47=B_SPLINE_CURVE_WITH_KNOTS('',3,(#2386,#2387,#2388,#2389),
 .UNSPECIFIED.,.F.,.F.,(4,4),(0.,0.0045193168209134),.UNSPECIFIED.);
#48=B_SPLINE_CURVE_WITH_KNOTS('',3,(#2391,#2392,#2393,#2394),
 .UNSPECIFIED.,.F.,.F.,(4,4),(0.,0.00451883782992914),.UNSPECIFIED.);
#49=B_SPLINE_CURVE_WITH_KNOTS('',3,(#2403,#2404,#2405,#2406,#2407,#2408,
#2409,#2410,#2411,#2412),.UNSPECIFIED.,.F.,.F.,(4,1,1,1,1,1,1,4),(0.,0.000784780515474376,
0.00156956103094875,0.00196195128868594,0.00235434154642313,0.00274673180416031,
0.00294292693302891,0.0031391220618975),.UNSPECIFIED.);
#50=B_SPLINE_CURVE_WITH_KNOTS('',3,(#2428,#2429,#2430,#2431,#2432),
 .UNSPECIFIED.,.F.,.F.,(4,1,4),(0.,0.00128812153342837,0.00257624306685675),
 .UNSPECIFIED.);
#51=B_SPLINE_CURVE_WITH_KNOTS('',3,(#2438,#2439,#2440,#2441),
 .UNSPECIFIED.,.F.,.F.,(4,4),(0.815538650751524,1.),.UNSPECIFIED.);
#52=B_SPLINE_CURVE_WITH_KNOTS('',3,(#2443,#2444,#2445,#2446,#2447),
 .UNSPECIFIED.,.F.,.F.,(4,1,4),(1.85963651189966E-16,0.00129509916832428,
0.00259019833664838),.UNSPECIFIED.);
#53=CYLINDRICAL_SURFACE('',#1479,0.00225);
#54=CYLINDRICAL_SURFACE('',#1483,0.00745753853366415);
#55=CYLINDRICAL_SURFACE('',#1490,0.00399999998093026);
#56=CYLINDRICAL_SURFACE('',#1493,0.0189150770415662);
#57=CYLINDRICAL_SURFACE('',#1496,0.00225);
#58=CYLINDRICAL_SURFACE('',#1499,0.0249150770415465);
#59=CYLINDRICAL_SURFACE('',#1502,0.00999999998095002);
#60=CYLINDRICAL_SURFACE('',#1517,0.0114575385146142);
#61=CYLINDRICAL_SURFACE('',#1518,0.0147511600479263);
#62=CYLINDRICAL_SURFACE('',#1519,0.0147511600068744);
#63=CYLINDRICAL_SURFACE('',#1526,0.0147511599570667);
#64=CYLINDRICAL_SURFACE('',#1527,0.01475116);
#65=CYLINDRICAL_SURFACE('',#1532,0.0289150770224966);
#66=CYLINDRICAL_SURFACE('',#1536,0.006);
#67=CYLINDRICAL_SURFACE('',#1543,0.014751159999795);
#68=CYLINDRICAL_SURFACE('',#1545,0.0147511600022915);
#69=CYLINDRICAL_SURFACE('',#1558,0.0147511599818427);
#70=CYLINDRICAL_SURFACE('',#1559,0.0147511600022915);
#71=CYLINDRICAL_SURFACE('',#1560,0.002);
#72=CYLINDRICAL_SURFACE('',#1566,0.002);
#73=CYLINDRICAL_SURFACE('',#1570,0.002);
#74=CYLINDRICAL_SURFACE('',#1574,0.002);
#75=CYLINDRICAL_SURFACE('',#1578,0.002);
#76=CYLINDRICAL_SURFACE('',#1581,0.002);
#77=CYLINDRICAL_SURFACE('',#1587,0.002);
#78=CYLINDRICAL_SURFACE('',#1601,0.0229150770224965);
#79=CYLINDRICAL_SURFACE('',#1611,0.00375);
#80=CYLINDRICAL_SURFACE('',#1614,0.005);
#81=CYLINDRICAL_SURFACE('',#1615,0.005);
#82=CYLINDRICAL_SURFACE('',#1619,0.005);
#83=CYLINDRICAL_SURFACE('',#1620,0.005);
#84=CYLINDRICAL_SURFACE('',#1621,0.005);
#85=CYLINDRICAL_SURFACE('',#1630,0.00375);
#86=CYLINDRICAL_SURFACE('',#1633,0.002);
#87=CYLINDRICAL_SURFACE('',#1634,0.005);
#88=CYLINDRICAL_SURFACE('',#1635,0.005);
#89=LINE('',#2078,#205);
#90=LINE('',#2081,#206);
#91=LINE('',#2083,#207);
#92=LINE('',#2087,#208);
#93=LINE('',#2089,#209);
#94=LINE('',#2094,#210);
#95=LINE('',#2097,#211);
#96=LINE('',#2099,#212);
#97=LINE('',#2101,#213);
#98=LINE('',#2103,#214);
#99=LINE('',#2105,#215);
#100=LINE('',#2109,#216);
#101=LINE('',#2111,#217);
#102=LINE('',#2113,#218);
#103=LINE('',#2115,#219);
#104=LINE('',#2121,#220);
#105=LINE('',#2124,#221);
#106=LINE('',#2126,#222);
#107=LINE('',#2128,#223);
#108=LINE('',#2130,#224);
#109=LINE('',#2132,#225);
#110=LINE('',#2136,#226);
#111=LINE('',#2138,#227);
#112=LINE('',#2140,#228);
#113=LINE('',#2142,#229);
#114=LINE('',#2145,#230);
#115=LINE('',#2147,#231);
#116=LINE('',#2149,#232);
#117=LINE('',#2151,#233);
#118=LINE('',#2153,#234);
#119=LINE('',#2157,#235);
#120=LINE('',#2159,#236);
#121=LINE('',#2161,#237);
#122=LINE('',#2165,#238);
#123=LINE('',#2169,#239);
#124=LINE('',#2182,#240);
#125=LINE('',#2194,#241);
#126=LINE('',#2197,#242);
#127=LINE('',#2201,#243);
#128=LINE('',#2203,#244);
#129=LINE('',#2205,#245);
#130=LINE('',#2209,#246);
#131=LINE('',#2211,#247);
#132=LINE('',#2214,#248);
#133=LINE('',#2216,#249);
#134=LINE('',#2217,#250);
#135=LINE('',#2221,#251);
#136=LINE('',#2223,#252);
#137=LINE('',#2224,#253);
#138=LINE('',#2226,#254);
#139=LINE('',#2228,#255);
#140=LINE('',#2229,#256);
#141=LINE('',#2233,#257);
#142=LINE('',#2237,#258);
#143=LINE('',#2241,#259);
#144=LINE('',#2244,#260);
#145=LINE('',#2246,#261);
#146=LINE('',#2250,#262);
#147=LINE('',#2258,#263);
#148=LINE('',#2260,#264);
#149=LINE('',#2264,#265);
#150=LINE('',#2266,#266);
#151=LINE('',#2268,#267);
#152=LINE('',#2271,#268);
#153=LINE('',#2274,#269);
#154=LINE('',#2276,#270);
#155=LINE('',#2278,#271);
#156=LINE('',#2280,#272);
#157=LINE('',#2292,#273);
#158=LINE('',#2299,#274);
#159=LINE('',#2303,#275);
#160=LINE('',#2307,#276);
#161=LINE('',#2313,#277);
#162=LINE('',#2316,#278);
#163=LINE('',#2318,#279);
#164=LINE('',#2320,#280);
#165=LINE('',#2324,#281);
#166=LINE('',#2328,#282);
#167=LINE('',#2332,#283);
#168=LINE('',#2334,#284);
#169=LINE('',#2336,#285);
#170=LINE('',#2338,#286);
#171=LINE('',#2342,#287);
#172=LINE('',#2346,#288);
#173=LINE('',#2348,#289);
#174=LINE('',#2354,#290);
#175=LINE('',#2358,#291);
#176=LINE('',#2360,#292);
#177=LINE('',#2362,#293);
#178=LINE('',#2364,#294);
#179=LINE('',#2366,#295);
#180=LINE('',#2368,#296);
#181=LINE('',#2373,#297);
#182=LINE('',#2375,#298);
#183=LINE('',#2380,#299);
#184=LINE('',#2382,#300);
#185=LINE('',#2384,#301);
#186=LINE('',#2396,#302);
#187=LINE('',#2463,#303);
#188=LINE('',#2469,#304);
#189=LINE('',#2473,#305);
#190=LINE('',#2476,#306);
#191=LINE('',#2480,#307);
#192=LINE('',#2484,#308);
#193=LINE('',#2539,#309);
#194=LINE('',#2541,#310);
#195=LINE('',#2543,#311);
#196=LINE('',#2546,#312);
#197=LINE('',#2547,#313);
#198=LINE('',#2549,#314);
#199=LINE('',#2552,#315);
#200=LINE('',#2553,#316);
#201=LINE('',#2613,#317);
#202=LINE('',#2616,#318);
#203=LINE('',#2617,#319);
#204=LINE('',#2626,#320);
#205=VECTOR('',#1642,1.);
#206=VECTOR('',#1643,1.);
#207=VECTOR('',#1644,1.);
#208=VECTOR('',#1647,1.);
#209=VECTOR('',#1648,1.);
#210=VECTOR('',#1655,1.);
#211=VECTOR('',#1656,1.);
#212=VECTOR('',#1657,1.);
#213=VECTOR('',#1658,1.);
#214=VECTOR('',#1659,1.);
#215=VECTOR('',#1660,1.);
#216=VECTOR('',#1663,1.);
#217=VECTOR('',#1664,1.);
#218=VECTOR('',#1665,1.);
#219=VECTOR('',#1668,1.);
#220=VECTOR('',#1675,1.);
#221=VECTOR('',#1676,1.);
#222=VECTOR('',#1677,1.);
#223=VECTOR('',#1678,1.);
#224=VECTOR('',#1679,1.);
#225=VECTOR('',#1680,1.);
#226=VECTOR('',#1683,1.);
#227=VECTOR('',#1684,1.);
#228=VECTOR('',#1685,1.);
#229=VECTOR('',#1688,1.);
#230=VECTOR('',#1689,1.);
#231=VECTOR('',#1690,1.);
#232=VECTOR('',#1691,1.);
#233=VECTOR('',#1692,1.);
#234=VECTOR('',#1693,1.);
#235=VECTOR('',#1696,1.);
#236=VECTOR('',#1697,1.);
#237=VECTOR('',#1698,1.);
#238=VECTOR('',#1703,1.);
#239=VECTOR('',#1708,1.);
#240=VECTOR('',#1723,1.);
#241=VECTOR('',#1734,1.);
#242=VECTOR('',#1735,1.);
#243=VECTOR('',#1738,1.);
#244=VECTOR('',#1739,1.);
#245=VECTOR('',#1740,1.);
#246=VECTOR('',#1743,1.);
#247=VECTOR('',#1746,1.);
#248=VECTOR('',#1747,1.);
#249=VECTOR('',#1748,1.);
#250=VECTOR('',#1749,1.);
#251=VECTOR('',#1752,1.);
#252=VECTOR('',#1753,1.);
#253=VECTOR('',#1754,1.);
#254=VECTOR('',#1755,1.);
#255=VECTOR('',#1758,1.);
#256=VECTOR('',#1759,1.);
#257=VECTOR('',#1762,1.);
#258=VECTOR('',#1765,1.);
#259=VECTOR('',#1770,1.);
#260=VECTOR('',#1773,1.);
#261=VECTOR('',#1774,1.);
#262=VECTOR('',#1777,1.);
#263=VECTOR('',#1782,1.);
#264=VECTOR('',#1785,1.);
#265=VECTOR('',#1790,1.);
#266=VECTOR('',#1791,1.);
#267=VECTOR('',#1794,1.);
#268=VECTOR('',#1797,1.);
#269=VECTOR('',#1800,1.);
#270=VECTOR('',#1803,1.);
#271=VECTOR('',#1804,1.);
#272=VECTOR('',#1807,1.);
#273=VECTOR('',#1810,1.);
#274=VECTOR('',#1817,1.);
#275=VECTOR('',#1820,1.);
#276=VECTOR('',#1825,1.);
#277=VECTOR('',#1828,1.);
#278=VECTOR('',#1831,1.);
#279=VECTOR('',#1832,1.);
#280=VECTOR('',#1833,1.);
#281=VECTOR('',#1838,1.);
#282=VECTOR('',#1843,1.);
#283=VECTOR('',#1848,1.);
#284=VECTOR('',#1849,1.);
#285=VECTOR('',#1850,1.);
#286=VECTOR('',#1851,1.);
#287=VECTOR('',#1854,1.);
#288=VECTOR('',#1859,1.);
#289=VECTOR('',#1862,1.);
#290=VECTOR('',#1869,1.);
#291=VECTOR('',#1872,1.);
#292=VECTOR('',#1873,1.);
#293=VECTOR('',#1874,1.);
#294=VECTOR('',#1875,1.);
#295=VECTOR('',#1878,1.);
#296=VECTOR('',#1879,1.);
#297=VECTOR('',#1886,1.);
#298=VECTOR('',#1889,1.);
#299=VECTOR('',#1896,1.);
#300=VECTOR('',#1897,1.);
#301=VECTOR('',#1900,1.);
#302=VECTOR('',#1903,1.);
#303=VECTOR('',#1962,1.);
#304=VECTOR('',#1969,1.);
#305=VECTOR('',#1974,1.);
#306=VECTOR('',#1977,1.);
#307=VECTOR('',#1982,1.);
#308=VECTOR('',#1985,1.);
#309=VECTOR('',#1994,1.);
#310=VECTOR('',#1997,1.);
#311=VECTOR('',#2000,1.);
#312=VECTOR('',#2001,1.);
#313=VECTOR('',#2002,1.);
#314=VECTOR('',#2005,1.);
#315=VECTOR('',#2006,1.);
#316=VECTOR('',#2007,1.);
#317=VECTOR('',#2044,1.);
#318=VECTOR('',#2045,1.);
#319=VECTOR('',#2046,1.);
#320=VECTOR('',#2059,1.);
#321=ORIENTED_EDGE('',*,*,#743,.F.);
#322=ORIENTED_EDGE('',*,*,#744,.F.);
#323=ORIENTED_EDGE('',*,*,#745,.F.);
#324=ORIENTED_EDGE('',*,*,#746,.T.);
#325=ORIENTED_EDGE('',*,*,#747,.T.);
#326=ORIENTED_EDGE('',*,*,#748,.F.);
#327=ORIENTED_EDGE('',*,*,#749,.T.);
#328=ORIENTED_EDGE('',*,*,#743,.T.);
#329=ORIENTED_EDGE('',*,*,#750,.F.);
#330=ORIENTED_EDGE('',*,*,#751,.T.);
#331=ORIENTED_EDGE('',*,*,#752,.F.);
#332=ORIENTED_EDGE('',*,*,#753,.T.);
#333=ORIENTED_EDGE('',*,*,#754,.T.);
#334=ORIENTED_EDGE('',*,*,#755,.F.);
#335=ORIENTED_EDGE('',*,*,#756,.T.);
#336=ORIENTED_EDGE('',*,*,#757,.T.);
#337=ORIENTED_EDGE('',*,*,#758,.T.);
#338=ORIENTED_EDGE('',*,*,#759,.T.);
#339=ORIENTED_EDGE('',*,*,#760,.F.);
#340=ORIENTED_EDGE('',*,*,#761,.T.);
#341=ORIENTED_EDGE('',*,*,#762,.T.);
#342=ORIENTED_EDGE('',*,*,#759,.F.);
#343=ORIENTED_EDGE('',*,*,#763,.T.);
#344=ORIENTED_EDGE('',*,*,#764,.F.);
#345=ORIENTED_EDGE('',*,*,#765,.T.);
#346=ORIENTED_EDGE('',*,*,#766,.T.);
#347=ORIENTED_EDGE('',*,*,#767,.F.);
#348=ORIENTED_EDGE('',*,*,#768,.T.);
#349=ORIENTED_EDGE('',*,*,#769,.T.);
#350=ORIENTED_EDGE('',*,*,#770,.T.);
#351=ORIENTED_EDGE('',*,*,#771,.T.);
#352=ORIENTED_EDGE('',*,*,#772,.T.);
#353=ORIENTED_EDGE('',*,*,#773,.T.);
#354=ORIENTED_EDGE('',*,*,#774,.T.);
#355=ORIENTED_EDGE('',*,*,#775,.T.);
#356=ORIENTED_EDGE('',*,*,#776,.T.);
#357=ORIENTED_EDGE('',*,*,#777,.T.);
#358=ORIENTED_EDGE('',*,*,#778,.T.);
#359=ORIENTED_EDGE('',*,*,#779,.F.);
#360=ORIENTED_EDGE('',*,*,#780,.T.);
#361=ORIENTED_EDGE('',*,*,#781,.T.);
#362=ORIENTED_EDGE('',*,*,#782,.F.);
#363=ORIENTED_EDGE('',*,*,#783,.T.);
#364=ORIENTED_EDGE('',*,*,#784,.F.);
#365=ORIENTED_EDGE('',*,*,#785,.F.);
#366=ORIENTED_EDGE('',*,*,#786,.T.);
#367=ORIENTED_EDGE('',*,*,#767,.T.);
#368=ORIENTED_EDGE('',*,*,#787,.T.);
#369=ORIENTED_EDGE('',*,*,#788,.T.);
#370=ORIENTED_EDGE('',*,*,#783,.F.);
#371=ORIENTED_EDGE('',*,*,#789,.F.);
#372=ORIENTED_EDGE('',*,*,#790,.T.);
#373=ORIENTED_EDGE('',*,*,#791,.F.);
#374=ORIENTED_EDGE('',*,*,#779,.T.);
#375=ORIENTED_EDGE('',*,*,#792,.T.);
#376=ORIENTED_EDGE('',*,*,#793,.F.);
#377=ORIENTED_EDGE('',*,*,#794,.T.);
#378=ORIENTED_EDGE('',*,*,#795,.F.);
#379=ORIENTED_EDGE('',*,*,#771,.F.);
#380=ORIENTED_EDGE('',*,*,#796,.T.);
#381=ORIENTED_EDGE('',*,*,#797,.T.);
#382=ORIENTED_EDGE('',*,*,#755,.T.);
#383=ORIENTED_EDGE('',*,*,#798,.F.);
#384=ORIENTED_EDGE('',*,*,#799,.T.);
#385=ORIENTED_EDGE('',*,*,#800,.T.);
#386=ORIENTED_EDGE('',*,*,#801,.T.);
#387=ORIENTED_EDGE('',*,*,#802,.F.);
#388=ORIENTED_EDGE('',*,*,#803,.T.);
#389=ORIENTED_EDGE('',*,*,#804,.F.);
#390=ORIENTED_EDGE('',*,*,#805,.F.);
#391=ORIENTED_EDGE('',*,*,#806,.T.);
#392=ORIENTED_EDGE('',*,*,#807,.F.);
#393=ORIENTED_EDGE('',*,*,#808,.T.);
#394=ORIENTED_EDGE('',*,*,#761,.F.);
#395=ORIENTED_EDGE('',*,*,#809,.T.);
#396=ORIENTED_EDGE('',*,*,#810,.T.);
#397=ORIENTED_EDGE('',*,*,#811,.T.);
#398=ORIENTED_EDGE('',*,*,#812,.T.);
#399=ORIENTED_EDGE('',*,*,#793,.T.);
#400=ORIENTED_EDGE('',*,*,#813,.T.);
#401=ORIENTED_EDGE('',*,*,#814,.T.);
#402=ORIENTED_EDGE('',*,*,#805,.T.);
#403=ORIENTED_EDGE('',*,*,#815,.T.);
#404=ORIENTED_EDGE('',*,*,#746,.F.);
#405=ORIENTED_EDGE('',*,*,#816,.F.);
#406=ORIENTED_EDGE('',*,*,#817,.F.);
#407=ORIENTED_EDGE('',*,*,#818,.F.);
#408=ORIENTED_EDGE('',*,*,#819,.T.);
#409=ORIENTED_EDGE('',*,*,#820,.T.);
#410=ORIENTED_EDGE('',*,*,#821,.T.);
#411=ORIENTED_EDGE('',*,*,#822,.F.);
#412=ORIENTED_EDGE('',*,*,#803,.F.);
#413=ORIENTED_EDGE('',*,*,#823,.F.);
#414=ORIENTED_EDGE('',*,*,#824,.F.);
#415=ORIENTED_EDGE('',*,*,#825,.T.);
#416=ORIENTED_EDGE('',*,*,#826,.T.);
#417=ORIENTED_EDGE('',*,*,#827,.T.);
#418=ORIENTED_EDGE('',*,*,#748,.T.);
#419=ORIENTED_EDGE('',*,*,#747,.F.);
#420=ORIENTED_EDGE('',*,*,#815,.F.);
#421=ORIENTED_EDGE('',*,*,#804,.T.);
#422=ORIENTED_EDGE('',*,*,#822,.T.);
#423=ORIENTED_EDGE('',*,*,#802,.T.);
#424=ORIENTED_EDGE('',*,*,#828,.T.);
#425=ORIENTED_EDGE('',*,*,#829,.F.);
#426=ORIENTED_EDGE('',*,*,#823,.T.);
#427=ORIENTED_EDGE('',*,*,#830,.F.);
#428=ORIENTED_EDGE('',*,*,#831,.T.);
#429=ORIENTED_EDGE('',*,*,#798,.T.);
#430=ORIENTED_EDGE('',*,*,#821,.F.);
#431=ORIENTED_EDGE('',*,*,#820,.F.);
#432=ORIENTED_EDGE('',*,*,#832,.T.);
#433=ORIENTED_EDGE('',*,*,#833,.T.);
#434=ORIENTED_EDGE('',*,*,#830,.T.);
#435=ORIENTED_EDGE('',*,*,#745,.T.);
#436=ORIENTED_EDGE('',*,*,#744,.T.);
#437=ORIENTED_EDGE('',*,*,#749,.F.);
#438=ORIENTED_EDGE('',*,*,#827,.F.);
#439=ORIENTED_EDGE('',*,*,#834,.T.);
#440=ORIENTED_EDGE('',*,*,#835,.T.);
#441=ORIENTED_EDGE('',*,*,#752,.T.);
#442=ORIENTED_EDGE('',*,*,#836,.F.);
#443=ORIENTED_EDGE('',*,*,#806,.F.);
#444=ORIENTED_EDGE('',*,*,#837,.T.);
#445=ORIENTED_EDGE('',*,*,#838,.F.);
#446=ORIENTED_EDGE('',*,*,#816,.T.);
#447=ORIENTED_EDGE('',*,*,#829,.T.);
#448=ORIENTED_EDGE('',*,*,#839,.T.);
#449=ORIENTED_EDGE('',*,*,#840,.F.);
#450=ORIENTED_EDGE('',*,*,#824,.T.);
#451=ORIENTED_EDGE('',*,*,#826,.F.);
#452=ORIENTED_EDGE('',*,*,#841,.T.);
#453=ORIENTED_EDGE('',*,*,#842,.T.);
#454=ORIENTED_EDGE('',*,*,#834,.F.);
#455=ORIENTED_EDGE('',*,*,#838,.T.);
#456=ORIENTED_EDGE('',*,*,#843,.T.);
#457=ORIENTED_EDGE('',*,*,#844,.F.);
#458=ORIENTED_EDGE('',*,*,#817,.T.);
#459=ORIENTED_EDGE('',*,*,#845,.T.);
#460=ORIENTED_EDGE('',*,*,#846,.T.);
#461=ORIENTED_EDGE('',*,*,#847,.T.);
#462=ORIENTED_EDGE('',*,*,#848,.F.);
#463=ORIENTED_EDGE('',*,*,#849,.F.);
#464=ORIENTED_EDGE('',*,*,#850,.F.);
#465=ORIENTED_EDGE('',*,*,#851,.F.);
#466=ORIENTED_EDGE('',*,*,#848,.T.);
#467=ORIENTED_EDGE('',*,*,#852,.T.);
#468=ORIENTED_EDGE('',*,*,#818,.T.);
#469=ORIENTED_EDGE('',*,*,#844,.T.);
#470=ORIENTED_EDGE('',*,*,#853,.F.);
#471=ORIENTED_EDGE('',*,*,#841,.F.);
#472=ORIENTED_EDGE('',*,*,#854,.F.);
#473=ORIENTED_EDGE('',*,*,#855,.T.);
#474=ORIENTED_EDGE('',*,*,#856,.T.);
#475=ORIENTED_EDGE('',*,*,#857,.F.);
#476=ORIENTED_EDGE('',*,*,#850,.T.);
#477=ORIENTED_EDGE('',*,*,#790,.F.);
#478=ORIENTED_EDGE('',*,*,#858,.F.);
#479=ORIENTED_EDGE('',*,*,#859,.T.);
#480=ORIENTED_EDGE('',*,*,#854,.T.);
#481=ORIENTED_EDGE('',*,*,#825,.F.);
#482=ORIENTED_EDGE('',*,*,#840,.T.);
#483=ORIENTED_EDGE('',*,*,#860,.T.);
#484=ORIENTED_EDGE('',*,*,#861,.F.);
#485=ORIENTED_EDGE('',*,*,#858,.T.);
#486=ORIENTED_EDGE('',*,*,#862,.F.);
#487=ORIENTED_EDGE('',*,*,#863,.F.);
#488=ORIENTED_EDGE('',*,*,#864,.F.);
#489=ORIENTED_EDGE('',*,*,#865,.T.);
#490=ORIENTED_EDGE('',*,*,#866,.T.);
#491=ORIENTED_EDGE('',*,*,#867,.T.);
#492=ORIENTED_EDGE('',*,*,#868,.T.);
#493=ORIENTED_EDGE('',*,*,#859,.F.);
#494=ORIENTED_EDGE('',*,*,#861,.T.);
#495=ORIENTED_EDGE('',*,*,#869,.T.);
#496=ORIENTED_EDGE('',*,*,#870,.F.);
#497=ORIENTED_EDGE('',*,*,#862,.T.);
#498=ORIENTED_EDGE('',*,*,#871,.F.);
#499=ORIENTED_EDGE('',*,*,#872,.T.);
#500=ORIENTED_EDGE('',*,*,#849,.T.);
#501=ORIENTED_EDGE('',*,*,#873,.F.);
#502=ORIENTED_EDGE('',*,*,#851,.T.);
#503=ORIENTED_EDGE('',*,*,#874,.F.);
#504=ORIENTED_EDGE('',*,*,#875,.F.);
#505=ORIENTED_EDGE('',*,*,#876,.F.);
#506=ORIENTED_EDGE('',*,*,#877,.F.);
#507=ORIENTED_EDGE('',*,*,#878,.T.);
#508=ORIENTED_EDGE('',*,*,#879,.T.);
#509=ORIENTED_EDGE('',*,*,#873,.T.);
#510=ORIENTED_EDGE('',*,*,#880,.F.);
#511=ORIENTED_EDGE('',*,*,#881,.T.);
#512=ORIENTED_EDGE('',*,*,#871,.T.);
#513=ORIENTED_EDGE('',*,*,#879,.F.);
#514=ORIENTED_EDGE('',*,*,#857,.T.);
#515=ORIENTED_EDGE('',*,*,#882,.T.);
#516=ORIENTED_EDGE('',*,*,#776,.F.);
#517=ORIENTED_EDGE('',*,*,#883,.T.);
#518=ORIENTED_EDGE('',*,*,#884,.F.);
#519=ORIENTED_EDGE('',*,*,#874,.T.);
#520=ORIENTED_EDGE('',*,*,#855,.F.);
#521=ORIENTED_EDGE('',*,*,#868,.F.);
#522=ORIENTED_EDGE('',*,*,#885,.T.);
#523=ORIENTED_EDGE('',*,*,#886,.T.);
#524=ORIENTED_EDGE('',*,*,#764,.T.);
#525=ORIENTED_EDGE('',*,*,#887,.T.);
#526=ORIENTED_EDGE('',*,*,#870,.T.);
#527=ORIENTED_EDGE('',*,*,#888,.T.);
#528=ORIENTED_EDGE('',*,*,#889,.F.);
#529=ORIENTED_EDGE('',*,*,#863,.T.);
#530=ORIENTED_EDGE('',*,*,#867,.F.);
#531=ORIENTED_EDGE('',*,*,#890,.T.);
#532=ORIENTED_EDGE('',*,*,#891,.T.);
#533=ORIENTED_EDGE('',*,*,#885,.F.);
#534=ORIENTED_EDGE('',*,*,#884,.T.);
#535=ORIENTED_EDGE('',*,*,#892,.T.);
#536=ORIENTED_EDGE('',*,*,#893,.F.);
#537=ORIENTED_EDGE('',*,*,#875,.T.);
#538=ORIENTED_EDGE('',*,*,#894,.F.);
#539=ORIENTED_EDGE('',*,*,#888,.F.);
#540=ORIENTED_EDGE('',*,*,#895,.F.);
#541=ORIENTED_EDGE('',*,*,#769,.F.);
#542=ORIENTED_EDGE('',*,*,#895,.T.);
#543=ORIENTED_EDGE('',*,*,#869,.F.);
#544=ORIENTED_EDGE('',*,*,#896,.F.);
#545=ORIENTED_EDGE('',*,*,#770,.F.);
#546=ORIENTED_EDGE('',*,*,#896,.T.);
#547=ORIENTED_EDGE('',*,*,#860,.F.);
#548=ORIENTED_EDGE('',*,*,#897,.F.);
#549=ORIENTED_EDGE('',*,*,#796,.F.);
#550=ORIENTED_EDGE('',*,*,#897,.T.);
#551=ORIENTED_EDGE('',*,*,#839,.F.);
#552=ORIENTED_EDGE('',*,*,#898,.F.);
#553=ORIENTED_EDGE('',*,*,#756,.F.);
#554=ORIENTED_EDGE('',*,*,#797,.F.);
#555=ORIENTED_EDGE('',*,*,#898,.T.);
#556=ORIENTED_EDGE('',*,*,#828,.F.);
#557=ORIENTED_EDGE('',*,*,#899,.F.);
#558=ORIENTED_EDGE('',*,*,#757,.F.);
#559=ORIENTED_EDGE('',*,*,#899,.T.);
#560=ORIENTED_EDGE('',*,*,#801,.F.);
#561=ORIENTED_EDGE('',*,*,#900,.F.);
#562=ORIENTED_EDGE('',*,*,#758,.F.);
#563=ORIENTED_EDGE('',*,*,#900,.T.);
#564=ORIENTED_EDGE('',*,*,#800,.F.);
#565=ORIENTED_EDGE('',*,*,#901,.F.);
#566=ORIENTED_EDGE('',*,*,#763,.F.);
#567=ORIENTED_EDGE('',*,*,#901,.T.);
#568=ORIENTED_EDGE('',*,*,#799,.F.);
#569=ORIENTED_EDGE('',*,*,#902,.F.);
#570=ORIENTED_EDGE('',*,*,#809,.F.);
#571=ORIENTED_EDGE('',*,*,#902,.T.);
#572=ORIENTED_EDGE('',*,*,#831,.F.);
#573=ORIENTED_EDGE('',*,*,#903,.F.);
#574=ORIENTED_EDGE('',*,*,#810,.F.);
#575=ORIENTED_EDGE('',*,*,#833,.F.);
#576=ORIENTED_EDGE('',*,*,#904,.T.);
#577=ORIENTED_EDGE('',*,*,#905,.T.);
#578=ORIENTED_EDGE('',*,*,#906,.T.);
#579=ORIENTED_EDGE('',*,*,#811,.F.);
#580=ORIENTED_EDGE('',*,*,#903,.T.);
#581=ORIENTED_EDGE('',*,*,#812,.F.);
#582=ORIENTED_EDGE('',*,*,#907,.T.);
#583=ORIENTED_EDGE('',*,*,#908,.F.);
#584=ORIENTED_EDGE('',*,*,#908,.T.);
#585=ORIENTED_EDGE('',*,*,#909,.T.);
#586=ORIENTED_EDGE('',*,*,#845,.F.);
#587=ORIENTED_EDGE('',*,*,#910,.F.);
#588=ORIENTED_EDGE('',*,*,#794,.F.);
#589=ORIENTED_EDGE('',*,*,#910,.T.);
#590=ORIENTED_EDGE('',*,*,#872,.F.);
#591=ORIENTED_EDGE('',*,*,#911,.F.);
#592=ORIENTED_EDGE('',*,*,#780,.F.);
#593=ORIENTED_EDGE('',*,*,#912,.F.);
#594=ORIENTED_EDGE('',*,*,#781,.F.);
#595=ORIENTED_EDGE('',*,*,#911,.T.);
#596=ORIENTED_EDGE('',*,*,#881,.F.);
#597=ORIENTED_EDGE('',*,*,#912,.T.);
#598=ORIENTED_EDGE('',*,*,#913,.F.);
#599=ORIENTED_EDGE('',*,*,#914,.F.);
#600=ORIENTED_EDGE('',*,*,#782,.T.);
#601=ORIENTED_EDGE('',*,*,#880,.T.);
#602=ORIENTED_EDGE('',*,*,#878,.F.);
#603=ORIENTED_EDGE('',*,*,#915,.F.);
#604=ORIENTED_EDGE('',*,*,#916,.F.);
#605=ORIENTED_EDGE('',*,*,#917,.T.);
#606=ORIENTED_EDGE('',*,*,#913,.T.);
#607=ORIENTED_EDGE('',*,*,#866,.F.);
#608=ORIENTED_EDGE('',*,*,#918,.F.);
#609=ORIENTED_EDGE('',*,*,#919,.T.);
#610=ORIENTED_EDGE('',*,*,#876,.T.);
#611=ORIENTED_EDGE('',*,*,#893,.T.);
#612=ORIENTED_EDGE('',*,*,#920,.F.);
#613=ORIENTED_EDGE('',*,*,#890,.F.);
#614=ORIENTED_EDGE('',*,*,#921,.F.);
#615=ORIENTED_EDGE('',*,*,#889,.T.);
#616=ORIENTED_EDGE('',*,*,#922,.F.);
#617=ORIENTED_EDGE('',*,*,#923,.F.);
#618=ORIENTED_EDGE('',*,*,#924,.F.);
#619=ORIENTED_EDGE('',*,*,#864,.T.);
#620=ORIENTED_EDGE('',*,*,#894,.T.);
#621=ORIENTED_EDGE('',*,*,#768,.F.);
#622=ORIENTED_EDGE('',*,*,#925,.F.);
#623=ORIENTED_EDGE('',*,*,#922,.T.);
#624=ORIENTED_EDGE('',*,*,#786,.F.);
#625=ORIENTED_EDGE('',*,*,#926,.F.);
#626=ORIENTED_EDGE('',*,*,#923,.T.);
#627=ORIENTED_EDGE('',*,*,#925,.T.);
#628=ORIENTED_EDGE('',*,*,#917,.F.);
#629=ORIENTED_EDGE('',*,*,#927,.F.);
#630=ORIENTED_EDGE('',*,*,#789,.T.);
#631=ORIENTED_EDGE('',*,*,#914,.T.);
#632=ORIENTED_EDGE('',*,*,#919,.F.);
#633=ORIENTED_EDGE('',*,*,#928,.F.);
#634=ORIENTED_EDGE('',*,*,#915,.T.);
#635=ORIENTED_EDGE('',*,*,#877,.T.);
#636=ORIENTED_EDGE('',*,*,#787,.F.);
#637=ORIENTED_EDGE('',*,*,#927,.T.);
#638=ORIENTED_EDGE('',*,*,#916,.T.);
#639=ORIENTED_EDGE('',*,*,#928,.T.);
#640=ORIENTED_EDGE('',*,*,#918,.T.);
#641=ORIENTED_EDGE('',*,*,#865,.F.);
#642=ORIENTED_EDGE('',*,*,#924,.T.);
#643=ORIENTED_EDGE('',*,*,#926,.T.);
#644=ORIENTED_EDGE('',*,*,#785,.T.);
#645=ORIENTED_EDGE('',*,*,#929,.T.);
#646=ORIENTED_EDGE('',*,*,#930,.F.);
#647=ORIENTED_EDGE('',*,*,#931,.T.);
#648=ORIENTED_EDGE('',*,*,#853,.T.);
#649=ORIENTED_EDGE('',*,*,#932,.T.);
#650=ORIENTED_EDGE('',*,*,#933,.T.);
#651=ORIENTED_EDGE('',*,*,#934,.T.);
#652=ORIENTED_EDGE('',*,*,#856,.F.);
#653=ORIENTED_EDGE('',*,*,#935,.T.);
#654=ORIENTED_EDGE('',*,*,#936,.F.);
#655=ORIENTED_EDGE('',*,*,#792,.F.);
#656=ORIENTED_EDGE('',*,*,#778,.F.);
#657=ORIENTED_EDGE('',*,*,#937,.T.);
#658=ORIENTED_EDGE('',*,*,#933,.F.);
#659=ORIENTED_EDGE('',*,*,#938,.T.);
#660=ORIENTED_EDGE('',*,*,#772,.F.);
#661=ORIENTED_EDGE('',*,*,#795,.T.);
#662=ORIENTED_EDGE('',*,*,#754,.F.);
#663=ORIENTED_EDGE('',*,*,#939,.T.);
#664=ORIENTED_EDGE('',*,*,#930,.T.);
#665=ORIENTED_EDGE('',*,*,#940,.T.);
#666=ORIENTED_EDGE('',*,*,#813,.F.);
#667=ORIENTED_EDGE('',*,*,#941,.F.);
#668=ORIENTED_EDGE('',*,*,#936,.T.);
#669=ORIENTED_EDGE('',*,*,#791,.T.);
#670=ORIENTED_EDGE('',*,*,#941,.T.);
#671=ORIENTED_EDGE('',*,*,#939,.F.);
#672=ORIENTED_EDGE('',*,*,#753,.F.);
#673=ORIENTED_EDGE('',*,*,#835,.F.);
#674=ORIENTED_EDGE('',*,*,#842,.F.);
#675=ORIENTED_EDGE('',*,*,#931,.F.);
#676=ORIENTED_EDGE('',*,*,#852,.F.);
#677=ORIENTED_EDGE('',*,*,#847,.F.);
#678=ORIENTED_EDGE('',*,*,#942,.F.);
#679=ORIENTED_EDGE('',*,*,#832,.F.);
#680=ORIENTED_EDGE('',*,*,#819,.F.);
#681=ORIENTED_EDGE('',*,*,#942,.T.);
#682=ORIENTED_EDGE('',*,*,#846,.F.);
#683=ORIENTED_EDGE('',*,*,#943,.F.);
#684=ORIENTED_EDGE('',*,*,#904,.F.);
#685=ORIENTED_EDGE('',*,*,#943,.T.);
#686=ORIENTED_EDGE('',*,*,#909,.F.);
#687=ORIENTED_EDGE('',*,*,#944,.F.);
#688=ORIENTED_EDGE('',*,*,#905,.F.);
#689=ORIENTED_EDGE('',*,*,#907,.F.);
#690=ORIENTED_EDGE('',*,*,#906,.F.);
#691=ORIENTED_EDGE('',*,*,#944,.T.);
#692=ORIENTED_EDGE('',*,*,#940,.F.);
#693=ORIENTED_EDGE('',*,*,#932,.F.);
#694=ORIENTED_EDGE('',*,*,#843,.F.);
#695=ORIENTED_EDGE('',*,*,#837,.F.);
#696=ORIENTED_EDGE('',*,*,#814,.F.);
#697=ORIENTED_EDGE('',*,*,#937,.F.);
#698=ORIENTED_EDGE('',*,*,#777,.F.);
#699=ORIENTED_EDGE('',*,*,#882,.F.);
#700=ORIENTED_EDGE('',*,*,#934,.F.);
#701=ORIENTED_EDGE('',*,*,#938,.F.);
#702=ORIENTED_EDGE('',*,*,#935,.F.);
#703=ORIENTED_EDGE('',*,*,#887,.F.);
#704=ORIENTED_EDGE('',*,*,#773,.F.);
#705=ORIENTED_EDGE('',*,*,#945,.F.);
#706=ORIENTED_EDGE('',*,*,#946,.T.);
#707=ORIENTED_EDGE('',*,*,#920,.T.);
#708=ORIENTED_EDGE('',*,*,#947,.T.);
#709=ORIENTED_EDGE('',*,*,#948,.T.);
#710=ORIENTED_EDGE('',*,*,#929,.F.);
#711=ORIENTED_EDGE('',*,*,#784,.T.);
#712=ORIENTED_EDGE('',*,*,#766,.F.);
#713=ORIENTED_EDGE('',*,*,#949,.T.);
#714=ORIENTED_EDGE('',*,*,#945,.T.);
#715=ORIENTED_EDGE('',*,*,#950,.T.);
#716=ORIENTED_EDGE('',*,*,#774,.F.);
#717=ORIENTED_EDGE('',*,*,#788,.F.);
#718=ORIENTED_EDGE('',*,*,#951,.F.);
#719=ORIENTED_EDGE('',*,*,#762,.F.);
#720=ORIENTED_EDGE('',*,*,#808,.F.);
#721=ORIENTED_EDGE('',*,*,#952,.T.);
#722=ORIENTED_EDGE('',*,*,#760,.T.);
#723=ORIENTED_EDGE('',*,*,#807,.T.);
#724=ORIENTED_EDGE('',*,*,#836,.T.);
#725=ORIENTED_EDGE('',*,*,#751,.F.);
#726=ORIENTED_EDGE('',*,*,#952,.F.);
#727=ORIENTED_EDGE('',*,*,#953,.F.);
#728=ORIENTED_EDGE('',*,*,#951,.T.);
#729=ORIENTED_EDGE('',*,*,#750,.T.);
#730=ORIENTED_EDGE('',*,*,#953,.T.);
#731=ORIENTED_EDGE('',*,*,#921,.T.);
#732=ORIENTED_EDGE('',*,*,#948,.F.);
#733=ORIENTED_EDGE('',*,*,#949,.F.);
#734=ORIENTED_EDGE('',*,*,#765,.F.);
#735=ORIENTED_EDGE('',*,*,#886,.F.);
#736=ORIENTED_EDGE('',*,*,#891,.F.);
#737=ORIENTED_EDGE('',*,*,#946,.F.);
#738=ORIENTED_EDGE('',*,*,#950,.F.);
#739=ORIENTED_EDGE('',*,*,#947,.F.);
#740=ORIENTED_EDGE('',*,*,#892,.F.);
#741=ORIENTED_EDGE('',*,*,#883,.F.);
#742=ORIENTED_EDGE('',*,*,#775,.F.);
#743=EDGE_CURVE('',#954,#954,#1087,.T.);
#744=EDGE_CURVE('',#955,#956,#89,.T.);
#745=EDGE_CURVE('',#957,#955,#90,.T.);
#746=EDGE_CURVE('',#957,#958,#91,.T.);
#747=EDGE_CURVE('',#958,#959,#1088,.T.);
#748=EDGE_CURVE('',#960,#959,#92,.T.);
#749=EDGE_CURVE('',#960,#956,#93,.T.);
#750=EDGE_CURVE('',#961,#961,#1089,.T.);
#751=EDGE_CURVE('',#962,#963,#94,.T.);
#752=EDGE_CURVE('',#964,#963,#95,.T.);
#753=EDGE_CURVE('',#964,#965,#96,.F.);
#754=EDGE_CURVE('',#965,#966,#97,.T.);
#755=EDGE_CURVE('',#967,#966,#98,.T.);
#756=EDGE_CURVE('',#967,#968,#99,.T.);
#757=EDGE_CURVE('',#968,#969,#1090,.F.);
#758=EDGE_CURVE('',#969,#970,#100,.T.);
#759=EDGE_CURVE('',#970,#971,#101,.T.);
#760=EDGE_CURVE('',#962,#971,#102,.T.);
#761=EDGE_CURVE('',#972,#973,#103,.T.);
#762=EDGE_CURVE('',#973,#971,#1091,.T.);
#763=EDGE_CURVE('',#970,#972,#1092,.F.);
#764=EDGE_CURVE('',#974,#975,#104,.T.);
#765=EDGE_CURVE('',#974,#976,#105,.F.);
#766=EDGE_CURVE('',#976,#977,#106,.T.);
#767=EDGE_CURVE('',#978,#977,#107,.T.);
#768=EDGE_CURVE('',#978,#979,#108,.T.);
#769=EDGE_CURVE('',#979,#980,#109,.T.);
#770=EDGE_CURVE('',#980,#981,#1093,.F.);
#771=EDGE_CURVE('',#981,#982,#110,.T.);
#772=EDGE_CURVE('',#982,#983,#111,.T.);
#773=EDGE_CURVE('',#983,#975,#112,.T.);
#774=EDGE_CURVE('',#984,#985,#113,.T.);
#775=EDGE_CURVE('',#985,#986,#114,.T.);
#776=EDGE_CURVE('',#986,#987,#115,.T.);
#777=EDGE_CURVE('',#987,#988,#116,.F.);
#778=EDGE_CURVE('',#988,#989,#117,.T.);
#779=EDGE_CURVE('',#990,#989,#118,.T.);
#780=EDGE_CURVE('',#990,#991,#1094,.T.);
#781=EDGE_CURVE('',#991,#992,#119,.F.);
#782=EDGE_CURVE('',#993,#992,#120,.T.);
#783=EDGE_CURVE('',#993,#984,#121,.T.);
#784=EDGE_CURVE('',#994,#977,#1095,.T.);
#785=EDGE_CURVE('',#995,#994,#122,.T.);
#786=EDGE_CURVE('',#995,#978,#1096,.T.);
#787=EDGE_CURVE('',#996,#997,#123,.T.);
#788=EDGE_CURVE('',#997,#984,#1097,.T.);
#789=EDGE_CURVE('',#996,#993,#1098,.T.);
#790=EDGE_CURVE('',#998,#998,#1099,.T.);
#791=EDGE_CURVE('',#999,#999,#1100,.T.);
#792=EDGE_CURVE('',#989,#1000,#1101,.T.);
#793=EDGE_CURVE('',#1001,#1000,#124,.T.);
#794=EDGE_CURVE('',#1001,#990,#1102,.F.);
#795=EDGE_CURVE('',#982,#966,#1103,.T.);
#796=EDGE_CURVE('',#981,#1002,#1104,.T.);
#797=EDGE_CURVE('',#1002,#967,#42,.T.);
#798=EDGE_CURVE('',#1003,#1004,#125,.T.);
#799=EDGE_CURVE('',#1003,#1005,#126,.T.);
#800=EDGE_CURVE('',#1005,#1006,#1105,.T.);
#801=EDGE_CURVE('',#1006,#1007,#127,.F.);
#802=EDGE_CURVE('',#1008,#1007,#128,.T.);
#803=EDGE_CURVE('',#1008,#1009,#129,.T.);
#804=EDGE_CURVE('',#1010,#1009,#1106,.T.);
#805=EDGE_CURVE('',#1004,#1010,#130,.T.);
#806=EDGE_CURVE('',#1011,#1012,#131,.T.);
#807=EDGE_CURVE('',#1013,#1012,#132,.T.);
#808=EDGE_CURVE('',#1013,#973,#133,.T.);
#809=EDGE_CURVE('',#972,#1014,#134,.F.);
#810=EDGE_CURVE('',#1014,#1015,#1107,.T.);
#811=EDGE_CURVE('',#1015,#1016,#135,.F.);
#812=EDGE_CURVE('',#1016,#1001,#136,.F.);
#813=EDGE_CURVE('',#1000,#1017,#137,.T.);
#814=EDGE_CURVE('',#1017,#1011,#138,.T.);
#815=EDGE_CURVE('',#1010,#958,#139,.T.);
#816=EDGE_CURVE('',#1018,#957,#140,.T.);
#817=EDGE_CURVE('',#1019,#1018,#1108,.T.);
#818=EDGE_CURVE('',#1020,#1019,#141,.T.);
#819=EDGE_CURVE('',#1020,#1021,#1109,.T.);
#820=EDGE_CURVE('',#1021,#1022,#142,.T.);
#821=EDGE_CURVE('',#1022,#1004,#1110,.T.);
#822=EDGE_CURVE('',#1009,#959,#143,.T.);
#823=EDGE_CURVE('',#1023,#1008,#1111,.T.);
#824=EDGE_CURVE('',#1024,#1023,#144,.T.);
#825=EDGE_CURVE('',#1024,#1025,#145,.T.);
#826=EDGE_CURVE('',#1025,#1026,#1112,.T.);
#827=EDGE_CURVE('',#1026,#960,#146,.T.);
#828=EDGE_CURVE('',#1007,#1027,#43,.T.);
#829=EDGE_CURVE('',#1023,#1027,#147,.T.);
#830=EDGE_CURVE('',#1028,#1022,#148,.T.);
#831=EDGE_CURVE('',#1028,#1003,#1113,.F.);
#832=EDGE_CURVE('',#1021,#1029,#149,.F.);
#833=EDGE_CURVE('',#1029,#1028,#150,.T.);
#834=EDGE_CURVE('',#1026,#1030,#151,.T.);
#835=EDGE_CURVE('',#1030,#964,#26,.F.);
#836=EDGE_CURVE('',#1012,#963,#152,.T.);
#837=EDGE_CURVE('',#1011,#1031,#27,.T.);
#838=EDGE_CURVE('',#1018,#1031,#153,.T.);
#839=EDGE_CURVE('',#1027,#1032,#154,.F.);
#840=EDGE_CURVE('',#1024,#1032,#155,.T.);
#841=EDGE_CURVE('',#1025,#1033,#156,.T.);
#842=EDGE_CURVE('',#1033,#1030,#44,.T.);
#843=EDGE_CURVE('',#1031,#1034,#45,.T.);
#844=EDGE_CURVE('',#1019,#1034,#157,.T.);
#845=EDGE_CURVE('',#1035,#1036,#1114,.T.);
#846=EDGE_CURVE('',#1036,#1037,#28,.T.);
#847=EDGE_CURVE('',#1037,#1038,#158,.T.);
#848=EDGE_CURVE('',#1039,#1038,#1115,.T.);
#849=EDGE_CURVE('',#1035,#1039,#159,.T.);
#850=EDGE_CURVE('',#1040,#1019,#1116,.T.);
#851=EDGE_CURVE('',#1039,#1040,#160,.T.);
#852=EDGE_CURVE('',#1038,#1020,#46,.T.);
#853=EDGE_CURVE('',#1033,#1034,#161,.T.);
#854=EDGE_CURVE('',#1041,#1025,#1117,.T.);
#855=EDGE_CURVE('',#1041,#1042,#162,.T.);
#856=EDGE_CURVE('',#1042,#1043,#163,.T.);
#857=EDGE_CURVE('',#1040,#1043,#164,.T.);
#858=EDGE_CURVE('',#1044,#1024,#1118,.T.);
#859=EDGE_CURVE('',#1044,#1041,#165,.T.);
#860=EDGE_CURVE('',#1032,#1045,#1119,.F.);
#861=EDGE_CURVE('',#1044,#1045,#166,.T.);
#862=EDGE_CURVE('',#1046,#1044,#1120,.T.);
#863=EDGE_CURVE('',#1047,#1046,#167,.T.);
#864=EDGE_CURVE('',#1048,#1047,#168,.T.);
#865=EDGE_CURVE('',#1048,#1049,#169,.T.);
#866=EDGE_CURVE('',#1049,#1050,#170,.T.);
#867=EDGE_CURVE('',#1050,#1051,#1121,.T.);
#868=EDGE_CURVE('',#1051,#1041,#171,.T.);
#869=EDGE_CURVE('',#1045,#1052,#1122,.T.);
#870=EDGE_CURVE('',#1046,#1052,#172,.T.);
#871=EDGE_CURVE('',#1053,#1054,#173,.T.);
#872=EDGE_CURVE('',#1053,#1035,#1123,.F.);
#873=EDGE_CURVE('',#1054,#1039,#1124,.T.);
#874=EDGE_CURVE('',#1055,#1040,#174,.T.);
#875=EDGE_CURVE('',#1056,#1055,#1125,.T.);
#876=EDGE_CURVE('',#1057,#1056,#175,.T.);
#877=EDGE_CURVE('',#1058,#1057,#176,.T.);
#878=EDGE_CURVE('',#1058,#1059,#177,.T.);
#879=EDGE_CURVE('',#1059,#1054,#178,.T.);
#880=EDGE_CURVE('',#1060,#1059,#179,.T.);
#881=EDGE_CURVE('',#1060,#1053,#180,.T.);
#882=EDGE_CURVE('',#1043,#987,#29,.T.);
#883=EDGE_CURVE('',#986,#1061,#30,.T.);
#884=EDGE_CURVE('',#1055,#1061,#181,.T.);
#885=EDGE_CURVE('',#1051,#1062,#182,.T.);
#886=EDGE_CURVE('',#1062,#974,#31,.F.);
#887=EDGE_CURVE('',#975,#1042,#32,.F.);
#888=EDGE_CURVE('',#1052,#1063,#183,.F.);
#889=EDGE_CURVE('',#1047,#1063,#184,.T.);
#890=EDGE_CURVE('',#1050,#1064,#185,.T.);
#891=EDGE_CURVE('',#1064,#1062,#47,.T.);
#892=EDGE_CURVE('',#1061,#1065,#48,.T.);
#893=EDGE_CURVE('',#1056,#1065,#186,.T.);
#894=EDGE_CURVE('',#1063,#979,#33,.F.);
#895=EDGE_CURVE('',#980,#1052,#1126,.T.);
#896=EDGE_CURVE('',#981,#1045,#1127,.T.);
#897=EDGE_CURVE('',#1002,#1032,#49,.F.);
#898=EDGE_CURVE('',#968,#1027,#1128,.T.);
#899=EDGE_CURVE('',#969,#1007,#1129,.T.);
#900=EDGE_CURVE('',#970,#1006,#1130,.T.);
#901=EDGE_CURVE('',#972,#1005,#1131,.T.);
#902=EDGE_CURVE('',#1014,#1003,#1132,.T.);
#903=EDGE_CURVE('',#1015,#1028,#1133,.T.);
#904=EDGE_CURVE('',#1029,#1066,#34,.T.);
#905=EDGE_CURVE('',#1066,#1067,#50,.T.);
#906=EDGE_CURVE('',#1067,#1016,#35,.T.);
#907=EDGE_CURVE('',#1016,#1068,#36,.F.);
#908=EDGE_CURVE('',#1001,#1068,#51,.F.);
#909=EDGE_CURVE('',#1068,#1036,#52,.T.);
#910=EDGE_CURVE('',#990,#1035,#1134,.T.);
#911=EDGE_CURVE('',#991,#1053,#1135,.T.);
#912=EDGE_CURVE('',#992,#1060,#37,.F.);
#913=EDGE_CURVE('',#1069,#1060,#187,.T.);
#914=EDGE_CURVE('',#993,#1069,#38,.F.);
#915=EDGE_CURVE('',#1070,#1058,#1136,.T.);
#916=EDGE_CURVE('',#1071,#1070,#188,.T.);
#917=EDGE_CURVE('',#1071,#1069,#1137,.T.);
#918=EDGE_CURVE('',#1072,#1049,#189,.T.);
#919=EDGE_CURVE('',#1072,#1057,#1138,.T.);
#920=EDGE_CURVE('',#1064,#1065,#190,.T.);
#921=EDGE_CURVE('',#1073,#1073,#1139,.F.);
#922=EDGE_CURVE('',#1074,#1063,#191,.T.);
#923=EDGE_CURVE('',#1075,#1074,#1140,.T.);
#924=EDGE_CURVE('',#1048,#1075,#192,.T.);
#925=EDGE_CURVE('',#1074,#978,#39,.F.);
#926=EDGE_CURVE('',#1075,#995,#40,.F.);
#927=EDGE_CURVE('',#996,#1071,#41,.F.);
#928=EDGE_CURVE('',#1070,#1072,#193,.T.);
#929=EDGE_CURVE('',#994,#997,#194,.T.);
#930=EDGE_CURVE('',#1076,#1077,#195,.T.);
#931=EDGE_CURVE('',#1076,#1033,#196,.T.);
#932=EDGE_CURVE('',#1034,#1077,#197,.F.);
#933=EDGE_CURVE('',#1078,#1079,#198,.T.);
#934=EDGE_CURVE('',#1079,#1043,#199,.T.);
#935=EDGE_CURVE('',#1042,#1078,#200,.F.);
#936=EDGE_CURVE('',#1080,#1080,#1141,.T.);
#937=EDGE_CURVE('',#988,#1079,#1142,.T.);
#938=EDGE_CURVE('',#1078,#983,#1143,.T.);
#939=EDGE_CURVE('',#965,#1076,#1144,.T.);
#940=EDGE_CURVE('',#1077,#1017,#1145,.T.);
#941=EDGE_CURVE('',#1081,#1081,#1146,.T.);
#942=EDGE_CURVE('',#1029,#1037,#1147,.T.);
#943=EDGE_CURVE('',#1066,#1036,#1148,.T.);
#944=EDGE_CURVE('',#1067,#1068,#1149,.T.);
#945=EDGE_CURVE('',#1082,#1083,#201,.T.);
#946=EDGE_CURVE('',#1082,#1064,#202,.T.);
#947=EDGE_CURVE('',#1065,#1083,#203,.F.);
#948=EDGE_CURVE('',#1084,#1084,#1150,.T.);
#949=EDGE_CURVE('',#976,#1082,#1151,.T.);
#950=EDGE_CURVE('',#1083,#985,#1152,.T.);
#951=EDGE_CURVE('',#1085,#1085,#1153,.T.);
#952=EDGE_CURVE('',#1013,#962,#204,.T.);
#953=EDGE_CURVE('',#1086,#1086,#1154,.T.);
#954=VERTEX_POINT('',#2077);
#955=VERTEX_POINT('',#2079);
#956=VERTEX_POINT('',#2080);
#957=VERTEX_POINT('',#2082);
#958=VERTEX_POINT('',#2084);
#959=VERTEX_POINT('',#2086);
#960=VERTEX_POINT('',#2088);
#961=VERTEX_POINT('',#2092);
#962=VERTEX_POINT('',#2095);
#963=VERTEX_POINT('',#2096);
#964=VERTEX_POINT('',#2098);
#965=VERTEX_POINT('',#2100);
#966=VERTEX_POINT('',#2102);
#967=VERTEX_POINT('',#2104);
#968=VERTEX_POINT('',#2106);
#969=VERTEX_POINT('',#2108);
#970=VERTEX_POINT('',#2110);
#971=VERTEX_POINT('',#2112);
#972=VERTEX_POINT('',#2116);
#973=VERTEX_POINT('',#2117);
#974=VERTEX_POINT('',#2122);
#975=VERTEX_POINT('',#2123);
#976=VERTEX_POINT('',#2125);
#977=VERTEX_POINT('',#2127);
#978=VERTEX_POINT('',#2129);
#979=VERTEX_POINT('',#2131);
#980=VERTEX_POINT('',#2133);
#981=VERTEX_POINT('',#2135);
#982=VERTEX_POINT('',#2137);
#983=VERTEX_POINT('',#2139);
#984=VERTEX_POINT('',#2143);
#985=VERTEX_POINT('',#2144);
#986=VERTEX_POINT('',#2146);
#987=VERTEX_POINT('',#2148);
#988=VERTEX_POINT('',#2150);
#989=VERTEX_POINT('',#2152);
#990=VERTEX_POINT('',#2154);
#991=VERTEX_POINT('',#2156);
#992=VERTEX_POINT('',#2158);
#993=VERTEX_POINT('',#2160);
#994=VERTEX_POINT('',#2164);
#995=VERTEX_POINT('',#2166);
#996=VERTEX_POINT('',#2170);
#997=VERTEX_POINT('',#2171);
#998=VERTEX_POINT('',#2176);
#999=VERTEX_POINT('',#2178);
#1000=VERTEX_POINT('',#2181);
#1001=VERTEX_POINT('',#2183);
#1002=VERTEX_POINT('',#2188);
#1003=VERTEX_POINT('',#2195);
#1004=VERTEX_POINT('',#2196);
#1005=VERTEX_POINT('',#2198);
#1006=VERTEX_POINT('',#2200);
#1007=VERTEX_POINT('',#2202);
#1008=VERTEX_POINT('',#2204);
#1009=VERTEX_POINT('',#2206);
#1010=VERTEX_POINT('',#2208);
#1011=VERTEX_POINT('',#2212);
#1012=VERTEX_POINT('',#2213);
#1013=VERTEX_POINT('',#2215);
#1014=VERTEX_POINT('',#2218);
#1015=VERTEX_POINT('',#2220);
#1016=VERTEX_POINT('',#2222);
#1017=VERTEX_POINT('',#2225);
#1018=VERTEX_POINT('',#2230);
#1019=VERTEX_POINT('',#2232);
#1020=VERTEX_POINT('',#2234);
#1021=VERTEX_POINT('',#2236);
#1022=VERTEX_POINT('',#2238);
#1023=VERTEX_POINT('',#2243);
#1024=VERTEX_POINT('',#2245);
#1025=VERTEX_POINT('',#2247);
#1026=VERTEX_POINT('',#2249);
#1027=VERTEX_POINT('',#2257);
#1028=VERTEX_POINT('',#2261);
#1029=VERTEX_POINT('',#2265);
#1030=VERTEX_POINT('',#2269);
#1031=VERTEX_POINT('',#2273);
#1032=VERTEX_POINT('',#2277);
#1033=VERTEX_POINT('',#2281);
#1034=VERTEX_POINT('',#2291);
#1035=VERTEX_POINT('',#2295);
#1036=VERTEX_POINT('',#2296);
#1037=VERTEX_POINT('',#2298);
#1038=VERTEX_POINT('',#2300);
#1039=VERTEX_POINT('',#2302);
#1040=VERTEX_POINT('',#2306);
#1041=VERTEX_POINT('',#2315);
#1042=VERTEX_POINT('',#2317);
#1043=VERTEX_POINT('',#2319);
#1044=VERTEX_POINT('',#2323);
#1045=VERTEX_POINT('',#2327);
#1046=VERTEX_POINT('',#2331);
#1047=VERTEX_POINT('',#2333);
#1048=VERTEX_POINT('',#2335);
#1049=VERTEX_POINT('',#2337);
#1050=VERTEX_POINT('',#2339);
#1051=VERTEX_POINT('',#2341);
#1052=VERTEX_POINT('',#2345);
#1053=VERTEX_POINT('',#2349);
#1054=VERTEX_POINT('',#2350);
#1055=VERTEX_POINT('',#2355);
#1056=VERTEX_POINT('',#2357);
#1057=VERTEX_POINT('',#2359);
#1058=VERTEX_POINT('',#2361);
#1059=VERTEX_POINT('',#2363);
#1060=VERTEX_POINT('',#2367);
#1061=VERTEX_POINT('',#2372);
#1062=VERTEX_POINT('',#2376);
#1063=VERTEX_POINT('',#2381);
#1064=VERTEX_POINT('',#2385);
#1065=VERTEX_POINT('',#2395);
#1066=VERTEX_POINT('',#2427);
#1067=VERTEX_POINT('',#2433);
#1068=VERTEX_POINT('',#2437);
#1069=VERTEX_POINT('',#2464);
#1070=VERTEX_POINT('',#2468);
#1071=VERTEX_POINT('',#2470);
#1072=VERTEX_POINT('',#2474);
#1073=VERTEX_POINT('',#2478);
#1074=VERTEX_POINT('',#2481);
#1075=VERTEX_POINT('',#2483);
#1076=VERTEX_POINT('',#2544);
#1077=VERTEX_POINT('',#2545);
#1078=VERTEX_POINT('',#2550);
#1079=VERTEX_POINT('',#2551);
#1080=VERTEX_POINT('',#2556);
#1081=VERTEX_POINT('',#2563);
#1082=VERTEX_POINT('',#2614);
#1083=VERTEX_POINT('',#2615);
#1084=VERTEX_POINT('',#2620);
#1085=VERTEX_POINT('',#2625);
#1086=VERTEX_POINT('',#2630);
#1087=CIRCLE('',#1477,0.00225);
#1088=CIRCLE('',#1478,0.0114575385146142);
#1089=CIRCLE('',#1480,0.00225);
#1090=CIRCLE('',#1482,0.0127511600479263);
#1091=CIRCLE('',#1484,0.00745753853466734);
#1092=CIRCLE('',#1485,0.00745753853366415);
#1093=CIRCLE('',#1487,0.012751159999795);
#1094=CIRCLE('',#1489,0.0127511600022915);
#1095=CIRCLE('',#1491,0.00399999997994688);
#1096=CIRCLE('',#1492,0.00399999998191368);
#1097=CIRCLE('',#1494,0.0189150770492815);
#1098=CIRCLE('',#1495,0.018915077033851);
#1099=CIRCLE('',#1497,0.00225);
#1100=CIRCLE('',#1498,0.00225);
#1101=CIRCLE('',#1500,0.0249150770492816);
#1102=CIRCLE('',#1501,0.0249150770415465);
#1103=CIRCLE('',#1503,0.0099999999809501);
#1104=CIRCLE('',#1504,0.00999999998095002);
#1105=CIRCLE('',#1506,0.00945753853366415);
#1106=CIRCLE('',#1507,0.0114575385146142);
#1107=CIRCLE('',#1509,0.0127511600068744);
#1108=CIRCLE('',#1511,0.014751160004583);
#1109=CIRCLE('',#1512,0.005);
#1110=CIRCLE('',#1513,0.014751160004583);
#1111=CIRCLE('',#1515,0.0147511600525092);
#1112=CIRCLE('',#1516,0.014751159952523);
#1113=CIRCLE('',#1520,0.0147511600068744);
#1114=CIRCLE('',#1529,0.0269150770415464);
#1115=CIRCLE('',#1531,0.0289150770157648);
#1116=CIRCLE('',#1533,0.0289150770292283);
#1117=CIRCLE('',#1535,0.006);
#1118=CIRCLE('',#1537,0.006);
#1119=CIRCLE('',#1539,0.00799999998095002);
#1120=CIRCLE('',#1541,0.01475115999959);
#1121=CIRCLE('',#1542,0.0147511599796681);
#1122=CIRCLE('',#1544,0.014751159999795);
#1123=CIRCLE('',#1546,0.0147511600022915);
#1124=CIRCLE('',#1547,0.014751160004583);
#1125=CIRCLE('',#1549,0.014751160004583);
#1126=CIRCLE('',#1562,0.002);
#1127=CIRCLE('',#1564,0.002);
#1128=CIRCLE('',#1567,0.002);
#1129=CIRCLE('',#1569,0.002);
#1130=CIRCLE('',#1571,0.002);
#1131=CIRCLE('',#1573,0.002);
#1132=CIRCLE('',#1575,0.002);
#1133=CIRCLE('',#1577,0.002);
#1134=CIRCLE('',#1584,0.002);
#1135=CIRCLE('',#1586,0.002);
#1136=CIRCLE('',#1591,0.0229150770157647);
#1137=CIRCLE('',#1592,0.0209150770415076);
#1138=CIRCLE('',#1594,0.0229150770292283);
#1139=CIRCLE('',#1595,0.002);
#1140=CIRCLE('',#1597,0.00199999998091114);
#1141=CIRCLE('',#1606,0.00375);
#1142=CIRCLE('',#1607,0.005);
#1143=CIRCLE('',#1608,0.005);
#1144=CIRCLE('',#1609,0.005);
#1145=CIRCLE('',#1610,0.005);
#1146=CIRCLE('',#1612,0.00375);
#1147=CIRCLE('',#1616,0.005);
#1148=CIRCLE('',#1617,0.005);
#1149=CIRCLE('',#1618,0.005);
#1150=CIRCLE('',#1624,0.002);
#1151=CIRCLE('',#1625,0.005);
#1152=CIRCLE('',#1626,0.005);
#1153=CIRCLE('',#1628,0.00375);
#1154=CIRCLE('',#1631,0.00375);
#1155=EDGE_LOOP('',(#321));
#1156=EDGE_LOOP('',(#322,#323,#324,#325,#326,#327));
#1157=EDGE_LOOP('',(#328));
#1158=EDGE_LOOP('',(#329));
#1159=EDGE_LOOP('',(#330,#331,#332,#333,#334,#335,#336,#337,#338,#339));
#1160=EDGE_LOOP('',(#340,#341,#342,#343));
#1161=EDGE_LOOP('',(#344,#345,#346,#347,#348,#349,#350,#351,#352,#353));
#1162=EDGE_LOOP('',(#354,#355,#356,#357,#358,#359,#360,#361,#362,#363));
#1163=EDGE_LOOP('',(#364,#365,#366,#367));
#1164=EDGE_LOOP('',(#368,#369,#370,#371));
#1165=EDGE_LOOP('',(#372));
#1166=EDGE_LOOP('',(#373));
#1167=EDGE_LOOP('',(#374,#375,#376,#377));
#1168=EDGE_LOOP('',(#378,#379,#380,#381,#382));
#1169=EDGE_LOOP('',(#383,#384,#385,#386,#387,#388,#389,#390));
#1170=EDGE_LOOP('',(#391,#392,#393,#394,#395,#396,#397,#398,#399,#400,#401));
#1171=EDGE_LOOP('',(#402,#403,#404,#405,#406,#407,#408,#409,#410));
#1172=EDGE_LOOP('',(#411,#412,#413,#414,#415,#416,#417,#418));
#1173=EDGE_LOOP('',(#419,#420,#421,#422));
#1174=EDGE_LOOP('',(#423,#424,#425,#426));
#1175=EDGE_LOOP('',(#427,#428,#429,#430));
#1176=EDGE_LOOP('',(#431,#432,#433,#434));
#1177=EDGE_LOOP('',(#435,#436,#437,#438,#439,#440,#441,#442,#443,#444,#445,
#446));
#1178=EDGE_LOOP('',(#447,#448,#449,#450));
#1179=EDGE_LOOP('',(#451,#452,#453,#454));
#1180=EDGE_LOOP('',(#455,#456,#457,#458));
#1181=EDGE_LOOP('',(#459,#460,#461,#462,#463));
#1182=EDGE_LOOP('',(#464,#465,#466,#467,#468));
#1183=EDGE_LOOP('',(#469,#470,#471,#472,#473,#474,#475,#476));
#1184=EDGE_LOOP('',(#477));
#1185=EDGE_LOOP('',(#478,#479,#480,#481));
#1186=EDGE_LOOP('',(#482,#483,#484,#485));
#1187=EDGE_LOOP('',(#486,#487,#488,#489,#490,#491,#492,#493));
#1188=EDGE_LOOP('',(#494,#495,#496,#497));
#1189=EDGE_LOOP('',(#498,#499,#500,#501));
#1190=EDGE_LOOP('',(#502,#503,#504,#505,#506,#507,#508,#509));
#1191=EDGE_LOOP('',(#510,#511,#512,#513));
#1192=EDGE_LOOP('',(#514,#515,#516,#517,#518,#519));
#1193=EDGE_LOOP('',(#520,#521,#522,#523,#524,#525));
#1194=EDGE_LOOP('',(#526,#527,#528,#529));
#1195=EDGE_LOOP('',(#530,#531,#532,#533));
#1196=EDGE_LOOP('',(#534,#535,#536,#537));
#1197=EDGE_LOOP('',(#538,#539,#540,#541));
#1198=EDGE_LOOP('',(#542,#543,#544,#545));
#1199=EDGE_LOOP('',(#546,#547,#548,#549));
#1200=EDGE_LOOP('',(#550,#551,#552,#553,#554));
#1201=EDGE_LOOP('',(#555,#556,#557,#558));
#1202=EDGE_LOOP('',(#559,#560,#561,#562));
#1203=EDGE_LOOP('',(#563,#564,#565,#566));
#1204=EDGE_LOOP('',(#567,#568,#569,#570));
#1205=EDGE_LOOP('',(#571,#572,#573,#574));
#1206=EDGE_LOOP('',(#575,#576,#577,#578,#579,#580));
#1207=EDGE_LOOP('',(#581,#582,#583));
#1208=EDGE_LOOP('',(#584,#585,#586,#587,#588));
#1209=EDGE_LOOP('',(#589,#590,#591,#592));
#1210=EDGE_LOOP('',(#593,#594,#595,#596));
#1211=EDGE_LOOP('',(#597,#598,#599,#600));
#1212=EDGE_LOOP('',(#601,#602,#603,#604,#605,#606));
#1213=EDGE_LOOP('',(#607,#608,#609,#610,#611,#612,#613));
#1214=EDGE_LOOP('',(#614));
#1215=EDGE_LOOP('',(#615,#616,#617,#618,#619));
#1216=EDGE_LOOP('',(#620,#621,#622,#623));
#1217=EDGE_LOOP('',(#624,#625,#626,#627));
#1218=EDGE_LOOP('',(#628,#629,#630,#631));
#1219=EDGE_LOOP('',(#632,#633,#634,#635));
#1220=EDGE_LOOP('',(#636,#637,#638,#639,#640,#641,#642,#643,#644,#645));
#1221=EDGE_LOOP('',(#646,#647,#648,#649));
#1222=EDGE_LOOP('',(#650,#651,#652,#653));
#1223=EDGE_LOOP('',(#654));
#1224=EDGE_LOOP('',(#655,#656,#657,#658,#659,#660,#661,#662,#663,#664,#665,
#666));
#1225=EDGE_LOOP('',(#667));
#1226=EDGE_LOOP('',(#668));
#1227=EDGE_LOOP('',(#669));
#1228=EDGE_LOOP('',(#670));
#1229=EDGE_LOOP('',(#671,#672,#673,#674,#675));
#1230=EDGE_LOOP('',(#676,#677,#678,#679,#680));
#1231=EDGE_LOOP('',(#681,#682,#683,#684));
#1232=EDGE_LOOP('',(#685,#686,#687,#688));
#1233=EDGE_LOOP('',(#689,#690,#691));
#1234=EDGE_LOOP('',(#692,#693,#694,#695,#696));
#1235=EDGE_LOOP('',(#697,#698,#699,#700));
#1236=EDGE_LOOP('',(#701,#702,#703,#704));
#1237=EDGE_LOOP('',(#705,#706,#707,#708));
#1238=EDGE_LOOP('',(#709));
#1239=EDGE_LOOP('',(#710,#711,#712,#713,#714,#715,#716,#717));
#1240=EDGE_LOOP('',(#718));
#1241=EDGE_LOOP('',(#719,#720,#721,#722));
#1242=EDGE_LOOP('',(#723,#724,#725,#726));
#1243=EDGE_LOOP('',(#727));
#1244=EDGE_LOOP('',(#728));
#1245=EDGE_LOOP('',(#729));
#1246=EDGE_LOOP('',(#730));
#1247=EDGE_LOOP('',(#731));
#1248=EDGE_LOOP('',(#732));
#1249=EDGE_LOOP('',(#733,#734,#735,#736,#737));
#1250=EDGE_LOOP('',(#738,#739,#740,#741,#742));
#1251=FACE_BOUND('',#1155,.T.);
#1252=FACE_BOUND('',#1156,.T.);
#1253=FACE_BOUND('',#1157,.T.);
#1254=FACE_BOUND('',#1158,.T.);
#1255=FACE_BOUND('',#1159,.T.);
#1256=FACE_BOUND('',#1160,.T.);
#1257=FACE_BOUND('',#1161,.T.);
#1258=FACE_BOUND('',#1162,.T.);
#1259=FACE_BOUND('',#1163,.T.);
#1260=FACE_BOUND('',#1164,.T.);
#1261=FACE_BOUND('',#1165,.T.);
#1262=FACE_BOUND('',#1166,.T.);
#1263=FACE_BOUND('',#1167,.T.);
#1264=FACE_BOUND('',#1168,.T.);
#1265=FACE_BOUND('',#1169,.T.);
#1266=FACE_BOUND('',#1170,.T.);
#1267=FACE_BOUND('',#1171,.T.);
#1268=FACE_BOUND('',#1172,.T.);
#1269=FACE_BOUND('',#1173,.T.);
#1270=FACE_BOUND('',#1174,.T.);
#1271=FACE_BOUND('',#1175,.T.);
#1272=FACE_BOUND('',#1176,.T.);
#1273=FACE_BOUND('',#1177,.T.);
#1274=FACE_BOUND('',#1178,.T.);
#1275=FACE_BOUND('',#1179,.T.);
#1276=FACE_BOUND('',#1180,.T.);
#1277=FACE_BOUND('',#1181,.T.);
#1278=FACE_BOUND('',#1182,.T.);
#1279=FACE_BOUND('',#1183,.T.);
#1280=FACE_BOUND('',#1184,.T.);
#1281=FACE_BOUND('',#1185,.T.);
#1282=FACE_BOUND('',#1186,.T.);
#1283=FACE_BOUND('',#1187,.T.);
#1284=FACE_BOUND('',#1188,.T.);
#1285=FACE_BOUND('',#1189,.T.);
#1286=FACE_BOUND('',#1190,.T.);
#1287=FACE_BOUND('',#1191,.T.);
#1288=FACE_BOUND('',#1192,.T.);
#1289=FACE_BOUND('',#1193,.T.);
#1290=FACE_BOUND('',#1194,.T.);
#1291=FACE_BOUND('',#1195,.T.);
#1292=FACE_BOUND('',#1196,.T.);
#1293=FACE_BOUND('',#1197,.T.);
#1294=FACE_BOUND('',#1198,.T.);
#1295=FACE_BOUND('',#1199,.T.);
#1296=FACE_BOUND('',#1200,.T.);
#1297=FACE_BOUND('',#1201,.T.);
#1298=FACE_BOUND('',#1202,.T.);
#1299=FACE_BOUND('',#1203,.T.);
#1300=FACE_BOUND('',#1204,.T.);
#1301=FACE_BOUND('',#1205,.T.);
#1302=FACE_BOUND('',#1206,.T.);
#1303=FACE_BOUND('',#1207,.T.);
#1304=FACE_BOUND('',#1208,.T.);
#1305=FACE_BOUND('',#1209,.T.);
#1306=FACE_BOUND('',#1210,.T.);
#1307=FACE_BOUND('',#1211,.T.);
#1308=FACE_BOUND('',#1212,.T.);
#1309=FACE_BOUND('',#1213,.T.);
#1310=FACE_BOUND('',#1214,.T.);
#1311=FACE_BOUND('',#1215,.T.);
#1312=FACE_BOUND('',#1216,.T.);
#1313=FACE_BOUND('',#1217,.T.);
#1314=FACE_BOUND('',#1218,.T.);
#1315=FACE_BOUND('',#1219,.T.);
#1316=FACE_BOUND('',#1220,.T.);
#1317=FACE_BOUND('',#1221,.T.);
#1318=FACE_BOUND('',#1222,.T.);
#1319=FACE_BOUND('',#1223,.T.);
#1320=FACE_BOUND('',#1224,.T.);
#1321=FACE_BOUND('',#1225,.T.);
#1322=FACE_BOUND('',#1226,.T.);
#1323=FACE_BOUND('',#1227,.T.);
#1324=FACE_BOUND('',#1228,.T.);
#1325=FACE_BOUND('',#1229,.T.);
#1326=FACE_BOUND('',#1230,.T.);
#1327=FACE_BOUND('',#1231,.T.);
#1328=FACE_BOUND('',#1232,.T.);
#1329=FACE_BOUND('',#1233,.T.);
#1330=FACE_BOUND('',#1234,.T.);
#1331=FACE_BOUND('',#1235,.T.);
#1332=FACE_BOUND('',#1236,.T.);
#1333=FACE_BOUND('',#1237,.T.);
#1334=FACE_BOUND('',#1238,.T.);
#1335=FACE_BOUND('',#1239,.T.);
#1336=FACE_BOUND('',#1240,.T.);
#1337=FACE_BOUND('',#1241,.T.);
#1338=FACE_BOUND('',#1242,.T.);
#1339=FACE_BOUND('',#1243,.T.);
#1340=FACE_BOUND('',#1244,.T.);
#1341=FACE_BOUND('',#1245,.T.);
#1342=FACE_BOUND('',#1246,.T.);
#1343=FACE_BOUND('',#1247,.T.);
#1344=FACE_BOUND('',#1248,.T.);
#1345=FACE_BOUND('',#1249,.T.);
#1346=FACE_BOUND('',#1250,.T.);
#1347=PLANE('',#1476);
#1348=PLANE('',#1481);
#1349=PLANE('',#1486);
#1350=PLANE('',#1488);
#1351=PLANE('',#1505);
#1352=PLANE('',#1508);
#1353=PLANE('',#1510);
#1354=PLANE('',#1514);
#1355=PLANE('',#1521);
#1356=PLANE('',#1522);
#1357=PLANE('',#1525);
#1358=PLANE('',#1528);
#1359=PLANE('',#1534);
#1360=PLANE('',#1538);
#1361=PLANE('',#1540);
#1362=PLANE('',#1548);
#1363=PLANE('',#1550);
#1364=PLANE('',#1551);
#1365=PLANE('',#1554);
#1366=PLANE('',#1557);
#1367=PLANE('',#1590);
#1368=PLANE('',#1593);
#1369=PLANE('',#1596);
#1370=PLANE('',#1602);
#1371=PLANE('',#1603);
#1372=PLANE('',#1604);
#1373=PLANE('',#1605);
#1374=PLANE('',#1613);
#1375=PLANE('',#1622);
#1376=PLANE('',#1623);
#1377=PLANE('',#1627);
#1378=PLANE('',#1629);
#1379=PLANE('',#1632);
#1380=ADVANCED_FACE('',(#1251,#1252),#1347,.F.);
#1381=ADVANCED_FACE('',(#1253,#1254),#53,.F.);
#1382=ADVANCED_FACE('',(#1255),#1348,.F.);
#1383=ADVANCED_FACE('',(#1256),#54,.F.);
#1384=ADVANCED_FACE('',(#1257),#1349,.F.);
#1385=ADVANCED_FACE('',(#1258),#1350,.T.);
#1386=ADVANCED_FACE('',(#1259),#55,.T.);
#1387=ADVANCED_FACE('',(#1260),#56,.F.);
#1388=ADVANCED_FACE('',(#1261,#1262),#57,.F.);
#1389=ADVANCED_FACE('',(#1263),#58,.F.);
#1390=ADVANCED_FACE('',(#1264),#59,.T.);
#1391=ADVANCED_FACE('',(#1265),#1351,.F.);
#1392=ADVANCED_FACE('',(#1266),#1352,.T.);
#1393=ADVANCED_FACE('',(#1267),#1353,.F.);
#1394=ADVANCED_FACE('',(#1268),#1354,.T.);
#1395=ADVANCED_FACE('',(#1269),#60,.T.);
#1396=ADVANCED_FACE('',(#1270),#61,.T.);
#1397=ADVANCED_FACE('',(#1271),#62,.T.);
#1398=ADVANCED_FACE('',(#1272),#1355,.F.);
#1399=ADVANCED_FACE('',(#1273),#1356,.F.);
#1400=ADVANCED_FACE('',(#1274),#1357,.F.);
#1401=ADVANCED_FACE('',(#1275),#63,.T.);
#1402=ADVANCED_FACE('',(#1276),#64,.T.);
#1403=ADVANCED_FACE('',(#1277),#1358,.F.);
#1404=ADVANCED_FACE('',(#1278),#65,.T.);
#1405=ADVANCED_FACE('',(#1279,#1280),#1359,.F.);
#1406=ADVANCED_FACE('',(#1281),#66,.F.);
#1407=ADVANCED_FACE('',(#1282),#1360,.F.);
#1408=ADVANCED_FACE('',(#1283),#1361,.T.);
#1409=ADVANCED_FACE('',(#1284),#67,.T.);
#1410=ADVANCED_FACE('',(#1285),#68,.T.);
#1411=ADVANCED_FACE('',(#1286),#1362,.F.);
#1412=ADVANCED_FACE('',(#1287),#1363,.F.);
#1413=ADVANCED_FACE('',(#1288),#1364,.F.);
#1414=ADVANCED_FACE('',(#1289),#1365,.T.);
#1415=ADVANCED_FACE('',(#1290),#1366,.F.);
#1416=ADVANCED_FACE('',(#1291),#69,.T.);
#1417=ADVANCED_FACE('',(#1292),#70,.T.);
#1418=ADVANCED_FACE('',(#1293),#71,.T.);
#1419=ADVANCED_FACE('',(#1294),#19,.T.);
#1420=ADVANCED_FACE('',(#1295),#20,.T.);
#1421=ADVANCED_FACE('',(#1296),#72,.T.);
#1422=ADVANCED_FACE('',(#1297),#21,.T.);
#1423=ADVANCED_FACE('',(#1298),#73,.T.);
#1424=ADVANCED_FACE('',(#1299),#22,.T.);
#1425=ADVANCED_FACE('',(#1300),#74,.T.);
#1426=ADVANCED_FACE('',(#1301),#23,.T.);
#1427=ADVANCED_FACE('',(#1302),#75,.T.);
#1428=ADVANCED_FACE('',(#1303),#76,.T.);
#1429=ADVANCED_FACE('',(#1304),#24,.T.);
#1430=ADVANCED_FACE('',(#1305),#25,.T.);
#1431=ADVANCED_FACE('',(#1306),#77,.T.);
#1432=ADVANCED_FACE('',(#1307),#17,.T.);
#1433=ADVANCED_FACE('',(#1308),#1367,.F.);
#1434=ADVANCED_FACE('',(#1309,#1310),#1368,.F.);
#1435=ADVANCED_FACE('',(#1311),#1369,.F.);
#1436=ADVANCED_FACE('',(#1312),#18,.T.);
#1437=ADVANCED_FACE('',(#1313),#12,.T.);
#1438=ADVANCED_FACE('',(#1314),#13,.T.);
#1439=ADVANCED_FACE('',(#1315),#78,.T.);
#1440=ADVANCED_FACE('',(#1316),#1370,.F.);
#1441=ADVANCED_FACE('',(#1317),#1371,.F.);
#1442=ADVANCED_FACE('',(#1318),#1372,.T.);
#1443=ADVANCED_FACE('',(#1319,#1320),#1373,.F.);
#1444=ADVANCED_FACE('',(#1321,#1322),#79,.F.);
#1445=ADVANCED_FACE('',(#1323,#1324),#1374,.T.);
#1446=ADVANCED_FACE('',(#1325),#80,.F.);
#1447=ADVANCED_FACE('',(#1326),#81,.F.);
#1448=ADVANCED_FACE('',(#1327),#14,.F.);
#1449=ADVANCED_FACE('',(#1328),#15,.F.);
#1450=ADVANCED_FACE('',(#1329),#16,.F.);
#1451=ADVANCED_FACE('',(#1330),#82,.F.);
#1452=ADVANCED_FACE('',(#1331),#83,.F.);
#1453=ADVANCED_FACE('',(#1332),#84,.F.);
#1454=ADVANCED_FACE('',(#1333),#1375,.F.);
#1455=ADVANCED_FACE('',(#1334,#1335),#1376,.F.);
#1456=ADVANCED_FACE('',(#1336,#1337),#1377,.F.);
#1457=ADVANCED_FACE('',(#1338),#1378,.F.);
#1458=ADVANCED_FACE('',(#1339,#1340),#85,.F.);
#1459=ADVANCED_FACE('',(#1341,#1342),#1379,.T.);
#1460=ADVANCED_FACE('',(#1343,#1344),#86,.F.);
#1461=ADVANCED_FACE('',(#1345),#87,.F.);
#1462=ADVANCED_FACE('',(#1346),#88,.F.);
#1463=CLOSED_SHELL('',(#1380,#1381,#1382,#1383,#1384,#1385,#1386,#1387,
#1388,#1389,#1390,#1391,#1392,#1393,#1394,#1395,#1396,#1397,#1398,#1399,
#1400,#1401,#1402,#1403,#1404,#1405,#1406,#1407,#1408,#1409,#1410,#1411,
#1412,#1413,#1414,#1415,#1416,#1417,#1418,#1419,#1420,#1421,#1422,#1423,
#1424,#1425,#1426,#1427,#1428,#1429,#1430,#1431,#1432,#1433,#1434,#1435,
#1436,#1437,#1438,#1439,#1440,#1441,#1442,#1443,#1444,#1445,#1446,#1447,
#1448,#1449,#1450,#1451,#1452,#1453,#1454,#1455,#1456,#1457,#1458,#1459,
#1460,#1461,#1462));
#1464=STYLED_ITEM('',(#1465),#1472);
#1465=PRESENTATION_STYLE_ASSIGNMENT((#1466));
#1466=SURFACE_STYLE_USAGE(.BOTH.,#1467);
#1467=SURFACE_SIDE_STYLE('',(#1468));
#1468=SURFACE_STYLE_FILL_AREA(#1469);
#1469=FILL_AREA_STYLE('',(#1470));
#1470=FILL_AREA_STYLE_COLOUR('',#1471);
#1471=COLOUR_RGB('',0.917647058823529,0.917647058823529,0.917647058823529);
#1472=MANIFOLD_SOLID_BREP('Part 17',#1463);
#1473=SHAPE_DEFINITION_REPRESENTATION(#2641,#1474);
#1474=SHAPE_REPRESENTATION('Part 17',(#1475),#2636);
#1475=AXIS2_PLACEMENT_3D('',#2074,#1636,#1637);
#1476=AXIS2_PLACEMENT_3D('',#2075,#1638,#1639);
#1477=AXIS2_PLACEMENT_3D('',#2076,#1640,#1641);
#1478=AXIS2_PLACEMENT_3D('',#2085,#1645,#1646);
#1479=AXIS2_PLACEMENT_3D('',#2090,#1649,#1650);
#1480=AXIS2_PLACEMENT_3D('',#2091,#1651,#1652);
#1481=AXIS2_PLACEMENT_3D('',#2093,#1653,#1654);
#1482=AXIS2_PLACEMENT_3D('',#2107,#1661,#1662);
#1483=AXIS2_PLACEMENT_3D('',#2114,#1666,#1667);
#1484=AXIS2_PLACEMENT_3D('',#2118,#1669,#1670);
#1485=AXIS2_PLACEMENT_3D('',#2119,#1671,#1672);
#1486=AXIS2_PLACEMENT_3D('',#2120,#1673,#1674);
#1487=AXIS2_PLACEMENT_3D('',#2134,#1681,#1682);
#1488=AXIS2_PLACEMENT_3D('',#2141,#1686,#1687);
#1489=AXIS2_PLACEMENT_3D('',#2155,#1694,#1695);
#1490=AXIS2_PLACEMENT_3D('',#2162,#1699,#1700);
#1491=AXIS2_PLACEMENT_3D('',#2163,#1701,#1702);
#1492=AXIS2_PLACEMENT_3D('',#2167,#1704,#1705);
#1493=AXIS2_PLACEMENT_3D('',#2168,#1706,#1707);
#1494=AXIS2_PLACEMENT_3D('',#2172,#1709,#1710);
#1495=AXIS2_PLACEMENT_3D('',#2173,#1711,#1712);
#1496=AXIS2_PLACEMENT_3D('',#2174,#1713,#1714);
#1497=AXIS2_PLACEMENT_3D('',#2175,#1715,#1716);
#1498=AXIS2_PLACEMENT_3D('',#2177,#1717,#1718);
#1499=AXIS2_PLACEMENT_3D('',#2179,#1719,#1720);
#1500=AXIS2_PLACEMENT_3D('',#2180,#1721,#1722);
#1501=AXIS2_PLACEMENT_3D('',#2184,#1724,#1725);
#1502=AXIS2_PLACEMENT_3D('',#2185,#1726,#1727);
#1503=AXIS2_PLACEMENT_3D('',#2186,#1728,#1729);
#1504=AXIS2_PLACEMENT_3D('',#2187,#1730,#1731);
#1505=AXIS2_PLACEMENT_3D('',#2193,#1732,#1733);
#1506=AXIS2_PLACEMENT_3D('',#2199,#1736,#1737);
#1507=AXIS2_PLACEMENT_3D('',#2207,#1741,#1742);
#1508=AXIS2_PLACEMENT_3D('',#2210,#1744,#1745);
#1509=AXIS2_PLACEMENT_3D('',#2219,#1750,#1751);
#1510=AXIS2_PLACEMENT_3D('',#2227,#1756,#1757);
#1511=AXIS2_PLACEMENT_3D('',#2231,#1760,#1761);
#1512=AXIS2_PLACEMENT_3D('',#2235,#1763,#1764);
#1513=AXIS2_PLACEMENT_3D('',#2239,#1766,#1767);
#1514=AXIS2_PLACEMENT_3D('',#2240,#1768,#1769);
#1515=AXIS2_PLACEMENT_3D('',#2242,#1771,#1772);
#1516=AXIS2_PLACEMENT_3D('',#2248,#1775,#1776);
#1517=AXIS2_PLACEMENT_3D('',#2251,#1778,#1779);
#1518=AXIS2_PLACEMENT_3D('',#2252,#1780,#1781);
#1519=AXIS2_PLACEMENT_3D('',#2259,#1783,#1784);
#1520=AXIS2_PLACEMENT_3D('',#2262,#1786,#1787);
#1521=AXIS2_PLACEMENT_3D('',#2263,#1788,#1789);
#1522=AXIS2_PLACEMENT_3D('',#2267,#1792,#1793);
#1523=AXIS2_PLACEMENT_3D('',#2270,#1795,#1796);
#1524=AXIS2_PLACEMENT_3D('',#2272,#1798,#1799);
#1525=AXIS2_PLACEMENT_3D('',#2275,#1801,#1802);
#1526=AXIS2_PLACEMENT_3D('',#2279,#1805,#1806);
#1527=AXIS2_PLACEMENT_3D('',#2286,#1808,#1809);
#1528=AXIS2_PLACEMENT_3D('',#2293,#1811,#1812);
#1529=AXIS2_PLACEMENT_3D('',#2294,#1813,#1814);
#1530=AXIS2_PLACEMENT_3D('',#2297,#1815,#1816);
#1531=AXIS2_PLACEMENT_3D('',#2301,#1818,#1819);
#1532=AXIS2_PLACEMENT_3D('',#2304,#1821,#1822);
#1533=AXIS2_PLACEMENT_3D('',#2305,#1823,#1824);
#1534=AXIS2_PLACEMENT_3D('',#2312,#1826,#1827);
#1535=AXIS2_PLACEMENT_3D('',#2314,#1829,#1830);
#1536=AXIS2_PLACEMENT_3D('',#2321,#1834,#1835);
#1537=AXIS2_PLACEMENT_3D('',#2322,#1836,#1837);
#1538=AXIS2_PLACEMENT_3D('',#2325,#1839,#1840);
#1539=AXIS2_PLACEMENT_3D('',#2326,#1841,#1842);
#1540=AXIS2_PLACEMENT_3D('',#2329,#1844,#1845);
#1541=AXIS2_PLACEMENT_3D('',#2330,#1846,#1847);
#1542=AXIS2_PLACEMENT_3D('',#2340,#1852,#1853);
#1543=AXIS2_PLACEMENT_3D('',#2343,#1855,#1856);
#1544=AXIS2_PLACEMENT_3D('',#2344,#1857,#1858);
#1545=AXIS2_PLACEMENT_3D('',#2347,#1860,#1861);
#1546=AXIS2_PLACEMENT_3D('',#2351,#1863,#1864);
#1547=AXIS2_PLACEMENT_3D('',#2352,#1865,#1866);
#1548=AXIS2_PLACEMENT_3D('',#2353,#1867,#1868);
#1549=AXIS2_PLACEMENT_3D('',#2356,#1870,#1871);
#1550=AXIS2_PLACEMENT_3D('',#2365,#1876,#1877);
#1551=AXIS2_PLACEMENT_3D('',#2369,#1880,#1881);
#1552=AXIS2_PLACEMENT_3D('',#2370,#1882,#1883);
#1553=AXIS2_PLACEMENT_3D('',#2371,#1884,#1885);
#1554=AXIS2_PLACEMENT_3D('',#2374,#1887,#1888);
#1555=AXIS2_PLACEMENT_3D('',#2377,#1890,#1891);
#1556=AXIS2_PLACEMENT_3D('',#2378,#1892,#1893);
#1557=AXIS2_PLACEMENT_3D('',#2379,#1894,#1895);
#1558=AXIS2_PLACEMENT_3D('',#2383,#1898,#1899);
#1559=AXIS2_PLACEMENT_3D('',#2390,#1901,#1902);
#1560=AXIS2_PLACEMENT_3D('',#2397,#1904,#1905);
#1561=AXIS2_PLACEMENT_3D('',#2398,#1906,#1907);
#1562=AXIS2_PLACEMENT_3D('',#2399,#1908,#1909);
#1563=AXIS2_PLACEMENT_3D('',#2400,#1910,#1911);
#1564=AXIS2_PLACEMENT_3D('',#2401,#1912,#1913);
#1565=AXIS2_PLACEMENT_3D('',#2402,#1914,#1915);
#1566=AXIS2_PLACEMENT_3D('',#2413,#1916,#1917);
#1567=AXIS2_PLACEMENT_3D('',#2414,#1918,#1919);
#1568=AXIS2_PLACEMENT_3D('',#2415,#1920,#1921);
#1569=AXIS2_PLACEMENT_3D('',#2416,#1922,#1923);
#1570=AXIS2_PLACEMENT_3D('',#2417,#1924,#1925);
#1571=AXIS2_PLACEMENT_3D('',#2418,#1926,#1927);
#1572=AXIS2_PLACEMENT_3D('',#2419,#1928,#1929);
#1573=AXIS2_PLACEMENT_3D('',#2420,#1930,#1931);
#1574=AXIS2_PLACEMENT_3D('',#2421,#1932,#1933);
#1575=AXIS2_PLACEMENT_3D('',#2422,#1934,#1935);
#1576=AXIS2_PLACEMENT_3D('',#2423,#1936,#1937);
#1577=AXIS2_PLACEMENT_3D('',#2424,#1938,#1939);
#1578=AXIS2_PLACEMENT_3D('',#2425,#1940,#1941);
#1579=AXIS2_PLACEMENT_3D('',#2426,#1942,#1943);
#1580=AXIS2_PLACEMENT_3D('',#2434,#1944,#1945);
#1581=AXIS2_PLACEMENT_3D('',#2435,#1946,#1947);
#1582=AXIS2_PLACEMENT_3D('',#2436,#1948,#1949);
#1583=AXIS2_PLACEMENT_3D('',#2442,#1950,#1951);
#1584=AXIS2_PLACEMENT_3D('',#2448,#1952,#1953);
#1585=AXIS2_PLACEMENT_3D('',#2449,#1954,#1955);
#1586=AXIS2_PLACEMENT_3D('',#2450,#1956,#1957);
#1587=AXIS2_PLACEMENT_3D('',#2451,#1958,#1959);
#1588=AXIS2_PLACEMENT_3D('',#2452,#1960,#1961);
#1589=AXIS2_PLACEMENT_3D('',#2465,#1963,#1964);
#1590=AXIS2_PLACEMENT_3D('',#2466,#1965,#1966);
#1591=AXIS2_PLACEMENT_3D('',#2467,#1967,#1968);
#1592=AXIS2_PLACEMENT_3D('',#2471,#1970,#1971);
#1593=AXIS2_PLACEMENT_3D('',#2472,#1972,#1973);
#1594=AXIS2_PLACEMENT_3D('',#2475,#1975,#1976);
#1595=AXIS2_PLACEMENT_3D('',#2477,#1978,#1979);
#1596=AXIS2_PLACEMENT_3D('',#2479,#1980,#1981);
#1597=AXIS2_PLACEMENT_3D('',#2482,#1983,#1984);
#1598=AXIS2_PLACEMENT_3D('',#2495,#1986,#1987);
#1599=AXIS2_PLACEMENT_3D('',#2516,#1988,#1989);
#1600=AXIS2_PLACEMENT_3D('',#2537,#1990,#1991);
#1601=AXIS2_PLACEMENT_3D('',#2538,#1992,#1993);
#1602=AXIS2_PLACEMENT_3D('',#2540,#1995,#1996);
#1603=AXIS2_PLACEMENT_3D('',#2542,#1998,#1999);
#1604=AXIS2_PLACEMENT_3D('',#2548,#2003,#2004);
#1605=AXIS2_PLACEMENT_3D('',#2554,#2008,#2009);
#1606=AXIS2_PLACEMENT_3D('',#2555,#2010,#2011);
#1607=AXIS2_PLACEMENT_3D('',#2557,#2012,#2013);
#1608=AXIS2_PLACEMENT_3D('',#2558,#2014,#2015);
#1609=AXIS2_PLACEMENT_3D('',#2559,#2016,#2017);
#1610=AXIS2_PLACEMENT_3D('',#2560,#2018,#2019);
#1611=AXIS2_PLACEMENT_3D('',#2561,#2020,#2021);
#1612=AXIS2_PLACEMENT_3D('',#2562,#2022,#2023);
#1613=AXIS2_PLACEMENT_3D('',#2564,#2024,#2025);
#1614=AXIS2_PLACEMENT_3D('',#2565,#2026,#2027);
#1615=AXIS2_PLACEMENT_3D('',#2566,#2028,#2029);
#1616=AXIS2_PLACEMENT_3D('',#2567,#2030,#2031);
#1617=AXIS2_PLACEMENT_3D('',#2580,#2032,#2033);
#1618=AXIS2_PLACEMENT_3D('',#2596,#2034,#2035);
#1619=AXIS2_PLACEMENT_3D('',#2609,#2036,#2037);
#1620=AXIS2_PLACEMENT_3D('',#2610,#2038,#2039);
#1621=AXIS2_PLACEMENT_3D('',#2611,#2040,#2041);
#1622=AXIS2_PLACEMENT_3D('',#2612,#2042,#2043);
#1623=AXIS2_PLACEMENT_3D('',#2618,#2047,#2048);
#1624=AXIS2_PLACEMENT_3D('',#2619,#2049,#2050);
#1625=AXIS2_PLACEMENT_3D('',#2621,#2051,#2052);
#1626=AXIS2_PLACEMENT_3D('',#2622,#2053,#2054);
#1627=AXIS2_PLACEMENT_3D('',#2623,#2055,#2056);
#1628=AXIS2_PLACEMENT_3D('',#2624,#2057,#2058);
#1629=AXIS2_PLACEMENT_3D('',#2627,#2060,#2061);
#1630=AXIS2_PLACEMENT_3D('',#2628,#2062,#2063);
#1631=AXIS2_PLACEMENT_3D('',#2629,#2064,#2065);
#1632=AXIS2_PLACEMENT_3D('',#2631,#2066,#2067);
#1633=AXIS2_PLACEMENT_3D('',#2632,#2068,#2069);
#1634=AXIS2_PLACEMENT_3D('',#2633,#2070,#2071);
#1635=AXIS2_PLACEMENT_3D('',#2634,#2072,#2073);
#1636=DIRECTION('',(0.,0.,1.));
#1637=DIRECTION('',(1.,0.,0.));
#1638=DIRECTION('',(0.,0.,1.));
#1639=DIRECTION('',(1.,0.,0.));
#1640=DIRECTION('',(0.,0.,-1.));
#1641=DIRECTION('',(-1.,0.,0.));
#1642=DIRECTION('',(-1.,0.,2.29148546676185E-9));
#1643=DIRECTION('',(-1.,0.,0.));
#1644=DIRECTION('',(0.,-1.,0.));
#1645=DIRECTION('',(0.,0.,-1.));
#1646=DIRECTION('',(-1.,0.,0.));
#1647=DIRECTION('',(0.,-1.,0.));
#1648=DIRECTION('',(1.,0.,0.));
#1649=DIRECTION('',(0.,0.,-1.));
#1650=DIRECTION('',(-1.,0.,0.));
#1651=DIRECTION('',(0.,0.,-1.));
#1652=DIRECTION('',(-1.,0.,0.));
#1653=DIRECTION('',(-1.,0.,2.29148546676185E-9));
#1654=DIRECTION('',(2.29148546676185E-9,0.,1.));
#1655=DIRECTION('',(0.,0.,-1.));
#1656=DIRECTION('',(-2.99096968649772E-10,-0.99144486137381,0.130526192220052));
#1657=DIRECTION('',(-2.29148546676185E-9,2.0198648316534E-18,-1.));
#1658=DIRECTION('',(0.,1.,0.));
#1659=DIRECTION('',(-2.29148546676185E-9,0.,-1.));
#1660=DIRECTION('',(2.99098872504013E-10,-0.99144486137381,0.130526192220052));
#1661=DIRECTION('',(-1.,0.,2.29148546676185E-9));
#1662=DIRECTION('',(2.29148546676185E-9,0.,1.));
#1663=DIRECTION('',(0.,-1.,0.));
#1664=DIRECTION('',(-2.29148546676185E-9,0.,-1.));
#1665=DIRECTION('',(0.,-1.,0.));
#1666=DIRECTION('',(0.,0.,-1.));
#1667=DIRECTION('',(-1.,0.,0.));
#1668=DIRECTION('',(2.29147005087854E-9,0.,-1.));
#1669=DIRECTION('',(0.,0.,-1.));
#1670=DIRECTION('',(-1.,0.,0.));
#1671=DIRECTION('',(0.,0.,-1.));
#1672=DIRECTION('',(-1.,0.,0.));
#1673=DIRECTION('',(-0.331726803672979,-0.943375496673996,8.67361742336745E-16));
#1674=DIRECTION('',(0.943375496673996,-0.331726803672979,0.));
#1675=DIRECTION('',(0.935304788523401,-0.328888834881531,0.130526192220052));
#1676=DIRECTION('',(-2.87710018773867E-16,-8.18253834391197E-16,-1.));
#1677=DIRECTION('',(-0.943375496723607,0.331726803531894,-6.46234853557053E-27));
#1678=DIRECTION('',(-7.63398844139118E-10,-2.1709785219537E-9,-1.));
#1679=DIRECTION('',(0.943375496723607,-0.331726803531894,0.));
#1680=DIRECTION('',(0.9353047885234,-0.328888834881533,0.130526192220052));
#1681=DIRECTION('',(-0.331726803672979,-0.943375496673996,8.67361742336745E-16));
#1682=DIRECTION('',(0.943375496673996,-0.331726803672979,0.));
#1683=DIRECTION('',(-7.60147149551987E-10,-2.16173124032771E-9,-1.));
#1684=DIRECTION('',(-0.943375496673996,0.331726803672979,0.));
#1685=DIRECTION('',(-2.87727138103222E-16,-8.18247814582089E-16,-1.));
#1686=DIRECTION('',(-0.331726803672979,-0.943375496673996,8.67361742336745E-16));
#1687=DIRECTION('',(0.943375496673996,-0.331726803672979,0.));
#1688=DIRECTION('',(0.943375496723607,-0.331726803531894,0.));
#1689=DIRECTION('',(-2.87710018773867E-16,-8.18253834391197E-16,-1.));
#1690=DIRECTION('',(0.935304788523401,-0.328888834881531,0.130526192220052));
#1691=DIRECTION('',(-2.87727138103222E-16,-8.18247814582089E-16,-1.));
#1692=DIRECTION('',(0.943375496673996,-0.331726803672979,0.));
#1693=DIRECTION('',(7.60142035690289E-10,2.16171669736113E-9,-1.));
#1694=DIRECTION('',(-0.331726803672979,-0.943375496673996,8.67361742336745E-16));
#1695=DIRECTION('',(0.943375496673996,-0.331726803672979,0.));
#1696=DIRECTION('',(0.9353047885234,-0.328888834881533,0.130526192220052));
#1697=DIRECTION('',(0.943375496723607,-0.331726803531894,0.));
#1698=DIRECTION('',(7.56890328190707E-10,2.15246941798198E-9,-1.));
#1699=DIRECTION('',(1.00169333435786E-9,-3.62625362228433E-10,-1.));
#1700=DIRECTION('',(-1.,0.,-1.00169333435786E-9));
#1701=DIRECTION('',(1.61465255164906E-11,4.59180155697464E-11,-1.));
#1702=DIRECTION('',(0.,1.,4.59180155697464E-11));
#1703=DIRECTION('',(-6.35721626195289E-11,-2.65410980900722E-9,-1.));
#1704=DIRECTION('',(1.00169333435786E-9,-3.62625362228433E-10,-1.));
#1705=DIRECTION('',(-1.,0.,-1.00169333435786E-9));
#1706=DIRECTION('',(1.00169333435786E-9,-3.62625362228433E-10,-1.));
#1707=DIRECTION('',(-1.,0.,-1.00169333435786E-9));
#1708=DIRECTION('',(-6.35721755461482E-11,1.92884570646937E-9,-1.));
#1709=DIRECTION('',(1.00169333435786E-9,-3.62625362228433E-10,-1.));
#1710=DIRECTION('',(-1.,0.,-1.00169333435786E-9));
#1711=DIRECTION('',(1.00169333435786E-9,-3.62625362228433E-10,-1.));
#1712=DIRECTION('',(-1.,0.,-1.00169333435786E-9));
#1713=DIRECTION('',(0.,0.,-1.));
#1714=DIRECTION('',(-1.,0.,0.));
#1715=DIRECTION('',(0.,0.,-1.));
#1716=DIRECTION('',(-1.,0.,0.));
#1717=DIRECTION('',(0.,0.,-1.));
#1718=DIRECTION('',(-1.,0.,0.));
#1719=DIRECTION('',(0.,0.,-1.));
#1720=DIRECTION('',(-1.,0.,0.));
#1721=DIRECTION('',(0.,0.,-1.));
#1722=DIRECTION('',(-1.,0.,0.));
#1723=DIRECTION('',(2.29147005087854E-9,0.,-1.));
#1724=DIRECTION('',(0.,0.,-1.));
#1725=DIRECTION('',(-1.,0.,0.));
#1726=DIRECTION('',(0.,0.,-1.));
#1727=DIRECTION('',(-1.,0.,0.));
#1728=DIRECTION('',(0.,0.,-1.));
#1729=DIRECTION('',(-1.,0.,0.));
#1730=DIRECTION('',(0.,0.,-1.));
#1731=DIRECTION('',(-1.,0.,0.));
#1732=DIRECTION('',(0.,0.,-1.));
#1733=DIRECTION('',(-1.,0.,0.));
#1734=DIRECTION('',(1.,0.,0.));
#1735=DIRECTION('',(0.,-1.,0.));
#1736=DIRECTION('',(0.,0.,-1.));
#1737=DIRECTION('',(-1.,0.,0.));
#1738=DIRECTION('',(0.,-1.,0.));
#1739=DIRECTION('',(1.,0.,0.));
#1740=DIRECTION('',(0.,-1.,0.));
#1741=DIRECTION('',(0.,0.,-1.));
#1742=DIRECTION('',(-1.,0.,0.));
#1743=DIRECTION('',(0.,-1.,0.));
#1744=DIRECTION('',(-1.,0.,-2.29147005087854E-9));
#1745=DIRECTION('',(-2.29147005087854E-9,0.,1.));
#1746=DIRECTION('',(-2.99096968649772E-10,-0.99144486137381,0.130526192220052));
#1747=DIRECTION('',(0.,0.,-1.));
#1748=DIRECTION('',(0.,-1.,0.));
#1749=DIRECTION('',(0.,-1.,0.));
#1750=DIRECTION('',(-1.,0.,-2.29147005087854E-9));
#1751=DIRECTION('',(-2.29147005087854E-9,0.,1.));
#1752=DIRECTION('',(-2.99096860327463E-10,-0.99144486137381,0.130526192220052));
#1753=DIRECTION('',(0.,-1.,0.));
#1754=DIRECTION('',(0.,-1.,0.));
#1755=DIRECTION('',(2.29147005087854E-9,-2.01985124308781E-18,-1.));
#1756=DIRECTION('',(-1.,0.,-2.29147088076799E-9));
#1757=DIRECTION('',(-2.29147088076799E-9,0.,1.));
#1758=DIRECTION('',(2.29147088076799E-9,0.,-1.));
#1759=DIRECTION('',(-2.99096968649772E-10,-0.99144486137381,0.130526192220052));
#1760=DIRECTION('',(-1.,0.,-2.29147088076799E-9));
#1761=DIRECTION('',(-2.29147088076799E-9,0.,1.));
#1762=DIRECTION('',(2.29147088076798E-9,0.,-1.));
#1763=DIRECTION('',(-1.,0.,-2.29147088076799E-9));
#1764=DIRECTION('',(-2.29147088076799E-9,0.,1.));
#1765=DIRECTION('',(-2.99096968649772E-10,-0.99144486137381,0.130526192220052));
#1766=DIRECTION('',(1.,0.,2.29147088076799E-9));
#1767=DIRECTION('',(2.29147088076799E-9,0.,-1.));
#1768=DIRECTION('',(-1.,0.,2.29148578833286E-9));
#1769=DIRECTION('',(2.29148578833286E-9,0.,1.));
#1770=DIRECTION('',(-2.29148578833286E-9,0.,-1.));
#1771=DIRECTION('',(1.,0.,2.29147088076799E-9));
#1772=DIRECTION('',(2.29147088076799E-9,0.,-1.));
#1773=DIRECTION('',(-2.99096968649772E-10,-0.99144486137381,0.130526192220052));
#1774=DIRECTION('',(-2.29148578833286E-9,0.,-1.));
#1775=DIRECTION('',(-1.,0.,-2.29147088076799E-9));
#1776=DIRECTION('',(-2.29147088076799E-9,0.,1.));
#1777=DIRECTION('',(-2.99096968649772E-10,-0.99144486137381,0.130526192220052));
#1778=DIRECTION('',(0.,0.,-1.));
#1779=DIRECTION('',(-1.,0.,0.));
#1780=DIRECTION('',(1.,0.,2.29147088076799E-9));
#1781=DIRECTION('',(2.29147088076799E-9,0.,-1.));
#1782=DIRECTION('',(1.,-2.99096968649772E-10,1.96038510428469E-11));
#1783=DIRECTION('',(1.,0.,2.29147088076799E-9));
#1784=DIRECTION('',(2.29147088076799E-9,0.,-1.));
#1785=DIRECTION('',(1.,-2.99096968649772E-10,1.96038510428469E-11));
#1786=DIRECTION('',(-1.,0.,-2.29147005087854E-9));
#1787=DIRECTION('',(-2.29147005087854E-9,0.,1.));
#1788=DIRECTION('',(-1.96038510428468E-11,-0.130526192220052,-0.99144486137381));
#1789=DIRECTION('',(0.,0.99144486137381,-0.130526192220052));
#1790=DIRECTION('',(1.,-1.50190936465817E-10,0.));
#1791=DIRECTION('',(-2.99096860327463E-10,-0.99144486137381,0.130526192220052));
#1792=DIRECTION('',(0.,0.130526192220052,0.99144486137381));
#1793=DIRECTION('',(0.,-0.99144486137381,0.130526192220052));
#1794=DIRECTION('',(1.,0.,0.));
#1795=DIRECTION('',(0.,-0.130526192220052,-0.99144486137381));
#1796=DIRECTION('',(1.75557520508886E-8,-0.99144486137381,0.130526192220052));
#1797=DIRECTION('',(-1.,0.,2.29148546676185E-9));
#1798=DIRECTION('',(0.,0.130526192220052,0.99144486137381));
#1799=DIRECTION('',(1.75556339452191E-8,0.99144486137381,-0.130526192220052));
#1800=DIRECTION('',(-1.,0.,0.));
#1801=DIRECTION('',(-1.96038510428468E-11,-0.130526192220052,-0.99144486137381));
#1802=DIRECTION('',(0.,0.99144486137381,-0.130526192220052));
#1803=DIRECTION('',(2.99098872504013E-10,-0.99144486137381,0.130526192220052));
#1804=DIRECTION('',(1.,-2.99096968649772E-10,1.96038510428469E-11));
#1805=DIRECTION('',(-1.,0.,-2.29147088076799E-9));
#1806=DIRECTION('',(-2.29147088076799E-9,0.,1.));
#1807=DIRECTION('',(1.,2.99096968649772E-10,1.96038510428469E-11));
#1808=DIRECTION('',(-1.,0.,-2.29147088076799E-9));
#1809=DIRECTION('',(-2.29147088076799E-9,0.,1.));
#1810=DIRECTION('',(-1.,-2.99096968649772E-10,-1.96038510428469E-11));
#1811=DIRECTION('',(0.,0.,-1.));
#1812=DIRECTION('',(-1.,0.,0.));
#1813=DIRECTION('',(0.,0.,-1.));
#1814=DIRECTION('',(-1.,0.,0.));
#1815=DIRECTION('',(0.,0.,-1.));
#1816=DIRECTION('',(3.01677755344877E-10,1.,0.));
#1817=DIRECTION('',(1.,-1.50190936465817E-10,0.));
#1818=DIRECTION('',(0.,0.,-1.));
#1819=DIRECTION('',(-1.,0.,0.));
#1820=DIRECTION('',(0.331726803955136,0.943375496574779,1.96038510428469E-11));
#1821=DIRECTION('',(0.,0.,-1.));
#1822=DIRECTION('',(-1.,0.,0.));
#1823=DIRECTION('',(0.,0.,-1.));
#1824=DIRECTION('',(-1.,0.,0.));
#1825=DIRECTION('',(7.60142310986861E-10,2.1617174802585E-9,-1.));
#1826=DIRECTION('',(0.,0.,1.));
#1827=DIRECTION('',(1.,0.,0.));
#1828=DIRECTION('',(1.,-8.81465259523428E-10,0.));
#1829=DIRECTION('',(0.,0.,-1.));
#1830=DIRECTION('',(-1.,0.,0.));
#1831=DIRECTION('',(0.331726803390815,0.943375496773216,1.96038510428469E-11));
#1832=DIRECTION('',(0.331726803315143,0.943375496799825,0.));
#1833=DIRECTION('',(-0.331726803390815,-0.943375496773216,-1.96038510428469E-11));
#1834=DIRECTION('',(0.,0.,-1.));
#1835=DIRECTION('',(-1.,0.,0.));
#1836=DIRECTION('',(0.,0.,-1.));
#1837=DIRECTION('',(-1.,0.,0.));
#1838=DIRECTION('',(-7.60147256225706E-10,-2.16173154368991E-9,-1.));
#1839=DIRECTION('',(0.,0.,-1.));
#1840=DIRECTION('',(-1.,0.,0.));
#1841=DIRECTION('',(0.,0.,-1.));
#1842=DIRECTION('',(-1.,0.,0.));
#1843=DIRECTION('',(0.331726803955136,0.943375496574779,1.96038510428469E-11));
#1844=DIRECTION('',(-0.331726803672979,-0.943375496673996,8.67361742336745E-16));
#1845=DIRECTION('',(0.943375496673996,-0.331726803672979,0.));
#1846=DIRECTION('',(0.331726803672979,0.943375496673996,-8.67361742336745E-16));
#1847=DIRECTION('',(-0.943375496673996,0.331726803672979,0.));
#1848=DIRECTION('',(0.935304788523401,-0.328888834881531,0.130526192220052));
#1849=DIRECTION('',(0.943375496723607,-0.331726803531894,0.));
#1850=DIRECTION('',(-7.63398941283633E-10,-2.17097882726503E-9,-1.));
#1851=DIRECTION('',(0.943375496723607,-0.331726803531894,0.));
#1852=DIRECTION('',(-0.331726803531894,-0.943375496723607,-1.13594204000497E-9));
#1853=DIRECTION('',(0.943375496723607,-0.331726803531894,0.));
#1854=DIRECTION('',(0.935304788523401,-0.328888834881531,0.130526192220052));
#1855=DIRECTION('',(0.331726803672979,0.943375496673996,-8.67361742336745E-16));
#1856=DIRECTION('',(-0.943375496673996,0.331726803672979,0.));
#1857=DIRECTION('',(-0.331726803672979,-0.943375496673996,8.67361742336745E-16));
#1858=DIRECTION('',(0.943375496673996,-0.331726803672979,0.));
#1859=DIRECTION('',(0.331726803950309,0.943375496576477,5.84757353228371E-11));
#1860=DIRECTION('',(0.331726803672979,0.943375496673996,-8.67361742336745E-16));
#1861=DIRECTION('',(-0.943375496673996,0.331726803672979,0.));
#1862=DIRECTION('',(0.331726803950309,0.943375496576477,5.84757353228371E-11));
#1863=DIRECTION('',(-0.331726803672979,-0.943375496673996,8.67361742336745E-16));
#1864=DIRECTION('',(0.943375496673996,-0.331726803672979,0.));
#1865=DIRECTION('',(0.331726803672979,0.943375496673996,-8.67361742336745E-16));
#1866=DIRECTION('',(-0.943375496673996,0.331726803672979,0.));
#1867=DIRECTION('',(-0.331726803672979,-0.943375496673996,8.67361742336745E-16));
#1868=DIRECTION('',(0.943375496673996,-0.331726803672979,0.));
#1869=DIRECTION('',(0.935304788523401,-0.328888834881531,0.130526192220052));
#1870=DIRECTION('',(-0.331726803531894,-0.943375496723607,-1.13594204000497E-9));
#1871=DIRECTION('',(0.943375496723607,-0.331726803531894,0.));
#1872=DIRECTION('',(0.943375496723607,-0.331726803531894,0.));
#1873=DIRECTION('',(7.56890605746463E-10,2.15247020207699E-9,-1.));
#1874=DIRECTION('',(0.943375496723607,-0.331726803531894,0.));
#1875=DIRECTION('',(0.935304788523401,-0.328888834881531,0.130526192220052));
#1876=DIRECTION('',(0.12313521142106,-0.0432990365222687,-0.99144486137381));
#1877=DIRECTION('',(-0.992375553896649,0.,-0.123250801329316));
#1878=DIRECTION('',(0.331726803950309,0.943375496576477,5.84757353228371E-11));
#1879=DIRECTION('',(0.9353047885234,-0.328888834881533,0.130526192220052));
#1880=DIRECTION('',(-0.123135211433955,0.0432990364855971,0.99144486137381));
#1881=DIRECTION('',(0.992375553895071,0.,0.123250801342028));
#1882=DIRECTION('',(-0.123135211433955,0.0432990364855971,0.99144486137381));
#1883=DIRECTION('',(0.935304788670746,-0.328888834462505,0.130526192220052));
#1884=DIRECTION('',(-0.123135211433955,0.0432990364855971,0.99144486137381));
#1885=DIRECTION('',(-0.935304788670746,0.328888834462505,-0.130526192220052));
#1886=DIRECTION('',(-0.331726803390815,-0.943375496773216,-1.96038510428469E-11));
#1887=DIRECTION('',(0.123135211433955,-0.0432990364855971,-0.99144486137381));
#1888=DIRECTION('',(-0.992375553895071,0.,-0.123250801342028));
#1889=DIRECTION('',(0.331726803390815,0.943375496773216,1.96038510428469E-11));
#1890=DIRECTION('',(0.123135211433955,-0.0432990364855971,-0.99144486137381));
#1891=DIRECTION('',(0.935304788670746,-0.328888834462505,0.130526192220052));
#1892=DIRECTION('',(0.123135211433955,-0.0432990364855971,-0.99144486137381));
#1893=DIRECTION('',(-0.935304788670746,0.328888834462505,-0.130526192220052));
#1894=DIRECTION('',(0.12313521142106,-0.0432990365222687,-0.99144486137381));
#1895=DIRECTION('',(-0.992375553896649,0.,-0.123250801329316));
#1896=DIRECTION('',(0.9353047885234,-0.328888834881533,0.130526192220052));
#1897=DIRECTION('',(0.331726803950309,0.943375496576477,5.84757353228371E-11));
#1898=DIRECTION('',(-0.331726803531894,-0.943375496723607,-1.13594204000497E-9));
#1899=DIRECTION('',(0.943375496723607,-0.331726803531894,0.));
#1900=DIRECTION('',(0.331726803254561,0.943375496821128,4.86741660444035E-11));
#1901=DIRECTION('',(-0.331726803531894,-0.943375496723607,-1.13594204000497E-9));
#1902=DIRECTION('',(0.943375496723607,-0.331726803531894,0.));
#1903=DIRECTION('',(-0.331726803254561,-0.943375496821128,-4.86741660444035E-11));
#1904=DIRECTION('',(0.9353047885234,-0.328888834881533,0.130526192220052));
#1905=DIRECTION('',(0.331726803672978,0.943375496673996,0.));
#1906=DIRECTION('',(0.943375496723607,-0.331726803531894,0.));
#1907=DIRECTION('',(-3.7682986063002E-10,-1.0716410406612E-9,1.));
#1908=DIRECTION('',(0.935304788476175,-0.328888834864929,0.130526192600291));
#1909=DIRECTION('',(0.33172680367298,0.943375496673996,0.));
#1910=DIRECTION('',(-0.331726803672979,-0.943375496673996,8.67361742336745E-16));
#1911=DIRECTION('',(0.943375496673996,-0.331726803672979,0.));
#1912=DIRECTION('',(0.943375496673996,-0.33172680367298,2.82871780698545E-9));
#1913=DIRECTION('',(0.33172680367298,0.943375496673996,0.));
#1914=DIRECTION('',(0.,0.,-1.));
#1915=DIRECTION('',(-1.,0.,0.));
#1916=DIRECTION('',(2.99098872504013E-10,-0.99144486137381,0.130526192220052));
#1917=DIRECTION('',(0.,-0.130526192220052,-0.99144486137381));
#1918=DIRECTION('',(2.9909900019474E-10,-0.99144486137381,0.130526192220052));
#1919=DIRECTION('',(0.,-0.130526192220052,-0.99144486137381));
#1920=DIRECTION('',(-1.,0.,2.29148546676185E-9));
#1921=DIRECTION('',(2.29148546676185E-9,0.,1.));
#1922=DIRECTION('',(0.,-1.,0.));
#1923=DIRECTION('',(0.,0.,-1.));
#1924=DIRECTION('',(0.,-1.,0.));
#1925=DIRECTION('',(0.,0.,-1.));
#1926=DIRECTION('',(0.,-1.,0.));
#1927=DIRECTION('',(0.,0.,-1.));
#1928=DIRECTION('',(0.,0.,-1.));
#1929=DIRECTION('',(-1.,0.,0.));
#1930=DIRECTION('',(0.,1.,0.));
#1931=DIRECTION('',(0.,0.,1.));
#1932=DIRECTION('',(0.,1.,0.));
#1933=DIRECTION('',(0.,0.,1.));
#1934=DIRECTION('',(0.,1.,0.));
#1935=DIRECTION('',(0.,0.,1.));
#1936=DIRECTION('',(-1.,0.,-2.29147005087854E-9));
#1937=DIRECTION('',(-2.29147005087854E-9,0.,1.));
#1938=DIRECTION('',(2.9909673592624E-10,0.99144486137381,-0.130526192220051));
#1939=DIRECTION('',(0.,0.130526192220051,0.99144486137381));
#1940=DIRECTION('',(2.99096860327463E-10,0.99144486137381,-0.130526192220052));
#1941=DIRECTION('',(0.,0.130526192220052,0.99144486137381));
#1942=DIRECTION('',(2.81064437785129E-11,0.093167107221352,0.995650485929679));
#1943=DIRECTION('',(3.00365657983325E-10,0.995650485929679,-0.093167107221352));
#1944=DIRECTION('',(2.16451664907048E-10,-0.995528682432226,-0.0944597398617804));
#1945=DIRECTION('',(-2.2812230345442E-9,-0.0944597398617804,0.995528682432226));
#1946=DIRECTION('',(0.,1.,0.));
#1947=DIRECTION('',(0.,0.,1.));
#1948=DIRECTION('',(-5.12359394189317E-10,-0.974682326385416,0.223594191856394));
#1949=DIRECTION('',(-2.23345781269628E-9,0.223594191856394,0.974682326385416));
#1950=DIRECTION('',(0.,0.,-1.));
#1951=DIRECTION('',(-1.,0.,0.));
#1952=DIRECTION('',(-0.943375496590708,0.331726803909835,-5.50165518022616E-10));
#1953=DIRECTION('',(-0.331726803909835,-0.943375496590708,0.));
#1954=DIRECTION('',(-0.331726803672979,-0.943375496673996,8.67361742336745E-16));
#1955=DIRECTION('',(0.943375496673996,-0.331726803672979,0.));
#1956=DIRECTION('',(-0.935304788523399,0.328888834881534,-0.130526192220055));
#1957=DIRECTION('',(-0.33172680367298,-0.943375496673996,0.));
#1958=DIRECTION('',(-0.9353047885234,0.328888834881533,-0.130526192220052));
#1959=DIRECTION('',(-0.331726803672978,-0.943375496673996,0.));
#1960=DIRECTION('',(0.943375496723607,-0.331726803531894,0.));
#1961=DIRECTION('',(3.7682986063002E-10,1.0716410406612E-9,-1.));
#1962=DIRECTION('',(0.943375496723607,-0.331726803531894,0.));
#1963=DIRECTION('',(0.943375496723607,-0.331726803531894,0.));
#1964=DIRECTION('',(3.7682986063002E-10,1.0716410406612E-9,-1.));
#1965=DIRECTION('',(1.93979687628218E-11,5.51645758564597E-11,-1.));
#1966=DIRECTION('',(0.,1.,5.51645758564597E-11));
#1967=DIRECTION('',(1.00169333435786E-9,-3.62625362228433E-10,-1.));
#1968=DIRECTION('',(-1.,0.,-1.00169333435786E-9));
#1969=DIRECTION('',(2.93979340874438E-10,1.,-2.94346273792506E-10));
#1970=DIRECTION('',(1.00169333435786E-9,-3.62625362228433E-10,-1.));
#1971=DIRECTION('',(-1.,0.,-1.00169333435786E-9));
#1972=DIRECTION('',(-1.61465255164906E-11,-4.59180155697464E-11,1.));
#1973=DIRECTION('',(0.,-1.,-4.59180155697464E-11));
#1974=DIRECTION('',(4.4352888028644E-10,-1.,3.04147843024055E-10));
#1975=DIRECTION('',(1.00169333435786E-9,-3.62625362228433E-10,-1.));
#1976=DIRECTION('',(-1.,0.,-1.00169333435786E-9));
#1977=DIRECTION('',(0.331726803180183,0.943375496847282,4.86741660444035E-11));
#1978=DIRECTION('',(-1.61465255164906E-11,-4.59180155697464E-11,1.));
#1979=DIRECTION('',(0.,-1.,-4.59180155697464E-11));
#1980=DIRECTION('',(1.93979687628218E-11,5.51645758564597E-11,-1.));
#1981=DIRECTION('',(0.,1.,5.51645758564597E-11));
#1982=DIRECTION('',(0.943375496723607,-0.331726803531894,0.));
#1983=DIRECTION('',(1.00169333435786E-9,-3.62625362228433E-10,-1.));
#1984=DIRECTION('',(-1.,0.,-1.00169333435786E-9));
#1985=DIRECTION('',(2.93979340874438E-10,1.,-2.94346273792506E-10));
#1986=DIRECTION('',(0.943375496723607,-0.331726803531894,0.));
#1987=DIRECTION('',(-3.7682986063002E-10,-1.0716410406612E-9,1.));
#1988=DIRECTION('',(1.,1.49549650441116E-10,-6.35721648525763E-11));
#1989=DIRECTION('',(6.35721649696948E-11,-7.83142455088677E-10,1.));
#1990=DIRECTION('',(1.,1.49549650441116E-10,-6.35721648525763E-11));
#1991=DIRECTION('',(-6.35721649696948E-11,7.83142455088677E-10,-1.));
#1992=DIRECTION('',(1.00169333435786E-9,-3.62625362228433E-10,-1.));
#1993=DIRECTION('',(-1.,0.,-1.00169333435786E-9));
#1994=DIRECTION('',(-6.35721738121807E-11,1.92884653823808E-9,-1.));
#1995=DIRECTION('',(1.,1.49549650441116E-10,-6.35721648525763E-11));
#1996=DIRECTION('',(-1.49549705952891E-10,1.,-3.62624331380677E-10));
#1997=DIRECTION('',(-5.22369702021519E-10,1.,4.5918015561312E-11));
#1998=DIRECTION('',(8.81465259523428E-10,1.,0.));
#1999=DIRECTION('',(-1.,8.81465259523428E-10,0.));
#2000=DIRECTION('',(1.,-8.81465259523428E-10,0.));
#2001=DIRECTION('',(-2.29148546676185E-9,2.0198648316534E-18,-1.));
#2002=DIRECTION('',(2.29147005087854E-9,-2.01985124308781E-18,-1.));
#2003=DIRECTION('',(-0.943375496799825,0.331726803315143,0.));
#2004=DIRECTION('',(-0.331726803315143,-0.943375496799825,0.));
#2005=DIRECTION('',(0.331726803315143,0.943375496799825,0.));
#2006=DIRECTION('',(-2.87727138103222E-16,-8.18247814582089E-16,-1.));
#2007=DIRECTION('',(-2.87727138103222E-16,-8.18247814582089E-16,-1.));
#2008=DIRECTION('',(0.,0.,-1.));
#2009=DIRECTION('',(1.,0.,0.));
#2010=DIRECTION('',(0.,0.,1.));
#2011=DIRECTION('',(1.,0.,0.));
#2012=DIRECTION('',(0.,0.,-1.));
#2013=DIRECTION('',(-1.,0.,0.));
#2014=DIRECTION('',(0.,0.,-1.));
#2015=DIRECTION('',(-1.,0.,0.));
#2016=DIRECTION('',(0.,0.,-1.));
#2017=DIRECTION('',(-1.,0.,0.));
#2018=DIRECTION('',(0.,0.,-1.));
#2019=DIRECTION('',(-1.,0.,0.));
#2020=DIRECTION('',(0.,0.,1.));
#2021=DIRECTION('',(1.,0.,0.));
#2022=DIRECTION('',(0.,0.,1.));
#2023=DIRECTION('',(1.,0.,0.));
#2024=DIRECTION('',(0.,0.,1.));
#2025=DIRECTION('',(1.,0.,0.));
#2026=DIRECTION('',(2.29148546676185E-9,-2.0198648316534E-18,1.));
#2027=DIRECTION('',(1.,0.,-2.29148546676185E-9));
#2028=DIRECTION('',(-1.,1.50190936465817E-10,0.));
#2029=DIRECTION('',(-1.50190936465817E-10,-1.,0.));
#2030=DIRECTION('',(1.,-1.50190262382504E-10,0.));
#2031=DIRECTION('',(1.50190262382504E-10,1.,0.));
#2032=DIRECTION('',(0.99999761581116,0.00218366022894948,2.7732781161119E-15));
#2033=DIRECTION('',(-0.00218366022894948,0.99999761581116,0.));
#2034=DIRECTION('',(0.285151871434072,0.0626876421252282,0.956430169820268));
#2035=DIRECTION('',(0.958314987952647,0.,-0.28571381462106));
#2036=DIRECTION('',(2.29147005087854E-9,-2.01985124308781E-18,-1.));
#2037=DIRECTION('',(-1.,0.,-2.29147005087854E-9));
#2038=DIRECTION('',(2.87727138103222E-16,8.18247814582089E-16,1.));
#2039=DIRECTION('',(0.,-1.,8.18247814582089E-16));
#2040=DIRECTION('',(-2.87727138103222E-16,-8.18247814582089E-16,-1.));
#2041=DIRECTION('',(0.,1.,-8.18247814582089E-16));
#2042=DIRECTION('',(-0.943375496847282,0.331726803180183,-1.81467637816433E-20));
#2043=DIRECTION('',(-0.331726803180183,-0.943375496847282,0.));
#2044=DIRECTION('',(0.331726803180183,0.943375496847282,4.86741660444035E-11));
#2045=DIRECTION('',(-2.87710018773867E-16,-8.18253834391198E-16,-1.));
#2046=DIRECTION('',(-2.87710018773867E-16,-8.18253834391198E-16,-1.));
#2047=DIRECTION('',(1.61465255164906E-11,4.59180155697464E-11,-1.));
#2048=DIRECTION('',(1.,-7.41416410063524E-22,1.61465255164906E-11));
#2049=DIRECTION('',(1.61465255164906E-11,4.59180155697464E-11,-1.));
#2050=DIRECTION('',(0.,1.,4.59180155697464E-11));
#2051=DIRECTION('',(1.61465255164906E-11,4.59180155697464E-11,-1.));
#2052=DIRECTION('',(0.,1.,4.59180155697464E-11));
#2053=DIRECTION('',(1.61465255164906E-11,4.59180155697464E-11,-1.));
#2054=DIRECTION('',(0.,1.,4.59180155697464E-11));
#2055=DIRECTION('',(0.,0.,-1.));
#2056=DIRECTION('',(1.,0.,0.));
#2057=DIRECTION('',(0.,0.,1.));
#2058=DIRECTION('',(1.,0.,0.));
#2059=DIRECTION('',(-1.,-8.02125477275836E-11,0.));
#2060=DIRECTION('',(8.02125477275836E-11,-1.,0.));
#2061=DIRECTION('',(1.,8.02125477275836E-11,0.));
#2062=DIRECTION('',(0.,0.,1.));
#2063=DIRECTION('',(1.,0.,0.));
#2064=DIRECTION('',(0.,0.,1.));
#2065=DIRECTION('',(1.,0.,0.));
#2066=DIRECTION('',(0.,0.,1.));
#2067=DIRECTION('',(1.,0.,0.));
#2068=DIRECTION('',(1.61465255164906E-11,4.59180155697464E-11,-1.));
#2069=DIRECTION('',(0.,1.,4.59180155697464E-11));
#2070=DIRECTION('',(2.87710018773867E-16,8.18253834391198E-16,1.));
#2071=DIRECTION('',(0.,-1.,8.18253834391198E-16));
#2072=DIRECTION('',(-2.87710018773867E-16,-8.18253834391198E-16,-1.));
#2073=DIRECTION('',(0.,1.,-8.18253834391198E-16));
#2074=CARTESIAN_POINT('',(0.,0.,0.));
#2075=CARTESIAN_POINT('',(0.0668751128707242,-0.088,0.0409457510575164));
#2076=CARTESIAN_POINT('',(0.0574175743460834,-0.092,0.0409457510575164));
#2077=CARTESIAN_POINT('',(0.0551675743460834,-0.092,0.0409457510575164));
#2078=CARTESIAN_POINT('',(0.0669800358114161,-0.088,0.0409457510185153));
#2079=CARTESIAN_POINT('',(0.0648751128807507,-0.0879999999988036,0.040945751057438));
#2080=CARTESIAN_POINT('',(0.0499600358114161,-0.088,0.0409457510575164));
#2081=CARTESIAN_POINT('',(0.0668751128707242,-0.088,0.0409457510575164));
#2082=CARTESIAN_POINT('',(0.0688751128606976,-0.088,0.0409457510575164));
#2083=CARTESIAN_POINT('',(0.0688751128606976,-0.088,0.0409457510575164));
#2084=CARTESIAN_POINT('',(0.0688751128606976,-0.092,0.0409457510575164));
#2085=CARTESIAN_POINT('',(0.0574175743460834,-0.092,0.0409457510575164));
#2086=CARTESIAN_POINT('',(0.0459600358314692,-0.092,0.0409457510575164));
#2087=CARTESIAN_POINT('',(0.0459600358314692,-0.088,0.0409457510575164));
#2088=CARTESIAN_POINT('',(0.0459600358314692,-0.088,0.0409457510575164));
#2089=CARTESIAN_POINT('',(0.0479600358214426,-0.088,0.0409457510575164));
#2090=CARTESIAN_POINT('',(0.0574175743460834,-0.092,0.0469457510575164));
#2091=CARTESIAN_POINT('',(0.0574175743460834,-0.092,0.0429457510575164));
#2092=CARTESIAN_POINT('',(0.0551675743460834,-0.092,0.0429457510575164));
#2093=CARTESIAN_POINT('',(0.0499600358087802,-0.088,0.0516710606492441));
#2094=CARTESIAN_POINT('',(0.0499600358111754,-0.085,0.0469457510575164));
#2095=CARTESIAN_POINT('',(0.0499600358111754,-0.085,0.0469457510575164));
#2096=CARTESIAN_POINT('',(0.0499600358123211,-0.085,0.0405507935647542));
#2097=CARTESIAN_POINT('',(0.0499600358355495,-0.00800257463003117,0.0304138902069987));
#2098=CARTESIAN_POINT('',(0.0499600357978096,-0.0110771618750644,0.0308186672968577));
#2099=CARTESIAN_POINT('',(0.0499600357735295,-0.0110771618750644,0.0362876919882624));
#2100=CARTESIAN_POINT('',(0.0499600357735295,-0.0110771618750644,0.0362876919882624));
#2101=CARTESIAN_POINT('',(0.0499600357735295,-0.00489581282245184,0.0362876919882624));
#2102=CARTESIAN_POINT('',(0.0499600358358387,-0.00607716187065709,0.0362876919882624));
#2103=CARTESIAN_POINT('',(0.0499600358332029,-0.00607716188380423,0.04101300157999));
#2104=CARTESIAN_POINT('',(0.0499600358378055,-0.00607716188380423,0.0430215940628931));
#2105=CARTESIAN_POINT('',(0.0499600358135912,-0.0877235968328309,0.0537705511430393));
#2106=CARTESIAN_POINT('',(0.0499600358131725,-0.0863356396325557,0.0535878231110787));
#2107=CARTESIAN_POINT('',(0.0499600357842034,-0.088,0.0409457510050071));
#2108=CARTESIAN_POINT('',(0.0499600358134225,-0.088,0.0536969110529334));
#2109=CARTESIAN_POINT('',(0.0499600358134225,-0.088,0.0536969110575163));
#2110=CARTESIAN_POINT('',(0.0499600358134225,-0.092,0.0536969110575163));
#2111=CARTESIAN_POINT('',(0.0499600358087802,-0.092,0.0516710606492441));
#2112=CARTESIAN_POINT('',(0.0499600358114161,-0.092,0.0469457510575164));
#2113=CARTESIAN_POINT('',(0.0499600358114161,-0.088,0.0469457510575164));
#2114=CARTESIAN_POINT('',(0.0574175743460834,-0.092,0.0409457510575164));
#2115=CARTESIAN_POINT('',(0.0648751128699228,-0.092,0.0516710606515356));
#2116=CARTESIAN_POINT('',(0.0648751128652806,-0.092,0.0536969110620993));
#2117=CARTESIAN_POINT('',(0.0648751128807507,-0.092,0.0469457510575164));
#2118=CARTESIAN_POINT('',(0.0574175743460834,-0.092,0.0469457510575164));
#2119=CARTESIAN_POINT('',(0.0574175743460834,-0.092,0.0536969110620993));
#2120=CARTESIAN_POINT('',(0.0419566406281396,0.00382098864106814,0.0409212450696241));
#2121=CARTESIAN_POINT('',(-0.0596062228403662,0.0395343649032902,0.0159298108436858));
#2122=CARTESIAN_POINT('',(-0.0567057325626572,0.0385144419009425,0.0163345879347113));
#2123=CARTESIAN_POINT('',(0.0385604264122152,0.00501522708578903,0.0296294294997049));
#2124=CARTESIAN_POINT('',(-0.0567057325623243,0.0385144419018892,0.0198036126243997));
#2125=CARTESIAN_POINT('',(-0.0567057325625217,0.0385144419013278,0.0198036126243997));
#2126=CARTESIAN_POINT('',(-0.0633172287887656,0.0408392961267261,0.0198036126243997));
#2127=CARTESIAN_POINT('',(-0.0652118475327462,0.0415055163349413,0.0198036126243997));
#2128=CARTESIAN_POINT('',(-0.0652118475398762,0.0415055163349723,0.0265289222172335));
#2129=CARTESIAN_POINT('',(-0.0652118475383429,0.0415055163393329,0.028537514704119));
#2130=CARTESIAN_POINT('',(-0.0652118475383429,0.0415055163393329,0.028537514704119));
#2131=CARTESIAN_POINT('',(-0.0614226100481631,0.0401730759221224,0.028537514704119));
#2132=CARTESIAN_POINT('',(0.0417071871098685,0.00390870601190598,0.04292976404645));
#2133=CARTESIAN_POINT('',(0.0417071871052945,0.00390870601351438,0.0429297640458117));
#2134=CARTESIAN_POINT('',(0.0432773038922036,0.00335659306914493,0.0302876919882623));
#2135=CARTESIAN_POINT('',(0.0432773038925364,0.00335659307009132,0.0430388519880574));
#2136=CARTESIAN_POINT('',(0.0432773038909965,0.00335659306571198,0.04101300157999));
#2137=CARTESIAN_POINT('',(0.0432773038874045,0.00335659305549712,0.0362876919882624));
#2138=CARTESIAN_POINT('',(0.0446875236919584,0.00286070600370986,0.0362876919882624));
#2139=CARTESIAN_POINT('',(0.0385604264123815,0.00501522708626223,0.0362876919882624));
#2140=CARTESIAN_POINT('',(0.0385604264123815,0.00501522708626223,0.0409212450696241));
#2141=CARTESIAN_POINT('',(0.0469043714677053,0.0178915068711385,0.0409212450718959));
#2142=CARTESIAN_POINT('',(-0.0602641166984591,0.0555760345761305,0.0198036126253596));
#2143=CARTESIAN_POINT('',(-0.0602641166968612,0.0555760345806745,0.019803612624205));
#2144=CARTESIAN_POINT('',(-0.0517580017221973,0.0525849601403941,0.0198036126253596));
#2145=CARTESIAN_POINT('',(-0.0517580017248986,0.052584960132712,0.0409212450718959));
#2146=CARTESIAN_POINT('',(-0.0517580017223328,0.0525849601400088,0.0163345879354889));
#2147=CARTESIAN_POINT('',(-0.0546584920029568,0.0536048831433814,0.0159298108440567));
#2148=CARTESIAN_POINT('',(0.0435081572517536,0.0190857453205003,0.029629429500575));
#2149=CARTESIAN_POINT('',(0.0435081572504706,0.0190857453168518,0.0362876919882624));
#2150=CARTESIAN_POINT('',(0.0435081572504706,0.0190857453168518,0.0362876919882624));
#2151=CARTESIAN_POINT('',(0.0469043714677053,0.0178915068711385,0.0362876919882624));
#2152=CARTESIAN_POINT('',(0.0482250347346173,0.0174271113064131,0.0362876919882624));
#2153=CARTESIAN_POINT('',(0.0482250347310254,0.0174271112961983,0.0410130015822815));
#2154=CARTESIAN_POINT('',(0.0482250347294855,0.0174271112918189,0.0430388519905538));
#2155=CARTESIAN_POINT('',(0.0482250347320514,0.017427111299116,0.0302876919882623));
#2156=CARTESIAN_POINT('',(0.0466549179488289,0.0179792242421891,0.0429297640490114));
#2157=CARTESIAN_POINT('',(-0.0562286087884629,0.0541569960790585,0.0285718829071168));
#2158=CARTESIAN_POINT('',(-0.056474879213292,0.0542435941446646,0.0285375147087822));
#2159=CARTESIAN_POINT('',(-0.0602641167034718,0.0555760345618751,0.0285375147087822));
#2160=CARTESIAN_POINT('',(-0.0602641167034718,0.0555760345618751,0.0285375147087822));
#2161=CARTESIAN_POINT('',(-0.0602641167019515,0.0555760345661985,0.0265289222193788));
#2162=CARTESIAN_POINT('',(-0.0665387547475451,0.0377320143698228,0.02317919262467));
#2163=CARTESIAN_POINT('',(-0.0665387547402216,0.0377320143669645,0.019803612624205));
#2164=CARTESIAN_POINT('',(-0.0665387547472375,0.0417320143304988,0.0198036126243529));
#2165=CARTESIAN_POINT('',(-0.0665387547468099,0.0417320143483485,0.0265289222158222));
#2166=CARTESIAN_POINT('',(-0.0665387547466822,0.0417320143536795,0.0285375147027076));
#2167=CARTESIAN_POINT('',(-0.0665387547529125,0.0377320143717658,0.0285375147041581));
#2168=CARTESIAN_POINT('',(-0.0665387547475451,0.0377320143698228,0.02317919262467));
#2169=CARTESIAN_POINT('',(-0.0665387547490405,0.056647091409491,0.0265289222127051));
#2170=CARTESIAN_POINT('',(-0.0665387547489128,0.0566470914056168,0.0285375147021085));
#2171=CARTESIAN_POINT('',(-0.0665387547497869,0.056647091416246,0.019803612618686));
#2172=CARTESIAN_POINT('',(-0.0665387547402216,0.0377320143669645,0.019803612625545));
#2173=CARTESIAN_POINT('',(-0.0665387547529125,0.0377320143717658,0.0285375147089676));
#2174=CARTESIAN_POINT('',(0.0542054664609855,0.00401408966758576,0.0362876919882624));
#2175=CARTESIAN_POINT('',(0.0542054664609855,0.00401408966758576,0.0302876919882623));
#2176=CARTESIAN_POINT('',(0.0519554664609855,0.00401408966758576,0.0302876919882623));
#2177=CARTESIAN_POINT('',(0.0542054664609855,0.00401408966758576,0.0322876919882623));
#2178=CARTESIAN_POINT('',(0.0519554664609855,0.00401408966758576,0.0322876919882623));
#2179=CARTESIAN_POINT('',(0.0399600358558918,-0.00607716187754861,0.04512862));
#2180=CARTESIAN_POINT('',(0.0399600358558918,-0.00607716187754861,0.0362876919882624));
#2181=CARTESIAN_POINT('',(0.0648751129051733,-0.00607716188380423,0.0362876919882624));
#2182=CARTESIAN_POINT('',(0.0648751128943454,-0.00607716188380423,0.0410130015822815));
#2183=CARTESIAN_POINT('',(0.0648751128897033,-0.00607716188380423,0.0430388519905538));
#2184=CARTESIAN_POINT('',(0.0399600358558918,-0.00607716187754861,0.0430388519905538));
#2185=CARTESIAN_POINT('',(0.0399600358558918,-0.00607716187754861,0.04512862));
#2186=CARTESIAN_POINT('',(0.0399600358558918,-0.00607716187754868,0.0362876919882624));
#2187=CARTESIAN_POINT('',(0.0399600358558918,-0.00607716187754861,0.0430388519880574));
#2188=CARTESIAN_POINT('',(0.0499599919443446,-0.00610679037763094,0.0430388519880574));
#2189=CARTESIAN_POINT('',(0.0499599919443446,-0.00610679037763094,0.0430388519880574));
#2190=CARTESIAN_POINT('',(0.0499600211998014,-0.00609691632788164,0.0430330957588605));
#2191=CARTESIAN_POINT('',(0.0499600358125589,-0.00608704005620294,0.0430273432793966));
#2192=CARTESIAN_POINT('',(0.0499600358125559,-0.00607716187453179,0.0430215940663348));
#2193=CARTESIAN_POINT('',(0.0678751128562573,-0.088,0.0556969110620993));
#2194=CARTESIAN_POINT('',(0.0678751128562573,-0.088,0.0556969110620993));
#2195=CARTESIAN_POINT('',(0.0668751128652806,-0.088,0.0556969110620993));
#2196=CARTESIAN_POINT('',(0.068875112847234,-0.088,0.0556969110620993));
#2197=CARTESIAN_POINT('',(0.0668751128652806,-0.092,0.0556969110620993));
#2198=CARTESIAN_POINT('',(0.0668751128797476,-0.092,0.0556969110620993));
#2199=CARTESIAN_POINT('',(0.0574175743460834,-0.092,0.0556969110620993));
#2200=CARTESIAN_POINT('',(0.0479600358134225,-0.092,0.0556969110620993));
#2201=CARTESIAN_POINT('',(0.0479600358134225,-0.088,0.0556969110620993));
#2202=CARTESIAN_POINT('',(0.0479600358089179,-0.088,0.0556969110575164));
#2203=CARTESIAN_POINT('',(0.0469600358224458,-0.088,0.0556969110575164));
#2204=CARTESIAN_POINT('',(0.0459600358314692,-0.088,0.0556969110575164));
#2205=CARTESIAN_POINT('',(0.0459600358314692,-0.088,0.0556969110575164));
#2206=CARTESIAN_POINT('',(0.0459600358314692,-0.092,0.0556969110575164));
#2207=CARTESIAN_POINT('',(0.0574175743460834,-0.092,0.0556969110575164));
#2208=CARTESIAN_POINT('',(0.0688751128606976,-0.092,0.0556969110575164));
#2209=CARTESIAN_POINT('',(0.068875112847234,-0.088,0.0556969110620993));
#2210=CARTESIAN_POINT('',(0.0648751128699228,-0.088,0.0516710606515356));
#2211=CARTESIAN_POINT('',(0.0648751129048842,-0.00800257462883477,0.0304138902069203));
#2212=CARTESIAN_POINT('',(0.064875112910831,-0.0110771618793969,0.0308186672975071));
#2213=CARTESIAN_POINT('',(0.0648751128957909,-0.085,0.0405507935305765));
#2214=CARTESIAN_POINT('',(0.0648751128805101,-0.0849999999988036,0.046945751057438));
#2215=CARTESIAN_POINT('',(0.0648751128807507,-0.0849999999988036,0.0469457510575164));
#2216=CARTESIAN_POINT('',(0.0648751128807507,-0.088,0.0469457510575164));
#2217=CARTESIAN_POINT('',(0.0648751128652806,-0.088,0.0536969110575164));
#2218=CARTESIAN_POINT('',(0.0648751128652806,-0.088,0.0536969110575164));
#2219=CARTESIAN_POINT('',(0.0648751128944995,-0.088,0.0409457510483505));
#2220=CARTESIAN_POINT('',(0.0648751128655306,-0.0863356396379141,0.0535878231137214));
#2221=CARTESIAN_POINT('',(0.064875112889664,-0.00633821426823922,0.0430559622655536));
#2222=CARTESIAN_POINT('',(0.0648751128897032,-0.00620824879172889,0.0430388519859709));
#2223=CARTESIAN_POINT('',(0.0648751128897032,0.0174271112918189,0.0430388519859709));
#2224=CARTESIAN_POINT('',(0.0648751129051733,-0.088,0.0362876919882624));
#2225=CARTESIAN_POINT('',(0.0648751129051733,-0.0110771618793969,0.0362876919882624));
#2226=CARTESIAN_POINT('',(0.0648751128699228,-0.0110771618793969,0.0516710606515356));
#2227=CARTESIAN_POINT('',(0.0688751128541676,-0.088,0.052671060653827));
#2228=CARTESIAN_POINT('',(0.0688751128541676,-0.092,0.052671060653827));
#2229=CARTESIAN_POINT('',(0.068875112884831,-0.00800257463003117,0.0304138902069987));
#2230=CARTESIAN_POINT('',(0.068875112884831,-0.00800257463003117,0.0304138902069987));
#2231=CARTESIAN_POINT('',(0.0688751128513184,-0.00607716188380424,0.0450388519928453));
#2232=CARTESIAN_POINT('',(0.0688751128851202,-0.00607716188380423,0.0302876919882623));
#2233=CARTESIAN_POINT('',(0.0688751128785902,-0.00607716188380423,0.042013001584573));
#2234=CARTESIAN_POINT('',(0.068875112871632,-0.00607716188380423,0.0450496034148015));
#2235=CARTESIAN_POINT('',(0.0688751128601993,-0.00574944455232265,0.0500388519905538));
#2236=CARTESIAN_POINT('',(0.0688751128715586,-0.0064020755134229,0.0450816276836848));
#2237=CARTESIAN_POINT('',(0.0688751128716566,-0.00607716188380424,0.0450388519928453));
#2238=CARTESIAN_POINT('',(0.0688751128475232,-0.0860745872537731,0.055570712843363));
#2239=CARTESIAN_POINT('',(0.0688751128810358,-0.088,0.0409457510575164));
#2240=CARTESIAN_POINT('',(0.0459600358245355,-0.088,0.0526710606515356));
#2241=CARTESIAN_POINT('',(0.0459600358245355,-0.092,0.0526710606515356));
#2242=CARTESIAN_POINT('',(0.0459600358652711,-0.088,0.0409457510050071));
#2243=CARTESIAN_POINT('',(0.0459600358317584,-0.0860745872475175,0.0555707128383701));
#2244=CARTESIAN_POINT('',(0.0459600358558919,-0.0060771618775486,0.0450388519878524));
#2245=CARTESIAN_POINT('',(0.0459600358558919,-0.0060771618775486,0.0450388519878524));
#2246=CARTESIAN_POINT('',(0.0459600358489582,-0.00607716188380422,0.0420130015822816));
#2247=CARTESIAN_POINT('',(0.0459600358558918,-0.00607716189065806,0.0302876919878131));
#2248=CARTESIAN_POINT('',(0.04596003582209,-0.00607716188380424,0.0450388519403361));
#2249=CARTESIAN_POINT('',(0.0459600358556027,-0.00800257463003117,0.0304138902069987));
#2250=CARTESIAN_POINT('',(0.0459600358556027,-0.00800257463003117,0.0304138902069987));
#2251=CARTESIAN_POINT('',(0.0574175743460834,-0.092,0.0409457510575164));
#2252=CARTESIAN_POINT('',(0.0688751128606976,-0.088,0.0409457510575164));
#2253=CARTESIAN_POINT('',(0.0479600358089179,-0.088,0.0556969110575164));
#2254=CARTESIAN_POINT('',(0.0479600358089179,-0.0873554385932781,0.0556969110575164));
#2255=CARTESIAN_POINT('',(0.0479600358088215,-0.0867136343426499,0.0556548449844807));
#2256=CARTESIAN_POINT('',(0.0479600358086287,-0.0860745872481156,0.0555707128384093));
#2257=CARTESIAN_POINT('',(0.0479600358132117,-0.0860745872481156,0.0555707128384093));
#2258=CARTESIAN_POINT('',(0.046960035822735,-0.0860745872478165,0.0555707128383897));
#2259=CARTESIAN_POINT('',(0.0688751128606976,-0.088,0.0409457510575164));
#2260=CARTESIAN_POINT('',(0.0678751128565465,-0.086074587253474,0.0555707128433434));
#2261=CARTESIAN_POINT('',(0.0668751128609869,-0.0860745872531749,0.0555707128433238));
#2262=CARTESIAN_POINT('',(0.0668751128944995,-0.088,0.0409457510529335));
#2263=CARTESIAN_POINT('',(0.0678751128806799,-0.00607716188350514,0.0450388519928257));
#2264=CARTESIAN_POINT('',(0.0668751128896544,-0.00640207551312252,0.0450816276836848));
#2265=CARTESIAN_POINT('',(0.0668751128896052,-0.00640207551312254,0.0450816276836848));
#2266=CARTESIAN_POINT('',(0.0668751128655698,-0.0860745872531749,0.0555707128433238));
#2267=CARTESIAN_POINT('',(0.0668751128948576,-0.00800257463003117,0.0304138902069987));
#2268=CARTESIAN_POINT('',(0.0479600358455761,-0.00800257463003117,0.0304138902069987));
#2269=CARTESIAN_POINT('',(0.0510170783335808,-0.00800257463003117,0.0304138902069987));
#2270=CARTESIAN_POINT('',(0.0549600357609973,-0.0110771618750644,0.0308186672968577));
#2271=CARTESIAN_POINT('',(0.0669800357978097,-0.085,0.0405507935257531));
#2272=CARTESIAN_POINT('',(0.0598751129177054,-0.0110771618793969,0.030818667297428));
#2273=CARTESIAN_POINT('',(0.0638180703424505,-0.00800257463003117,0.0304138902069987));
#2274=CARTESIAN_POINT('',(0.0668751128948576,-0.00800257463003117,0.0304138902069987));
#2275=CARTESIAN_POINT('',(0.0469600358468685,-0.0060771618778477,0.045038851987872));
#2276=CARTESIAN_POINT('',(0.0479600357890781,-0.00607716187755371,0.0450388519878135));
#2277=CARTESIAN_POINT('',(0.0479600358368419,-0.00607716187814679,0.0450388519878916));
#2278=CARTESIAN_POINT('',(0.0469600358468685,-0.0060771618778477,0.045038851987872));
#2279=CARTESIAN_POINT('',(0.0688751128716566,-0.00607716188380424,0.0450388519928453));
#2280=CARTESIAN_POINT('',(0.0479600358458653,-0.00607716189005987,0.0302876919878524));
#2281=CARTESIAN_POINT('',(0.0549600357641879,-0.00607716188796619,0.0302876919879895));
#2282=CARTESIAN_POINT('',(0.0549600357641879,-0.00607716188796619,0.0302876919879895));
#2283=CARTESIAN_POINT('',(0.0534319507833159,-0.00607716188661924,0.030287691984488));
#2284=CARTESIAN_POINT('',(0.0519519092651808,-0.00680371498688895,0.0302560573494279));
#2285=CARTESIAN_POINT('',(0.0510170783335808,-0.00800257462912463,0.0304138902138845));
#2286=CARTESIAN_POINT('',(0.0688751128716566,-0.00607716188380424,0.0450388519928453));
#2287=CARTESIAN_POINT('',(0.0638180703424505,-0.00800257463003117,0.0304138902069987));
#2288=CARTESIAN_POINT('',(0.0628832472683217,-0.00680372506663741,0.0302560586654791));
#2289=CARTESIAN_POINT('',(0.0614030669932511,-0.00607716188129539,0.0302876919757233));
#2290=CARTESIAN_POINT('',(0.0598751129251347,-0.00607716187939689,0.0302876919722221));
#2291=CARTESIAN_POINT('',(0.0598751129233295,-0.00607716187939689,0.0302876919882623));
#2292=CARTESIAN_POINT('',(0.0668751128951468,-0.00607716188440243,0.0302876919882232));
#2293=CARTESIAN_POINT('',(0.049220215137229,0.0202572377734278,0.0450388519905538));
#2294=CARTESIAN_POINT('',(0.0399600358558918,-0.00607716187754861,0.0450388519905538));
#2295=CARTESIAN_POINT('',(0.048888488338833,0.0193138622926625,0.0450388519928061));
#2296=CARTESIAN_POINT('',(0.0668731177109067,-0.00574944673042356,0.0450388519905538));
#2297=CARTESIAN_POINT('',(0.0668751128736629,-0.059378527580805,0.0450388519905538));
#2298=CARTESIAN_POINT('',(0.0668751128897032,-0.00574944455202227,0.0450388519905538));
#2299=CARTESIAN_POINT('',(0.0688751128717058,-0.00574944455232265,0.0450388519905538));
#2300=CARTESIAN_POINT('',(0.068873255672826,-0.00574944455232237,0.0450388519928453));
#2301=CARTESIAN_POINT('',(0.0399600358558918,-0.00607716187754861,0.0450388519928453));
#2302=CARTESIAN_POINT('',(0.0495519419381908,0.0212006132614902,0.0450388519928453));
#2303=CARTESIAN_POINT('',(0.049220215137229,0.0202572377734278,0.0450388519928257));
#2304=CARTESIAN_POINT('',(0.0399600358558918,-0.00607716187754861,0.04512862));
#2305=CARTESIAN_POINT('',(0.0399600358558918,-0.00607716187754861,0.0302876919882623));
#2306=CARTESIAN_POINT('',(0.049551941942657,0.0212006132741914,0.0302876919882623));
#2307=CARTESIAN_POINT('',(0.0495519419404909,0.0212006132680312,0.042013001584573));
#2308=CARTESIAN_POINT('',(0.068873255672826,-0.00574944455232237,0.0450388519905538));
#2309=CARTESIAN_POINT('',(0.0688744951379618,-0.00585879772094227,0.0450388519905538));
#2310=CARTESIAN_POINT('',(0.0688751128784117,-0.00596803684650535,0.045042435568688));
#2311=CARTESIAN_POINT('',(0.0688751128783884,-0.00607716188372765,0.0450496034147965));
#2312=CARTESIAN_POINT('',(0.0488884883392015,0.0193138622901039,0.0302876919882623));
#2313=CARTESIAN_POINT('',(0.057417574370506,-0.00607716187723065,0.0302876919882623));
#2314=CARTESIAN_POINT('',(0.0399600358558918,-0.00607716187754861,0.0302876919878131));
#2315=CARTESIAN_POINT('',(0.0419503966902969,-0.000416908901853391,0.0302876919878131));
#2316=CARTESIAN_POINT('',(0.0426138502937524,0.0014698420822342,0.0302876919878524));
#2317=CARTESIAN_POINT('',(0.0449359379147456,0.00807347055305649,0.0302876919882623));
#2318=CARTESIAN_POINT('',(0.0457511693159126,0.0103918521863675,0.0302876919882623));
#2319=CARTESIAN_POINT('',(0.0465664007168551,0.0127102338166422,0.0302876919880859));
#2320=CARTESIAN_POINT('',(0.0488884883392015,0.0193138622901039,0.0302876919882232));
#2321=CARTESIAN_POINT('',(0.0399600358558918,-0.00607716187754861,0.04512862));
#2322=CARTESIAN_POINT('',(0.0399600358558918,-0.00607716187754861,0.0450388519878524));
#2323=CARTESIAN_POINT('',(0.0419503966779297,-0.00041690889750462,0.0450388519878524));
#2324=CARTESIAN_POINT('',(0.041950396681531,-0.000416908906120853,0.0420130015822816));
#2325=CARTESIAN_POINT('',(0.0422821234788915,0.000526466590557696,0.0450388519880574));
#2326=CARTESIAN_POINT('',(0.0399600358558918,-0.00607716187754861,0.0450388519880574));
#2327=CARTESIAN_POINT('',(0.0426138502795205,0.00146984207767366,0.0450388519878916));
#2328=CARTESIAN_POINT('',(0.0422821234788915,0.000526466590557696,0.045038851987872));
#2329=CARTESIAN_POINT('',(0.0405065982080704,9.07857089834107E-5,0.0419126899332697));
#2330=CARTESIAN_POINT('',(0.0419503966838311,-0.000416908899579773,0.0302876919882624));
#2331=CARTESIAN_POINT('',(0.0401340094728207,0.000221802118318507,0.0449126537683422));
#2332=CARTESIAN_POINT('',(-0.0627495172647534,0.0363995739552869,0.0305547726241365));
#2333=CARTESIAN_POINT('',(-0.0627495172647534,0.0363995739552869,0.0305547726241365));
#2334=CARTESIAN_POINT('',(-0.0665387547549332,0.0377320143724973,0.0305547726241365));
#2335=CARTESIAN_POINT('',(-0.0665387547549332,0.0377320143724973,0.0305547726241365));
#2336=CARTESIAN_POINT('',(-0.0665387547487741,0.0377320143629502,0.0275289222195642));
#2337=CARTESIAN_POINT('',(-0.066538754740157,0.0377320143671482,0.015803612624205));
#2338=CARTESIAN_POINT('',(-0.066538754740157,0.0377320143671482,0.015803612624205));
#2339=CARTESIAN_POINT('',(-0.0627495172499772,0.0363995739499377,0.015803612624205));
#2340=CARTESIAN_POINT('',(-0.0627495172618909,0.0363995739363648,0.0305547726038731));
#2341=CARTESIAN_POINT('',(-0.0609331300472773,0.035760862935115,0.0159298108436075));
#2342=CARTESIAN_POINT('',(-0.0609331300472773,0.035760862935115,0.0159298108436075));
#2343=CARTESIAN_POINT('',(0.0488884883386372,0.0193138622903023,0.0302876919882623));
#2344=CARTESIAN_POINT('',(0.0426138502848576,0.00146984207579694,0.0302876919882624));
#2345=CARTESIAN_POINT('',(0.040797463074389,0.0021085530934632,0.0449126537684592));
#2346=CARTESIAN_POINT('',(0.0404657362737777,0.00116517760638252,0.0449126537684007));
#2347=CARTESIAN_POINT('',(0.0488884883386372,0.0193138622903023,0.0302876919882623));
#2348=CARTESIAN_POINT('',(0.0474038279314595,0.0208959487894831,0.0449126537740505));
#2349=CARTESIAN_POINT('',(0.0470721011330684,0.0199525733087161,0.044912653773992));
#2350=CARTESIAN_POINT('',(0.0477355547324165,0.0218393242775472,0.044912653774109));
#2351=CARTESIAN_POINT('',(0.0488884883393973,0.0193138622924641,0.0302876919882623));
#2352=CARTESIAN_POINT('',(0.0495519419381908,0.0212006132614902,0.0302876919882623));
#2353=CARTESIAN_POINT('',(0.0481081434643811,0.0217083078765032,0.0419126899355416));
#2354=CARTESIAN_POINT('',(-0.053331584794917,0.0573783851111597,0.0159298108440567));
#2355=CARTESIAN_POINT('',(-0.053331584794917,0.0573783851111597,0.0159298108440567));
#2356=CARTESIAN_POINT('',(-0.0551479720062979,0.0580170961112728,0.0305547726299033));
#2357=CARTESIAN_POINT('',(-0.0551479720007393,0.0580170961270804,0.0158036126253203));
#2358=CARTESIAN_POINT('',(-0.0589372094909191,0.0593495365442909,0.0158036126253203));
#2359=CARTESIAN_POINT('',(-0.0589372094909191,0.0593495365442909,0.0158036126253203));
#2360=CARTESIAN_POINT('',(-0.0589372094930471,0.0593495365382391,0.0275289222216311));
#2361=CARTESIAN_POINT('',(-0.0589372094953373,0.0593495365317261,0.0305547726299033));
#2362=CARTESIAN_POINT('',(-0.0589372094953373,0.0593495365317261,0.0305547726299033));
#2363=CARTESIAN_POINT('',(-0.0551479720051576,0.0580170961145156,0.0305547726299033));
#2364=CARTESIAN_POINT('',(-0.0551479720051576,0.0580170961145156,0.0305547726299033));
#2365=CARTESIAN_POINT('',(-0.0554796988061146,0.0570737206264515,0.0305547726298448));
#2366=CARTESIAN_POINT('',(-0.0554796988061146,0.0570737206264515,0.0305547726298448));
#2367=CARTESIAN_POINT('',(-0.0558114256045186,0.0561303451456478,0.0305547726297863));
#2368=CARTESIAN_POINT('',(0.0470721011336149,0.0199525733084824,0.0449126537740701));
#2369=CARTESIAN_POINT('',(-0.0539950383983726,0.0554916341270722,0.0159298108440175));
#2370=CARTESIAN_POINT('',(0.0418495232321057,0.0143688678334818,0.0296294295000442));
#2371=CARTESIAN_POINT('',(-0.0534166357432635,0.047868082649342,0.0163345879349581));
#2372=CARTESIAN_POINT('',(-0.0550091413608181,0.0526076950657804,0.0159298108439575));
#2373=CARTESIAN_POINT('',(-0.0539950383983726,0.0554916341270722,0.0159298108440175));
#2374=CARTESIAN_POINT('',(-0.0602696764438217,0.0376476139192026,0.0159298108436466));
#2375=CARTESIAN_POINT('',(-0.0602696764438217,0.0376476139192026,0.0159298108436466));
#2376=CARTESIAN_POINT('',(-0.0592555734838232,0.0405315529735355,0.0159298108437066));
#2377=CARTESIAN_POINT('',(-0.0550470985439594,0.0432313193852591,0.0163345879350062));
#2378=CARTESIAN_POINT('',(0.0402190604307464,0.00973210456963221,0.0296294294999998));
#2379=CARTESIAN_POINT('',(-0.0624177904637964,0.0373429494433508,0.030554772624195));
#2380=CARTESIAN_POINT('',(-0.0620860636634648,0.0382863249305302,0.0305547726242145));
#2381=CARTESIAN_POINT('',(-0.0620860636631851,0.0382863249304319,0.0305547726242535));
#2382=CARTESIAN_POINT('',(-0.0624177904637964,0.0373429494433508,0.030554772624195));
#2383=CARTESIAN_POINT('',(-0.0558114256092281,0.0561303451295808,0.0305547726276314));
#2384=CARTESIAN_POINT('',(-0.0620860636467942,0.0382863249341211,0.0158036126243024));
#2385=CARTESIAN_POINT('',(-0.0597639760278239,0.0448899534010293,0.0158036126246431));
#2386=CARTESIAN_POINT('',(-0.0597639760278239,0.0448899534010293,0.0158036126246431));
#2387=CARTESIAN_POINT('',(-0.0602708827727871,0.0434483954750477,0.0158036126229072));
#2388=CARTESIAN_POINT('',(-0.06007643981143,0.0418111434421392,0.0157719779824128));
#2389=CARTESIAN_POINT('',(-0.0592555734842324,0.0405315529736794,0.015929810847002));
#2390=CARTESIAN_POINT('',(-0.0558114256092281,0.0561303451295808,0.0305547726276314));
#2391=CARTESIAN_POINT('',(-0.0550091413608181,0.0526076950657804,0.0159298108439575));
#2392=CARTESIAN_POINT('',(-0.0564502125332154,0.0521234964149837,0.015771979303655));
#2393=CARTESIAN_POINT('',(-0.0576266499088767,0.0509681510937868,0.0158036126191241));
#2394=CARTESIAN_POINT('',(-0.0581335132274292,0.049526716665444,0.0158036126173884));
#2395=CARTESIAN_POINT('',(-0.0581335132274999,0.0495267166652429,0.0158036126248823));
#2396=CARTESIAN_POINT('',(-0.0558114256039223,0.056130345142897,0.0158036126252231));
#2397=CARTESIAN_POINT('',(0.0410437335025225,0.00202195501855799,0.04292976404645));
#2398=CARTESIAN_POINT('',(-0.0620860636555399,0.0382863249277851,0.0285375147041583));
#2399=CARTESIAN_POINT('',(0.0410437334979485,0.00202195502016638,0.0429297640458117));
#2400=CARTESIAN_POINT('',(0.0426138502848576,0.00146984207579694,0.0302876919882624));
#2401=CARTESIAN_POINT('',(0.0426138502848576,0.00146984207579694,0.0430388519880574));
#2402=CARTESIAN_POINT('',(0.0399600358558918,-0.00607716187754861,0.0430388519880574));
#2403=CARTESIAN_POINT('',(0.0479600358368419,-0.00607716187814679,0.0450388519878916));
#2404=CARTESIAN_POINT('',(0.0482253987911907,-0.00607716192673912,0.0450388519878916));
#2405=CARTESIAN_POINT('',(0.0487480073344125,-0.00608411678631484,0.0449337029655557));
#2406=CARTESIAN_POINT('',(0.0493050158391353,-0.0061082939679797,0.0445598305136088));
#2407=CARTESIAN_POINT('',(0.0496369577037759,-0.00613399611085288,0.0441516502242118));
#2408=CARTESIAN_POINT('',(0.0498226972920977,-0.00615244056323447,0.0438030122842443));
#2409=CARTESIAN_POINT('',(0.0499167510431523,-0.00617109700770411,0.0434814966912346));
#2410=CARTESIAN_POINT('',(0.0499546502054809,-0.00616330288781874,0.0432305427978744));
#2411=CARTESIAN_POINT('',(0.0499598194328736,-0.0061650149630679,0.0430727949058248));
#2412=CARTESIAN_POINT('',(0.0499599919443446,-0.00610679037763067,0.0430388519880576));
#2413=CARTESIAN_POINT('',(0.0479600358135912,-0.0877235968328309,0.0537705511476223));
#2414=CARTESIAN_POINT('',(0.0479600358131725,-0.0863356396325557,0.0535878231156616));
#2415=CARTESIAN_POINT('',(0.0479600357842033,-0.088,0.0409457510095901));
#2416=CARTESIAN_POINT('',(0.0479600358134225,-0.088,0.0536969110575164));
#2417=CARTESIAN_POINT('',(0.0479600358134225,-0.088,0.0536969110620993));
#2418=CARTESIAN_POINT('',(0.0479600358134225,-0.092,0.0536969110620993));
#2419=CARTESIAN_POINT('',(0.0574175743460834,-0.092,0.0536969110620993));
#2420=CARTESIAN_POINT('',(0.0668751128797476,-0.092,0.0536969110620993));
#2421=CARTESIAN_POINT('',(0.0668751128652806,-0.088,0.0536969110620993));
#2422=CARTESIAN_POINT('',(0.0668751128652806,-0.088,0.0536969110620993));
#2423=CARTESIAN_POINT('',(0.0668751128944995,-0.088,0.0409457510529335));
#2424=CARTESIAN_POINT('',(0.0668751128655306,-0.0863356396379141,0.0535878231183043));
#2425=CARTESIAN_POINT('',(0.066875112889664,-0.00633821426764615,0.0430559622700585));
#2426=CARTESIAN_POINT('',(0.0668751128736629,-0.059378527580805,0.0500388519905538));
#2427=CARTESIAN_POINT('',(0.0668745428385205,-0.00640207766501451,0.0450816278850462));
#2428=CARTESIAN_POINT('',(0.0668745428385205,-0.00640207766501451,0.0450816278850462));
#2429=CARTESIAN_POINT('',(0.0664386917394545,-0.00640536826302194,0.0450819357998356));
#2430=CARTESIAN_POINT('',(0.0655854311704561,-0.00638529207985686,0.0447846824167726));
#2431=CARTESIAN_POINT('',(0.0650789835903478,-0.00630279741182036,0.0440353178715647));
#2432=CARTESIAN_POINT('',(0.0649584829158339,-0.00626362756769407,0.0436225012074729));
#2433=CARTESIAN_POINT('',(0.0649584829040616,-0.00626362776094342,0.0436225011930882));
#2434=CARTESIAN_POINT('',(0.0668751128897032,-0.00620824879172905,0.0430388519905539));
#2435=CARTESIAN_POINT('',(0.0668751128897032,0.0202572377734278,0.0430388519905538));
#2436=CARTESIAN_POINT('',(0.0668751128897032,-0.00620824879172905,0.0430388519905539));
#2437=CARTESIAN_POINT('',(0.0649584829215239,-0.00607716188363664,0.0436102796197654));
#2438=CARTESIAN_POINT('',(0.0649584829215239,-0.00607716188363664,0.0436102796197654));
#2439=CARTESIAN_POINT('',(0.0649032923058915,-0.00607716188368603,0.0434251643349896));
#2440=CARTESIAN_POINT('',(0.0648751128974383,-0.00607716188374158,0.0432320194637772));
#2441=CARTESIAN_POINT('',(0.0648751128974383,-0.00607716188380421,0.0430388519905538));
#2442=CARTESIAN_POINT('',(0.0399600358558918,-0.00607716187754861,0.0430388519905538));
#2443=CARTESIAN_POINT('',(0.0649584829215239,-0.00607716188363744,0.0436102796197654));
#2444=CARTESIAN_POINT('',(0.0650785678752122,-0.00596285397322254,0.0440130575221209));
#2445=CARTESIAN_POINT('',(0.0655824261731812,-0.00578514958531405,0.0447463308251421));
#2446=CARTESIAN_POINT('',(0.0664373982981173,-0.00573951732577324,0.0450388519905538));
#2447=CARTESIAN_POINT('',(0.0668731177109067,-0.00574944673042354,0.0450388519905538));
#2448=CARTESIAN_POINT('',(0.0488884883398711,0.0193138622922975,0.0430388519905538));
#2449=CARTESIAN_POINT('',(0.0488884883393973,0.019313862292464,0.0302876919882623));
#2450=CARTESIAN_POINT('',(0.0473183715561749,0.0198659752355371,0.0429297640490114));
#2451=CARTESIAN_POINT('',(-0.0555651551813967,0.0560437470725049,0.0285718829070778));
#2452=CARTESIAN_POINT('',(-0.0558114256036688,0.0561303451453905,0.0285375147087428));
#2453=CARTESIAN_POINT('',(-0.0596006630938616,0.0574627855625641,0.0305547726299032));
#2454=CARTESIAN_POINT('',(-0.0558114256036818,0.0561303451453535,0.0305547726299032));
#2455=CARTESIAN_POINT('',(-0.0597743548420219,0.0569688353075563,0.0305547726299031));
#2456=CARTESIAN_POINT('',(-0.055985117351842,0.0556363948903458,0.0305547726299031));
#2457=CARTESIAN_POINT('',(-0.0601203555053542,0.0559848673430669,0.0301176608146872));
#2458=CARTESIAN_POINT('',(-0.0563311180151744,0.0546524269258564,0.0301176608146872));
#2459=CARTESIAN_POINT('',(-0.0602641167009124,0.0555760345691538,0.0290656315975684));
#2460=CARTESIAN_POINT('',(-0.0564748792107325,0.0542435941519433,0.0290656315975684));
#2461=CARTESIAN_POINT('',(-0.0602641167009124,0.0555760345691538,0.0285375147087822));
#2462=CARTESIAN_POINT('',(-0.0564748792107325,0.0542435941519433,0.0285375147087822));
#2463=CARTESIAN_POINT('',(-0.0596006630946984,0.0574627855628583,0.0305547726297863));
#2464=CARTESIAN_POINT('',(-0.0596006630946984,0.0574627855628583,0.0305547726297863));
#2465=CARTESIAN_POINT('',(-0.0596006630938486,0.057462785562601,0.0285375147087428));
#2466=CARTESIAN_POINT('',(-0.0592689362962944,0.058406161043662,0.0305547726298448));
#2467=CARTESIAN_POINT('',(-0.0665387547549332,0.0377320143724973,0.030554772630128));
#2468=CARTESIAN_POINT('',(-0.0665387547493827,0.0606470913882621,0.0305547726218184));
#2469=CARTESIAN_POINT('',(-0.0665387547496767,0.0596470913972854,0.0305547726221127));
#2470=CARTESIAN_POINT('',(-0.0665387547499707,0.0586470914140049,0.030554772622407));
#2471=CARTESIAN_POINT('',(-0.0665387547549332,0.0377320143724973,0.0305547726299914));
#2472=CARTESIAN_POINT('',(-0.0596006630941021,0.0574627855601075,0.0158036126252231));
#2473=CARTESIAN_POINT('',(-0.0665387547494335,0.0586470914064031,0.0158036126178437));
#2474=CARTESIAN_POINT('',(-0.0665387547503205,0.0606470913963765,0.0158036126172354));
#2475=CARTESIAN_POINT('',(-0.066538754740157,0.0377320143671482,0.015803612625545));
#2476=CARTESIAN_POINT('',(-0.060306283106861,0.0433477228521812,0.0158036126245635));
#2477=CARTESIAN_POINT('',(-0.0626298320623021,0.0485021356437364,0.0158036126247626));
#2478=CARTESIAN_POINT('',(-0.0626298320623021,0.0465021356437364,0.0158036126246708));
#2479=CARTESIAN_POINT('',(-0.0662070279539762,0.0386753898605613,0.030554772624195));
#2480=CARTESIAN_POINT('',(-0.0658753011533648,0.0396187653476423,0.0305547726242535));
#2481=CARTESIAN_POINT('',(-0.0658753011533648,0.0396187653476423,0.0305547726242535));
#2482=CARTESIAN_POINT('',(-0.0665387547549332,0.0377320143724973,0.0305547726242731));
#2483=CARTESIAN_POINT('',(-0.0665387547543452,0.0397320143534085,0.0305547726235479));
#2484=CARTESIAN_POINT('',(-0.0665387547546392,0.0387320143634739,0.0305547726238422));
#2485=CARTESIAN_POINT('',(-0.0652118475386558,0.0415055163384428,0.028537514704119));
#2486=CARTESIAN_POINT('',(-0.0614226100561083,0.0401730759239161,0.028537514704119));
#2487=CARTESIAN_POINT('',(-0.0652118475386558,0.0415055163384428,0.0290656315932969));
#2488=CARTESIAN_POINT('',(-0.0614226100561083,0.0401730759239161,0.0290656315932969));
#2489=CARTESIAN_POINT('',(-0.0653556087344385,0.0410966835638911,0.0301176608111996));
#2490=CARTESIAN_POINT('',(-0.061566371251891,0.0397642431493644,0.0301176608111996));
#2491=CARTESIAN_POINT('',(-0.0657016093981906,0.040112715598208,0.0305547726259134));
#2492=CARTESIAN_POINT('',(-0.0619123719156431,0.0387802751836813,0.0305547726259134));
#2493=CARTESIAN_POINT('',(-0.0658753011464798,0.0396187653428338,0.0305547726253186));
#2494=CARTESIAN_POINT('',(-0.0620860636639323,0.0382863249283071,0.0305547726253186));
#2495=CARTESIAN_POINT('',(-0.0658753011457196,0.0396187653449955,0.0285375147041583));
#2496=CARTESIAN_POINT('',(-0.0665387547632116,0.0417320143527359,0.0285375147027076));
#2497=CARTESIAN_POINT('',(-0.0660857489957506,0.0417320143539023,0.0285375147031614));
#2498=CARTESIAN_POINT('',(-0.0656392020792966,0.0416557904943937,0.0285375147036364));
#2499=CARTESIAN_POINT('',(-0.0652118475386559,0.0415055163384428,0.0285375147041189));
#2500=CARTESIAN_POINT('',(-0.066538754763178,0.0417320143529223,0.029065631591507));
#2501=CARTESIAN_POINT('',(-0.0660857489957176,0.041732014354025,0.0290656315919608));
#2502=CARTESIAN_POINT('',(-0.0656392020792749,0.0416557904944536,0.0290656315924357));
#2503=CARTESIAN_POINT('',(-0.0652118475386559,0.0415055163384428,0.0290656315929183));
#2504=CARTESIAN_POINT('',(-0.0665387547612555,0.0412986420902291,0.0301176608088215));
#2505=CARTESIAN_POINT('',(-0.0661348290276862,0.0412986420909947,0.0301176608092262));
#2506=CARTESIAN_POINT('',(-0.0657366623734473,0.0412306765578788,0.0301176608096496));
#2507=CARTESIAN_POINT('',(-0.0653556087342216,0.0410966835645082,0.0301176608100799));
#2508=CARTESIAN_POINT('',(-0.0665387547567616,0.0402556131290133,0.0305547726244283));
#2509=CARTESIAN_POINT('',(-0.0662529535575371,0.0402556131292204,0.0305547726247146));
#2510=CARTESIAN_POINT('',(-0.0659712272455134,0.0402075235192021,0.0305547726250142));
#2511=CARTESIAN_POINT('',(-0.0657016093975681,0.0401127155999786,0.0305547726253187));
#2512=CARTESIAN_POINT('',(-0.0665387547545196,0.0397320143534084,0.030554772624613));
#2513=CARTESIAN_POINT('',(-0.0663122518718734,0.0397320143533616,0.0305547726248399));
#2514=CARTESIAN_POINT('',(-0.0660889784148212,0.0396939024231687,0.0305547726250774));
#2515=CARTESIAN_POINT('',(-0.0658753011457327,0.0396187653449585,0.0305547726253186));
#2516=CARTESIAN_POINT('',(-0.0665387547463832,0.0397320143527359,0.0285375147034527));
#2517=CARTESIAN_POINT('',(-0.0665387547499707,0.0586470914140049,0.0305547726225239));
#2518=CARTESIAN_POINT('',(-0.0641700921359535,0.0586470914134429,0.0305547726248965));
#2519=CARTESIAN_POINT('',(-0.0618352013635934,0.0582485344411166,0.0305547726273799));
#2520=CARTESIAN_POINT('',(-0.0596006630938615,0.057462785562564,0.0305547726299032));
#2521=CARTESIAN_POINT('',(-0.0665387547498702,0.0581234926384132,0.0305547726227085));
#2522=CARTESIAN_POINT('',(-0.0642293904517057,0.0581234926378398,0.0305547726250218));
#2523=CARTESIAN_POINT('',(-0.0619529525335813,0.0577349133453362,0.030554772627443));
#2524=CARTESIAN_POINT('',(-0.0597743548420218,0.0569688353075563,0.0305547726299031));
#2525=CARTESIAN_POINT('',(-0.0665387547496977,0.0570804636769315,0.0301176608078606));
#2526=CARTESIAN_POINT('',(-0.0643475149844298,0.0570804636763881,0.0301176608100555));
#2527=CARTESIAN_POINT('',(-0.0621875174070346,0.0567117603070806,0.0301176608123529));
#2528=CARTESIAN_POINT('',(-0.0601203555053542,0.0559848673430669,0.0301176608146871));
#2529=CARTESIAN_POINT('',(-0.0665387547496814,0.0566470914135187,0.0290656315908947));
#2530=CARTESIAN_POINT('',(-0.0643965950177003,0.0566470914130929,0.0290656315930405));
#2531=CARTESIAN_POINT('',(-0.0622849777018537,0.0562866463704883,0.0290656315952864));
#2532=CARTESIAN_POINT('',(-0.0602641167009123,0.0555760345691538,0.0290656315975684));
#2533=CARTESIAN_POINT('',(-0.066538754749715,0.0566470914133324,0.0285375147021085));
#2534=CARTESIAN_POINT('',(-0.0643965950177333,0.0566470914129703,0.0285375147042543));
#2535=CARTESIAN_POINT('',(-0.0622849777018754,0.0562866463704284,0.0285375147065002));
#2536=CARTESIAN_POINT('',(-0.0602641167009123,0.0555760345691538,0.0285375147087822));
#2537=CARTESIAN_POINT('',(-0.0665387547492119,0.0586470914133324,0.0285375147013636));
#2538=CARTESIAN_POINT('',(-0.0665387547475451,0.0377320143698228,0.02317919262467));
#2539=CARTESIAN_POINT('',(-0.0665387547495751,0.0606470913940984,0.0275289222135461));
#2540=CARTESIAN_POINT('',(-0.0665387547407161,-0.00822802147602533,0.00485786158469485));
#2541=CARTESIAN_POINT('',(-0.0665387547439435,0.045460783614245,0.0198036126245599));
#2542=CARTESIAN_POINT('',(0.057417574370506,-0.00607716187723065,0.0362876919882624));
#2543=CARTESIAN_POINT('',(0.057417574370506,-0.00607716187723065,0.0362876919882624));
#2544=CARTESIAN_POINT('',(0.0549600357779368,-0.00607716187506442,0.0362876919882624));
#2545=CARTESIAN_POINT('',(0.0598751129095807,-0.00607716187939689,0.0362876919882624));
#2546=CARTESIAN_POINT('',(0.0549600357641879,-0.00607716187506442,0.0302876919764341));
#2547=CARTESIAN_POINT('',(0.0598751129095807,-0.00607716187939689,0.0362876919938937));
#2548=CARTESIAN_POINT('',(0.0457511693159126,0.0103918521863675,0.0362876919882624));
#2549=CARTESIAN_POINT('',(0.0457511693159126,0.0103918521863675,0.0362876919882624));
#2550=CARTESIAN_POINT('',(0.0449359379147456,0.0080734705530565,0.0362876919882624));
#2551=CARTESIAN_POINT('',(0.0465664007161048,0.0127102338169061,0.0362876919882624));
#2552=CARTESIAN_POINT('',(0.0465664007161048,0.0127102338169061,0.0302876919882623));
#2553=CARTESIAN_POINT('',(0.0449359379147456,0.0080734705530565,0.0362876919882624));
#2554=CARTESIAN_POINT('',(0.0419600358497328,-0.00489581282245184,0.0362876919882624));
#2555=CARTESIAN_POINT('',(0.0542054664609855,0.00401408966758576,0.0362876919882624));
#2556=CARTESIAN_POINT('',(0.0579554664609855,0.00401408966758576,0.0362876919882624));
#2557=CARTESIAN_POINT('',(0.0418495232321057,0.0143688678334818,0.0362876919882624));
#2558=CARTESIAN_POINT('',(0.0402190604307464,0.00973210456963221,0.0362876919882624));
#2559=CARTESIAN_POINT('',(0.0549600357735295,-0.0110771618750644,0.0362876919882624));
#2560=CARTESIAN_POINT('',(0.0598751129051733,-0.0110771618793969,0.0362876919882624));
#2561=CARTESIAN_POINT('',(0.0542054664609855,0.00401408966758576,0.0322876919882623));
#2562=CARTESIAN_POINT('',(0.0542054664609855,0.00401408966758576,0.0322876919882623));
#2563=CARTESIAN_POINT('',(0.0579554664609855,0.00401408966758576,0.0322876919882623));
#2564=CARTESIAN_POINT('',(0.054076208401357,0.00567497471130444,0.0322876919882623));
#2565=CARTESIAN_POINT('',(0.0549600357735295,-0.0110771618750644,0.0362876919938937));
#2566=CARTESIAN_POINT('',(0.049220215133323,-0.00574944454937066,0.0500388519905538));
#2567=CARTESIAN_POINT('',(0.0668751128897032,-0.00574944455202227,0.0500388519905538));
#2568=CARTESIAN_POINT('',(0.0668751128896052,-0.00640207551312244,0.0450816276836847));
#2569=CARTESIAN_POINT('',(0.066875112889654,-0.0060771618660984,0.0450388519905538));
#2570=CARTESIAN_POINT('',(0.0668751128897033,-0.00574944455202218,0.0450388519905538));
#2571=CARTESIAN_POINT('',(0.0668749228685509,-0.00640207551313766,0.0450816276836868));
#2572=CARTESIAN_POINT('',(0.0668746863626773,-0.00607716186611376,0.0450388519905539));
#2573=CARTESIAN_POINT('',(0.066874447816013,-0.00574944455203752,0.0450388519905538));
#2574=CARTESIAN_POINT('',(0.0668747328515226,-0.006402076230435,0.0450816277508061));
#2575=CARTESIAN_POINT('',(0.0668742598447485,-0.0060771625900193,0.0450388519905538));
#2576=CARTESIAN_POINT('',(0.0668737827564142,-0.00574944527817114,0.0450388519905538));
#2577=CARTESIAN_POINT('',(0.0668745428385204,-0.00640207766501443,0.0450816278850461));
#2578=CARTESIAN_POINT('',(0.0668738333358633,-0.00607716403781541,0.0450388519905538));
#2579=CARTESIAN_POINT('',(0.0668731177109066,-0.00574944673042347,0.0450388519905538));
#2580=CARTESIAN_POINT('',(0.0668731177109066,-0.00574944673042355,0.0500388519905538));
#2581=CARTESIAN_POINT('',(0.0668745428385205,-0.00640207766501452,0.0450816278850461));
#2582=CARTESIAN_POINT('',(0.0668738333358633,-0.0060771640378155,0.0450388519905538));
#2583=CARTESIAN_POINT('',(0.0668731177109066,-0.00574944673042356,0.0450388519905538));
#2584=CARTESIAN_POINT('',(0.0664430486710906,-0.00640533536851952,0.0450819327217446));
#2585=CARTESIAN_POINT('',(0.0664468708981665,-0.00607390259473975,0.0450381454591408));
#2586=CARTESIAN_POINT('',(0.0664414922977144,-0.00573961062187088,0.0450388519905538));
#2587=CARTESIAN_POINT('',(0.0655965322696241,-0.00638609610419887,0.0447929459787296));
#2588=CARTESIAN_POINT('',(0.0656104441551294,-0.00608545892251155,0.0447618361959149));
#2589=CARTESIAN_POINT('',(0.0655953411593732,-0.00578336551435701,0.0447551604162397));
#2590=CARTESIAN_POINT('',(0.0650804152144626,-0.00630326278086292,0.0440402224168708));
#2591=CARTESIAN_POINT('',(0.065084813294405,-0.00613227438186819,0.0440281761742938));
#2592=CARTESIAN_POINT('',(0.065080415220145,-0.00596109549917381,0.0440192537383246));
#2593=CARTESIAN_POINT('',(0.0649584829075801,-0.00626362756502042,0.0436225011791977));
#2594=CARTESIAN_POINT('',(0.0649601566559827,-0.00617042729549666,0.0436158935063614));
#2595=CARTESIAN_POINT('',(0.0649584829131332,-0.00607716189162417,0.043610279591622));
#2596=CARTESIAN_POINT('',(0.0601669079817399,-0.00607716188246055,0.0450388486927998));
#2597=CARTESIAN_POINT('',(0.0648751128897032,-0.00620824879172905,0.0430388519859709));
#2598=CARTESIAN_POINT('',(0.0648751128897032,-0.00620824879172905,0.0430388519859709));
#2599=CARTESIAN_POINT('',(0.0648751128897032,-0.00620824879172905,0.0430388519859709));
#2600=CARTESIAN_POINT('',(0.0648751128892579,-0.00616366988395417,0.0432331784717287));
#2601=CARTESIAN_POINT('',(0.0648751128892395,-0.00619537575424344,0.0432352565842682));
#2602=CARTESIAN_POINT('',(0.0648751128892484,-0.00622708162453571,0.0432373346967811));
#2603=CARTESIAN_POINT('',(0.0649036338109336,-0.0061190963191912,0.0434274816665132));
#2604=CARTESIAN_POINT('',(0.0649042855591588,-0.00618250378855294,0.0434316448263537));
#2605=CARTESIAN_POINT('',(0.0649036338109107,-0.00624591220013082,0.0434357936184771));
#2606=CARTESIAN_POINT('',(0.0649594792449649,-0.00607639789143045,0.0436136108435928));
#2607=CARTESIAN_POINT('',(0.0649611716890196,-0.00617020738801853,0.043619251648875));
#2608=CARTESIAN_POINT('',(0.0649594792449367,-0.00626395060419271,0.0436259036978476));
#2609=CARTESIAN_POINT('',(0.0598751128699228,-0.0110771618793969,0.0516710606400782));
#2610=CARTESIAN_POINT('',(0.0418495232321057,0.0143688678334818,0.0362876919882624));
#2611=CARTESIAN_POINT('',(0.0402190604307464,0.00973210456963222,0.0409212450696241));
#2612=CARTESIAN_POINT('',(-0.0603062831069256,0.0433477228519976,0.0198036126245635));
#2613=CARTESIAN_POINT('',(-0.0603062831069256,0.0433477228519976,0.0198036126245635));
#2614=CARTESIAN_POINT('',(-0.0597639760281958,0.0448899534011601,0.0198036126246431));
#2615=CARTESIAN_POINT('',(-0.0581335132274999,0.0495267166652429,0.0198036126248823));
#2616=CARTESIAN_POINT('',(-0.0597639760281958,0.0448899534011601,0.0158036126243997));
#2617=CARTESIAN_POINT('',(-0.0581335132274999,0.0495267166652429,0.0198036126245635));
#2618=CARTESIAN_POINT('',(-0.0665387547402216,0.0377320143669645,0.019803612624205));
#2619=CARTESIAN_POINT('',(-0.0626298320623667,0.0485021356435528,0.0198036126247626));
#2620=CARTESIAN_POINT('',(-0.0626298320623667,0.0505021356435528,0.0198036126248545));
#2621=CARTESIAN_POINT('',(-0.0550470985439594,0.0432313193852591,0.0198036126246431));
#2622=CARTESIAN_POINT('',(-0.0534166357432635,0.047868082649342,0.0198036126248823));
#2623=CARTESIAN_POINT('',(0.0574175743460834,-0.0957287692567089,0.0469457510575164));
#2624=CARTESIAN_POINT('',(0.0574175743460834,-0.092,0.0469457510575164));
#2625=CARTESIAN_POINT('',(0.0611675743460834,-0.092,0.0469457510575164));
#2626=CARTESIAN_POINT('',(0.061146343613016,-0.0849999999991027,0.0469457510575164));
#2627=CARTESIAN_POINT('',(0.061146343613016,-0.0849999999991027,0.0469457510575164));
#2628=CARTESIAN_POINT('',(0.0574175743460834,-0.092,0.0429457510575164));
#2629=CARTESIAN_POINT('',(0.0574175743460834,-0.092,0.0429457510575164));
#2630=CARTESIAN_POINT('',(0.0611675743460834,-0.092,0.0429457510575164));
#2631=CARTESIAN_POINT('',(0.0574175743459631,-0.0922287692667355,0.0429457510575164));
#2632=CARTESIAN_POINT('',(-0.0626298320621761,0.0485021356440948,0.00800000262476266));
#2633=CARTESIAN_POINT('',(-0.0550470985439594,0.0432313193852591,0.0198036126245635));
#2634=CARTESIAN_POINT('',(-0.0534166357432635,0.047868082649342,0.0409212450718959));
#2635=MECHANICAL_DESIGN_GEOMETRIC_PRESENTATION_REPRESENTATION('',(#1464),
#2636);
#2636=(
GEOMETRIC_REPRESENTATION_CONTEXT(3)
GLOBAL_UNCERTAINTY_ASSIGNED_CONTEXT((#2637))
GLOBAL_UNIT_ASSIGNED_CONTEXT((#2640,#2639,#2638))
REPRESENTATION_CONTEXT('Part 17','TOP_LEVEL_ASSEMBLY_PART')
);
#2637=UNCERTAINTY_MEASURE_WITH_UNIT(LENGTH_MEASURE(2.E-5),#2640,
'DISTANCE_ACCURACY_VALUE','Maximum Tolerance applied to model');
#2638=(
NAMED_UNIT(*)
SI_UNIT($,.STERADIAN.)
SOLID_ANGLE_UNIT()
);
#2639=(
NAMED_UNIT(*)
PLANE_ANGLE_UNIT()
SI_UNIT($,.RADIAN.)
);
#2640=(
LENGTH_UNIT()
NAMED_UNIT(*)
SI_UNIT($,.METRE.)
);
#2641=PRODUCT_DEFINITION_SHAPE('','',#2642);
#2642=PRODUCT_DEFINITION('','',#2644,#2643);
#2643=PRODUCT_DEFINITION_CONTEXT('',#2650,'design');
#2644=PRODUCT_DEFINITION_FORMATION_WITH_SPECIFIED_SOURCE('','',#2646,
 .NOT_KNOWN.);
#2645=PRODUCT_RELATED_PRODUCT_CATEGORY('','',(#2646));
#2646=PRODUCT('Part 17','Part 17','Part 17',(#2648));
#2647=PRODUCT_CATEGORY('','');
#2648=PRODUCT_CONTEXT('',#2650,'mechanical');
#2649=APPLICATION_PROTOCOL_DEFINITION('international standard',
'ap242_managed_model_based_3d_engineering',2020,#2650);
#2650=APPLICATION_CONTEXT('managed model based 3d engineering');
ENDSEC;
END-ISO-10303-21;
