ISO-10303-21;
HEADER;
/* Generated by software containing ST-Developer
 * from STEP Tools, Inc. (www.steptools.com) 
 */
/* OPTION: using custom renumber hook */

FILE_DESCRIPTION(
/* description */ ('STEP AP242 Edition 2',
'CAx-IF Rec.Pracs.---Representation and Presentation of Product Manufa
cturing Information (PMI)---4.0---2014-10-13',
'CAx-IF Rec.Pracs.---3D Tessellated Geometry---0.4---2014-09-14','2;1',
'CAx-IF Rec.Pracs.---User Defined Attributes---1.5---2016-08-15'),
/* implementation_level */ '2;1');

FILE_NAME(
/* name */ 'Assembly 1 - Part 6',
/* time_stamp */ '2026-07-25T03:56:16Z',
/* author */ (''),
/* organization */ (''),
/* preprocessor_version */ 'ST-DEVELOPER v20',
/* originating_system */ 'ONSHAPE BY PTC INC, 1.218',
/* authorisation */ '  ');

FILE_SCHEMA (('AP242_MANAGED_MODEL_BASED_3D_ENGINEERING_MIM_LF { 1 0 10303 442 3 1 4 }'));
ENDSEC;

DATA;
#10=SHAPE_REPRESENTATION_RELATIONSHIP('','',#279,#11);
#11=ADVANCED_BREP_SHAPE_REPRESENTATION('',(#277),#6169);
#12=LINE('',#6124,#30);
#13=LINE('',#6127,#31);
#14=LINE('',#6129,#32);
#15=LINE('',#6131,#33);
#16=LINE('',#6133,#34);
#17=LINE('',#6135,#35);
#18=LINE('',#6137,#36);
#19=LINE('',#6139,#37);
#20=LINE('',#6141,#38);
#21=LINE('',#6143,#39);
#22=LINE('',#6145,#40);
#23=LINE('',#6147,#41);
#24=LINE('',#6149,#42);
#25=LINE('',#6151,#43);
#26=LINE('',#6153,#44);
#27=LINE('',#6155,#45);
#28=LINE('',#6157,#46);
#29=LINE('',#6159,#47);
#30=VECTOR('',#328,1.);
#31=VECTOR('',#329,1.);
#32=VECTOR('',#330,1.);
#33=VECTOR('',#331,1.);
#34=VECTOR('',#332,1.);
#35=VECTOR('',#333,1.);
#36=VECTOR('',#336,1.);
#37=VECTOR('',#337,1.);
#38=VECTOR('',#338,1.);
#39=VECTOR('',#341,1.);
#40=VECTOR('',#342,1.);
#41=VECTOR('',#345,1.);
#42=VECTOR('',#346,1.);
#43=VECTOR('',#349,1.);
#44=VECTOR('',#350,1.);
#45=VECTOR('',#353,1.);
#46=VECTOR('',#354,1.);
#47=VECTOR('',#357,1.);
#48=PLANE('',#290);
#49=PLANE('',#291);
#50=PLANE('',#292);
#51=PLANE('',#293);
#52=PLANE('',#294);
#53=PLANE('',#295);
#54=PLANE('',#296);
#55=PLANE('',#297);
#56=PLANE('',#298);
#57=PLANE('',#299);
#58=PLANE('',#301);
#59=B_SPLINE_CURVE_WITH_KNOTS('',3,(#3234,#3235,#3236,#3237,#3238),
 .UNSPECIFIED.,.F.,.F.,(4,1,4),(0.0115842826022067,0.0154424321866633,0.0193005817711199),
 .UNSPECIFIED.);
#60=B_SPLINE_CURVE_WITH_KNOTS('',3,(#4202,#4203,#4204,#4205,#4206,#4207,
#4208),.UNSPECIFIED.,.F.,.F.,(4,1,1,1,4),(6.83456833422827E-17,0.00192590676998606,
0.00385181353997205,0.00577772030995804,0.00770362707994403),
 .UNSPECIFIED.);
#61=B_SPLINE_CURVE_WITH_KNOTS('',3,(#6105,#6106,#6107,#6108,#6109),
 .UNSPECIFIED.,.F.,.F.,(4,1,4),(0.0191320643691509,0.0230009860171534,0.0268699076651559),
 .UNSPECIFIED.);
#62=B_SPLINE_CURVE_WITH_KNOTS('',3,(#6110,#6111,#6112,#6113,#6114,#6115,
#6116),.UNSPECIFIED.,.F.,.F.,(4,1,1,1,4),(0.,0.00195596037593557,0.00391192075187113,
0.0058678811278067,0.00782384150374226),.UNSPECIFIED.);
#63=(
BOUNDED_SURFACE()
B_SPLINE_SURFACE(1,2,((#2300,#2301,#2302,#2303,#2304,#2305,#2306,#2307,
#2308,#2309,#2310,#2311,#2312,#2313,#2314,#2315,#2316,#2317,#2318,#2319,
#2320,#2321,#2322,#2323,#2324,#2325,#2326,#2327,#2328,#2329,#2330,#2331,
#2332,#2333,#2334,#2335,#2336,#2337,#2338,#2339,#2340,#2341,#2342,#2343,
#2344,#2345,#2346,#2347,#2348,#2349,#2350,#2351,#2352,#2353,#2354,#2355,
#2356,#2357,#2358,#2359,#2360,#2361,#2362,#2363,#2364,#2365,#2366,#2367,
#2368,#2369,#2370,#2371,#2372,#2373,#2374,#2375,#2376,#2377,#2378,#2379,
#2380,#2381,#2382,#2383,#2384,#2385,#2386,#2387,#2388,#2389,#2390,#2391,
#2392,#2393,#2394,#2395,#2396,#2397,#2398,#2399,#2400,#2401,#2402,#2403,
#2404,#2405,#2406,#2407,#2408,#2409,#2410,#2411,#2412,#2413,#2414,#2415,
#2416,#2417,#2418,#2419,#2420,#2421,#2422,#2423,#2424,#2425,#2426,#2427,
#2428,#2429,#2430,#2431,#2432,#2433,#2434,#2435,#2436,#2437,#2438,#2439,
#2440,#2441,#2442,#2443,#2444,#2445,#2446,#2447,#2448,#2449,#2450,#2451,
#2452,#2453,#2454,#2455,#2456,#2457,#2458,#2459,#2460,#2461,#2462,#2463,
#2464,#2465,#2466,#2467,#2468,#2469,#2470,#2471,#2472,#2473,#2474,#2475,
#2476,#2477,#2478,#2479,#2480,#2481,#2482,#2483,#2484,#2485,#2486,#2487,
#2488,#2489,#2490,#2491,#2492,#2493,#2494,#2495,#2496,#2497,#2498,#2499,
#2500,#2501,#2502,#2503,#2504,#2505,#2506,#2507,#2508,#2509,#2510,#2511,
#2512,#2513,#2514,#2515,#2516,#2517,#2518,#2519,#2520,#2521,#2522,#2523,
#2524,#2525,#2526,#2527,#2528,#2529,#2530,#2531,#2532,#2533,#2534,#2535,
#2536,#2537,#2538,#2539,#2540,#2541,#2542,#2543,#2544,#2545,#2546,#2547,
#2548,#2549,#2550,#2551,#2552,#2553,#2554,#2555,#2556,#2557,#2558,#2559,
#2560,#2561,#2562,#2563,#2564,#2565,#2566,#2567,#2568,#2569,#2570,#2571,
#2572,#2573,#2574,#2575,#2576,#2577,#2578,#2579,#2580,#2581,#2582,#2583,
#2584,#2585,#2586,#2587,#2588,#2589,#2590,#2591,#2592,#2593,#2594,#2595,
#2596,#2597,#2598,#2599,#2600,#2601,#2602,#2603,#2604,#2605,#2606,#2607,
#2608,#2609,#2610,#2611,#2612,#2613,#2614,#2615,#2616,#2617,#2618,#2619,
#2620,#2621,#2622,#2623,#2624,#2625,#2626,#2627,#2628,#2629,#2630,#2631,
#2632,#2633,#2634,#2635,#2636,#2637,#2638,#2639,#2640,#2641,#2642,#2643,
#2644,#2645,#2646,#2647,#2648,#2649,#2650,#2651,#2652,#2653,#2654,#2655,
#2656,#2657,#2658,#2659,#2660,#2661,#2662,#2663,#2664,#2665,#2666,#2667,
#2668,#2669,#2670,#2671,#2672,#2673,#2674,#2675,#2676,#2677,#2678,#2679,
#2680,#2681,#2682,#2683,#2684,#2685,#2686,#2687,#2688,#2689,#2690,#2691,
#2692,#2693,#2694,#2695,#2696,#2697,#2698,#2699,#2700,#2701,#2702,#2703,
#2704,#2705,#2706,#2707,#2708,#2709,#2710,#2711,#2712,#2713,#2714,#2715,
#2716,#2717,#2718,#2719,#2720,#2721,#2722,#2723,#2724,#2725,#2726,#2727,
#2728,#2729,#2730,#2731,#2732,#2733,#2734,#2735,#2736,#2737,#2738,#2739,
#2740,#2741,#2742,#2743,#2744,#2745,#2746,#2747,#2748,#2749,#2750,#2751,
#2752,#2753,#2754,#2755,#2756,#2757,#2758,#2759,#2760,#2761,#2762,#2763,
#2764,#2765,#2766),(#2767,#2768,#2769,#2770,#2771,#2772,#2773,#2774,#2775,
#2776,#2777,#2778,#2779,#2780,#2781,#2782,#2783,#2784,#2785,#2786,#2787,
#2788,#2789,#2790,#2791,#2792,#2793,#2794,#2795,#2796,#2797,#2798,#2799,
#2800,#2801,#2802,#2803,#2804,#2805,#2806,#2807,#2808,#2809,#2810,#2811,
#2812,#2813,#2814,#2815,#2816,#2817,#2818,#2819,#2820,#2821,#2822,#2823,
#2824,#2825,#2826,#2827,#2828,#2829,#2830,#2831,#2832,#2833,#2834,#2835,
#2836,#2837,#2838,#2839,#2840,#2841,#2842,#2843,#2844,#2845,#2846,#2847,
#2848,#2849,#2850,#2851,#2852,#2853,#2854,#2855,#2856,#2857,#2858,#2859,
#2860,#2861,#2862,#2863,#2864,#2865,#2866,#2867,#2868,#2869,#2870,#2871,
#2872,#2873,#2874,#2875,#2876,#2877,#2878,#2879,#2880,#2881,#2882,#2883,
#2884,#2885,#2886,#2887,#2888,#2889,#2890,#2891,#2892,#2893,#2894,#2895,
#2896,#2897,#2898,#2899,#2900,#2901,#2902,#2903,#2904,#2905,#2906,#2907,
#2908,#2909,#2910,#2911,#2912,#2913,#2914,#2915,#2916,#2917,#2918,#2919,
#2920,#2921,#2922,#2923,#2924,#2925,#2926,#2927,#2928,#2929,#2930,#2931,
#2932,#2933,#2934,#2935,#2936,#2937,#2938,#2939,#2940,#2941,#2942,#2943,
#2944,#2945,#2946,#2947,#2948,#2949,#2950,#2951,#2952,#2953,#2954,#2955,
#2956,#2957,#2958,#2959,#2960,#2961,#2962,#2963,#2964,#2965,#2966,#2967,
#2968,#2969,#2970,#2971,#2972,#2973,#2974,#2975,#2976,#2977,#2978,#2979,
#2980,#2981,#2982,#2983,#2984,#2985,#2986,#2987,#2988,#2989,#2990,#2991,
#2992,#2993,#2994,#2995,#2996,#2997,#2998,#2999,#3000,#3001,#3002,#3003,
#3004,#3005,#3006,#3007,#3008,#3009,#3010,#3011,#3012,#3013,#3014,#3015,
#3016,#3017,#3018,#3019,#3020,#3021,#3022,#3023,#3024,#3025,#3026,#3027,
#3028,#3029,#3030,#3031,#3032,#3033,#3034,#3035,#3036,#3037,#3038,#3039,
#3040,#3041,#3042,#3043,#3044,#3045,#3046,#3047,#3048,#3049,#3050,#3051,
#3052,#3053,#3054,#3055,#3056,#3057,#3058,#3059,#3060,#3061,#3062,#3063,
#3064,#3065,#3066,#3067,#3068,#3069,#3070,#3071,#3072,#3073,#3074,#3075,
#3076,#3077,#3078,#3079,#3080,#3081,#3082,#3083,#3084,#3085,#3086,#3087,
#3088,#3089,#3090,#3091,#3092,#3093,#3094,#3095,#3096,#3097,#3098,#3099,
#3100,#3101,#3102,#3103,#3104,#3105,#3106,#3107,#3108,#3109,#3110,#3111,
#3112,#3113,#3114,#3115,#3116,#3117,#3118,#3119,#3120,#3121,#3122,#3123,
#3124,#3125,#3126,#3127,#3128,#3129,#3130,#3131,#3132,#3133,#3134,#3135,
#3136,#3137,#3138,#3139,#3140,#3141,#3142,#3143,#3144,#3145,#3146,#3147,
#3148,#3149,#3150,#3151,#3152,#3153,#3154,#3155,#3156,#3157,#3158,#3159,
#3160,#3161,#3162,#3163,#3164,#3165,#3166,#3167,#3168,#3169,#3170,#3171,
#3172,#3173,#3174,#3175,#3176,#3177,#3178,#3179,#3180,#3181,#3182,#3183,
#3184,#3185,#3186,#3187,#3188,#3189,#3190,#3191,#3192,#3193,#3194,#3195,
#3196,#3197,#3198,#3199,#3200,#3201,#3202,#3203,#3204,#3205,#3206,#3207,
#3208,#3209,#3210,#3211,#3212,#3213,#3214,#3215,#3216,#3217,#3218,#3219,
#3220,#3221,#3222,#3223,#3224,#3225,#3226,#3227,#3228,#3229,#3230,#3231,
#3232,#3233)),.UNSPECIFIED.,.F.,.F.,.F.)
B_SPLINE_SURFACE_WITH_KNOTS((2,2),(3,2,2,2,2,2,2,2,2,2,2,2,2,2,2,2,2,2,
2,2,2,2,2,2,2,2,2,2,2,2,2,2,2,2,2,2,2,2,2,2,2,2,2,2,2,2,2,2,2,2,2,2,2,2,
2,2,2,2,2,2,2,2,2,2,2,2,2,2,2,2,2,2,2,2,2,2,2,2,2,2,2,2,2,2,2,2,2,2,2,2,
2,2,2,2,2,2,2,2,2,2,2,2,2,2,2,2,2,2,2,2,2,2,2,2,2,2,2,2,2,2,2,2,2,2,2,2,
2,2,2,2,2,2,2,2,2,2,2,2,2,2,2,2,2,2,2,2,2,2,2,2,2,2,2,2,2,2,2,2,2,2,2,2,
2,2,2,2,2,2,2,2,2,2,2,2,2,2,2,2,2,2,2,2,2,2,2,2,2,2,2,2,2,2,2,2,2,2,2,2,
2,2,2,2,2,2,2,2,2,2,2,2,2,2,2,2,2,2,2,2,2,2,2,2,2,2,2,2,2,2,2,2,2,2,2,3),
(0.,1.),(0.513147361924428,0.514583333333333,0.516666666666667,0.51875,
0.520833333333333,0.522916666666667,0.525,0.527083333333333,0.529166666666667,
0.53125,0.533333333333333,0.535416666666667,0.5375,0.539583333333333,0.541666666666667,
0.54375,0.545833333333333,0.547916666666667,0.55,0.552083333333333,0.554166666666667,
0.55625,0.558333333333333,0.560416666666667,0.5625,0.564583333333333,0.566666666666667,
0.56875,0.570833333333333,0.572916666666667,0.575,0.577083333333333,0.579166666666667,
0.58125,0.583333333333333,0.585416666666667,0.5875,0.589583333333333,0.591666666666667,
0.59375,0.595833333333333,0.597916666666667,0.6,0.602083333333333,0.604166666666667,
0.60625,0.608333333333333,0.610416666666667,0.6125,0.614583333333333,0.616666666666667,
0.61875,0.620833333333333,0.622916666666667,0.625,0.627083333333333,0.629166666666667,
0.63125,0.633333333333333,0.635416666666667,0.6375,0.639583333333333,0.641666666666667,
0.64375,0.645833333333333,0.647916666666667,0.65,0.652083333333333,0.654166666666667,
0.65625,0.658333333333333,0.660416666666667,0.6625,0.664583333333333,0.666666666666667,
0.66875,0.670833333333333,0.672916666666667,0.675,0.677083333333333,0.679166666666667,
0.68125,0.683333333333333,0.685416666666667,0.6875,0.689583333333333,0.691666666666667,
0.69375,0.695833333333333,0.697916666666667,0.7,0.702083333333333,0.704166666666667,
0.70625,0.708333333333333,0.710416666666667,0.7125,0.714583333333333,0.716666666666667,
0.71875,0.720833333333333,0.722916666666667,0.725,0.727083333333333,0.729166666666667,
0.73125,0.733333333333333,0.735416666666667,0.7375,0.739583333333333,0.741666666666667,
0.74375,0.745833333333333,0.747916666666667,0.75,0.752083333333333,0.754166666666667,
0.75625,0.758333333333333,0.760416666666667,0.7625,0.764583333333333,0.766666666666667,
0.76875,0.770833333333333,0.772916666666667,0.775,0.777083333333333,0.779166666666667,
0.78125,0.783333333333333,0.785416666666667,0.7875,0.789583333333333,0.791666666666667,
0.79375,0.795833333333333,0.797916666666667,0.8,0.802083333333333,0.804166666666667,
0.80625,0.808333333333333,0.810416666666667,0.8125,0.814583333333333,0.816666666666667,
0.81875,0.820833333333333,0.822916666666667,0.825,0.827083333333333,0.829166666666667,
0.83125,0.833333333333333,0.835416666666667,0.8375,0.839583333333333,0.841666666666667,
0.84375,0.845833333333333,0.847916666666667,0.85,0.852083333333333,0.854166666666667,
0.85625,0.858333333333333,0.860416666666667,0.8625,0.864583333333333,0.866666666666667,
0.86875,0.870833333333333,0.872916666666667,0.875,0.877083333333333,0.879166666666667,
0.88125,0.883333333333333,0.885416666666667,0.8875,0.889583333333333,0.891666666666667,
0.89375,0.895833333333333,0.897916666666667,0.9,0.902083333333333,0.904166666666667,
0.90625,0.908333333333333,0.910416666666667,0.9125,0.914583333333333,0.916666666666667,
0.91875,0.920833333333333,0.922916666666667,0.925,0.927083333333333,0.929166666666667,
0.93125,0.933333333333333,0.935416666666667,0.9375,0.939583333333333,0.941666666666667,
0.94375,0.945833333333333,0.947916666666667,0.95,0.952083333333333,0.954166666666667,
0.95625,0.958333333333333,0.960416666666667,0.9625,0.964583333333333,0.966666666666667,
0.96875,0.970833333333333,0.972916666666667,0.975,0.977083333333333,0.979166666666667,
0.98125,0.983333333333333,0.985416666666667,0.9875,0.989583333333333,0.991666666666667,
0.99375,0.995833333333333,0.997860324973062),.PIECEWISE_BEZIER_KNOTS.)
GEOMETRIC_REPRESENTATION_ITEM()
RATIONAL_B_SPLINE_SURFACE(((0.942611103731269,0.907655828951127,1.,0.866025403784439,
1.,0.866025403784439,1.,0.866025403784439,1.,0.866025403784439,1.,0.866025403784439,
1.,0.866025403784439,1.,0.866025403784439,1.,0.866025403784439,1.,0.866025403784439,
1.,0.866025403784439,1.,0.866025403784439,1.,0.866025403784439,1.,0.866025403784439,
1.,0.866025403784439,1.,0.866025403784439,1.,0.866025403784439,1.,0.866025403784439,
1.,0.866025403784439,1.,0.866025403784439,1.,0.866025403784439,1.,0.866025403784439,
1.,0.866025403784439,1.,0.866025403784439,1.,0.866025403784439,1.,0.866025403784439,
1.,0.866025403784439,1.,0.866025403784439,1.,0.866025403784439,1.,0.866025403784439,
1.,0.866025403784439,1.,0.866025403784439,1.,0.866025403784439,1.,0.866025403784439,
1.,0.866025403784439,1.,0.866025403784439,1.,0.866025403784439,1.,0.866025403784439,
1.,0.866025403784439,1.,0.866025403784439,1.,0.866025403784439,1.,0.866025403784439,
1.,0.866025403784439,1.,0.866025403784439,1.,0.866025403784439,1.,0.866025403784439,
1.,0.866025403784439,1.,0.866025403784439,1.,0.866025403784439,1.,0.866025403784439,
1.,0.866025403784439,1.,0.866025403784439,1.,0.866025403784439,1.,0.866025403784439,
1.,0.866025403784439,1.,0.866025403784439,1.,0.866025403784439,1.,0.866025403784439,
1.,0.866025403784439,1.,0.866025403784439,1.,0.866025403784439,1.,0.866025403784439,
1.,0.866025403784439,1.,0.866025403784439,1.,0.866025403784439,1.,0.866025403784439,
1.,0.866025403784439,1.,0.866025403784439,1.,0.866025403784439,1.,0.866025403784439,
1.,0.866025403784439,1.,0.866025403784439,1.,0.866025403784439,1.,0.866025403784439,
1.,0.866025403784439,1.,0.866025403784439,1.,0.866025403784439,1.,0.866025403784439,
1.,0.866025403784439,1.,0.866025403784439,1.,0.866025403784439,1.,0.866025403784439,
1.,0.866025403784439,1.,0.866025403784439,1.,0.866025403784439,1.,0.866025403784439,
1.,0.866025403784439,1.,0.866025403784439,1.,0.866025403784439,1.,0.866025403784439,
1.,0.866025403784439,1.,0.866025403784439,1.,0.866025403784439,1.,0.866025403784439,
1.,0.866025403784439,1.,0.866025403784439,1.,0.866025403784439,1.,0.866025403784439,
1.,0.866025403784439,1.,0.866025403784439,1.,0.866025403784439,1.,0.866025403784439,
1.,0.866025403784439,1.,0.866025403784439,1.,0.866025403784439,1.,0.866025403784439,
1.,0.866025403784439,1.,0.866025403784439,1.,0.866025403784439,1.,0.866025403784439,
1.,0.866025403784439,1.,0.866025403784439,1.,0.866025403784439,1.,0.866025403784439,
1.,0.866025403784439,1.,0.866025403784439,1.,0.866025403784439,1.,0.866025403784439,
1.,0.866025403784439,1.,0.866025403784439,1.,0.866025403784439,1.,0.866025403784439,
1.,0.866025403784439,1.,0.866025403784439,1.,0.866025403784439,1.,0.866025403784439,
1.,0.866025403784439,1.,0.866025403784439,1.,0.866025403784439,1.,0.866025403784439,
1.,0.866025403784439,1.,0.866025403784439,1.,0.866025403784439,1.,0.866025403784439,
1.,0.866025403784439,1.,0.866025403784439,1.,0.866025403784439,1.,0.866025403784439,
1.,0.866025403784439,1.,0.866025403784439,1.,0.866025403784439,1.,0.866025403784439,
1.,0.866025403784439,1.,0.866025403784439,1.,0.866025403784439,1.,0.866025403784439,
1.,0.866025403784439,1.,0.866025403784439,1.,0.866025403784439,1.,0.866025403784439,
1.,0.866025403784439,1.,0.866025403784439,1.,0.866025403784439,1.,0.866025403784439,
1.,0.866025403784439,1.,0.866025403784439,1.,0.866025403784439,1.,0.866025403784439,
1.,0.866025403784439,1.,0.866025403784439,1.,0.866025403784439,1.,0.866025403784439,
1.,0.866025403784439,1.,0.866025403784439,1.,0.866025403784439,1.,0.866025403784439,
1.,0.866025403784439,1.,0.866025403784439,1.,0.866025403784439,1.,0.866025403784439,
1.,0.866025403784439,1.,0.866025403784439,1.,0.866025403784439,1.,0.866025403784439,
1.,0.866025403784439,1.,0.866025403784439,1.,0.866025403784439,1.,0.866025403784439,
1.,0.866025403784439,1.,0.866025403784439,1.,0.866025403784439,1.,0.866025403784439,
1.,0.866025403784439,1.,0.866025403784439,1.,0.866025403784439,1.,0.866025403784439,
1.,0.866025403784439,1.,0.866025403784439,1.,0.866025403784439,1.,0.866025403784439,
1.,0.866025403784439,1.,0.866025403784439,1.,0.866025403784439,1.,0.866025403784439,
1.,0.866025403784439,1.,0.866025403784439,1.,0.866025403784439,1.,0.866025403784439,
1.,0.866025403784439,1.,0.866025403784439,1.,0.866025403784439,1.,0.866025403784439,
1.,0.866025403784439,1.,0.866025403784439,1.,0.866025403784439,1.,0.866025403784439,
1.,0.866025403784439,1.,0.866025403784439,1.,0.866025403784439,1.,0.866025403784439,
1.,0.866025403784439,1.,0.866025403784439,1.,0.866025403784439,1.,0.866025403784439,
1.,0.866025403784439,1.,0.866025403784439,1.,0.866025403784439,1.,0.866025403784439,
1.,0.866025403784439,1.,0.866025403784439,1.,0.866025403784439,1.,0.866025403784439,
1.,0.866025403784439,1.,0.866025403784439,1.,0.866025403784439,1.,0.866025403784439,
1.,0.866025403784439,1.,0.866025403784439,1.,0.866025403784439,1.,0.866025403784439,
1.,0.866025403784439,1.,0.866025403784439,1.,0.869648614496831,0.992949550889927),
(0.942611103731269,0.907655828951127,1.,0.866025403784439,1.,0.866025403784439,
1.,0.866025403784439,1.,0.866025403784439,1.,0.866025403784439,1.,0.866025403784439,
1.,0.866025403784439,1.,0.866025403784439,1.,0.866025403784439,1.,0.866025403784439,
1.,0.866025403784439,1.,0.866025403784439,1.,0.866025403784439,1.,0.866025403784439,
1.,0.866025403784439,1.,0.866025403784439,1.,0.866025403784439,1.,0.866025403784439,
1.,0.866025403784439,1.,0.866025403784439,1.,0.866025403784439,1.,0.866025403784439,
1.,0.866025403784439,1.,0.866025403784439,1.,0.866025403784439,1.,0.866025403784439,
1.,0.866025403784439,1.,0.866025403784439,1.,0.866025403784439,1.,0.866025403784439,
1.,0.866025403784439,1.,0.866025403784439,1.,0.866025403784439,1.,0.866025403784439,
1.,0.866025403784439,1.,0.866025403784439,1.,0.866025403784439,1.,0.866025403784439,
1.,0.866025403784439,1.,0.866025403784439,1.,0.866025403784439,1.,0.866025403784439,
1.,0.866025403784439,1.,0.866025403784439,1.,0.866025403784439,1.,0.866025403784439,
1.,0.866025403784439,1.,0.866025403784439,1.,0.866025403784439,1.,0.866025403784439,
1.,0.866025403784439,1.,0.866025403784439,1.,0.866025403784439,1.,0.866025403784439,
1.,0.866025403784439,1.,0.866025403784439,1.,0.866025403784439,1.,0.866025403784439,
1.,0.866025403784439,1.,0.866025403784439,1.,0.866025403784439,1.,0.866025403784439,
1.,0.866025403784439,1.,0.866025403784439,1.,0.866025403784439,1.,0.866025403784439,
1.,0.866025403784439,1.,0.866025403784439,1.,0.866025403784439,1.,0.866025403784439,
1.,0.866025403784439,1.,0.866025403784439,1.,0.866025403784439,1.,0.866025403784439,
1.,0.866025403784439,1.,0.866025403784439,1.,0.866025403784439,1.,0.866025403784439,
1.,0.866025403784439,1.,0.866025403784439,1.,0.866025403784439,1.,0.866025403784439,
1.,0.866025403784439,1.,0.866025403784439,1.,0.866025403784439,1.,0.866025403784439,
1.,0.866025403784439,1.,0.866025403784439,1.,0.866025403784439,1.,0.866025403784439,
1.,0.866025403784439,1.,0.866025403784439,1.,0.866025403784439,1.,0.866025403784439,
1.,0.866025403784439,1.,0.866025403784439,1.,0.866025403784439,1.,0.866025403784439,
1.,0.866025403784439,1.,0.866025403784439,1.,0.866025403784439,1.,0.866025403784439,
1.,0.866025403784439,1.,0.866025403784439,1.,0.866025403784439,1.,0.866025403784439,
1.,0.866025403784439,1.,0.866025403784439,1.,0.866025403784439,1.,0.866025403784439,
1.,0.866025403784439,1.,0.866025403784439,1.,0.866025403784439,1.,0.866025403784439,
1.,0.866025403784439,1.,0.866025403784439,1.,0.866025403784439,1.,0.866025403784439,
1.,0.866025403784439,1.,0.866025403784439,1.,0.866025403784439,1.,0.866025403784439,
1.,0.866025403784439,1.,0.866025403784439,1.,0.866025403784439,1.,0.866025403784439,
1.,0.866025403784439,1.,0.866025403784439,1.,0.866025403784439,1.,0.866025403784439,
1.,0.866025403784439,1.,0.866025403784439,1.,0.866025403784439,1.,0.866025403784439,
1.,0.866025403784439,1.,0.866025403784439,1.,0.866025403784439,1.,0.866025403784439,
1.,0.866025403784439,1.,0.866025403784439,1.,0.866025403784439,1.,0.866025403784439,
1.,0.866025403784439,1.,0.866025403784439,1.,0.866025403784439,1.,0.866025403784439,
1.,0.866025403784439,1.,0.866025403784439,1.,0.866025403784439,1.,0.866025403784439,
1.,0.866025403784439,1.,0.866025403784439,1.,0.866025403784439,1.,0.866025403784439,
1.,0.866025403784439,1.,0.866025403784439,1.,0.866025403784439,1.,0.866025403784439,
1.,0.866025403784439,1.,0.866025403784439,1.,0.866025403784439,1.,0.866025403784439,
1.,0.866025403784439,1.,0.866025403784439,1.,0.866025403784439,1.,0.866025403784439,
1.,0.866025403784439,1.,0.866025403784439,1.,0.866025403784439,1.,0.866025403784439,
1.,0.866025403784439,1.,0.866025403784439,1.,0.866025403784439,1.,0.866025403784439,
1.,0.866025403784439,1.,0.866025403784439,1.,0.866025403784439,1.,0.866025403784439,
1.,0.866025403784439,1.,0.866025403784439,1.,0.866025403784439,1.,0.866025403784439,
1.,0.866025403784439,1.,0.866025403784439,1.,0.866025403784439,1.,0.866025403784439,
1.,0.866025403784439,1.,0.866025403784439,1.,0.866025403784439,1.,0.866025403784439,
1.,0.866025403784439,1.,0.866025403784439,1.,0.866025403784439,1.,0.866025403784439,
1.,0.866025403784439,1.,0.866025403784439,1.,0.866025403784439,1.,0.866025403784439,
1.,0.866025403784439,1.,0.866025403784439,1.,0.866025403784439,1.,0.866025403784439,
1.,0.866025403784439,1.,0.866025403784439,1.,0.866025403784439,1.,0.866025403784439,
1.,0.866025403784439,1.,0.866025403784439,1.,0.866025403784439,1.,0.866025403784439,
1.,0.866025403784439,1.,0.866025403784439,1.,0.866025403784439,1.,0.866025403784439,
1.,0.866025403784439,1.,0.866025403784439,1.,0.866025403784439,1.,0.866025403784439,
1.,0.866025403784439,1.,0.866025403784439,1.,0.866025403784439,1.,0.866025403784439,
1.,0.866025403784439,1.,0.866025403784439,1.,0.866025403784439,1.,0.866025403784439,
1.,0.866025403784439,1.,0.866025403784439,1.,0.866025403784439,1.,0.866025403784439,
1.,0.866025403784439,1.,0.869648614496831,0.992949550889927)))
REPRESENTATION_ITEM('')
SURFACE()
);
#64=(
BOUNDED_SURFACE()
B_SPLINE_SURFACE(1,2,((#5175,#5176,#5177,#5178,#5179,#5180,#5181,#5182,
#5183,#5184,#5185,#5186,#5187,#5188,#5189,#5190,#5191,#5192,#5193,#5194,
#5195,#5196,#5197,#5198,#5199,#5200,#5201,#5202,#5203,#5204,#5205,#5206,
#5207,#5208,#5209,#5210,#5211,#5212,#5213,#5214,#5215,#5216,#5217,#5218,
#5219,#5220,#5221,#5222,#5223,#5224,#5225,#5226,#5227,#5228,#5229,#5230,
#5231,#5232,#5233,#5234,#5235,#5236,#5237,#5238,#5239,#5240,#5241,#5242,
#5243,#5244,#5245,#5246,#5247,#5248,#5249,#5250,#5251,#5252,#5253,#5254,
#5255,#5256,#5257,#5258,#5259,#5260,#5261,#5262,#5263,#5264,#5265,#5266,
#5267,#5268,#5269,#5270,#5271,#5272,#5273,#5274,#5275,#5276,#5277,#5278,
#5279,#5280,#5281,#5282,#5283,#5284,#5285,#5286,#5287,#5288,#5289,#5290,
#5291,#5292,#5293,#5294,#5295,#5296,#5297,#5298,#5299,#5300,#5301,#5302,
#5303,#5304,#5305,#5306,#5307,#5308,#5309,#5310,#5311,#5312,#5313,#5314,
#5315,#5316,#5317,#5318,#5319,#5320,#5321,#5322,#5323,#5324,#5325,#5326,
#5327,#5328,#5329,#5330,#5331,#5332,#5333,#5334,#5335,#5336,#5337,#5338,
#5339,#5340,#5341,#5342,#5343,#5344,#5345,#5346,#5347,#5348,#5349,#5350,
#5351,#5352,#5353,#5354,#5355,#5356,#5357,#5358,#5359,#5360,#5361,#5362,
#5363,#5364,#5365,#5366,#5367,#5368,#5369,#5370,#5371,#5372,#5373,#5374,
#5375,#5376,#5377,#5378,#5379,#5380,#5381,#5382,#5383,#5384,#5385,#5386,
#5387,#5388,#5389,#5390,#5391,#5392,#5393,#5394,#5395,#5396,#5397,#5398,
#5399,#5400,#5401,#5402,#5403,#5404,#5405,#5406,#5407,#5408,#5409,#5410,
#5411,#5412,#5413,#5414,#5415,#5416,#5417,#5418,#5419,#5420,#5421,#5422,
#5423,#5424,#5425,#5426,#5427,#5428,#5429,#5430,#5431,#5432,#5433,#5434,
#5435,#5436,#5437,#5438,#5439,#5440,#5441,#5442,#5443,#5444,#5445,#5446,
#5447,#5448,#5449,#5450,#5451,#5452,#5453,#5454,#5455,#5456,#5457,#5458,
#5459,#5460,#5461,#5462,#5463,#5464,#5465,#5466,#5467,#5468,#5469,#5470,
#5471,#5472,#5473,#5474,#5475,#5476,#5477,#5478,#5479,#5480,#5481,#5482,
#5483,#5484,#5485,#5486,#5487,#5488,#5489,#5490,#5491,#5492,#5493,#5494,
#5495,#5496,#5497,#5498,#5499,#5500,#5501,#5502,#5503,#5504,#5505,#5506,
#5507,#5508,#5509,#5510,#5511,#5512,#5513,#5514,#5515,#5516,#5517,#5518,
#5519,#5520,#5521,#5522,#5523,#5524,#5525,#5526,#5527,#5528,#5529,#5530,
#5531,#5532,#5533,#5534,#5535,#5536,#5537,#5538,#5539,#5540,#5541,#5542,
#5543,#5544,#5545,#5546,#5547,#5548,#5549,#5550,#5551,#5552,#5553,#5554,
#5555,#5556,#5557,#5558,#5559,#5560,#5561,#5562,#5563,#5564,#5565,#5566,
#5567,#5568,#5569,#5570,#5571,#5572,#5573,#5574,#5575,#5576,#5577,#5578,
#5579,#5580,#5581,#5582,#5583,#5584,#5585,#5586,#5587,#5588,#5589,#5590,
#5591,#5592,#5593,#5594,#5595,#5596,#5597,#5598,#5599,#5600,#5601,#5602,
#5603,#5604,#5605,#5606,#5607,#5608,#5609,#5610,#5611,#5612,#5613,#5614,
#5615,#5616,#5617,#5618,#5619,#5620,#5621,#5622,#5623,#5624,#5625,#5626,
#5627,#5628,#5629,#5630,#5631,#5632,#5633,#5634,#5635,#5636,#5637,#5638,
#5639),(#5640,#5641,#5642,#5643,#5644,#5645,#5646,#5647,#5648,#5649,#5650,
#5651,#5652,#5653,#5654,#5655,#5656,#5657,#5658,#5659,#5660,#5661,#5662,
#5663,#5664,#5665,#5666,#5667,#5668,#5669,#5670,#5671,#5672,#5673,#5674,
#5675,#5676,#5677,#5678,#5679,#5680,#5681,#5682,#5683,#5684,#5685,#5686,
#5687,#5688,#5689,#5690,#5691,#5692,#5693,#5694,#5695,#5696,#5697,#5698,
#5699,#5700,#5701,#5702,#5703,#5704,#5705,#5706,#5707,#5708,#5709,#5710,
#5711,#5712,#5713,#5714,#5715,#5716,#5717,#5718,#5719,#5720,#5721,#5722,
#5723,#5724,#5725,#5726,#5727,#5728,#5729,#5730,#5731,#5732,#5733,#5734,
#5735,#5736,#5737,#5738,#5739,#5740,#5741,#5742,#5743,#5744,#5745,#5746,
#5747,#5748,#5749,#5750,#5751,#5752,#5753,#5754,#5755,#5756,#5757,#5758,
#5759,#5760,#5761,#5762,#5763,#5764,#5765,#5766,#5767,#5768,#5769,#5770,
#5771,#5772,#5773,#5774,#5775,#5776,#5777,#5778,#5779,#5780,#5781,#5782,
#5783,#5784,#5785,#5786,#5787,#5788,#5789,#5790,#5791,#5792,#5793,#5794,
#5795,#5796,#5797,#5798,#5799,#5800,#5801,#5802,#5803,#5804,#5805,#5806,
#5807,#5808,#5809,#5810,#5811,#5812,#5813,#5814,#5815,#5816,#5817,#5818,
#5819,#5820,#5821,#5822,#5823,#5824,#5825,#5826,#5827,#5828,#5829,#5830,
#5831,#5832,#5833,#5834,#5835,#5836,#5837,#5838,#5839,#5840,#5841,#5842,
#5843,#5844,#5845,#5846,#5847,#5848,#5849,#5850,#5851,#5852,#5853,#5854,
#5855,#5856,#5857,#5858,#5859,#5860,#5861,#5862,#5863,#5864,#5865,#5866,
#5867,#5868,#5869,#5870,#5871,#5872,#5873,#5874,#5875,#5876,#5877,#5878,
#5879,#5880,#5881,#5882,#5883,#5884,#5885,#5886,#5887,#5888,#5889,#5890,
#5891,#5892,#5893,#5894,#5895,#5896,#5897,#5898,#5899,#5900,#5901,#5902,
#5903,#5904,#5905,#5906,#5907,#5908,#5909,#5910,#5911,#5912,#5913,#5914,
#5915,#5916,#5917,#5918,#5919,#5920,#5921,#5922,#5923,#5924,#5925,#5926,
#5927,#5928,#5929,#5930,#5931,#5932,#5933,#5934,#5935,#5936,#5937,#5938,
#5939,#5940,#5941,#5942,#5943,#5944,#5945,#5946,#5947,#5948,#5949,#5950,
#5951,#5952,#5953,#5954,#5955,#5956,#5957,#5958,#5959,#5960,#5961,#5962,
#5963,#5964,#5965,#5966,#5967,#5968,#5969,#5970,#5971,#5972,#5973,#5974,
#5975,#5976,#5977,#5978,#5979,#5980,#5981,#5982,#5983,#5984,#5985,#5986,
#5987,#5988,#5989,#5990,#5991,#5992,#5993,#5994,#5995,#5996,#5997,#5998,
#5999,#6000,#6001,#6002,#6003,#6004,#6005,#6006,#6007,#6008,#6009,#6010,
#6011,#6012,#6013,#6014,#6015,#6016,#6017,#6018,#6019,#6020,#6021,#6022,
#6023,#6024,#6025,#6026,#6027,#6028,#6029,#6030,#6031,#6032,#6033,#6034,
#6035,#6036,#6037,#6038,#6039,#6040,#6041,#6042,#6043,#6044,#6045,#6046,
#6047,#6048,#6049,#6050,#6051,#6052,#6053,#6054,#6055,#6056,#6057,#6058,
#6059,#6060,#6061,#6062,#6063,#6064,#6065,#6066,#6067,#6068,#6069,#6070,
#6071,#6072,#6073,#6074,#6075,#6076,#6077,#6078,#6079,#6080,#6081,#6082,
#6083,#6084,#6085,#6086,#6087,#6088,#6089,#6090,#6091,#6092,#6093,#6094,
#6095,#6096,#6097,#6098,#6099,#6100,#6101,#6102,#6103,#6104)),
 .UNSPECIFIED.,.F.,.F.,.F.)
B_SPLINE_SURFACE_WITH_KNOTS((2,2),(3,2,2,2,2,2,2,2,2,2,2,2,2,2,2,2,2,2,
2,2,2,2,2,2,2,2,2,2,2,2,2,2,2,2,2,2,2,2,2,2,2,2,2,2,2,2,2,2,2,2,2,2,2,2,
2,2,2,2,2,2,2,2,2,2,2,2,2,2,2,2,2,2,2,2,2,2,2,2,2,2,2,2,2,2,2,2,2,2,2,2,
2,2,2,2,2,2,2,2,2,2,2,2,2,2,2,2,2,2,2,2,2,2,2,2,2,2,2,2,2,2,2,2,2,2,2,2,
2,2,2,2,2,2,2,2,2,2,2,2,2,2,2,2,2,2,2,2,2,2,2,2,2,2,2,2,2,2,2,2,2,2,2,2,
2,2,2,2,2,2,2,2,2,2,2,2,2,2,2,2,2,2,2,2,2,2,2,2,2,2,2,2,2,2,2,2,2,2,2,2,
2,2,2,2,2,2,2,2,2,2,2,2,2,2,2,2,2,2,2,2,2,2,2,2,2,2,2,2,2,2,2,2,2,2,3),
(0.,1.),(0.518193811275413,0.51875,0.520833333333333,0.522916666666667,
0.525,0.527083333333333,0.529166666666667,0.53125,0.533333333333333,0.535416666666667,
0.5375,0.539583333333333,0.541666666666667,0.54375,0.545833333333333,0.547916666666667,
0.55,0.552083333333333,0.554166666666667,0.55625,0.558333333333333,0.560416666666667,
0.5625,0.564583333333333,0.566666666666667,0.56875,0.570833333333333,0.572916666666667,
0.575,0.577083333333333,0.579166666666667,0.58125,0.583333333333333,0.585416666666667,
0.5875,0.589583333333333,0.591666666666667,0.59375,0.595833333333333,0.597916666666667,
0.6,0.602083333333333,0.604166666666667,0.60625,0.608333333333333,0.610416666666667,
0.6125,0.614583333333333,0.616666666666667,0.61875,0.620833333333333,0.622916666666667,
0.625,0.627083333333333,0.629166666666667,0.63125,0.633333333333333,0.635416666666667,
0.6375,0.639583333333333,0.641666666666667,0.64375,0.645833333333333,0.647916666666667,
0.65,0.652083333333333,0.654166666666667,0.65625,0.658333333333333,0.660416666666667,
0.6625,0.664583333333333,0.666666666666667,0.66875,0.670833333333333,0.672916666666667,
0.675,0.677083333333333,0.679166666666667,0.68125,0.683333333333333,0.685416666666667,
0.6875,0.689583333333333,0.691666666666667,0.69375,0.695833333333333,0.697916666666667,
0.7,0.702083333333333,0.704166666666667,0.70625,0.708333333333333,0.710416666666667,
0.7125,0.714583333333333,0.716666666666667,0.71875,0.720833333333333,0.722916666666667,
0.725,0.727083333333333,0.729166666666667,0.73125,0.733333333333333,0.735416666666667,
0.7375,0.739583333333333,0.741666666666667,0.74375,0.745833333333333,0.747916666666667,
0.75,0.752083333333333,0.754166666666667,0.75625,0.758333333333333,0.760416666666667,
0.7625,0.764583333333333,0.766666666666667,0.76875,0.770833333333333,0.772916666666667,
0.775,0.777083333333333,0.779166666666667,0.78125,0.783333333333333,0.785416666666667,
0.7875,0.789583333333333,0.791666666666667,0.79375,0.795833333333333,0.797916666666667,
0.8,0.802083333333333,0.804166666666667,0.80625,0.808333333333333,0.810416666666667,
0.8125,0.814583333333333,0.816666666666667,0.81875,0.820833333333333,0.822916666666667,
0.825,0.827083333333333,0.829166666666667,0.83125,0.833333333333333,0.835416666666667,
0.8375,0.839583333333333,0.841666666666667,0.84375,0.845833333333333,0.847916666666667,
0.85,0.852083333333333,0.854166666666667,0.85625,0.858333333333333,0.860416666666667,
0.8625,0.864583333333333,0.866666666666667,0.86875,0.870833333333333,0.872916666666667,
0.875,0.877083333333333,0.879166666666667,0.88125,0.883333333333333,0.885416666666667,
0.8875,0.889583333333333,0.891666666666667,0.89375,0.895833333333333,0.897916666666667,
0.9,0.902083333333333,0.904166666666667,0.90625,0.908333333333333,0.910416666666667,
0.9125,0.914583333333333,0.916666666666667,0.91875,0.920833333333333,0.922916666666667,
0.925,0.927083333333333,0.929166666666667,0.93125,0.933333333333333,0.935416666666667,
0.9375,0.939583333333333,0.941666666666667,0.94375,0.945833333333333,0.947916666666667,
0.95,0.952083333333333,0.954166666666667,0.95625,0.958333333333333,0.960416666666667,
0.9625,0.964583333333333,0.966666666666667,0.96875,0.970833333333333,0.972916666666667,
0.975,0.977083333333333,0.979166666666667,0.98125,0.983333333333333,0.985416666666667,
0.9875,0.989583333333333,0.991666666666667,0.99375,0.995833333333333,0.997916666666667,
1.),.PIECEWISE_BEZIER_KNOTS.)
GEOMETRIC_REPRESENTATION_ITEM()
RATIONAL_B_SPLINE_SURFACE(((0.947563068366154,0.964232723297832,1.,0.866025403784439,
1.,0.866025403784439,1.,0.866025403784439,1.,0.866025403784439,1.,0.866025403784439,
1.,0.866025403784439,1.,0.866025403784439,1.,0.866025403784439,1.,0.866025403784439,
1.,0.866025403784439,1.,0.866025403784439,1.,0.866025403784439,1.,0.866025403784439,
1.,0.866025403784439,1.,0.866025403784439,1.,0.866025403784439,1.,0.866025403784439,
1.,0.866025403784439,1.,0.866025403784439,1.,0.866025403784439,1.,0.866025403784439,
1.,0.866025403784439,1.,0.866025403784439,1.,0.866025403784439,1.,0.866025403784439,
1.,0.866025403784439,1.,0.866025403784439,1.,0.866025403784439,1.,0.866025403784439,
1.,0.866025403784439,1.,0.866025403784439,1.,0.866025403784439,1.,0.866025403784439,
1.,0.866025403784439,1.,0.866025403784439,1.,0.866025403784439,1.,0.866025403784439,
1.,0.866025403784439,1.,0.866025403784439,1.,0.866025403784439,1.,0.866025403784439,
1.,0.866025403784439,1.,0.866025403784439,1.,0.866025403784439,1.,0.866025403784439,
1.,0.866025403784439,1.,0.866025403784439,1.,0.866025403784439,1.,0.866025403784439,
1.,0.866025403784439,1.,0.866025403784439,1.,0.866025403784439,1.,0.866025403784439,
1.,0.866025403784439,1.,0.866025403784439,1.,0.866025403784439,1.,0.866025403784439,
1.,0.866025403784439,1.,0.866025403784439,1.,0.866025403784439,1.,0.866025403784439,
1.,0.866025403784439,1.,0.866025403784439,1.,0.866025403784439,1.,0.866025403784439,
1.,0.866025403784439,1.,0.866025403784439,1.,0.866025403784439,1.,0.866025403784439,
1.,0.866025403784439,1.,0.866025403784439,1.,0.866025403784439,1.,0.866025403784439,
1.,0.866025403784439,1.,0.866025403784439,1.,0.866025403784439,1.,0.866025403784439,
1.,0.866025403784439,1.,0.866025403784439,1.,0.866025403784439,1.,0.866025403784439,
1.,0.866025403784439,1.,0.866025403784439,1.,0.866025403784439,1.,0.866025403784439,
1.,0.866025403784439,1.,0.866025403784439,1.,0.866025403784439,1.,0.866025403784439,
1.,0.866025403784439,1.,0.866025403784439,1.,0.866025403784439,1.,0.866025403784439,
1.,0.866025403784439,1.,0.866025403784439,1.,0.866025403784439,1.,0.866025403784439,
1.,0.866025403784439,1.,0.866025403784439,1.,0.866025403784439,1.,0.866025403784439,
1.,0.866025403784439,1.,0.866025403784439,1.,0.866025403784439,1.,0.866025403784439,
1.,0.866025403784439,1.,0.866025403784439,1.,0.866025403784439,1.,0.866025403784439,
1.,0.866025403784439,1.,0.866025403784439,1.,0.866025403784439,1.,0.866025403784439,
1.,0.866025403784439,1.,0.866025403784439,1.,0.866025403784439,1.,0.866025403784439,
1.,0.866025403784439,1.,0.866025403784439,1.,0.866025403784439,1.,0.866025403784439,
1.,0.866025403784439,1.,0.866025403784439,1.,0.866025403784439,1.,0.866025403784439,
1.,0.866025403784439,1.,0.866025403784439,1.,0.866025403784439,1.,0.866025403784439,
1.,0.866025403784439,1.,0.866025403784439,1.,0.866025403784439,1.,0.866025403784439,
1.,0.866025403784439,1.,0.866025403784439,1.,0.866025403784439,1.,0.866025403784439,
1.,0.866025403784439,1.,0.866025403784439,1.,0.866025403784439,1.,0.866025403784439,
1.,0.866025403784439,1.,0.866025403784439,1.,0.866025403784439,1.,0.866025403784439,
1.,0.866025403784439,1.,0.866025403784439,1.,0.866025403784439,1.,0.866025403784439,
1.,0.866025403784439,1.,0.866025403784439,1.,0.866025403784439,1.,0.866025403784439,
1.,0.866025403784439,1.,0.866025403784439,1.,0.866025403784439,1.,0.866025403784439,
1.,0.866025403784439,1.,0.866025403784439,1.,0.866025403784439,1.,0.866025403784439,
1.,0.866025403784439,1.,0.866025403784439,1.,0.866025403784439,1.,0.866025403784439,
1.,0.866025403784439,1.,0.866025403784439,1.,0.866025403784439,1.,0.866025403784439,
1.,0.866025403784439,1.,0.866025403784439,1.,0.866025403784439,1.,0.866025403784439,
1.,0.866025403784439,1.,0.866025403784439,1.,0.866025403784439,1.,0.866025403784439,
1.,0.866025403784439,1.,0.866025403784439,1.,0.866025403784439,1.,0.866025403784439,
1.,0.866025403784439,1.,0.866025403784439,1.,0.866025403784439,1.,0.866025403784439,
1.,0.866025403784439,1.,0.866025403784439,1.,0.866025403784439,1.,0.866025403784439,
1.,0.866025403784439,1.,0.866025403784439,1.,0.866025403784439,1.,0.866025403784439,
1.,0.866025403784439,1.,0.866025403784439,1.,0.866025403784439,1.,0.866025403784439,
1.,0.866025403784439,1.,0.866025403784439,1.,0.866025403784439,1.,0.866025403784439,
1.,0.866025403784439,1.,0.866025403784439,1.,0.866025403784439,1.,0.866025403784439,
1.,0.866025403784439,1.,0.866025403784439,1.,0.866025403784439,1.,0.866025403784439,
1.,0.866025403784439,1.,0.866025403784439,1.,0.866025403784439,1.,0.866025403784439,
1.,0.866025403784439,1.,0.866025403784439,1.,0.866025403784439,1.,0.866025403784439,
1.,0.866025403784439,1.,0.866025403784439,1.,0.866025403784439,1.,0.866025403784439,
1.,0.866025403784439,1.,0.866025403784439,1.,0.866025403784439,1.,0.866025403784439,
1.,0.866025403784439,1.,0.866025403784439,1.,0.866025403784439,1.,0.866025403784439,
1.,0.866025403784439,1.,0.866025403784439,1.),(0.947563068366154,0.964232723297832,
1.,0.866025403784439,1.,0.866025403784439,1.,0.866025403784439,1.,0.866025403784439,
1.,0.866025403784439,1.,0.866025403784439,1.,0.866025403784439,1.,0.866025403784439,
1.,0.866025403784439,1.,0.866025403784439,1.,0.866025403784439,1.,0.866025403784439,
1.,0.866025403784439,1.,0.866025403784439,1.,0.866025403784439,1.,0.866025403784439,
1.,0.866025403784439,1.,0.866025403784439,1.,0.866025403784439,1.,0.866025403784439,
1.,0.866025403784439,1.,0.866025403784439,1.,0.866025403784439,1.,0.866025403784439,
1.,0.866025403784439,1.,0.866025403784439,1.,0.866025403784439,1.,0.866025403784439,
1.,0.866025403784439,1.,0.866025403784439,1.,0.866025403784439,1.,0.866025403784439,
1.,0.866025403784439,1.,0.866025403784439,1.,0.866025403784439,1.,0.866025403784439,
1.,0.866025403784439,1.,0.866025403784439,1.,0.866025403784439,1.,0.866025403784439,
1.,0.866025403784439,1.,0.866025403784439,1.,0.866025403784439,1.,0.866025403784439,
1.,0.866025403784439,1.,0.866025403784439,1.,0.866025403784439,1.,0.866025403784439,
1.,0.866025403784439,1.,0.866025403784439,1.,0.866025403784439,1.,0.866025403784439,
1.,0.866025403784439,1.,0.866025403784439,1.,0.866025403784439,1.,0.866025403784439,
1.,0.866025403784439,1.,0.866025403784439,1.,0.866025403784439,1.,0.866025403784439,
1.,0.866025403784439,1.,0.866025403784439,1.,0.866025403784439,1.,0.866025403784439,
1.,0.866025403784439,1.,0.866025403784439,1.,0.866025403784439,1.,0.866025403784439,
1.,0.866025403784439,1.,0.866025403784439,1.,0.866025403784439,1.,0.866025403784439,
1.,0.866025403784439,1.,0.866025403784439,1.,0.866025403784439,1.,0.866025403784439,
1.,0.866025403784439,1.,0.866025403784439,1.,0.866025403784439,1.,0.866025403784439,
1.,0.866025403784439,1.,0.866025403784439,1.,0.866025403784439,1.,0.866025403784439,
1.,0.866025403784439,1.,0.866025403784439,1.,0.866025403784439,1.,0.866025403784439,
1.,0.866025403784439,1.,0.866025403784439,1.,0.866025403784439,1.,0.866025403784439,
1.,0.866025403784439,1.,0.866025403784439,1.,0.866025403784439,1.,0.866025403784439,
1.,0.866025403784439,1.,0.866025403784439,1.,0.866025403784439,1.,0.866025403784439,
1.,0.866025403784439,1.,0.866025403784439,1.,0.866025403784439,1.,0.866025403784439,
1.,0.866025403784439,1.,0.866025403784439,1.,0.866025403784439,1.,0.866025403784439,
1.,0.866025403784439,1.,0.866025403784439,1.,0.866025403784439,1.,0.866025403784439,
1.,0.866025403784439,1.,0.866025403784439,1.,0.866025403784439,1.,0.866025403784439,
1.,0.866025403784439,1.,0.866025403784439,1.,0.866025403784439,1.,0.866025403784439,
1.,0.866025403784439,1.,0.866025403784439,1.,0.866025403784439,1.,0.866025403784439,
1.,0.866025403784439,1.,0.866025403784439,1.,0.866025403784439,1.,0.866025403784439,
1.,0.866025403784439,1.,0.866025403784439,1.,0.866025403784439,1.,0.866025403784439,
1.,0.866025403784439,1.,0.866025403784439,1.,0.866025403784439,1.,0.866025403784439,
1.,0.866025403784439,1.,0.866025403784439,1.,0.866025403784439,1.,0.866025403784439,
1.,0.866025403784439,1.,0.866025403784439,1.,0.866025403784439,1.,0.866025403784439,
1.,0.866025403784439,1.,0.866025403784439,1.,0.866025403784439,1.,0.866025403784439,
1.,0.866025403784439,1.,0.866025403784439,1.,0.866025403784439,1.,0.866025403784439,
1.,0.866025403784439,1.,0.866025403784439,1.,0.866025403784439,1.,0.866025403784439,
1.,0.866025403784439,1.,0.866025403784439,1.,0.866025403784439,1.,0.866025403784439,
1.,0.866025403784439,1.,0.866025403784439,1.,0.866025403784439,1.,0.866025403784439,
1.,0.866025403784439,1.,0.866025403784439,1.,0.866025403784439,1.,0.866025403784439,
1.,0.866025403784439,1.,0.866025403784439,1.,0.866025403784439,1.,0.866025403784439,
1.,0.866025403784439,1.,0.866025403784439,1.,0.866025403784439,1.,0.866025403784439,
1.,0.866025403784439,1.,0.866025403784439,1.,0.866025403784439,1.,0.866025403784439,
1.,0.866025403784439,1.,0.866025403784439,1.,0.866025403784439,1.,0.866025403784439,
1.,0.866025403784439,1.,0.866025403784439,1.,0.866025403784439,1.,0.866025403784439,
1.,0.866025403784439,1.,0.866025403784439,1.,0.866025403784439,1.,0.866025403784439,
1.,0.866025403784439,1.,0.866025403784439,1.,0.866025403784439,1.,0.866025403784439,
1.,0.866025403784439,1.,0.866025403784439,1.,0.866025403784439,1.,0.866025403784439,
1.,0.866025403784439,1.,0.866025403784439,1.,0.866025403784439,1.,0.866025403784439,
1.,0.866025403784439,1.,0.866025403784439,1.,0.866025403784439,1.,0.866025403784439,
1.,0.866025403784439,1.,0.866025403784439,1.,0.866025403784439,1.,0.866025403784439,
1.,0.866025403784439,1.,0.866025403784439,1.,0.866025403784439,1.,0.866025403784439,
1.,0.866025403784439,1.,0.866025403784439,1.,0.866025403784439,1.,0.866025403784439,
1.,0.866025403784439,1.,0.866025403784439,1.,0.866025403784439,1.,0.866025403784439,
1.,0.866025403784439,1.,0.866025403784439,1.,0.866025403784439,1.,0.866025403784439,
1.,0.866025403784439,1.,0.866025403784439,1.,0.866025403784439,1.)))
REPRESENTATION_ITEM('')
SURFACE()
);
#65=(
BOUNDED_CURVE()
B_SPLINE_CURVE(2,(#375,#376,#377,#378,#379,#380,#381,#382,#383,#384,#385,
#386,#387,#388,#389,#390,#391,#392,#393,#394,#395,#396,#397,#398,#399,#400,
#401,#402,#403,#404,#405,#406,#407,#408,#409,#410,#411,#412,#413,#414,#415,
#416,#417,#418,#419,#420,#421,#422,#423,#424,#425,#426,#427,#428,#429,#430,
#431,#432,#433,#434,#435,#436,#437,#438,#439,#440,#441,#442,#443,#444,#445,
#446,#447,#448,#449,#450,#451,#452,#453,#454,#455,#456,#457,#458,#459,#460,
#461,#462,#463,#464,#465,#466,#467,#468,#469,#470,#471,#472,#473,#474,#475,
#476,#477,#478,#479,#480,#481,#482,#483,#484,#485,#486,#487,#488,#489,#490,
#491,#492,#493,#494,#495,#496,#497,#498,#499,#500,#501,#502,#503,#504,#505,
#506,#507,#508,#509,#510,#511,#512,#513,#514,#515,#516,#517,#518,#519,#520,
#521,#522,#523,#524,#525,#526,#527,#528,#529,#530,#531,#532,#533,#534,#535,
#536,#537,#538,#539,#540,#541,#542,#543,#544,#545,#546,#547,#548,#549,#550,
#551,#552,#553,#554,#555,#556,#557,#558,#559,#560,#561,#562,#563,#564,#565,
#566,#567,#568,#569,#570,#571,#572,#573,#574,#575,#576,#577,#578,#579,#580,
#581,#582,#583,#584,#585,#586,#587,#588,#589,#590,#591,#592,#593,#594,#595,
#596,#597,#598,#599,#600,#601,#602,#603,#604,#605,#606,#607,#608,#609,#610,
#611,#612,#613,#614,#615,#616,#617,#618,#619,#620,#621,#622,#623,#624,#625,
#626,#627,#628,#629,#630,#631,#632,#633,#634,#635,#636,#637,#638,#639,#640,
#641,#642,#643,#644,#645,#646,#647,#648,#649,#650,#651,#652,#653,#654,#655,
#656,#657,#658,#659,#660,#661,#662,#663,#664,#665,#666,#667,#668,#669,#670,
#671,#672,#673,#674,#675,#676,#677,#678,#679,#680,#681,#682,#683,#684,#685,
#686,#687,#688,#689,#690,#691,#692,#693,#694,#695,#696,#697,#698,#699,#700,
#701,#702,#703,#704,#705,#706,#707,#708,#709,#710,#711,#712,#713,#714,#715,
#716,#717,#718,#719,#720,#721,#722,#723,#724,#725,#726,#727,#728,#729,#730,
#731,#732,#733,#734,#735,#736,#737,#738,#739,#740,#741,#742,#743,#744,#745,
#746,#747,#748,#749,#750,#751,#752,#753,#754,#755,#756,#757,#758,#759,#760,
#761,#762,#763,#764,#765,#766,#767,#768,#769,#770,#771,#772,#773,#774,#775,
#776,#777,#778,#779,#780,#781,#782,#783,#784,#785,#786,#787,#788,#789,#790,
#791,#792,#793,#794,#795,#796,#797,#798,#799,#800,#801,#802,#803,#804,#805,
#806,#807,#808,#809,#810,#811,#812,#813,#814,#815,#816,#817,#818,#819,#820,
#821,#822,#823,#824,#825,#826,#827,#828,#829,#830,#831,#832,#833,#834,#835,
#836,#837,#838,#839,#840,#841,#842,#843,#844,#845,#846,#847,#848,#849,#850,
#851,#852,#853,#854,#855,#856,#857,#858,#859,#860,#861,#862,#863,#864,#865,
#866,#867,#868,#869,#870,#871,#872,#873,#874,#875,#876,#877,#878,#879,#880,
#881,#882,#883,#884,#885,#886,#887,#888,#889,#890,#891,#892,#893,#894,#895,
#896,#897,#898,#899,#900,#901,#902,#903,#904,#905,#906,#907,#908,#909,#910,
#911,#912,#913,#914,#915,#916,#917,#918,#919,#920,#921,#922,#923,#924,#925,
#926,#927,#928,#929,#930,#931,#932,#933,#934,#935,#936,#937,#938,#939,#940,
#941,#942,#943,#944,#945,#946,#947,#948,#949,#950,#951,#952,#953,#954,#955,
#956,#957,#958,#959,#960,#961,#962,#963,#964,#965,#966,#967,#968,#969,#970,
#971,#972,#973,#974,#975,#976,#977,#978,#979,#980,#981,#982,#983,#984,#985,
#986,#987,#988,#989,#990,#991,#992,#993,#994,#995,#996,#997,#998,#999,#1000,
#1001,#1002,#1003,#1004,#1005,#1006,#1007,#1008,#1009,#1010,#1011,#1012,
#1013,#1014,#1015,#1016,#1017,#1018,#1019,#1020,#1021,#1022,#1023,#1024,
#1025,#1026,#1027,#1028,#1029,#1030,#1031,#1032,#1033,#1034,#1035,#1036,
#1037,#1038,#1039,#1040,#1041,#1042,#1043,#1044,#1045,#1046,#1047,#1048,
#1049,#1050,#1051,#1052,#1053,#1054,#1055,#1056,#1057,#1058,#1059,#1060,
#1061,#1062,#1063,#1064,#1065,#1066,#1067,#1068,#1069,#1070,#1071,#1072,
#1073,#1074,#1075,#1076,#1077,#1078,#1079,#1080,#1081,#1082,#1083,#1084,
#1085,#1086,#1087,#1088,#1089,#1090,#1091,#1092,#1093,#1094,#1095,#1096,
#1097,#1098,#1099,#1100,#1101,#1102,#1103,#1104,#1105,#1106,#1107,#1108,
#1109,#1110,#1111,#1112,#1113,#1114,#1115,#1116,#1117,#1118,#1119,#1120,
#1121,#1122,#1123,#1124,#1125,#1126,#1127,#1128,#1129,#1130,#1131,#1132,
#1133,#1134,#1135,#1136,#1137,#1138,#1139,#1140,#1141,#1142,#1143,#1144,
#1145,#1146,#1147,#1148,#1149,#1150,#1151,#1152,#1153,#1154,#1155,#1156,
#1157,#1158,#1159,#1160,#1161,#1162,#1163,#1164,#1165,#1166,#1167,#1168,
#1169,#1170,#1171,#1172,#1173,#1174,#1175,#1176,#1177,#1178,#1179,#1180,
#1181,#1182,#1183,#1184,#1185,#1186,#1187,#1188,#1189,#1190,#1191,#1192,
#1193,#1194,#1195,#1196,#1197,#1198,#1199,#1200,#1201,#1202,#1203,#1204,
#1205,#1206,#1207,#1208,#1209,#1210,#1211,#1212,#1213,#1214,#1215,#1216,
#1217,#1218,#1219,#1220,#1221,#1222,#1223,#1224,#1225,#1226,#1227,#1228,
#1229,#1230,#1231,#1232,#1233,#1234,#1235,#1236,#1237,#1238,#1239,#1240,
#1241,#1242,#1243,#1244,#1245,#1246,#1247,#1248,#1249,#1250,#1251,#1252,
#1253,#1254,#1255,#1256,#1257,#1258,#1259,#1260,#1261,#1262,#1263,#1264,
#1265,#1266,#1267,#1268,#1269,#1270,#1271,#1272,#1273,#1274,#1275,#1276,
#1277,#1278,#1279,#1280,#1281,#1282,#1283,#1284,#1285,#1286,#1287,#1288,
#1289,#1290,#1291,#1292,#1293,#1294,#1295,#1296,#1297,#1298,#1299,#1300,
#1301,#1302,#1303,#1304,#1305,#1306,#1307,#1308,#1309,#1310,#1311,#1312,
#1313,#1314,#1315,#1316,#1317,#1318,#1319,#1320,#1321,#1322,#1323,#1324,
#1325,#1326,#1327,#1328,#1329,#1330,#1331,#1332,#1333,#1334,#1335),
 .UNSPECIFIED.,.F.,.F.)
B_SPLINE_CURVE_WITH_KNOTS((3,2,2,2,2,2,2,2,2,2,2,2,2,2,2,2,2,2,2,2,2,2,
2,2,2,2,2,2,2,2,2,2,2,2,2,2,2,2,2,2,2,2,2,2,2,2,2,2,2,2,2,2,2,2,2,2,2,2,
2,2,2,2,2,2,2,2,2,2,2,2,2,2,2,2,2,2,2,2,2,2,2,2,2,2,2,2,2,2,2,2,2,2,2,2,
2,2,2,2,2,2,2,2,2,2,2,2,2,2,2,2,2,2,2,2,2,2,2,2,2,2,2,2,2,2,2,2,2,2,2,2,
2,2,2,2,2,2,2,2,2,2,2,2,2,2,2,2,2,2,2,2,2,2,2,2,2,2,2,2,2,2,2,2,2,2,2,2,
2,2,2,2,2,2,2,2,2,2,2,2,2,2,2,2,2,2,2,2,2,2,2,2,2,2,2,2,2,2,2,2,2,2,2,2,
2,2,2,2,2,2,2,2,2,2,2,2,2,2,2,2,2,2,2,2,2,2,2,2,2,2,2,2,2,2,2,2,2,2,2,2,
2,2,2,2,2,2,2,2,2,2,2,2,2,2,2,2,2,2,2,2,2,2,2,2,2,2,2,2,2,2,2,2,2,2,2,2,
2,2,2,2,2,2,2,2,2,2,2,2,2,2,2,2,2,2,2,2,2,2,2,2,2,2,2,2,2,2,2,2,2,2,2,2,
2,2,2,2,2,2,2,2,2,2,2,2,2,2,2,2,2,2,2,2,2,2,2,2,2,2,2,2,2,2,2,2,2,2,2,2,
2,2,2,2,2,2,2,2,2,2,2,2,2,2,2,2,2,2,2,2,2,2,2,2,2,2,2,2,2,2,2,2,2,2,2,2,
2,2,2,2,2,2,2,2,2,2,2,2,2,2,2,2,2,2,2,2,2,2,2,2,2,2,2,2,2,2,2,2,2,2,2,2,
2,2,2,2,2,2,2,2,2,2,2,2,2,2,2,2,2,2,2,2,2,2,2,2,2,2,2,2,2,2,2,2,2,2,2,2,
2,2,2,2,2,2,2,2,2,2,2,2,2,2,2,2,2,2,2,2,2,2,2,2,2,2,3),(0.,0.00208333333333334,
0.00416666666666666,0.00625,0.00833333333333333,0.0104166666666667,0.0125,
0.0145833333333333,0.0166666666666666,0.01875,0.0208333333333333,0.0229166666666667,
0.025,0.0270833333333334,0.0291666666666666,0.03125,0.0333333333333333,
0.0354166666666667,0.0375,0.0395833333333334,0.0416666666666667,0.04375,
0.0458333333333333,0.0479166666666667,0.05,0.0520833333333333,0.0541666666666667,
0.05625,0.0583333333333333,0.0604166666666667,0.0625,0.0645833333333333,
0.0666666666666667,0.06875,0.0708333333333333,0.0729166666666667,0.075,
0.0770833333333333,0.0791666666666667,0.08125,0.0833333333333333,0.0854166666666667,
0.0875,0.0895833333333333,0.0916666666666667,0.09375,0.0958333333333333,
0.0979166666666667,0.1,0.102083333333333,0.104166666666667,0.10625,0.108333333333333,
0.110416666666667,0.1125,0.114583333333333,0.116666666666667,0.11875,0.120833333333333,
0.122916666666667,0.125,0.127083333333333,0.129166666666667,0.13125,0.133333333333333,
0.135416666666667,0.1375,0.139583333333333,0.141666666666667,0.14375,0.145833333333333,
0.147916666666667,0.15,0.152083333333334,0.154166666666667,0.15625,0.158333333333333,
0.160416666666667,0.1625,0.164583333333333,0.166666666666667,0.16875,0.170833333333334,
0.172916666666666,0.175,0.177083333333334,0.179166666666667,0.18125,0.183333333333334,
0.185416666666667,0.1875,0.189583333333333,0.191666666666667,0.19375,0.195833333333333,
0.197916666666667,0.2,0.202083333333334,0.204166666666666,0.20625,0.208333333333334,
0.210416666666667,0.2125,0.214583333333334,0.216666666666667,0.21875,0.220833333333333,
0.222916666666667,0.225,0.227083333333333,0.229166666666666,0.23125,0.233333333333334,
0.235416666666666,0.2375,0.239583333333334,0.241666666666667,0.24375,0.245833333333333,
0.247916666666667,0.25,0.252083333333334,0.254166666666666,0.25625,0.258333333333334,
0.260416666666667,0.2625,0.264583333333334,0.266666666666666,0.26875,0.270833333333334,
0.272916666666666,0.275,0.277083333333334,0.279166666666667,0.28125,0.283333333333334,
0.285416666666666,0.2875,0.289583333333334,0.291666666666667,0.29375,0.295833333333334,
0.297916666666666,0.3,0.302083333333334,0.304166666666666,0.30625,0.308333333333334,
0.310416666666667,0.3125,0.314583333333334,0.316666666666666,0.31875,0.320833333333334,
0.322916666666667,0.325,0.327083333333334,0.329166666666666,0.33125,0.333333333333334,
0.335416666666666,0.3375,0.339583333333334,0.341666666666667,0.34375,0.345833333333334,
0.347916666666666,0.35,0.352083333333334,0.354166666666667,0.35625,0.358333333333334,
0.360416666666666,0.3625,0.364583333333334,0.366666666666666,0.36875,0.370833333333334,
0.372916666666667,0.375,0.377083333333334,0.379166666666666,0.38125,0.383333333333334,
0.385416666666667,0.3875,0.389583333333334,0.391666666666666,0.39375,0.395833333333334,
0.397916666666666,0.4,0.402083333333334,0.404166666666667,0.40625,0.408333333333334,
0.410416666666666,0.4125,0.414583333333334,0.416666666666667,0.41875,0.420833333333334,
0.422916666666666,0.425,0.427083333333334,0.429166666666666,0.43125,0.433333333333334,
0.435416666666667,0.4375,0.439583333333334,0.441666666666666,0.44375,0.445833333333334,
0.447916666666667,0.45,0.452083333333333,0.454166666666667,0.45625,0.458333333333333,
0.460416666666667,0.4625,0.464583333333333,0.466666666666667,0.46875,0.470833333333333,
0.472916666666667,0.475,0.477083333333333,0.479166666666667,0.48125,0.483333333333333,
0.485416666666667,0.4875,0.489583333333333,0.491666666666667,0.49375,0.495833333333333,
0.497916666666667,0.5,0.502083333333333,0.504166666666667,0.50625,0.508333333333333,
0.510416666666667,0.5125,0.514583333333333,0.516666666666667,0.51875,0.520833333333333,
0.522916666666667,0.525,0.527083333333333,0.529166666666667,0.53125,0.533333333333333,
0.535416666666667,0.5375,0.539583333333333,0.541666666666667,0.54375,0.545833333333333,
0.547916666666667,0.55,0.552083333333333,0.554166666666667,0.55625,0.558333333333333,
0.560416666666667,0.5625,0.564583333333333,0.566666666666667,0.56875,0.570833333333333,
0.572916666666667,0.575,0.577083333333333,0.579166666666667,0.58125,0.583333333333333,
0.585416666666667,0.5875,0.589583333333333,0.591666666666667,0.59375,0.595833333333333,
0.597916666666667,0.6,0.602083333333333,0.604166666666667,0.60625,0.608333333333333,
0.610416666666667,0.6125,0.614583333333333,0.616666666666667,0.61875,0.620833333333333,
0.622916666666667,0.625,0.627083333333333,0.629166666666667,0.63125,0.633333333333333,
0.635416666666667,0.6375,0.639583333333333,0.641666666666667,0.64375,0.645833333333333,
0.647916666666667,0.65,0.652083333333333,0.654166666666667,0.65625,0.658333333333333,
0.660416666666667,0.6625,0.664583333333333,0.666666666666667,0.66875,0.670833333333333,
0.672916666666667,0.675,0.677083333333333,0.679166666666667,0.68125,0.683333333333333,
0.685416666666667,0.6875,0.689583333333333,0.691666666666667,0.69375,0.695833333333333,
0.697916666666667,0.7,0.702083333333333,0.704166666666667,0.70625,0.708333333333333,
0.710416666666667,0.7125,0.714583333333333,0.716666666666667,0.71875,0.720833333333333,
0.722916666666667,0.725,0.727083333333333,0.729166666666667,0.73125,0.733333333333333,
0.735416666666667,0.7375,0.739583333333333,0.741666666666667,0.74375,0.745833333333333,
0.747916666666667,0.75,0.752083333333333,0.754166666666667,0.75625,0.758333333333333,
0.760416666666667,0.7625,0.764583333333333,0.766666666666667,0.76875,0.770833333333333,
0.772916666666667,0.775,0.777083333333333,0.779166666666667,0.78125,0.783333333333333,
0.785416666666667,0.7875,0.789583333333333,0.791666666666667,0.79375,0.795833333333333,
0.797916666666667,0.8,0.802083333333333,0.804166666666667,0.80625,0.808333333333333,
0.810416666666667,0.8125,0.814583333333333,0.816666666666667,0.81875,0.820833333333333,
0.822916666666667,0.825,0.827083333333333,0.829166666666667,0.83125,0.833333333333333,
0.835416666666667,0.8375,0.839583333333333,0.841666666666667,0.84375,0.845833333333333,
0.847916666666667,0.85,0.852083333333333,0.854166666666667,0.85625,0.858333333333333,
0.860416666666667,0.8625,0.864583333333333,0.866666666666667,0.86875,0.870833333333333,
0.872916666666667,0.875,0.877083333333333,0.879166666666667,0.88125,0.883333333333333,
0.885416666666667,0.8875,0.889583333333333,0.891666666666667,0.89375,0.895833333333333,
0.897916666666667,0.9,0.902083333333333,0.904166666666667,0.90625,0.908333333333333,
0.910416666666667,0.9125,0.914583333333333,0.916666666666667,0.91875,0.920833333333333,
0.922916666666667,0.925,0.927083333333333,0.929166666666667,0.93125,0.933333333333333,
0.935416666666667,0.9375,0.939583333333333,0.941666666666667,0.94375,0.945833333333333,
0.947916666666667,0.95,0.952083333333333,0.954166666666667,0.95625,0.958333333333333,
0.960416666666667,0.9625,0.964583333333333,0.966666666666667,0.96875,0.970833333333333,
0.972916666666667,0.975,0.977083333333333,0.979166666666667,0.98125,0.983333333333333,
0.985416666666667,0.9875,0.989583333333333,0.991666666666667,0.99375,0.995833333333333,
0.997916666666667,1.),.UNSPECIFIED.)
CURVE()
GEOMETRIC_REPRESENTATION_ITEM()
RATIONAL_B_SPLINE_CURVE((1.,0.866025403784439,1.,0.866025403784439,1.,0.866025403784439,
1.,0.866025403784439,1.,0.866025403784439,1.,0.866025403784439,1.,0.866025403784439,
1.,0.866025403784439,1.,0.866025403784439,1.,0.866025403784439,1.,0.866025403784439,
1.,0.866025403784439,1.,0.866025403784439,1.,0.866025403784439,1.,0.866025403784439,
1.,0.866025403784439,1.,0.866025403784439,1.,0.866025403784439,1.,0.866025403784439,
1.,0.866025403784439,1.,0.866025403784439,1.,0.866025403784439,1.,0.866025403784439,
1.,0.866025403784439,1.,0.866025403784439,1.,0.866025403784439,1.,0.866025403784439,
1.,0.866025403784439,1.,0.866025403784439,1.,0.866025403784439,1.,0.866025403784439,
1.,0.866025403784439,1.,0.866025403784439,1.,0.866025403784439,1.,0.866025403784439,
1.,0.866025403784439,1.,0.866025403784439,1.,0.866025403784439,1.,0.866025403784439,
1.,0.866025403784439,1.,0.866025403784439,1.,0.866025403784439,1.,0.866025403784439,
1.,0.866025403784439,1.,0.866025403784439,1.,0.866025403784439,1.,0.866025403784439,
1.,0.866025403784439,1.,0.866025403784439,1.,0.866025403784439,1.,0.866025403784439,
1.,0.866025403784439,1.,0.866025403784439,1.,0.866025403784439,1.,0.866025403784439,
1.,0.866025403784439,1.,0.866025403784439,1.,0.866025403784439,1.,0.866025403784439,
1.,0.866025403784439,1.,0.866025403784439,1.,0.866025403784439,1.,0.866025403784439,
1.,0.866025403784439,1.,0.866025403784439,1.,0.866025403784439,1.,0.866025403784439,
1.,0.866025403784439,1.,0.866025403784439,1.,0.866025403784439,1.,0.866025403784439,
1.,0.866025403784439,1.,0.866025403784439,1.,0.866025403784439,1.,0.866025403784439,
1.,0.866025403784439,1.,0.866025403784439,1.,0.866025403784439,1.,0.866025403784439,
1.,0.866025403784439,1.,0.866025403784439,1.,0.866025403784439,1.,0.866025403784439,
1.,0.866025403784439,1.,0.866025403784439,1.,0.866025403784439,1.,0.866025403784439,
1.,0.866025403784439,1.,0.866025403784439,1.,0.866025403784439,1.,0.866025403784439,
1.,0.866025403784439,1.,0.866025403784439,1.,0.866025403784439,1.,0.866025403784439,
1.,0.866025403784439,1.,0.866025403784439,1.,0.866025403784439,1.,0.866025403784439,
1.,0.866025403784439,1.,0.866025403784439,1.,0.866025403784439,1.,0.866025403784439,
1.,0.866025403784439,1.,0.866025403784439,1.,0.866025403784439,1.,0.866025403784439,
1.,0.866025403784439,1.,0.866025403784439,1.,0.866025403784439,1.,0.866025403784439,
1.,0.866025403784439,1.,0.866025403784439,1.,0.866025403784439,1.,0.866025403784439,
1.,0.866025403784439,1.,0.866025403784439,1.,0.866025403784439,1.,0.866025403784439,
1.,0.866025403784439,1.,0.866025403784439,1.,0.866025403784439,1.,0.866025403784439,
1.,0.866025403784439,1.,0.866025403784439,1.,0.866025403784439,1.,0.866025403784439,
1.,0.866025403784439,1.,0.866025403784439,1.,0.866025403784439,1.,0.866025403784439,
1.,0.866025403784439,1.,0.866025403784439,1.,0.866025403784439,1.,0.866025403784439,
1.,0.866025403784439,1.,0.866025403784439,1.,0.866025403784439,1.,0.866025403784439,
1.,0.866025403784439,1.,0.866025403784439,1.,0.866025403784439,1.,0.866025403784439,
1.,0.866025403784439,1.,0.866025403784439,1.,0.866025403784439,1.,0.866025403784439,
1.,0.866025403784439,1.,0.866025403784439,1.,0.866025403784439,1.,0.866025403784439,
1.,0.866025403784439,1.,0.866025403784439,1.,0.866025403784439,1.,0.866025403784439,
1.,0.866025403784439,1.,0.866025403784439,1.,0.866025403784439,1.,0.866025403784439,
1.,0.866025403784439,1.,0.866025403784439,1.,0.866025403784439,1.,0.866025403784439,
1.,0.866025403784439,1.,0.866025403784439,1.,0.866025403784439,1.,0.866025403784439,
1.,0.866025403784439,1.,0.866025403784439,1.,0.866025403784439,1.,0.866025403784439,
1.,0.866025403784439,1.,0.866025403784439,1.,0.866025403784439,1.,0.866025403784439,
1.,0.866025403784439,1.,0.866025403784439,1.,0.866025403784439,1.,0.866025403784439,
1.,0.866025403784439,1.,0.866025403784439,1.,0.866025403784439,1.,0.866025403784439,
1.,0.866025403784439,1.,0.866025403784439,1.,0.866025403784439,1.,0.866025403784439,
1.,0.866025403784439,1.,0.866025403784439,1.,0.866025403784439,1.,0.866025403784439,
1.,0.866025403784439,1.,0.866025403784439,1.,0.866025403784439,1.,0.866025403784439,
1.,0.866025403784439,1.,0.866025403784439,1.,0.866025403784439,1.,0.866025403784439,
1.,0.866025403784439,1.,0.866025403784439,1.,0.866025403784439,1.,0.866025403784439,
1.,0.866025403784439,1.,0.866025403784439,1.,0.866025403784439,1.,0.866025403784439,
1.,0.866025403784439,1.,0.866025403784439,1.,0.866025403784439,1.,0.866025403784439,
1.,0.866025403784439,1.,0.866025403784439,1.,0.866025403784439,1.,0.866025403784439,
1.,0.866025403784439,1.,0.866025403784439,1.,0.866025403784439,1.,0.866025403784439,
1.,0.866025403784439,1.,0.866025403784439,1.,0.866025403784439,1.,0.866025403784439,
1.,0.866025403784439,1.,0.866025403784439,1.,0.866025403784439,1.,0.866025403784439,
1.,0.866025403784439,1.,0.866025403784439,1.,0.866025403784439,1.,0.866025403784439,
1.,0.866025403784439,1.,0.866025403784439,1.,0.866025403784439,1.,0.866025403784439,
1.,0.866025403784439,1.,0.866025403784439,1.,0.866025403784439,1.,0.866025403784439,
1.,0.866025403784439,1.,0.866025403784439,1.,0.866025403784439,1.,0.866025403784439,
1.,0.866025403784439,1.,0.866025403784439,1.,0.866025403784439,1.,0.866025403784439,
1.,0.866025403784439,1.,0.866025403784439,1.,0.866025403784439,1.,0.866025403784439,
1.,0.866025403784439,1.,0.866025403784439,1.,0.866025403784439,1.,0.866025403784439,
1.,0.866025403784439,1.,0.866025403784439,1.,0.866025403784439,1.,0.866025403784439,
1.,0.866025403784439,1.,0.866025403784439,1.,0.866025403784439,1.,0.866025403784439,
1.,0.866025403784439,1.,0.866025403784439,1.,0.866025403784439,1.,0.866025403784439,
1.,0.866025403784439,1.,0.866025403784439,1.,0.866025403784439,1.,0.866025403784439,
1.,0.866025403784439,1.,0.866025403784439,1.,0.866025403784439,1.,0.866025403784439,
1.,0.866025403784439,1.,0.866025403784439,1.,0.866025403784439,1.,0.866025403784439,
1.,0.866025403784439,1.,0.866025403784439,1.,0.866025403784439,1.,0.866025403784439,
1.,0.866025403784439,1.,0.866025403784439,1.,0.866025403784439,1.,0.866025403784439,
1.,0.866025403784439,1.,0.866025403784439,1.,0.866025403784439,1.,0.866025403784439,
1.,0.866025403784439,1.,0.866025403784439,1.,0.866025403784439,1.,0.866025403784439,
1.,0.866025403784439,1.,0.866025403784439,1.,0.866025403784439,1.,0.866025403784439,
1.,0.866025403784439,1.,0.866025403784439,1.,0.866025403784439,1.,0.866025403784439,
1.,0.866025403784439,1.,0.866025403784439,1.,0.866025403784439,1.,0.866025403784439,
1.,0.866025403784439,1.,0.866025403784439,1.,0.866025403784439,1.,0.866025403784439,
1.,0.866025403784439,1.,0.866025403784439,1.,0.866025403784439,1.,0.866025403784439,
1.,0.866025403784439,1.,0.866025403784439,1.,0.866025403784439,1.,0.866025403784439,
1.,0.866025403784439,1.,0.866025403784439,1.,0.866025403784439,1.,0.866025403784439,
1.,0.866025403784439,1.,0.866025403784439,1.,0.866025403784439,1.,0.866025403784439,
1.,0.866025403784439,1.,0.866025403784439,1.,0.866025403784439,1.,0.866025403784439,
1.,0.866025403784439,1.,0.866025403784439,1.,0.866025403784439,1.,0.866025403784439,
1.,0.866025403784439,1.,0.866025403784439,1.,0.866025403784439,1.,0.866025403784439,
1.,0.866025403784439,1.,0.866025403784439,1.,0.866025403784439,1.,0.866025403784439,
1.,0.866025403784439,1.,0.866025403784439,1.,0.866025403784439,1.,0.866025403784439,
1.,0.866025403784439,1.,0.866025403784439,1.,0.866025403784439,1.,0.866025403784439,
1.,0.866025403784439,1.,0.866025403784439,1.,0.866025403784439,1.,0.866025403784439,
1.,0.866025403784439,1.,0.866025403784439,1.,0.866025403784439,1.,0.866025403784439,
1.,0.866025403784439,1.,0.866025403784439,1.,0.866025403784439,1.,0.866025403784439,
1.,0.866025403784439,1.,0.866025403784439,1.,0.866025403784439,1.,0.866025403784439,
1.,0.866025403784439,1.,0.866025403784439,1.,0.866025403784439,1.,0.866025403784439,
1.,0.866025403784439,1.,0.866025403784439,1.,0.866025403784439,1.,0.866025403784439,
1.,0.866025403784439,1.,0.866025403784439,1.,0.866025403784439,1.,0.866025403784439,
1.,0.866025403784439,1.,0.866025403784439,1.,0.866025403784439,1.,0.866025403784439,
1.,0.866025403784439,1.,0.866025403784439,1.,0.866025403784439,1.,0.866025403784439,
1.,0.866025403784439,1.,0.866025403784439,1.,0.866025403784439,1.,0.866025403784439,
1.,0.866025403784439,1.,0.866025403784439,1.,0.866025403784439,1.,0.866025403784439,
1.,0.866025403784439,1.,0.866025403784439,1.,0.866025403784439,1.,0.866025403784439,
1.,0.866025403784439,1.,0.866025403784439,1.,0.866025403784439,1.,0.866025403784439,
1.,0.866025403784439,1.,0.866025403784439,1.,0.866025403784439,1.,0.866025403784439,
1.,0.866025403784439,1.,0.866025403784439,1.,0.866025403784439,1.,0.866025403784439,
1.,0.866025403784439,1.,0.866025403784439,1.,0.866025403784439,1.,0.866025403784439,
1.,0.866025403784439,1.,0.866025403784439,1.,0.866025403784439,1.,0.866025403784439,
1.,0.866025403784439,1.,0.866025403784439,1.,0.866025403784439,1.,0.866025403784439,
1.,0.866025403784439,1.,0.866025403784439,1.,0.866025403784439,1.,0.866025403784439,
1.,0.866025403784439,1.,0.866025403784439,1.,0.866025403784439,1.,0.866025403784439,
1.,0.866025403784439,1.,0.866025403784439,1.,0.866025403784439,1.,0.866025403784439,
1.,0.866025403784439,1.,0.866025403784439,1.,0.866025403784439,1.,0.866025403784439,
1.,0.866025403784439,1.,0.866025403784439,1.,0.866025403784439,1.,0.866025403784439,
1.,0.866025403784439,1.,0.866025403784439,1.,0.866025403784439,1.,0.866025403784439,
1.,0.866025403784439,1.,0.866025403784439,1.,0.866025403784439,1.,0.866025403784439,
1.,0.866025403784439,1.,0.866025403784439,1.,0.866025403784439,1.,0.866025403784439,
1.,0.866025403784439,1.,0.866025403784439,1.,0.866025403784439,1.,0.866025403784439,
1.,0.866025403784439,1.,0.866025403784439,1.,0.866025403784439,1.,0.866025403784439,
1.,0.866025403784439,1.,0.866025403784439,1.,0.866025403784439,1.,0.866025403784439,
1.,0.866025403784439,1.,0.866025403784439,1.,0.866025403784439,1.,0.866025403784439,
1.,0.866025403784439,1.,0.866025403784439,1.,0.866025403784439,1.,0.866025403784439,
1.,0.866025403784439,1.,0.866025403784439,1.,0.866025403784439,1.,0.866025403784439,
1.,0.866025403784439,1.))
REPRESENTATION_ITEM('')
);
#66=(
BOUNDED_CURVE()
B_SPLINE_CURVE(2,(#1339,#1340,#1341,#1342,#1343,#1344,#1345,#1346,#1347,
#1348,#1349,#1350,#1351,#1352,#1353,#1354,#1355,#1356,#1357,#1358,#1359,
#1360,#1361,#1362,#1363,#1364,#1365,#1366,#1367,#1368,#1369,#1370,#1371,
#1372,#1373,#1374,#1375,#1376,#1377,#1378,#1379,#1380,#1381,#1382,#1383,
#1384,#1385,#1386,#1387,#1388,#1389,#1390,#1391,#1392,#1393,#1394,#1395,
#1396,#1397,#1398,#1399,#1400,#1401,#1402,#1403,#1404,#1405,#1406,#1407,
#1408,#1409,#1410,#1411,#1412,#1413,#1414,#1415,#1416,#1417,#1418,#1419,
#1420,#1421,#1422,#1423,#1424,#1425,#1426,#1427,#1428,#1429,#1430,#1431,
#1432,#1433,#1434,#1435,#1436,#1437,#1438,#1439,#1440,#1441,#1442,#1443,
#1444,#1445,#1446,#1447,#1448,#1449,#1450,#1451,#1452,#1453,#1454,#1455,
#1456,#1457,#1458,#1459,#1460,#1461,#1462,#1463,#1464,#1465,#1466,#1467,
#1468,#1469,#1470,#1471,#1472,#1473,#1474,#1475,#1476,#1477,#1478,#1479,
#1480,#1481,#1482,#1483,#1484,#1485,#1486,#1487,#1488,#1489,#1490,#1491,
#1492,#1493,#1494,#1495,#1496,#1497,#1498,#1499,#1500,#1501,#1502,#1503,
#1504,#1505,#1506,#1507,#1508,#1509,#1510,#1511,#1512,#1513,#1514,#1515,
#1516,#1517,#1518,#1519,#1520,#1521,#1522,#1523,#1524,#1525,#1526,#1527,
#1528,#1529,#1530,#1531,#1532,#1533,#1534,#1535,#1536,#1537,#1538,#1539,
#1540,#1541,#1542,#1543,#1544,#1545,#1546,#1547,#1548,#1549,#1550,#1551,
#1552,#1553,#1554,#1555,#1556,#1557,#1558,#1559,#1560,#1561,#1562,#1563,
#1564,#1565,#1566,#1567,#1568,#1569,#1570,#1571,#1572,#1573,#1574,#1575,
#1576,#1577,#1578,#1579,#1580,#1581,#1582,#1583,#1584,#1585,#1586,#1587,
#1588,#1589,#1590,#1591,#1592,#1593,#1594,#1595,#1596,#1597,#1598,#1599,
#1600,#1601,#1602,#1603,#1604,#1605,#1606,#1607,#1608,#1609,#1610,#1611,
#1612,#1613,#1614,#1615,#1616,#1617,#1618,#1619,#1620,#1621,#1622,#1623,
#1624,#1625,#1626,#1627,#1628,#1629,#1630,#1631,#1632,#1633,#1634,#1635,
#1636,#1637,#1638,#1639,#1640,#1641,#1642,#1643,#1644,#1645,#1646,#1647,
#1648,#1649,#1650,#1651,#1652,#1653,#1654,#1655,#1656,#1657,#1658,#1659,
#1660,#1661,#1662,#1663,#1664,#1665,#1666,#1667,#1668,#1669,#1670,#1671,
#1672,#1673,#1674,#1675,#1676,#1677,#1678,#1679,#1680,#1681,#1682,#1683,
#1684,#1685,#1686,#1687,#1688,#1689,#1690,#1691,#1692,#1693,#1694,#1695,
#1696,#1697,#1698,#1699,#1700,#1701,#1702,#1703,#1704,#1705,#1706,#1707,
#1708,#1709,#1710,#1711,#1712,#1713,#1714,#1715,#1716,#1717,#1718,#1719,
#1720,#1721,#1722,#1723,#1724,#1725,#1726,#1727,#1728,#1729,#1730,#1731,
#1732,#1733,#1734,#1735,#1736,#1737,#1738,#1739,#1740,#1741,#1742,#1743,
#1744,#1745,#1746,#1747,#1748,#1749,#1750,#1751,#1752,#1753,#1754,#1755,
#1756,#1757,#1758,#1759,#1760,#1761,#1762,#1763,#1764,#1765,#1766,#1767,
#1768,#1769,#1770,#1771,#1772,#1773,#1774,#1775,#1776,#1777,#1778,#1779,
#1780,#1781,#1782,#1783,#1784,#1785,#1786,#1787,#1788,#1789,#1790,#1791,
#1792,#1793,#1794,#1795,#1796,#1797,#1798,#1799,#1800,#1801,#1802,#1803,
#1804,#1805,#1806,#1807,#1808,#1809,#1810,#1811,#1812,#1813,#1814,#1815,
#1816,#1817,#1818,#1819,#1820,#1821,#1822,#1823,#1824,#1825,#1826,#1827,
#1828,#1829,#1830,#1831,#1832,#1833,#1834,#1835,#1836,#1837,#1838,#1839,
#1840,#1841,#1842,#1843,#1844,#1845,#1846,#1847,#1848,#1849,#1850,#1851,
#1852,#1853,#1854,#1855,#1856,#1857,#1858,#1859,#1860,#1861,#1862,#1863,
#1864,#1865,#1866,#1867,#1868,#1869,#1870,#1871,#1872,#1873,#1874,#1875,
#1876,#1877,#1878,#1879,#1880,#1881,#1882,#1883,#1884,#1885,#1886,#1887,
#1888,#1889,#1890,#1891,#1892,#1893,#1894,#1895,#1896,#1897,#1898,#1899,
#1900,#1901,#1902,#1903,#1904,#1905,#1906,#1907,#1908,#1909,#1910,#1911,
#1912,#1913,#1914,#1915,#1916,#1917,#1918,#1919,#1920,#1921,#1922,#1923,
#1924,#1925,#1926,#1927,#1928,#1929,#1930,#1931,#1932,#1933,#1934,#1935,
#1936,#1937,#1938,#1939,#1940,#1941,#1942,#1943,#1944,#1945,#1946,#1947,
#1948,#1949,#1950,#1951,#1952,#1953,#1954,#1955,#1956,#1957,#1958,#1959,
#1960,#1961,#1962,#1963,#1964,#1965,#1966,#1967,#1968,#1969,#1970,#1971,
#1972,#1973,#1974,#1975,#1976,#1977,#1978,#1979,#1980,#1981,#1982,#1983,
#1984,#1985,#1986,#1987,#1988,#1989,#1990,#1991,#1992,#1993,#1994,#1995,
#1996,#1997,#1998,#1999,#2000,#2001,#2002,#2003,#2004,#2005,#2006,#2007,
#2008,#2009,#2010,#2011,#2012,#2013,#2014,#2015,#2016,#2017,#2018,#2019,
#2020,#2021,#2022,#2023,#2024,#2025,#2026,#2027,#2028,#2029,#2030,#2031,
#2032,#2033,#2034,#2035,#2036,#2037,#2038,#2039,#2040,#2041,#2042,#2043,
#2044,#2045,#2046,#2047,#2048,#2049,#2050,#2051,#2052,#2053,#2054,#2055,
#2056,#2057,#2058,#2059,#2060,#2061,#2062,#2063,#2064,#2065,#2066,#2067,
#2068,#2069,#2070,#2071,#2072,#2073,#2074,#2075,#2076,#2077,#2078,#2079,
#2080,#2081,#2082,#2083,#2084,#2085,#2086,#2087,#2088,#2089,#2090,#2091,
#2092,#2093,#2094,#2095,#2096,#2097,#2098,#2099,#2100,#2101,#2102,#2103,
#2104,#2105,#2106,#2107,#2108,#2109,#2110,#2111,#2112,#2113,#2114,#2115,
#2116,#2117,#2118,#2119,#2120,#2121,#2122,#2123,#2124,#2125,#2126,#2127,
#2128,#2129,#2130,#2131,#2132,#2133,#2134,#2135,#2136,#2137,#2138,#2139,
#2140,#2141,#2142,#2143,#2144,#2145,#2146,#2147,#2148,#2149,#2150,#2151,
#2152,#2153,#2154,#2155,#2156,#2157,#2158,#2159,#2160,#2161,#2162,#2163,
#2164,#2165,#2166,#2167,#2168,#2169,#2170,#2171,#2172,#2173,#2174,#2175,
#2176,#2177,#2178,#2179,#2180,#2181,#2182,#2183,#2184,#2185,#2186,#2187,
#2188,#2189,#2190,#2191,#2192,#2193,#2194,#2195,#2196,#2197,#2198,#2199,
#2200,#2201,#2202,#2203,#2204,#2205,#2206,#2207,#2208,#2209,#2210,#2211,
#2212,#2213,#2214,#2215,#2216,#2217,#2218,#2219,#2220,#2221,#2222,#2223,
#2224,#2225,#2226,#2227,#2228,#2229,#2230,#2231,#2232,#2233,#2234,#2235,
#2236,#2237,#2238,#2239,#2240,#2241,#2242,#2243,#2244,#2245,#2246,#2247,
#2248,#2249,#2250,#2251,#2252,#2253,#2254,#2255,#2256,#2257,#2258,#2259,
#2260,#2261,#2262,#2263,#2264,#2265,#2266,#2267,#2268,#2269,#2270,#2271,
#2272,#2273,#2274,#2275,#2276,#2277,#2278,#2279,#2280,#2281,#2282,#2283,
#2284,#2285,#2286,#2287,#2288,#2289,#2290,#2291,#2292,#2293,#2294,#2295,
#2296,#2297,#2298,#2299),.UNSPECIFIED.,.F.,.F.)
B_SPLINE_CURVE_WITH_KNOTS((3,2,2,2,2,2,2,2,2,2,2,2,2,2,2,2,2,2,2,2,2,2,
2,2,2,2,2,2,2,2,2,2,2,2,2,2,2,2,2,2,2,2,2,2,2,2,2,2,2,2,2,2,2,2,2,2,2,2,
2,2,2,2,2,2,2,2,2,2,2,2,2,2,2,2,2,2,2,2,2,2,2,2,2,2,2,2,2,2,2,2,2,2,2,2,
2,2,2,2,2,2,2,2,2,2,2,2,2,2,2,2,2,2,2,2,2,2,2,2,2,2,2,2,2,2,2,2,2,2,2,2,
2,2,2,2,2,2,2,2,2,2,2,2,2,2,2,2,2,2,2,2,2,2,2,2,2,2,2,2,2,2,2,2,2,2,2,2,
2,2,2,2,2,2,2,2,2,2,2,2,2,2,2,2,2,2,2,2,2,2,2,2,2,2,2,2,2,2,2,2,2,2,2,2,
2,2,2,2,2,2,2,2,2,2,2,2,2,2,2,2,2,2,2,2,2,2,2,2,2,2,2,2,2,2,2,2,2,2,2,2,
2,2,2,2,2,2,2,2,2,2,2,2,2,2,2,2,2,2,2,2,2,2,2,2,2,2,2,2,2,2,2,2,2,2,2,2,
2,2,2,2,2,2,2,2,2,2,2,2,2,2,2,2,2,2,2,2,2,2,2,2,2,2,2,2,2,2,2,2,2,2,2,2,
2,2,2,2,2,2,2,2,2,2,2,2,2,2,2,2,2,2,2,2,2,2,2,2,2,2,2,2,2,2,2,2,2,2,2,2,
2,2,2,2,2,2,2,2,2,2,2,2,2,2,2,2,2,2,2,2,2,2,2,2,2,2,2,2,2,2,2,2,2,2,2,2,
2,2,2,2,2,2,2,2,2,2,2,2,2,2,2,2,2,2,2,2,2,2,2,2,2,2,2,2,2,2,2,2,2,2,2,2,
2,2,2,2,2,2,2,2,2,2,2,2,2,2,2,2,2,2,2,2,2,2,2,2,2,2,2,2,2,2,2,2,2,2,2,2,
2,2,2,2,2,2,2,2,2,2,2,2,2,2,2,2,2,2,2,2,2,2,2,2,2,2,3),(0.,0.00208333333333334,
0.00416666666666666,0.00625,0.00833333333333333,0.0104166666666667,0.0125,
0.0145833333333333,0.0166666666666666,0.01875,0.0208333333333333,0.0229166666666667,
0.025,0.0270833333333334,0.0291666666666666,0.03125,0.0333333333333333,
0.0354166666666667,0.0375,0.0395833333333334,0.0416666666666667,0.04375,
0.0458333333333333,0.0479166666666667,0.05,0.0520833333333333,0.0541666666666667,
0.05625,0.0583333333333333,0.0604166666666667,0.0625,0.0645833333333333,
0.0666666666666667,0.06875,0.0708333333333333,0.0729166666666667,0.075,
0.0770833333333333,0.0791666666666667,0.08125,0.0833333333333333,0.0854166666666667,
0.0875,0.0895833333333333,0.0916666666666667,0.09375,0.0958333333333333,
0.0979166666666667,0.1,0.102083333333333,0.104166666666667,0.10625,0.108333333333333,
0.110416666666667,0.1125,0.114583333333333,0.116666666666667,0.11875,0.120833333333333,
0.122916666666667,0.125,0.127083333333333,0.129166666666667,0.13125,0.133333333333333,
0.135416666666667,0.1375,0.139583333333333,0.141666666666667,0.14375,0.145833333333333,
0.147916666666667,0.15,0.152083333333334,0.154166666666667,0.15625,0.158333333333333,
0.160416666666667,0.1625,0.164583333333333,0.166666666666667,0.16875,0.170833333333334,
0.172916666666666,0.175,0.177083333333334,0.179166666666667,0.18125,0.183333333333334,
0.185416666666667,0.1875,0.189583333333333,0.191666666666667,0.19375,0.195833333333333,
0.197916666666667,0.2,0.202083333333334,0.204166666666666,0.20625,0.208333333333334,
0.210416666666667,0.2125,0.214583333333334,0.216666666666667,0.21875,0.220833333333333,
0.222916666666667,0.225,0.227083333333333,0.229166666666666,0.23125,0.233333333333334,
0.235416666666666,0.2375,0.239583333333334,0.241666666666667,0.24375,0.245833333333333,
0.247916666666667,0.25,0.252083333333334,0.254166666666666,0.25625,0.258333333333334,
0.260416666666667,0.2625,0.264583333333334,0.266666666666666,0.26875,0.270833333333334,
0.272916666666666,0.275,0.277083333333334,0.279166666666667,0.28125,0.283333333333334,
0.285416666666666,0.2875,0.289583333333334,0.291666666666667,0.29375,0.295833333333334,
0.297916666666666,0.3,0.302083333333334,0.304166666666666,0.30625,0.308333333333334,
0.310416666666667,0.3125,0.314583333333334,0.316666666666666,0.31875,0.320833333333334,
0.322916666666667,0.325,0.327083333333334,0.329166666666666,0.33125,0.333333333333334,
0.335416666666666,0.3375,0.339583333333334,0.341666666666667,0.34375,0.345833333333334,
0.347916666666666,0.35,0.352083333333334,0.354166666666667,0.35625,0.358333333333334,
0.360416666666666,0.3625,0.364583333333334,0.366666666666666,0.36875,0.370833333333334,
0.372916666666667,0.375,0.377083333333334,0.379166666666666,0.38125,0.383333333333334,
0.385416666666667,0.3875,0.389583333333334,0.391666666666666,0.39375,0.395833333333334,
0.397916666666666,0.4,0.402083333333334,0.404166666666667,0.40625,0.408333333333334,
0.410416666666666,0.4125,0.414583333333334,0.416666666666667,0.41875,0.420833333333334,
0.422916666666666,0.425,0.427083333333334,0.429166666666666,0.43125,0.433333333333334,
0.435416666666667,0.4375,0.439583333333334,0.441666666666666,0.44375,0.445833333333334,
0.447916666666667,0.45,0.452083333333333,0.454166666666667,0.45625,0.458333333333333,
0.460416666666667,0.4625,0.464583333333333,0.466666666666667,0.46875,0.470833333333333,
0.472916666666667,0.475,0.477083333333333,0.479166666666667,0.48125,0.483333333333333,
0.485416666666667,0.4875,0.489583333333333,0.491666666666667,0.49375,0.495833333333333,
0.497916666666667,0.5,0.502083333333333,0.504166666666667,0.50625,0.508333333333333,
0.510416666666667,0.5125,0.514583333333333,0.516666666666667,0.51875,0.520833333333333,
0.522916666666667,0.525,0.527083333333333,0.529166666666667,0.53125,0.533333333333333,
0.535416666666667,0.5375,0.539583333333333,0.541666666666667,0.54375,0.545833333333333,
0.547916666666667,0.55,0.552083333333333,0.554166666666667,0.55625,0.558333333333333,
0.560416666666667,0.5625,0.564583333333333,0.566666666666667,0.56875,0.570833333333333,
0.572916666666667,0.575,0.577083333333333,0.579166666666667,0.58125,0.583333333333333,
0.585416666666667,0.5875,0.589583333333333,0.591666666666667,0.59375,0.595833333333333,
0.597916666666667,0.6,0.602083333333333,0.604166666666667,0.60625,0.608333333333333,
0.610416666666667,0.6125,0.614583333333333,0.616666666666667,0.61875,0.620833333333333,
0.622916666666667,0.625,0.627083333333333,0.629166666666667,0.63125,0.633333333333333,
0.635416666666667,0.6375,0.639583333333333,0.641666666666667,0.64375,0.645833333333333,
0.647916666666667,0.65,0.652083333333333,0.654166666666667,0.65625,0.658333333333333,
0.660416666666667,0.6625,0.664583333333333,0.666666666666667,0.66875,0.670833333333333,
0.672916666666667,0.675,0.677083333333333,0.679166666666667,0.68125,0.683333333333333,
0.685416666666667,0.6875,0.689583333333333,0.691666666666667,0.69375,0.695833333333333,
0.697916666666667,0.7,0.702083333333333,0.704166666666667,0.70625,0.708333333333333,
0.710416666666667,0.7125,0.714583333333333,0.716666666666667,0.71875,0.720833333333333,
0.722916666666667,0.725,0.727083333333333,0.729166666666667,0.73125,0.733333333333333,
0.735416666666667,0.7375,0.739583333333333,0.741666666666667,0.74375,0.745833333333333,
0.747916666666667,0.75,0.752083333333333,0.754166666666667,0.75625,0.758333333333333,
0.760416666666667,0.7625,0.764583333333333,0.766666666666667,0.76875,0.770833333333333,
0.772916666666667,0.775,0.777083333333333,0.779166666666667,0.78125,0.783333333333333,
0.785416666666667,0.7875,0.789583333333333,0.791666666666667,0.79375,0.795833333333333,
0.797916666666667,0.8,0.802083333333333,0.804166666666667,0.80625,0.808333333333333,
0.810416666666667,0.8125,0.814583333333333,0.816666666666667,0.81875,0.820833333333333,
0.822916666666667,0.825,0.827083333333333,0.829166666666667,0.83125,0.833333333333333,
0.835416666666667,0.8375,0.839583333333333,0.841666666666667,0.84375,0.845833333333333,
0.847916666666667,0.85,0.852083333333333,0.854166666666667,0.85625,0.858333333333333,
0.860416666666667,0.8625,0.864583333333333,0.866666666666667,0.86875,0.870833333333333,
0.872916666666667,0.875,0.877083333333333,0.879166666666667,0.88125,0.883333333333333,
0.885416666666667,0.8875,0.889583333333333,0.891666666666667,0.89375,0.895833333333333,
0.897916666666667,0.9,0.902083333333333,0.904166666666667,0.90625,0.908333333333333,
0.910416666666667,0.9125,0.914583333333333,0.916666666666667,0.91875,0.920833333333333,
0.922916666666667,0.925,0.927083333333333,0.929166666666667,0.93125,0.933333333333333,
0.935416666666667,0.9375,0.939583333333333,0.941666666666667,0.94375,0.945833333333333,
0.947916666666667,0.95,0.952083333333333,0.954166666666667,0.95625,0.958333333333333,
0.960416666666667,0.9625,0.964583333333333,0.966666666666667,0.96875,0.970833333333333,
0.972916666666667,0.975,0.977083333333333,0.979166666666667,0.98125,0.983333333333333,
0.985416666666667,0.9875,0.989583333333333,0.991666666666667,0.99375,0.995833333333333,
0.997916666666667,1.),.UNSPECIFIED.)
CURVE()
GEOMETRIC_REPRESENTATION_ITEM()
RATIONAL_B_SPLINE_CURVE((1.,0.866025403784439,1.,0.866025403784439,1.,0.866025403784439,
1.,0.866025403784439,1.,0.866025403784439,1.,0.866025403784439,1.,0.866025403784439,
1.,0.866025403784439,1.,0.866025403784439,1.,0.866025403784439,1.,0.866025403784439,
1.,0.866025403784439,1.,0.866025403784439,1.,0.866025403784439,1.,0.866025403784439,
1.,0.866025403784439,1.,0.866025403784439,1.,0.866025403784439,1.,0.866025403784439,
1.,0.866025403784439,1.,0.866025403784439,1.,0.866025403784439,1.,0.866025403784439,
1.,0.866025403784439,1.,0.866025403784439,1.,0.866025403784439,1.,0.866025403784439,
1.,0.866025403784439,1.,0.866025403784439,1.,0.866025403784439,1.,0.866025403784439,
1.,0.866025403784439,1.,0.866025403784439,1.,0.866025403784439,1.,0.866025403784439,
1.,0.866025403784439,1.,0.866025403784439,1.,0.866025403784439,1.,0.866025403784439,
1.,0.866025403784439,1.,0.866025403784439,1.,0.866025403784439,1.,0.866025403784439,
1.,0.866025403784439,1.,0.866025403784439,1.,0.866025403784439,1.,0.866025403784439,
1.,0.866025403784439,1.,0.866025403784439,1.,0.866025403784439,1.,0.866025403784439,
1.,0.866025403784439,1.,0.866025403784439,1.,0.866025403784439,1.,0.866025403784439,
1.,0.866025403784439,1.,0.866025403784439,1.,0.866025403784439,1.,0.866025403784439,
1.,0.866025403784439,1.,0.866025403784439,1.,0.866025403784439,1.,0.866025403784439,
1.,0.866025403784439,1.,0.866025403784439,1.,0.866025403784439,1.,0.866025403784439,
1.,0.866025403784439,1.,0.866025403784439,1.,0.866025403784439,1.,0.866025403784439,
1.,0.866025403784439,1.,0.866025403784439,1.,0.866025403784439,1.,0.866025403784439,
1.,0.866025403784439,1.,0.866025403784439,1.,0.866025403784439,1.,0.866025403784439,
1.,0.866025403784439,1.,0.866025403784439,1.,0.866025403784439,1.,0.866025403784439,
1.,0.866025403784439,1.,0.866025403784439,1.,0.866025403784439,1.,0.866025403784439,
1.,0.866025403784439,1.,0.866025403784439,1.,0.866025403784439,1.,0.866025403784439,
1.,0.866025403784439,1.,0.866025403784439,1.,0.866025403784439,1.,0.866025403784439,
1.,0.866025403784439,1.,0.866025403784439,1.,0.866025403784439,1.,0.866025403784439,
1.,0.866025403784439,1.,0.866025403784439,1.,0.866025403784439,1.,0.866025403784439,
1.,0.866025403784439,1.,0.866025403784439,1.,0.866025403784439,1.,0.866025403784439,
1.,0.866025403784439,1.,0.866025403784439,1.,0.866025403784439,1.,0.866025403784439,
1.,0.866025403784439,1.,0.866025403784439,1.,0.866025403784439,1.,0.866025403784439,
1.,0.866025403784439,1.,0.866025403784439,1.,0.866025403784439,1.,0.866025403784439,
1.,0.866025403784439,1.,0.866025403784439,1.,0.866025403784439,1.,0.866025403784439,
1.,0.866025403784439,1.,0.866025403784439,1.,0.866025403784439,1.,0.866025403784439,
1.,0.866025403784439,1.,0.866025403784439,1.,0.866025403784439,1.,0.866025403784439,
1.,0.866025403784439,1.,0.866025403784439,1.,0.866025403784439,1.,0.866025403784439,
1.,0.866025403784439,1.,0.866025403784439,1.,0.866025403784439,1.,0.866025403784439,
1.,0.866025403784439,1.,0.866025403784439,1.,0.866025403784439,1.,0.866025403784439,
1.,0.866025403784439,1.,0.866025403784439,1.,0.866025403784439,1.,0.866025403784439,
1.,0.866025403784439,1.,0.866025403784439,1.,0.866025403784439,1.,0.866025403784439,
1.,0.866025403784439,1.,0.866025403784439,1.,0.866025403784439,1.,0.866025403784439,
1.,0.866025403784439,1.,0.866025403784439,1.,0.866025403784439,1.,0.866025403784439,
1.,0.866025403784439,1.,0.866025403784439,1.,0.866025403784439,1.,0.866025403784439,
1.,0.866025403784439,1.,0.866025403784439,1.,0.866025403784439,1.,0.866025403784439,
1.,0.866025403784439,1.,0.866025403784439,1.,0.866025403784439,1.,0.866025403784439,
1.,0.866025403784439,1.,0.866025403784439,1.,0.866025403784439,1.,0.866025403784439,
1.,0.866025403784439,1.,0.866025403784439,1.,0.866025403784439,1.,0.866025403784439,
1.,0.866025403784439,1.,0.866025403784439,1.,0.866025403784439,1.,0.866025403784439,
1.,0.866025403784439,1.,0.866025403784439,1.,0.866025403784439,1.,0.866025403784439,
1.,0.866025403784439,1.,0.866025403784439,1.,0.866025403784439,1.,0.866025403784439,
1.,0.866025403784439,1.,0.866025403784439,1.,0.866025403784439,1.,0.866025403784439,
1.,0.866025403784439,1.,0.866025403784439,1.,0.866025403784439,1.,0.866025403784439,
1.,0.866025403784439,1.,0.866025403784439,1.,0.866025403784439,1.,0.866025403784439,
1.,0.866025403784439,1.,0.866025403784439,1.,0.866025403784439,1.,0.866025403784439,
1.,0.866025403784439,1.,0.866025403784439,1.,0.866025403784439,1.,0.866025403784439,
1.,0.866025403784439,1.,0.866025403784439,1.,0.866025403784439,1.,0.866025403784439,
1.,0.866025403784439,1.,0.866025403784439,1.,0.866025403784439,1.,0.866025403784439,
1.,0.866025403784439,1.,0.866025403784439,1.,0.866025403784439,1.,0.866025403784439,
1.,0.866025403784439,1.,0.866025403784439,1.,0.866025403784439,1.,0.866025403784439,
1.,0.866025403784439,1.,0.866025403784439,1.,0.866025403784439,1.,0.866025403784439,
1.,0.866025403784439,1.,0.866025403784439,1.,0.866025403784439,1.,0.866025403784439,
1.,0.866025403784439,1.,0.866025403784439,1.,0.866025403784439,1.,0.866025403784439,
1.,0.866025403784439,1.,0.866025403784439,1.,0.866025403784439,1.,0.866025403784439,
1.,0.866025403784439,1.,0.866025403784439,1.,0.866025403784439,1.,0.866025403784439,
1.,0.866025403784439,1.,0.866025403784439,1.,0.866025403784439,1.,0.866025403784439,
1.,0.866025403784439,1.,0.866025403784439,1.,0.866025403784439,1.,0.866025403784439,
1.,0.866025403784439,1.,0.866025403784439,1.,0.866025403784439,1.,0.866025403784439,
1.,0.866025403784439,1.,0.866025403784439,1.,0.866025403784439,1.,0.866025403784439,
1.,0.866025403784439,1.,0.866025403784439,1.,0.866025403784439,1.,0.866025403784439,
1.,0.866025403784439,1.,0.866025403784439,1.,0.866025403784439,1.,0.866025403784439,
1.,0.866025403784439,1.,0.866025403784439,1.,0.866025403784439,1.,0.866025403784439,
1.,0.866025403784439,1.,0.866025403784439,1.,0.866025403784439,1.,0.866025403784439,
1.,0.866025403784439,1.,0.866025403784439,1.,0.866025403784439,1.,0.866025403784439,
1.,0.866025403784439,1.,0.866025403784439,1.,0.866025403784439,1.,0.866025403784439,
1.,0.866025403784439,1.,0.866025403784439,1.,0.866025403784439,1.,0.866025403784439,
1.,0.866025403784439,1.,0.866025403784439,1.,0.866025403784439,1.,0.866025403784439,
1.,0.866025403784439,1.,0.866025403784439,1.,0.866025403784439,1.,0.866025403784439,
1.,0.866025403784439,1.,0.866025403784439,1.,0.866025403784439,1.,0.866025403784439,
1.,0.866025403784439,1.,0.866025403784439,1.,0.866025403784439,1.,0.866025403784439,
1.,0.866025403784439,1.,0.866025403784439,1.,0.866025403784439,1.,0.866025403784439,
1.,0.866025403784439,1.,0.866025403784439,1.,0.866025403784439,1.,0.866025403784439,
1.,0.866025403784439,1.,0.866025403784439,1.,0.866025403784439,1.,0.866025403784439,
1.,0.866025403784439,1.,0.866025403784439,1.,0.866025403784439,1.,0.866025403784439,
1.,0.866025403784439,1.,0.866025403784439,1.,0.866025403784439,1.,0.866025403784439,
1.,0.866025403784439,1.,0.866025403784439,1.,0.866025403784439,1.,0.866025403784439,
1.,0.866025403784439,1.,0.866025403784439,1.,0.866025403784439,1.,0.866025403784439,
1.,0.866025403784439,1.,0.866025403784439,1.,0.866025403784439,1.,0.866025403784439,
1.,0.866025403784439,1.,0.866025403784439,1.,0.866025403784439,1.,0.866025403784439,
1.,0.866025403784439,1.,0.866025403784439,1.,0.866025403784439,1.,0.866025403784439,
1.,0.866025403784439,1.,0.866025403784439,1.,0.866025403784439,1.,0.866025403784439,
1.,0.866025403784439,1.,0.866025403784439,1.,0.866025403784439,1.,0.866025403784439,
1.,0.866025403784439,1.,0.866025403784439,1.,0.866025403784439,1.,0.866025403784439,
1.,0.866025403784439,1.,0.866025403784439,1.,0.866025403784439,1.,0.866025403784439,
1.,0.866025403784439,1.,0.866025403784439,1.,0.866025403784439,1.,0.866025403784439,
1.,0.866025403784439,1.,0.866025403784439,1.,0.866025403784439,1.,0.866025403784439,
1.,0.866025403784439,1.,0.866025403784439,1.,0.866025403784439,1.,0.866025403784439,
1.,0.866025403784439,1.,0.866025403784439,1.,0.866025403784439,1.,0.866025403784439,
1.,0.866025403784439,1.,0.866025403784439,1.,0.866025403784439,1.,0.866025403784439,
1.,0.866025403784439,1.,0.866025403784439,1.,0.866025403784439,1.,0.866025403784439,
1.,0.866025403784439,1.,0.866025403784439,1.,0.866025403784439,1.,0.866025403784439,
1.,0.866025403784439,1.,0.866025403784439,1.,0.866025403784439,1.,0.866025403784439,
1.,0.866025403784439,1.,0.866025403784439,1.,0.866025403784439,1.,0.866025403784439,
1.,0.866025403784439,1.,0.866025403784439,1.,0.866025403784439,1.,0.866025403784439,
1.,0.866025403784439,1.,0.866025403784439,1.,0.866025403784439,1.,0.866025403784439,
1.,0.866025403784439,1.,0.866025403784439,1.,0.866025403784439,1.,0.866025403784439,
1.,0.866025403784439,1.,0.866025403784439,1.,0.866025403784439,1.,0.866025403784439,
1.,0.866025403784439,1.,0.866025403784439,1.,0.866025403784439,1.,0.866025403784439,
1.,0.866025403784439,1.,0.866025403784439,1.,0.866025403784439,1.,0.866025403784439,
1.,0.866025403784439,1.,0.866025403784439,1.,0.866025403784439,1.,0.866025403784439,
1.,0.866025403784439,1.,0.866025403784439,1.,0.866025403784439,1.,0.866025403784439,
1.,0.866025403784439,1.,0.866025403784439,1.,0.866025403784439,1.,0.866025403784439,
1.,0.866025403784439,1.,0.866025403784439,1.,0.866025403784439,1.,0.866025403784439,
1.,0.866025403784439,1.,0.866025403784439,1.,0.866025403784439,1.,0.866025403784439,
1.,0.866025403784439,1.,0.866025403784439,1.,0.866025403784439,1.,0.866025403784439,
1.,0.866025403784439,1.,0.866025403784439,1.,0.866025403784439,1.,0.866025403784439,
1.,0.866025403784439,1.,0.866025403784439,1.,0.866025403784439,1.,0.866025403784439,
1.,0.866025403784439,1.,0.866025403784439,1.,0.866025403784439,1.,0.866025403784439,
1.,0.866025403784439,1.,0.866025403784439,1.,0.866025403784439,1.,0.866025403784439,
1.,0.866025403784439,1.,0.866025403784439,1.,0.866025403784439,1.,0.866025403784439,
1.,0.866025403784439,1.,0.866025403784439,1.,0.866025403784439,1.,0.866025403784439,
1.,0.866025403784439,1.,0.866025403784439,1.,0.866025403784439,1.,0.866025403784439,
1.,0.866025403784439,1.,0.866025403784439,1.,0.866025403784439,1.,0.866025403784439,
1.,0.866025403784439,1.))
REPRESENTATION_ITEM('')
);
#67=(
BOUNDED_CURVE()
B_SPLINE_CURVE(2,(#3240,#3241,#3242,#3243,#3244,#3245,#3246,#3247,#3248,
#3249,#3250,#3251,#3252,#3253,#3254,#3255,#3256,#3257,#3258,#3259,#3260,
#3261,#3262,#3263,#3264,#3265,#3266,#3267,#3268,#3269,#3270,#3271,#3272,
#3273,#3274,#3275,#3276,#3277,#3278,#3279,#3280,#3281,#3282,#3283,#3284,
#3285,#3286,#3287,#3288,#3289,#3290,#3291,#3292,#3293,#3294,#3295,#3296,
#3297,#3298,#3299,#3300,#3301,#3302,#3303,#3304,#3305,#3306,#3307,#3308,
#3309,#3310,#3311,#3312,#3313,#3314,#3315,#3316,#3317,#3318,#3319,#3320,
#3321,#3322,#3323,#3324,#3325,#3326,#3327,#3328,#3329,#3330,#3331,#3332,
#3333,#3334,#3335,#3336,#3337,#3338,#3339,#3340,#3341,#3342,#3343,#3344,
#3345,#3346,#3347,#3348,#3349,#3350,#3351,#3352,#3353,#3354,#3355,#3356,
#3357,#3358,#3359,#3360,#3361,#3362,#3363,#3364,#3365,#3366,#3367,#3368,
#3369,#3370,#3371,#3372,#3373,#3374,#3375,#3376,#3377,#3378,#3379,#3380,
#3381,#3382,#3383,#3384,#3385,#3386,#3387,#3388,#3389,#3390,#3391,#3392,
#3393,#3394,#3395,#3396,#3397,#3398,#3399,#3400,#3401,#3402,#3403,#3404,
#3405,#3406,#3407,#3408,#3409,#3410,#3411,#3412,#3413,#3414,#3415,#3416,
#3417,#3418,#3419,#3420,#3421,#3422,#3423,#3424,#3425,#3426,#3427,#3428,
#3429,#3430,#3431,#3432,#3433,#3434,#3435,#3436,#3437,#3438,#3439,#3440,
#3441,#3442,#3443,#3444,#3445,#3446,#3447,#3448,#3449,#3450,#3451,#3452,
#3453,#3454,#3455,#3456,#3457,#3458,#3459,#3460,#3461,#3462,#3463,#3464,
#3465,#3466,#3467,#3468,#3469,#3470,#3471,#3472,#3473,#3474,#3475,#3476,
#3477,#3478,#3479,#3480,#3481,#3482,#3483,#3484,#3485,#3486,#3487,#3488,
#3489,#3490,#3491,#3492,#3493,#3494,#3495,#3496,#3497,#3498,#3499,#3500,
#3501,#3502,#3503,#3504,#3505,#3506,#3507,#3508,#3509,#3510,#3511,#3512,
#3513,#3514,#3515,#3516,#3517,#3518,#3519,#3520,#3521,#3522,#3523,#3524,
#3525,#3526,#3527,#3528,#3529,#3530,#3531,#3532,#3533,#3534,#3535,#3536,
#3537,#3538,#3539,#3540,#3541,#3542,#3543,#3544,#3545,#3546,#3547,#3548,
#3549,#3550,#3551,#3552,#3553,#3554,#3555,#3556,#3557,#3558,#3559,#3560,
#3561,#3562,#3563,#3564,#3565,#3566,#3567,#3568,#3569,#3570,#3571,#3572,
#3573,#3574,#3575,#3576,#3577,#3578,#3579,#3580,#3581,#3582,#3583,#3584,
#3585,#3586,#3587,#3588,#3589,#3590,#3591,#3592,#3593,#3594,#3595,#3596,
#3597,#3598,#3599,#3600,#3601,#3602,#3603,#3604,#3605,#3606,#3607,#3608,
#3609,#3610,#3611,#3612,#3613,#3614,#3615,#3616,#3617,#3618,#3619,#3620,
#3621,#3622,#3623,#3624,#3625,#3626,#3627,#3628,#3629,#3630,#3631,#3632,
#3633,#3634,#3635,#3636,#3637,#3638,#3639,#3640,#3641,#3642,#3643,#3644,
#3645,#3646,#3647,#3648,#3649,#3650,#3651,#3652,#3653,#3654,#3655,#3656,
#3657,#3658,#3659,#3660,#3661,#3662,#3663,#3664,#3665,#3666,#3667,#3668,
#3669,#3670,#3671,#3672,#3673,#3674,#3675,#3676,#3677,#3678,#3679,#3680,
#3681,#3682,#3683,#3684,#3685,#3686,#3687,#3688,#3689,#3690,#3691,#3692,
#3693,#3694,#3695,#3696,#3697,#3698,#3699,#3700,#3701,#3702,#3703,#3704,
#3705,#3706,#3707,#3708,#3709,#3710,#3711,#3712,#3713,#3714,#3715,#3716,
#3717,#3718,#3719,#3720,#3721,#3722,#3723,#3724,#3725,#3726,#3727,#3728,
#3729,#3730,#3731,#3732,#3733,#3734,#3735,#3736,#3737,#3738,#3739,#3740,
#3741,#3742,#3743,#3744,#3745,#3746,#3747,#3748,#3749,#3750,#3751,#3752,
#3753,#3754,#3755,#3756,#3757,#3758,#3759,#3760,#3761,#3762,#3763,#3764,
#3765,#3766,#3767,#3768,#3769,#3770,#3771,#3772,#3773,#3774,#3775,#3776,
#3777,#3778,#3779,#3780,#3781,#3782,#3783,#3784,#3785,#3786,#3787,#3788,
#3789,#3790,#3791,#3792,#3793,#3794,#3795,#3796,#3797,#3798,#3799,#3800,
#3801,#3802,#3803,#3804,#3805,#3806,#3807,#3808,#3809,#3810,#3811,#3812,
#3813,#3814,#3815,#3816,#3817,#3818,#3819,#3820,#3821,#3822,#3823,#3824,
#3825,#3826,#3827,#3828,#3829,#3830,#3831,#3832,#3833,#3834,#3835,#3836,
#3837,#3838,#3839,#3840,#3841,#3842,#3843,#3844,#3845,#3846,#3847,#3848,
#3849,#3850,#3851,#3852,#3853,#3854,#3855,#3856,#3857,#3858,#3859,#3860,
#3861,#3862,#3863,#3864,#3865,#3866,#3867,#3868,#3869,#3870,#3871,#3872,
#3873,#3874,#3875,#3876,#3877,#3878,#3879,#3880,#3881,#3882,#3883,#3884,
#3885,#3886,#3887,#3888,#3889,#3890,#3891,#3892,#3893,#3894,#3895,#3896,
#3897,#3898,#3899,#3900,#3901,#3902,#3903,#3904,#3905,#3906,#3907,#3908,
#3909,#3910,#3911,#3912,#3913,#3914,#3915,#3916,#3917,#3918,#3919,#3920,
#3921,#3922,#3923,#3924,#3925,#3926,#3927,#3928,#3929,#3930,#3931,#3932,
#3933,#3934,#3935,#3936,#3937,#3938,#3939,#3940,#3941,#3942,#3943,#3944,
#3945,#3946,#3947,#3948,#3949,#3950,#3951,#3952,#3953,#3954,#3955,#3956,
#3957,#3958,#3959,#3960,#3961,#3962,#3963,#3964,#3965,#3966,#3967,#3968,
#3969,#3970,#3971,#3972,#3973,#3974,#3975,#3976,#3977,#3978,#3979,#3980,
#3981,#3982,#3983,#3984,#3985,#3986,#3987,#3988,#3989,#3990,#3991,#3992,
#3993,#3994,#3995,#3996,#3997,#3998,#3999,#4000,#4001,#4002,#4003,#4004,
#4005,#4006,#4007,#4008,#4009,#4010,#4011,#4012,#4013,#4014,#4015,#4016,
#4017,#4018,#4019,#4020,#4021,#4022,#4023,#4024,#4025,#4026,#4027,#4028,
#4029,#4030,#4031,#4032,#4033,#4034,#4035,#4036,#4037,#4038,#4039,#4040,
#4041,#4042,#4043,#4044,#4045,#4046,#4047,#4048,#4049,#4050,#4051,#4052,
#4053,#4054,#4055,#4056,#4057,#4058,#4059,#4060,#4061,#4062,#4063,#4064,
#4065,#4066,#4067,#4068,#4069,#4070,#4071,#4072,#4073,#4074,#4075,#4076,
#4077,#4078,#4079,#4080,#4081,#4082,#4083,#4084,#4085,#4086,#4087,#4088,
#4089,#4090,#4091,#4092,#4093,#4094,#4095,#4096,#4097,#4098,#4099,#4100,
#4101,#4102,#4103,#4104,#4105,#4106,#4107,#4108,#4109,#4110,#4111,#4112,
#4113,#4114,#4115,#4116,#4117,#4118,#4119,#4120,#4121,#4122,#4123,#4124,
#4125,#4126,#4127,#4128,#4129,#4130,#4131,#4132,#4133,#4134,#4135,#4136,
#4137,#4138,#4139,#4140,#4141,#4142,#4143,#4144,#4145,#4146,#4147,#4148,
#4149,#4150,#4151,#4152,#4153,#4154,#4155,#4156,#4157,#4158,#4159,#4160,
#4161,#4162,#4163,#4164,#4165,#4166,#4167,#4168,#4169,#4170,#4171,#4172,
#4173,#4174,#4175,#4176,#4177,#4178,#4179,#4180,#4181,#4182,#4183,#4184,
#4185,#4186,#4187,#4188,#4189,#4190,#4191,#4192,#4193,#4194,#4195,#4196,
#4197,#4198,#4199,#4200),.UNSPECIFIED.,.F.,.F.)
B_SPLINE_CURVE_WITH_KNOTS((3,2,2,2,2,2,2,2,2,2,2,2,2,2,2,2,2,2,2,2,2,2,
2,2,2,2,2,2,2,2,2,2,2,2,2,2,2,2,2,2,2,2,2,2,2,2,2,2,2,2,2,2,2,2,2,2,2,2,
2,2,2,2,2,2,2,2,2,2,2,2,2,2,2,2,2,2,2,2,2,2,2,2,2,2,2,2,2,2,2,2,2,2,2,2,
2,2,2,2,2,2,2,2,2,2,2,2,2,2,2,2,2,2,2,2,2,2,2,2,2,2,2,2,2,2,2,2,2,2,2,2,
2,2,2,2,2,2,2,2,2,2,2,2,2,2,2,2,2,2,2,2,2,2,2,2,2,2,2,2,2,2,2,2,2,2,2,2,
2,2,2,2,2,2,2,2,2,2,2,2,2,2,2,2,2,2,2,2,2,2,2,2,2,2,2,2,2,2,2,2,2,2,2,2,
2,2,2,2,2,2,2,2,2,2,2,2,2,2,2,2,2,2,2,2,2,2,2,2,2,2,2,2,2,2,2,2,2,2,2,2,
2,2,2,2,2,2,2,2,2,2,2,2,2,2,2,2,2,2,2,2,2,2,2,2,2,2,2,2,2,2,2,2,2,2,2,2,
2,2,2,2,2,2,2,2,2,2,2,2,2,2,2,2,2,2,2,2,2,2,2,2,2,2,2,2,2,2,2,2,2,2,2,2,
2,2,2,2,2,2,2,2,2,2,2,2,2,2,2,2,2,2,2,2,2,2,2,2,2,2,2,2,2,2,2,2,2,2,2,2,
2,2,2,2,2,2,2,2,2,2,2,2,2,2,2,2,2,2,2,2,2,2,2,2,2,2,2,2,2,2,2,2,2,2,2,2,
2,2,2,2,2,2,2,2,2,2,2,2,2,2,2,2,2,2,2,2,2,2,2,2,2,2,2,2,2,2,2,2,2,2,2,2,
2,2,2,2,2,2,2,2,2,2,2,2,2,2,2,2,2,2,2,2,2,2,2,2,2,2,2,2,2,2,2,2,2,2,2,2,
2,2,2,2,2,2,2,2,2,2,2,2,2,2,2,2,2,2,2,2,2,2,2,2,2,2,3),(0.,0.00208333333333334,
0.00416666666666666,0.00625,0.00833333333333333,0.0104166666666667,0.0125,
0.0145833333333333,0.0166666666666666,0.01875,0.0208333333333333,0.0229166666666667,
0.025,0.0270833333333334,0.0291666666666666,0.03125,0.0333333333333333,
0.0354166666666667,0.0375,0.0395833333333334,0.0416666666666667,0.04375,
0.0458333333333333,0.0479166666666667,0.05,0.0520833333333333,0.0541666666666667,
0.05625,0.0583333333333333,0.0604166666666667,0.0625,0.0645833333333333,
0.0666666666666667,0.06875,0.0708333333333333,0.0729166666666667,0.075,
0.0770833333333333,0.0791666666666667,0.08125,0.0833333333333333,0.0854166666666667,
0.0875,0.0895833333333333,0.0916666666666667,0.09375,0.0958333333333333,
0.0979166666666667,0.1,0.102083333333333,0.104166666666667,0.10625,0.108333333333333,
0.110416666666667,0.1125,0.114583333333333,0.116666666666667,0.11875,0.120833333333333,
0.122916666666667,0.125,0.127083333333333,0.129166666666667,0.13125,0.133333333333333,
0.135416666666667,0.1375,0.139583333333333,0.141666666666667,0.14375,0.145833333333333,
0.147916666666667,0.15,0.152083333333334,0.154166666666667,0.15625,0.158333333333333,
0.160416666666667,0.1625,0.164583333333333,0.166666666666667,0.16875,0.170833333333334,
0.172916666666666,0.175,0.177083333333334,0.179166666666667,0.18125,0.183333333333334,
0.185416666666667,0.1875,0.189583333333333,0.191666666666667,0.19375,0.195833333333333,
0.197916666666667,0.2,0.202083333333334,0.204166666666666,0.20625,0.208333333333334,
0.210416666666667,0.2125,0.214583333333334,0.216666666666667,0.21875,0.220833333333333,
0.222916666666667,0.225,0.227083333333333,0.229166666666666,0.23125,0.233333333333334,
0.235416666666666,0.2375,0.239583333333334,0.241666666666667,0.24375,0.245833333333333,
0.247916666666667,0.25,0.252083333333334,0.254166666666666,0.25625,0.258333333333334,
0.260416666666667,0.2625,0.264583333333334,0.266666666666666,0.26875,0.270833333333334,
0.272916666666666,0.275,0.277083333333334,0.279166666666667,0.28125,0.283333333333334,
0.285416666666666,0.2875,0.289583333333334,0.291666666666667,0.29375,0.295833333333334,
0.297916666666666,0.3,0.302083333333334,0.304166666666666,0.30625,0.308333333333334,
0.310416666666667,0.3125,0.314583333333334,0.316666666666666,0.31875,0.320833333333334,
0.322916666666667,0.325,0.327083333333334,0.329166666666666,0.33125,0.333333333333334,
0.335416666666666,0.3375,0.339583333333334,0.341666666666667,0.34375,0.345833333333334,
0.347916666666666,0.35,0.352083333333334,0.354166666666667,0.35625,0.358333333333334,
0.360416666666666,0.3625,0.364583333333334,0.366666666666666,0.36875,0.370833333333334,
0.372916666666667,0.375,0.377083333333334,0.379166666666666,0.38125,0.383333333333334,
0.385416666666667,0.3875,0.389583333333334,0.391666666666666,0.39375,0.395833333333334,
0.397916666666666,0.4,0.402083333333334,0.404166666666667,0.40625,0.408333333333334,
0.410416666666666,0.4125,0.414583333333334,0.416666666666667,0.41875,0.420833333333334,
0.422916666666666,0.425,0.427083333333334,0.429166666666666,0.43125,0.433333333333334,
0.435416666666667,0.4375,0.439583333333334,0.441666666666666,0.44375,0.445833333333334,
0.447916666666667,0.45,0.452083333333333,0.454166666666667,0.45625,0.458333333333333,
0.460416666666667,0.4625,0.464583333333333,0.466666666666667,0.46875,0.470833333333333,
0.472916666666667,0.475,0.477083333333333,0.479166666666667,0.48125,0.483333333333333,
0.485416666666667,0.4875,0.489583333333333,0.491666666666667,0.49375,0.495833333333333,
0.497916666666667,0.5,0.502083333333333,0.504166666666667,0.50625,0.508333333333333,
0.510416666666667,0.5125,0.514583333333333,0.516666666666667,0.51875,0.520833333333333,
0.522916666666667,0.525,0.527083333333333,0.529166666666667,0.53125,0.533333333333333,
0.535416666666667,0.5375,0.539583333333333,0.541666666666667,0.54375,0.545833333333333,
0.547916666666667,0.55,0.552083333333333,0.554166666666667,0.55625,0.558333333333333,
0.560416666666667,0.5625,0.564583333333333,0.566666666666667,0.56875,0.570833333333333,
0.572916666666667,0.575,0.577083333333333,0.579166666666667,0.58125,0.583333333333333,
0.585416666666667,0.5875,0.589583333333333,0.591666666666667,0.59375,0.595833333333333,
0.597916666666667,0.6,0.602083333333333,0.604166666666667,0.60625,0.608333333333333,
0.610416666666667,0.6125,0.614583333333333,0.616666666666667,0.61875,0.620833333333333,
0.622916666666667,0.625,0.627083333333333,0.629166666666667,0.63125,0.633333333333333,
0.635416666666667,0.6375,0.639583333333333,0.641666666666667,0.64375,0.645833333333333,
0.647916666666667,0.65,0.652083333333333,0.654166666666667,0.65625,0.658333333333333,
0.660416666666667,0.6625,0.664583333333333,0.666666666666667,0.66875,0.670833333333333,
0.672916666666667,0.675,0.677083333333333,0.679166666666667,0.68125,0.683333333333333,
0.685416666666667,0.6875,0.689583333333333,0.691666666666667,0.69375,0.695833333333333,
0.697916666666667,0.7,0.702083333333333,0.704166666666667,0.70625,0.708333333333333,
0.710416666666667,0.7125,0.714583333333333,0.716666666666667,0.71875,0.720833333333333,
0.722916666666667,0.725,0.727083333333333,0.729166666666667,0.73125,0.733333333333333,
0.735416666666667,0.7375,0.739583333333333,0.741666666666667,0.74375,0.745833333333333,
0.747916666666667,0.75,0.752083333333333,0.754166666666667,0.75625,0.758333333333333,
0.760416666666667,0.7625,0.764583333333333,0.766666666666667,0.76875,0.770833333333333,
0.772916666666667,0.775,0.777083333333333,0.779166666666667,0.78125,0.783333333333333,
0.785416666666667,0.7875,0.789583333333333,0.791666666666667,0.79375,0.795833333333333,
0.797916666666667,0.8,0.802083333333333,0.804166666666667,0.80625,0.808333333333333,
0.810416666666667,0.8125,0.814583333333333,0.816666666666667,0.81875,0.820833333333333,
0.822916666666667,0.825,0.827083333333333,0.829166666666667,0.83125,0.833333333333333,
0.835416666666667,0.8375,0.839583333333333,0.841666666666667,0.84375,0.845833333333333,
0.847916666666667,0.85,0.852083333333333,0.854166666666667,0.85625,0.858333333333333,
0.860416666666667,0.8625,0.864583333333333,0.866666666666667,0.86875,0.870833333333333,
0.872916666666667,0.875,0.877083333333333,0.879166666666667,0.88125,0.883333333333333,
0.885416666666667,0.8875,0.889583333333333,0.891666666666667,0.89375,0.895833333333333,
0.897916666666667,0.9,0.902083333333333,0.904166666666667,0.90625,0.908333333333333,
0.910416666666667,0.9125,0.914583333333333,0.916666666666667,0.91875,0.920833333333333,
0.922916666666667,0.925,0.927083333333333,0.929166666666667,0.93125,0.933333333333333,
0.935416666666667,0.9375,0.939583333333333,0.941666666666667,0.94375,0.945833333333333,
0.947916666666667,0.95,0.952083333333333,0.954166666666667,0.95625,0.958333333333333,
0.960416666666667,0.9625,0.964583333333333,0.966666666666667,0.96875,0.970833333333333,
0.972916666666667,0.975,0.977083333333333,0.979166666666667,0.98125,0.983333333333333,
0.985416666666667,0.9875,0.989583333333333,0.991666666666667,0.99375,0.995833333333333,
0.997916666666667,1.),.UNSPECIFIED.)
CURVE()
GEOMETRIC_REPRESENTATION_ITEM()
RATIONAL_B_SPLINE_CURVE((1.,0.866025403784439,1.,0.866025403784439,1.,0.866025403784439,
1.,0.866025403784439,1.,0.866025403784439,1.,0.866025403784439,1.,0.866025403784439,
1.,0.866025403784439,1.,0.866025403784439,1.,0.866025403784439,1.,0.866025403784439,
1.,0.866025403784439,1.,0.866025403784439,1.,0.866025403784439,1.,0.866025403784439,
1.,0.866025403784439,1.,0.866025403784439,1.,0.866025403784439,1.,0.866025403784439,
1.,0.866025403784439,1.,0.866025403784439,1.,0.866025403784439,1.,0.866025403784439,
1.,0.866025403784439,1.,0.866025403784439,1.,0.866025403784439,1.,0.866025403784439,
1.,0.866025403784439,1.,0.866025403784439,1.,0.866025403784439,1.,0.866025403784439,
1.,0.866025403784439,1.,0.866025403784439,1.,0.866025403784439,1.,0.866025403784439,
1.,0.866025403784439,1.,0.866025403784439,1.,0.866025403784439,1.,0.866025403784439,
1.,0.866025403784439,1.,0.866025403784439,1.,0.866025403784439,1.,0.866025403784439,
1.,0.866025403784439,1.,0.866025403784439,1.,0.866025403784439,1.,0.866025403784439,
1.,0.866025403784439,1.,0.866025403784439,1.,0.866025403784439,1.,0.866025403784439,
1.,0.866025403784439,1.,0.866025403784439,1.,0.866025403784439,1.,0.866025403784439,
1.,0.866025403784439,1.,0.866025403784439,1.,0.866025403784439,1.,0.866025403784439,
1.,0.866025403784439,1.,0.866025403784439,1.,0.866025403784439,1.,0.866025403784439,
1.,0.866025403784439,1.,0.866025403784439,1.,0.866025403784439,1.,0.866025403784439,
1.,0.866025403784439,1.,0.866025403784439,1.,0.866025403784439,1.,0.866025403784439,
1.,0.866025403784439,1.,0.866025403784439,1.,0.866025403784439,1.,0.866025403784439,
1.,0.866025403784439,1.,0.866025403784439,1.,0.866025403784439,1.,0.866025403784439,
1.,0.866025403784439,1.,0.866025403784439,1.,0.866025403784439,1.,0.866025403784439,
1.,0.866025403784439,1.,0.866025403784439,1.,0.866025403784439,1.,0.866025403784439,
1.,0.866025403784439,1.,0.866025403784439,1.,0.866025403784439,1.,0.866025403784439,
1.,0.866025403784439,1.,0.866025403784439,1.,0.866025403784439,1.,0.866025403784439,
1.,0.866025403784439,1.,0.866025403784439,1.,0.866025403784439,1.,0.866025403784439,
1.,0.866025403784439,1.,0.866025403784439,1.,0.866025403784439,1.,0.866025403784439,
1.,0.866025403784439,1.,0.866025403784439,1.,0.866025403784439,1.,0.866025403784439,
1.,0.866025403784439,1.,0.866025403784439,1.,0.866025403784439,1.,0.866025403784439,
1.,0.866025403784439,1.,0.866025403784439,1.,0.866025403784439,1.,0.866025403784439,
1.,0.866025403784439,1.,0.866025403784439,1.,0.866025403784439,1.,0.866025403784439,
1.,0.866025403784439,1.,0.866025403784439,1.,0.866025403784439,1.,0.866025403784439,
1.,0.866025403784439,1.,0.866025403784439,1.,0.866025403784439,1.,0.866025403784439,
1.,0.866025403784439,1.,0.866025403784439,1.,0.866025403784439,1.,0.866025403784439,
1.,0.866025403784439,1.,0.866025403784439,1.,0.866025403784439,1.,0.866025403784439,
1.,0.866025403784439,1.,0.866025403784439,1.,0.866025403784439,1.,0.866025403784439,
1.,0.866025403784439,1.,0.866025403784439,1.,0.866025403784439,1.,0.866025403784439,
1.,0.866025403784439,1.,0.866025403784439,1.,0.866025403784439,1.,0.866025403784439,
1.,0.866025403784439,1.,0.866025403784439,1.,0.866025403784439,1.,0.866025403784439,
1.,0.866025403784439,1.,0.866025403784439,1.,0.866025403784439,1.,0.866025403784439,
1.,0.866025403784439,1.,0.866025403784439,1.,0.866025403784439,1.,0.866025403784439,
1.,0.866025403784439,1.,0.866025403784439,1.,0.866025403784439,1.,0.866025403784439,
1.,0.866025403784439,1.,0.866025403784439,1.,0.866025403784439,1.,0.866025403784439,
1.,0.866025403784439,1.,0.866025403784439,1.,0.866025403784439,1.,0.866025403784439,
1.,0.866025403784439,1.,0.866025403784439,1.,0.866025403784439,1.,0.866025403784439,
1.,0.866025403784439,1.,0.866025403784439,1.,0.866025403784439,1.,0.866025403784439,
1.,0.866025403784439,1.,0.866025403784439,1.,0.866025403784439,1.,0.866025403784439,
1.,0.866025403784439,1.,0.866025403784439,1.,0.866025403784439,1.,0.866025403784439,
1.,0.866025403784439,1.,0.866025403784439,1.,0.866025403784439,1.,0.866025403784439,
1.,0.866025403784439,1.,0.866025403784439,1.,0.866025403784439,1.,0.866025403784439,
1.,0.866025403784439,1.,0.866025403784439,1.,0.866025403784439,1.,0.866025403784439,
1.,0.866025403784439,1.,0.866025403784439,1.,0.866025403784439,1.,0.866025403784439,
1.,0.866025403784439,1.,0.866025403784439,1.,0.866025403784439,1.,0.866025403784439,
1.,0.866025403784439,1.,0.866025403784439,1.,0.866025403784439,1.,0.866025403784439,
1.,0.866025403784439,1.,0.866025403784439,1.,0.866025403784439,1.,0.866025403784439,
1.,0.866025403784439,1.,0.866025403784439,1.,0.866025403784439,1.,0.866025403784439,
1.,0.866025403784439,1.,0.866025403784439,1.,0.866025403784439,1.,0.866025403784439,
1.,0.866025403784439,1.,0.866025403784439,1.,0.866025403784439,1.,0.866025403784439,
1.,0.866025403784439,1.,0.866025403784439,1.,0.866025403784439,1.,0.866025403784439,
1.,0.866025403784439,1.,0.866025403784439,1.,0.866025403784439,1.,0.866025403784439,
1.,0.866025403784439,1.,0.866025403784439,1.,0.866025403784439,1.,0.866025403784439,
1.,0.866025403784439,1.,0.866025403784439,1.,0.866025403784439,1.,0.866025403784439,
1.,0.866025403784439,1.,0.866025403784439,1.,0.866025403784439,1.,0.866025403784439,
1.,0.866025403784439,1.,0.866025403784439,1.,0.866025403784439,1.,0.866025403784439,
1.,0.866025403784439,1.,0.866025403784439,1.,0.866025403784439,1.,0.866025403784439,
1.,0.866025403784439,1.,0.866025403784439,1.,0.866025403784439,1.,0.866025403784439,
1.,0.866025403784439,1.,0.866025403784439,1.,0.866025403784439,1.,0.866025403784439,
1.,0.866025403784439,1.,0.866025403784439,1.,0.866025403784439,1.,0.866025403784439,
1.,0.866025403784439,1.,0.866025403784439,1.,0.866025403784439,1.,0.866025403784439,
1.,0.866025403784439,1.,0.866025403784439,1.,0.866025403784439,1.,0.866025403784439,
1.,0.866025403784439,1.,0.866025403784439,1.,0.866025403784439,1.,0.866025403784439,
1.,0.866025403784439,1.,0.866025403784439,1.,0.866025403784439,1.,0.866025403784439,
1.,0.866025403784439,1.,0.866025403784439,1.,0.866025403784439,1.,0.866025403784439,
1.,0.866025403784439,1.,0.866025403784439,1.,0.866025403784439,1.,0.866025403784439,
1.,0.866025403784439,1.,0.866025403784439,1.,0.866025403784439,1.,0.866025403784439,
1.,0.866025403784439,1.,0.866025403784439,1.,0.866025403784439,1.,0.866025403784439,
1.,0.866025403784439,1.,0.866025403784439,1.,0.866025403784439,1.,0.866025403784439,
1.,0.866025403784439,1.,0.866025403784439,1.,0.866025403784439,1.,0.866025403784439,
1.,0.866025403784439,1.,0.866025403784439,1.,0.866025403784439,1.,0.866025403784439,
1.,0.866025403784439,1.,0.866025403784439,1.,0.866025403784439,1.,0.866025403784439,
1.,0.866025403784439,1.,0.866025403784439,1.,0.866025403784439,1.,0.866025403784439,
1.,0.866025403784439,1.,0.866025403784439,1.,0.866025403784439,1.,0.866025403784439,
1.,0.866025403784439,1.,0.866025403784439,1.,0.866025403784439,1.,0.866025403784439,
1.,0.866025403784439,1.,0.866025403784439,1.,0.866025403784439,1.,0.866025403784439,
1.,0.866025403784439,1.,0.866025403784439,1.,0.866025403784439,1.,0.866025403784439,
1.,0.866025403784439,1.,0.866025403784439,1.,0.866025403784439,1.,0.866025403784439,
1.,0.866025403784439,1.,0.866025403784439,1.,0.866025403784439,1.,0.866025403784439,
1.,0.866025403784439,1.,0.866025403784439,1.,0.866025403784439,1.,0.866025403784439,
1.,0.866025403784439,1.,0.866025403784439,1.,0.866025403784439,1.,0.866025403784439,
1.,0.866025403784439,1.,0.866025403784439,1.,0.866025403784439,1.,0.866025403784439,
1.,0.866025403784439,1.,0.866025403784439,1.,0.866025403784439,1.,0.866025403784439,
1.,0.866025403784439,1.,0.866025403784439,1.,0.866025403784439,1.,0.866025403784439,
1.,0.866025403784439,1.,0.866025403784439,1.,0.866025403784439,1.,0.866025403784439,
1.,0.866025403784439,1.,0.866025403784439,1.,0.866025403784439,1.,0.866025403784439,
1.,0.866025403784439,1.,0.866025403784439,1.,0.866025403784439,1.,0.866025403784439,
1.,0.866025403784439,1.,0.866025403784439,1.,0.866025403784439,1.,0.866025403784439,
1.,0.866025403784439,1.,0.866025403784439,1.,0.866025403784439,1.,0.866025403784439,
1.,0.866025403784439,1.,0.866025403784439,1.,0.866025403784439,1.,0.866025403784439,
1.,0.866025403784439,1.,0.866025403784439,1.,0.866025403784439,1.,0.866025403784439,
1.,0.866025403784439,1.,0.866025403784439,1.,0.866025403784439,1.,0.866025403784439,
1.,0.866025403784439,1.,0.866025403784439,1.,0.866025403784439,1.,0.866025403784439,
1.,0.866025403784439,1.,0.866025403784439,1.,0.866025403784439,1.,0.866025403784439,
1.,0.866025403784439,1.,0.866025403784439,1.,0.866025403784439,1.,0.866025403784439,
1.,0.866025403784439,1.,0.866025403784439,1.,0.866025403784439,1.,0.866025403784439,
1.,0.866025403784439,1.,0.866025403784439,1.,0.866025403784439,1.,0.866025403784439,
1.,0.866025403784439,1.,0.866025403784439,1.,0.866025403784439,1.,0.866025403784439,
1.,0.866025403784439,1.,0.866025403784439,1.,0.866025403784439,1.,0.866025403784439,
1.,0.866025403784439,1.,0.866025403784439,1.,0.866025403784439,1.,0.866025403784439,
1.,0.866025403784439,1.,0.866025403784439,1.,0.866025403784439,1.,0.866025403784439,
1.,0.866025403784439,1.,0.866025403784439,1.,0.866025403784439,1.,0.866025403784439,
1.,0.866025403784439,1.,0.866025403784439,1.,0.866025403784439,1.,0.866025403784439,
1.,0.866025403784439,1.,0.866025403784439,1.,0.866025403784439,1.,0.866025403784439,
1.,0.866025403784439,1.,0.866025403784439,1.,0.866025403784439,1.,0.866025403784439,
1.,0.866025403784439,1.,0.866025403784439,1.,0.866025403784439,1.,0.866025403784439,
1.,0.866025403784439,1.,0.866025403784439,1.,0.866025403784439,1.,0.866025403784439,
1.,0.866025403784439,1.,0.866025403784439,1.,0.866025403784439,1.,0.866025403784439,
1.,0.866025403784439,1.,0.866025403784439,1.,0.866025403784439,1.,0.866025403784439,
1.,0.866025403784439,1.,0.866025403784439,1.,0.866025403784439,1.,0.866025403784439,
1.,0.866025403784439,1.,0.866025403784439,1.,0.866025403784439,1.,0.866025403784439,
1.,0.866025403784439,1.,0.866025403784439,1.,0.866025403784439,1.,0.866025403784439,
1.,0.866025403784439,1.,0.866025403784439,1.,0.866025403784439,1.,0.866025403784439,
1.,0.866025403784439,1.))
REPRESENTATION_ITEM('')
);
#68=(
BOUNDED_CURVE()
B_SPLINE_CURVE(2,(#4212,#4213,#4214,#4215,#4216,#4217,#4218,#4219,#4220,
#4221,#4222,#4223,#4224,#4225,#4226,#4227,#4228,#4229,#4230,#4231,#4232,
#4233,#4234,#4235,#4236,#4237,#4238,#4239,#4240,#4241,#4242,#4243,#4244,
#4245,#4246,#4247,#4248,#4249,#4250,#4251,#4252,#4253,#4254,#4255,#4256,
#4257,#4258,#4259,#4260,#4261,#4262,#4263,#4264,#4265,#4266,#4267,#4268,
#4269,#4270,#4271,#4272,#4273,#4274,#4275,#4276,#4277,#4278,#4279,#4280,
#4281,#4282,#4283,#4284,#4285,#4286,#4287,#4288,#4289,#4290,#4291,#4292,
#4293,#4294,#4295,#4296,#4297,#4298,#4299,#4300,#4301,#4302,#4303,#4304,
#4305,#4306,#4307,#4308,#4309,#4310,#4311,#4312,#4313,#4314,#4315,#4316,
#4317,#4318,#4319,#4320,#4321,#4322,#4323,#4324,#4325,#4326,#4327,#4328,
#4329,#4330,#4331,#4332,#4333,#4334,#4335,#4336,#4337,#4338,#4339,#4340,
#4341,#4342,#4343,#4344,#4345,#4346,#4347,#4348,#4349,#4350,#4351,#4352,
#4353,#4354,#4355,#4356,#4357,#4358,#4359,#4360,#4361,#4362,#4363,#4364,
#4365,#4366,#4367,#4368,#4369,#4370,#4371,#4372,#4373,#4374,#4375,#4376,
#4377,#4378,#4379,#4380,#4381,#4382,#4383,#4384,#4385,#4386,#4387,#4388,
#4389,#4390,#4391,#4392,#4393,#4394,#4395,#4396,#4397,#4398,#4399,#4400,
#4401,#4402,#4403,#4404,#4405,#4406,#4407,#4408,#4409,#4410,#4411,#4412,
#4413,#4414,#4415,#4416,#4417,#4418,#4419,#4420,#4421,#4422,#4423,#4424,
#4425,#4426,#4427,#4428,#4429,#4430,#4431,#4432,#4433,#4434,#4435,#4436,
#4437,#4438,#4439,#4440,#4441,#4442,#4443,#4444,#4445,#4446,#4447,#4448,
#4449,#4450,#4451,#4452,#4453,#4454,#4455,#4456,#4457,#4458,#4459,#4460,
#4461,#4462,#4463,#4464,#4465,#4466,#4467,#4468,#4469,#4470,#4471,#4472,
#4473,#4474,#4475,#4476,#4477,#4478,#4479,#4480,#4481,#4482,#4483,#4484,
#4485,#4486,#4487,#4488,#4489,#4490,#4491,#4492,#4493,#4494,#4495,#4496,
#4497,#4498,#4499,#4500,#4501,#4502,#4503,#4504,#4505,#4506,#4507,#4508,
#4509,#4510,#4511,#4512,#4513,#4514,#4515,#4516,#4517,#4518,#4519,#4520,
#4521,#4522,#4523,#4524,#4525,#4526,#4527,#4528,#4529,#4530,#4531,#4532,
#4533,#4534,#4535,#4536,#4537,#4538,#4539,#4540,#4541,#4542,#4543,#4544,
#4545,#4546,#4547,#4548,#4549,#4550,#4551,#4552,#4553,#4554,#4555,#4556,
#4557,#4558,#4559,#4560,#4561,#4562,#4563,#4564,#4565,#4566,#4567,#4568,
#4569,#4570,#4571,#4572,#4573,#4574,#4575,#4576,#4577,#4578,#4579,#4580,
#4581,#4582,#4583,#4584,#4585,#4586,#4587,#4588,#4589,#4590,#4591,#4592,
#4593,#4594,#4595,#4596,#4597,#4598,#4599,#4600,#4601,#4602,#4603,#4604,
#4605,#4606,#4607,#4608,#4609,#4610,#4611,#4612,#4613,#4614,#4615,#4616,
#4617,#4618,#4619,#4620,#4621,#4622,#4623,#4624,#4625,#4626,#4627,#4628,
#4629,#4630,#4631,#4632,#4633,#4634,#4635,#4636,#4637,#4638,#4639,#4640,
#4641,#4642,#4643,#4644,#4645,#4646,#4647,#4648,#4649,#4650,#4651,#4652,
#4653,#4654,#4655,#4656,#4657,#4658,#4659,#4660,#4661,#4662,#4663,#4664,
#4665,#4666,#4667,#4668,#4669,#4670,#4671,#4672,#4673,#4674,#4675,#4676,
#4677,#4678,#4679,#4680,#4681,#4682,#4683,#4684,#4685,#4686,#4687,#4688,
#4689,#4690,#4691,#4692,#4693,#4694,#4695,#4696,#4697,#4698,#4699,#4700,
#4701,#4702,#4703,#4704,#4705,#4706,#4707,#4708,#4709,#4710,#4711,#4712,
#4713,#4714,#4715,#4716,#4717,#4718,#4719,#4720,#4721,#4722,#4723,#4724,
#4725,#4726,#4727,#4728,#4729,#4730,#4731,#4732,#4733,#4734,#4735,#4736,
#4737,#4738,#4739,#4740,#4741,#4742,#4743,#4744,#4745,#4746,#4747,#4748,
#4749,#4750,#4751,#4752,#4753,#4754,#4755,#4756,#4757,#4758,#4759,#4760,
#4761,#4762,#4763,#4764,#4765,#4766,#4767,#4768,#4769,#4770,#4771,#4772,
#4773,#4774,#4775,#4776,#4777,#4778,#4779,#4780,#4781,#4782,#4783,#4784,
#4785,#4786,#4787,#4788,#4789,#4790,#4791,#4792,#4793,#4794,#4795,#4796,
#4797,#4798,#4799,#4800,#4801,#4802,#4803,#4804,#4805,#4806,#4807,#4808,
#4809,#4810,#4811,#4812,#4813,#4814,#4815,#4816,#4817,#4818,#4819,#4820,
#4821,#4822,#4823,#4824,#4825,#4826,#4827,#4828,#4829,#4830,#4831,#4832,
#4833,#4834,#4835,#4836,#4837,#4838,#4839,#4840,#4841,#4842,#4843,#4844,
#4845,#4846,#4847,#4848,#4849,#4850,#4851,#4852,#4853,#4854,#4855,#4856,
#4857,#4858,#4859,#4860,#4861,#4862,#4863,#4864,#4865,#4866,#4867,#4868,
#4869,#4870,#4871,#4872,#4873,#4874,#4875,#4876,#4877,#4878,#4879,#4880,
#4881,#4882,#4883,#4884,#4885,#4886,#4887,#4888,#4889,#4890,#4891,#4892,
#4893,#4894,#4895,#4896,#4897,#4898,#4899,#4900,#4901,#4902,#4903,#4904,
#4905,#4906,#4907,#4908,#4909,#4910,#4911,#4912,#4913,#4914,#4915,#4916,
#4917,#4918,#4919,#4920,#4921,#4922,#4923,#4924,#4925,#4926,#4927,#4928,
#4929,#4930,#4931,#4932,#4933,#4934,#4935,#4936,#4937,#4938,#4939,#4940,
#4941,#4942,#4943,#4944,#4945,#4946,#4947,#4948,#4949,#4950,#4951,#4952,
#4953,#4954,#4955,#4956,#4957,#4958,#4959,#4960,#4961,#4962,#4963,#4964,
#4965,#4966,#4967,#4968,#4969,#4970,#4971,#4972,#4973,#4974,#4975,#4976,
#4977,#4978,#4979,#4980,#4981,#4982,#4983,#4984,#4985,#4986,#4987,#4988,
#4989,#4990,#4991,#4992,#4993,#4994,#4995,#4996,#4997,#4998,#4999,#5000,
#5001,#5002,#5003,#5004,#5005,#5006,#5007,#5008,#5009,#5010,#5011,#5012,
#5013,#5014,#5015,#5016,#5017,#5018,#5019,#5020,#5021,#5022,#5023,#5024,
#5025,#5026,#5027,#5028,#5029,#5030,#5031,#5032,#5033,#5034,#5035,#5036,
#5037,#5038,#5039,#5040,#5041,#5042,#5043,#5044,#5045,#5046,#5047,#5048,
#5049,#5050,#5051,#5052,#5053,#5054,#5055,#5056,#5057,#5058,#5059,#5060,
#5061,#5062,#5063,#5064,#5065,#5066,#5067,#5068,#5069,#5070,#5071,#5072,
#5073,#5074,#5075,#5076,#5077,#5078,#5079,#5080,#5081,#5082,#5083,#5084,
#5085,#5086,#5087,#5088,#5089,#5090,#5091,#5092,#5093,#5094,#5095,#5096,
#5097,#5098,#5099,#5100,#5101,#5102,#5103,#5104,#5105,#5106,#5107,#5108,
#5109,#5110,#5111,#5112,#5113,#5114,#5115,#5116,#5117,#5118,#5119,#5120,
#5121,#5122,#5123,#5124,#5125,#5126,#5127,#5128,#5129,#5130,#5131,#5132,
#5133,#5134,#5135,#5136,#5137,#5138,#5139,#5140,#5141,#5142,#5143,#5144,
#5145,#5146,#5147,#5148,#5149,#5150,#5151,#5152,#5153,#5154,#5155,#5156,
#5157,#5158,#5159,#5160,#5161,#5162,#5163,#5164,#5165,#5166,#5167,#5168,
#5169,#5170,#5171,#5172),.UNSPECIFIED.,.F.,.F.)
B_SPLINE_CURVE_WITH_KNOTS((3,2,2,2,2,2,2,2,2,2,2,2,2,2,2,2,2,2,2,2,2,2,
2,2,2,2,2,2,2,2,2,2,2,2,2,2,2,2,2,2,2,2,2,2,2,2,2,2,2,2,2,2,2,2,2,2,2,2,
2,2,2,2,2,2,2,2,2,2,2,2,2,2,2,2,2,2,2,2,2,2,2,2,2,2,2,2,2,2,2,2,2,2,2,2,
2,2,2,2,2,2,2,2,2,2,2,2,2,2,2,2,2,2,2,2,2,2,2,2,2,2,2,2,2,2,2,2,2,2,2,2,
2,2,2,2,2,2,2,2,2,2,2,2,2,2,2,2,2,2,2,2,2,2,2,2,2,2,2,2,2,2,2,2,2,2,2,2,
2,2,2,2,2,2,2,2,2,2,2,2,2,2,2,2,2,2,2,2,2,2,2,2,2,2,2,2,2,2,2,2,2,2,2,2,
2,2,2,2,2,2,2,2,2,2,2,2,2,2,2,2,2,2,2,2,2,2,2,2,2,2,2,2,2,2,2,2,2,2,2,2,
2,2,2,2,2,2,2,2,2,2,2,2,2,2,2,2,2,2,2,2,2,2,2,2,2,2,2,2,2,2,2,2,2,2,2,2,
2,2,2,2,2,2,2,2,2,2,2,2,2,2,2,2,2,2,2,2,2,2,2,2,2,2,2,2,2,2,2,2,2,2,2,2,
2,2,2,2,2,2,2,2,2,2,2,2,2,2,2,2,2,2,2,2,2,2,2,2,2,2,2,2,2,2,2,2,2,2,2,2,
2,2,2,2,2,2,2,2,2,2,2,2,2,2,2,2,2,2,2,2,2,2,2,2,2,2,2,2,2,2,2,2,2,2,2,2,
2,2,2,2,2,2,2,2,2,2,2,2,2,2,2,2,2,2,2,2,2,2,2,2,2,2,2,2,2,2,2,2,2,2,2,2,
2,2,2,2,2,2,2,2,2,2,2,2,2,2,2,2,2,2,2,2,2,2,2,2,2,2,2,2,2,2,2,2,2,2,2,2,
2,2,2,2,2,2,2,2,2,2,2,2,2,2,2,2,2,2,2,2,2,2,2,2,2,2,3),(0.,0.00208333333333334,
0.00416666666666666,0.00625,0.00833333333333333,0.0104166666666667,0.0125,
0.0145833333333333,0.0166666666666666,0.01875,0.0208333333333333,0.0229166666666667,
0.025,0.0270833333333334,0.0291666666666666,0.03125,0.0333333333333333,
0.0354166666666667,0.0375,0.0395833333333334,0.0416666666666667,0.04375,
0.0458333333333333,0.0479166666666667,0.05,0.0520833333333333,0.0541666666666667,
0.05625,0.0583333333333333,0.0604166666666667,0.0625,0.0645833333333333,
0.0666666666666667,0.06875,0.0708333333333333,0.0729166666666667,0.075,
0.0770833333333333,0.0791666666666667,0.08125,0.0833333333333333,0.0854166666666667,
0.0875,0.0895833333333333,0.0916666666666667,0.09375,0.0958333333333333,
0.0979166666666667,0.1,0.102083333333333,0.104166666666667,0.10625,0.108333333333333,
0.110416666666667,0.1125,0.114583333333333,0.116666666666667,0.11875,0.120833333333333,
0.122916666666667,0.125,0.127083333333333,0.129166666666667,0.13125,0.133333333333333,
0.135416666666667,0.1375,0.139583333333333,0.141666666666667,0.14375,0.145833333333333,
0.147916666666667,0.15,0.152083333333334,0.154166666666667,0.15625,0.158333333333333,
0.160416666666667,0.1625,0.164583333333333,0.166666666666667,0.16875,0.170833333333334,
0.172916666666666,0.175,0.177083333333334,0.179166666666667,0.18125,0.183333333333334,
0.185416666666667,0.1875,0.189583333333333,0.191666666666667,0.19375,0.195833333333333,
0.197916666666667,0.2,0.202083333333334,0.204166666666666,0.20625,0.208333333333334,
0.210416666666667,0.2125,0.214583333333334,0.216666666666667,0.21875,0.220833333333333,
0.222916666666667,0.225,0.227083333333333,0.229166666666666,0.23125,0.233333333333334,
0.235416666666666,0.2375,0.239583333333334,0.241666666666667,0.24375,0.245833333333333,
0.247916666666667,0.25,0.252083333333334,0.254166666666666,0.25625,0.258333333333334,
0.260416666666667,0.2625,0.264583333333334,0.266666666666666,0.26875,0.270833333333334,
0.272916666666666,0.275,0.277083333333334,0.279166666666667,0.28125,0.283333333333334,
0.285416666666666,0.2875,0.289583333333334,0.291666666666667,0.29375,0.295833333333334,
0.297916666666666,0.3,0.302083333333334,0.304166666666666,0.30625,0.308333333333334,
0.310416666666667,0.3125,0.314583333333334,0.316666666666666,0.31875,0.320833333333334,
0.322916666666667,0.325,0.327083333333334,0.329166666666666,0.33125,0.333333333333334,
0.335416666666666,0.3375,0.339583333333334,0.341666666666667,0.34375,0.345833333333334,
0.347916666666666,0.35,0.352083333333334,0.354166666666667,0.35625,0.358333333333334,
0.360416666666666,0.3625,0.364583333333334,0.366666666666666,0.36875,0.370833333333334,
0.372916666666667,0.375,0.377083333333334,0.379166666666666,0.38125,0.383333333333334,
0.385416666666667,0.3875,0.389583333333334,0.391666666666666,0.39375,0.395833333333334,
0.397916666666666,0.4,0.402083333333334,0.404166666666667,0.40625,0.408333333333334,
0.410416666666666,0.4125,0.414583333333334,0.416666666666667,0.41875,0.420833333333334,
0.422916666666666,0.425,0.427083333333334,0.429166666666666,0.43125,0.433333333333334,
0.435416666666667,0.4375,0.439583333333334,0.441666666666666,0.44375,0.445833333333334,
0.447916666666667,0.45,0.452083333333333,0.454166666666667,0.45625,0.458333333333333,
0.460416666666667,0.4625,0.464583333333333,0.466666666666667,0.46875,0.470833333333333,
0.472916666666667,0.475,0.477083333333333,0.479166666666667,0.48125,0.483333333333333,
0.485416666666667,0.4875,0.489583333333333,0.491666666666667,0.49375,0.495833333333333,
0.497916666666667,0.5,0.502083333333333,0.504166666666667,0.50625,0.508333333333333,
0.510416666666667,0.5125,0.514583333333333,0.516666666666667,0.51875,0.520833333333333,
0.522916666666667,0.525,0.527083333333333,0.529166666666667,0.53125,0.533333333333333,
0.535416666666667,0.5375,0.539583333333333,0.541666666666667,0.54375,0.545833333333333,
0.547916666666667,0.55,0.552083333333333,0.554166666666667,0.55625,0.558333333333333,
0.560416666666667,0.5625,0.564583333333333,0.566666666666667,0.56875,0.570833333333333,
0.572916666666667,0.575,0.577083333333333,0.579166666666667,0.58125,0.583333333333333,
0.585416666666667,0.5875,0.589583333333333,0.591666666666667,0.59375,0.595833333333333,
0.597916666666667,0.6,0.602083333333333,0.604166666666667,0.60625,0.608333333333333,
0.610416666666667,0.6125,0.614583333333333,0.616666666666667,0.61875,0.620833333333333,
0.622916666666667,0.625,0.627083333333333,0.629166666666667,0.63125,0.633333333333333,
0.635416666666667,0.6375,0.639583333333333,0.641666666666667,0.64375,0.645833333333333,
0.647916666666667,0.65,0.652083333333333,0.654166666666667,0.65625,0.658333333333333,
0.660416666666667,0.6625,0.664583333333333,0.666666666666667,0.66875,0.670833333333333,
0.672916666666667,0.675,0.677083333333333,0.679166666666667,0.68125,0.683333333333333,
0.685416666666667,0.6875,0.689583333333333,0.691666666666667,0.69375,0.695833333333333,
0.697916666666667,0.7,0.702083333333333,0.704166666666667,0.70625,0.708333333333333,
0.710416666666667,0.7125,0.714583333333333,0.716666666666667,0.71875,0.720833333333333,
0.722916666666667,0.725,0.727083333333333,0.729166666666667,0.73125,0.733333333333333,
0.735416666666667,0.7375,0.739583333333333,0.741666666666667,0.74375,0.745833333333333,
0.747916666666667,0.75,0.752083333333333,0.754166666666667,0.75625,0.758333333333333,
0.760416666666667,0.7625,0.764583333333333,0.766666666666667,0.76875,0.770833333333333,
0.772916666666667,0.775,0.777083333333333,0.779166666666667,0.78125,0.783333333333333,
0.785416666666667,0.7875,0.789583333333333,0.791666666666667,0.79375,0.795833333333333,
0.797916666666667,0.8,0.802083333333333,0.804166666666667,0.80625,0.808333333333333,
0.810416666666667,0.8125,0.814583333333333,0.816666666666667,0.81875,0.820833333333333,
0.822916666666667,0.825,0.827083333333333,0.829166666666667,0.83125,0.833333333333333,
0.835416666666667,0.8375,0.839583333333333,0.841666666666667,0.84375,0.845833333333333,
0.847916666666667,0.85,0.852083333333333,0.854166666666667,0.85625,0.858333333333333,
0.860416666666667,0.8625,0.864583333333333,0.866666666666667,0.86875,0.870833333333333,
0.872916666666667,0.875,0.877083333333333,0.879166666666667,0.88125,0.883333333333333,
0.885416666666667,0.8875,0.889583333333333,0.891666666666667,0.89375,0.895833333333333,
0.897916666666667,0.9,0.902083333333333,0.904166666666667,0.90625,0.908333333333333,
0.910416666666667,0.9125,0.914583333333333,0.916666666666667,0.91875,0.920833333333333,
0.922916666666667,0.925,0.927083333333333,0.929166666666667,0.93125,0.933333333333333,
0.935416666666667,0.9375,0.939583333333333,0.941666666666667,0.94375,0.945833333333333,
0.947916666666667,0.95,0.952083333333333,0.954166666666667,0.95625,0.958333333333333,
0.960416666666667,0.9625,0.964583333333333,0.966666666666667,0.96875,0.970833333333333,
0.972916666666667,0.975,0.977083333333333,0.979166666666667,0.98125,0.983333333333333,
0.985416666666667,0.9875,0.989583333333333,0.991666666666667,0.99375,0.995833333333333,
0.997916666666667,1.),.UNSPECIFIED.)
CURVE()
GEOMETRIC_REPRESENTATION_ITEM()
RATIONAL_B_SPLINE_CURVE((1.,0.866025403784439,1.,0.866025403784439,1.,0.866025403784439,
1.,0.866025403784439,1.,0.866025403784439,1.,0.866025403784439,1.,0.866025403784439,
1.,0.866025403784439,1.,0.866025403784439,1.,0.866025403784439,1.,0.866025403784439,
1.,0.866025403784439,1.,0.866025403784439,1.,0.866025403784439,1.,0.866025403784439,
1.,0.866025403784439,1.,0.866025403784439,1.,0.866025403784439,1.,0.866025403784439,
1.,0.866025403784439,1.,0.866025403784439,1.,0.866025403784439,1.,0.866025403784439,
1.,0.866025403784439,1.,0.866025403784439,1.,0.866025403784439,1.,0.866025403784439,
1.,0.866025403784439,1.,0.866025403784439,1.,0.866025403784439,1.,0.866025403784439,
1.,0.866025403784439,1.,0.866025403784439,1.,0.866025403784439,1.,0.866025403784439,
1.,0.866025403784439,1.,0.866025403784439,1.,0.866025403784439,1.,0.866025403784439,
1.,0.866025403784439,1.,0.866025403784439,1.,0.866025403784439,1.,0.866025403784439,
1.,0.866025403784439,1.,0.866025403784439,1.,0.866025403784439,1.,0.866025403784439,
1.,0.866025403784439,1.,0.866025403784439,1.,0.866025403784439,1.,0.866025403784439,
1.,0.866025403784439,1.,0.866025403784439,1.,0.866025403784439,1.,0.866025403784439,
1.,0.866025403784439,1.,0.866025403784439,1.,0.866025403784439,1.,0.866025403784439,
1.,0.866025403784439,1.,0.866025403784439,1.,0.866025403784439,1.,0.866025403784439,
1.,0.866025403784439,1.,0.866025403784439,1.,0.866025403784439,1.,0.866025403784439,
1.,0.866025403784439,1.,0.866025403784439,1.,0.866025403784439,1.,0.866025403784439,
1.,0.866025403784439,1.,0.866025403784439,1.,0.866025403784439,1.,0.866025403784439,
1.,0.866025403784439,1.,0.866025403784439,1.,0.866025403784439,1.,0.866025403784439,
1.,0.866025403784439,1.,0.866025403784439,1.,0.866025403784439,1.,0.866025403784439,
1.,0.866025403784439,1.,0.866025403784439,1.,0.866025403784439,1.,0.866025403784439,
1.,0.866025403784439,1.,0.866025403784439,1.,0.866025403784439,1.,0.866025403784439,
1.,0.866025403784439,1.,0.866025403784439,1.,0.866025403784439,1.,0.866025403784439,
1.,0.866025403784439,1.,0.866025403784439,1.,0.866025403784439,1.,0.866025403784439,
1.,0.866025403784439,1.,0.866025403784439,1.,0.866025403784439,1.,0.866025403784439,
1.,0.866025403784439,1.,0.866025403784439,1.,0.866025403784439,1.,0.866025403784439,
1.,0.866025403784439,1.,0.866025403784439,1.,0.866025403784439,1.,0.866025403784439,
1.,0.866025403784439,1.,0.866025403784439,1.,0.866025403784439,1.,0.866025403784439,
1.,0.866025403784439,1.,0.866025403784439,1.,0.866025403784439,1.,0.866025403784439,
1.,0.866025403784439,1.,0.866025403784439,1.,0.866025403784439,1.,0.866025403784439,
1.,0.866025403784439,1.,0.866025403784439,1.,0.866025403784439,1.,0.866025403784439,
1.,0.866025403784439,1.,0.866025403784439,1.,0.866025403784439,1.,0.866025403784439,
1.,0.866025403784439,1.,0.866025403784439,1.,0.866025403784439,1.,0.866025403784439,
1.,0.866025403784439,1.,0.866025403784439,1.,0.866025403784439,1.,0.866025403784439,
1.,0.866025403784439,1.,0.866025403784439,1.,0.866025403784439,1.,0.866025403784439,
1.,0.866025403784439,1.,0.866025403784439,1.,0.866025403784439,1.,0.866025403784439,
1.,0.866025403784439,1.,0.866025403784439,1.,0.866025403784439,1.,0.866025403784439,
1.,0.866025403784439,1.,0.866025403784439,1.,0.866025403784439,1.,0.866025403784439,
1.,0.866025403784439,1.,0.866025403784439,1.,0.866025403784439,1.,0.866025403784439,
1.,0.866025403784439,1.,0.866025403784439,1.,0.866025403784439,1.,0.866025403784439,
1.,0.866025403784439,1.,0.866025403784439,1.,0.866025403784439,1.,0.866025403784439,
1.,0.866025403784439,1.,0.866025403784439,1.,0.866025403784439,1.,0.866025403784439,
1.,0.866025403784439,1.,0.866025403784439,1.,0.866025403784439,1.,0.866025403784439,
1.,0.866025403784439,1.,0.866025403784439,1.,0.866025403784439,1.,0.866025403784439,
1.,0.866025403784439,1.,0.866025403784439,1.,0.866025403784439,1.,0.866025403784439,
1.,0.866025403784439,1.,0.866025403784439,1.,0.866025403784439,1.,0.866025403784439,
1.,0.866025403784439,1.,0.866025403784439,1.,0.866025403784439,1.,0.866025403784439,
1.,0.866025403784439,1.,0.866025403784439,1.,0.866025403784439,1.,0.866025403784439,
1.,0.866025403784439,1.,0.866025403784439,1.,0.866025403784439,1.,0.866025403784439,
1.,0.866025403784439,1.,0.866025403784439,1.,0.866025403784439,1.,0.866025403784439,
1.,0.866025403784439,1.,0.866025403784439,1.,0.866025403784439,1.,0.866025403784439,
1.,0.866025403784439,1.,0.866025403784439,1.,0.866025403784439,1.,0.866025403784439,
1.,0.866025403784439,1.,0.866025403784439,1.,0.866025403784439,1.,0.866025403784439,
1.,0.866025403784439,1.,0.866025403784439,1.,0.866025403784439,1.,0.866025403784439,
1.,0.866025403784439,1.,0.866025403784439,1.,0.866025403784439,1.,0.866025403784439,
1.,0.866025403784439,1.,0.866025403784439,1.,0.866025403784439,1.,0.866025403784439,
1.,0.866025403784439,1.,0.866025403784439,1.,0.866025403784439,1.,0.866025403784439,
1.,0.866025403784439,1.,0.866025403784439,1.,0.866025403784439,1.,0.866025403784439,
1.,0.866025403784439,1.,0.866025403784439,1.,0.866025403784439,1.,0.866025403784439,
1.,0.866025403784439,1.,0.866025403784439,1.,0.866025403784439,1.,0.866025403784439,
1.,0.866025403784439,1.,0.866025403784439,1.,0.866025403784439,1.,0.866025403784439,
1.,0.866025403784439,1.,0.866025403784439,1.,0.866025403784439,1.,0.866025403784439,
1.,0.866025403784439,1.,0.866025403784439,1.,0.866025403784439,1.,0.866025403784439,
1.,0.866025403784439,1.,0.866025403784439,1.,0.866025403784439,1.,0.866025403784439,
1.,0.866025403784439,1.,0.866025403784439,1.,0.866025403784439,1.,0.866025403784439,
1.,0.866025403784439,1.,0.866025403784439,1.,0.866025403784439,1.,0.866025403784439,
1.,0.866025403784439,1.,0.866025403784439,1.,0.866025403784439,1.,0.866025403784439,
1.,0.866025403784439,1.,0.866025403784439,1.,0.866025403784439,1.,0.866025403784439,
1.,0.866025403784439,1.,0.866025403784439,1.,0.866025403784439,1.,0.866025403784439,
1.,0.866025403784439,1.,0.866025403784439,1.,0.866025403784439,1.,0.866025403784439,
1.,0.866025403784439,1.,0.866025403784439,1.,0.866025403784439,1.,0.866025403784439,
1.,0.866025403784439,1.,0.866025403784439,1.,0.866025403784439,1.,0.866025403784439,
1.,0.866025403784439,1.,0.866025403784439,1.,0.866025403784439,1.,0.866025403784439,
1.,0.866025403784439,1.,0.866025403784439,1.,0.866025403784439,1.,0.866025403784439,
1.,0.866025403784439,1.,0.866025403784439,1.,0.866025403784439,1.,0.866025403784439,
1.,0.866025403784439,1.,0.866025403784439,1.,0.866025403784439,1.,0.866025403784439,
1.,0.866025403784439,1.,0.866025403784439,1.,0.866025403784439,1.,0.866025403784439,
1.,0.866025403784439,1.,0.866025403784439,1.,0.866025403784439,1.,0.866025403784439,
1.,0.866025403784439,1.,0.866025403784439,1.,0.866025403784439,1.,0.866025403784439,
1.,0.866025403784439,1.,0.866025403784439,1.,0.866025403784439,1.,0.866025403784439,
1.,0.866025403784439,1.,0.866025403784439,1.,0.866025403784439,1.,0.866025403784439,
1.,0.866025403784439,1.,0.866025403784439,1.,0.866025403784439,1.,0.866025403784439,
1.,0.866025403784439,1.,0.866025403784439,1.,0.866025403784439,1.,0.866025403784439,
1.,0.866025403784439,1.,0.866025403784439,1.,0.866025403784439,1.,0.866025403784439,
1.,0.866025403784439,1.,0.866025403784439,1.,0.866025403784439,1.,0.866025403784439,
1.,0.866025403784439,1.,0.866025403784439,1.,0.866025403784439,1.,0.866025403784439,
1.,0.866025403784439,1.,0.866025403784439,1.,0.866025403784439,1.,0.866025403784439,
1.,0.866025403784439,1.,0.866025403784439,1.,0.866025403784439,1.,0.866025403784439,
1.,0.866025403784439,1.,0.866025403784439,1.,0.866025403784439,1.,0.866025403784439,
1.,0.866025403784439,1.,0.866025403784439,1.,0.866025403784439,1.,0.866025403784439,
1.,0.866025403784439,1.,0.866025403784439,1.,0.866025403784439,1.,0.866025403784439,
1.,0.866025403784439,1.,0.866025403784439,1.,0.866025403784439,1.,0.866025403784439,
1.,0.866025403784439,1.,0.866025403784439,1.,0.866025403784439,1.,0.866025403784439,
1.,0.866025403784439,1.,0.866025403784439,1.,0.866025403784439,1.,0.866025403784439,
1.,0.866025403784439,1.,0.866025403784439,1.,0.866025403784439,1.,0.866025403784439,
1.,0.866025403784439,1.,0.866025403784439,1.,0.866025403784439,1.,0.866025403784439,
1.,0.866025403784439,1.,0.866025403784439,1.,0.866025403784439,1.,0.866025403784439,
1.,0.866025403784439,1.,0.866025403784439,1.,0.866025403784439,1.,0.866025403784439,
1.,0.866025403784439,1.,0.866025403784439,1.,0.866025403784439,1.,0.866025403784439,
1.,0.866025403784439,1.,0.866025403784439,1.,0.866025403784439,1.,0.866025403784439,
1.,0.866025403784439,1.,0.866025403784439,1.,0.866025403784439,1.,0.866025403784439,
1.,0.866025403784439,1.,0.866025403784439,1.,0.866025403784439,1.,0.866025403784439,
1.,0.866025403784439,1.,0.866025403784439,1.,0.866025403784439,1.,0.866025403784439,
1.,0.866025403784439,1.,0.866025403784439,1.,0.866025403784439,1.,0.866025403784439,
1.,0.866025403784439,1.,0.866025403784439,1.,0.866025403784439,1.,0.866025403784439,
1.,0.866025403784439,1.,0.866025403784439,1.,0.866025403784439,1.,0.866025403784439,
1.,0.866025403784439,1.,0.866025403784439,1.,0.866025403784439,1.,0.866025403784439,
1.,0.866025403784439,1.,0.866025403784439,1.,0.866025403784439,1.,0.866025403784439,
1.,0.866025403784439,1.,0.866025403784439,1.,0.866025403784439,1.,0.866025403784439,
1.,0.866025403784439,1.,0.866025403784439,1.,0.866025403784439,1.,0.866025403784439,
1.,0.866025403784439,1.,0.866025403784439,1.,0.866025403784439,1.,0.866025403784439,
1.,0.866025403784439,1.,0.866025403784439,1.,0.866025403784439,1.,0.866025403784439,
1.,0.866025403784439,1.,0.866025403784439,1.,0.866025403784439,1.,0.866025403784439,
1.,0.866025403784439,1.,0.866025403784439,1.,0.866025403784439,1.,0.866025403784439,
1.,0.866025403784439,1.,0.866025403784439,1.,0.866025403784439,1.,0.866025403784439,
1.,0.866025403784439,1.,0.866025403784439,1.,0.866025403784439,1.,0.866025403784439,
1.,0.866025403784439,1.,0.866025403784439,1.,0.866025403784439,1.,0.866025403784439,
1.,0.866025403784439,1.,0.866025403784439,1.,0.866025403784439,1.,0.866025403784439,
1.,0.866025403784439,1.,0.866025403784439,1.,0.866025403784439,1.,0.866025403784439,
1.,0.866025403784439,1.))
REPRESENTATION_ITEM('')
);
#69=ORIENTED_EDGE('',*,*,#137,.F.);
#70=ORIENTED_EDGE('',*,*,#138,.T.);
#71=ORIENTED_EDGE('',*,*,#139,.F.);
#72=ORIENTED_EDGE('',*,*,#140,.F.);
#73=ORIENTED_EDGE('',*,*,#138,.F.);
#74=ORIENTED_EDGE('',*,*,#141,.T.);
#75=ORIENTED_EDGE('',*,*,#142,.T.);
#76=ORIENTED_EDGE('',*,*,#143,.T.);
#77=ORIENTED_EDGE('',*,*,#142,.F.);
#78=ORIENTED_EDGE('',*,*,#144,.T.);
#79=ORIENTED_EDGE('',*,*,#145,.T.);
#80=ORIENTED_EDGE('',*,*,#146,.T.);
#81=ORIENTED_EDGE('',*,*,#145,.F.);
#82=ORIENTED_EDGE('',*,*,#147,.T.);
#83=ORIENTED_EDGE('',*,*,#140,.T.);
#84=ORIENTED_EDGE('',*,*,#148,.T.);
#85=ORIENTED_EDGE('',*,*,#149,.T.);
#86=ORIENTED_EDGE('',*,*,#150,.F.);
#87=ORIENTED_EDGE('',*,*,#143,.F.);
#88=ORIENTED_EDGE('',*,*,#146,.F.);
#89=ORIENTED_EDGE('',*,*,#148,.F.);
#90=ORIENTED_EDGE('',*,*,#139,.T.);
#91=ORIENTED_EDGE('',*,*,#149,.F.);
#92=ORIENTED_EDGE('',*,*,#151,.F.);
#93=ORIENTED_EDGE('',*,*,#152,.F.);
#94=ORIENTED_EDGE('',*,*,#153,.F.);
#95=ORIENTED_EDGE('',*,*,#154,.F.);
#96=ORIENTED_EDGE('',*,*,#155,.F.);
#97=ORIENTED_EDGE('',*,*,#156,.F.);
#98=ORIENTED_EDGE('',*,*,#150,.T.);
#99=ORIENTED_EDGE('',*,*,#151,.T.);
#100=ORIENTED_EDGE('',*,*,#157,.F.);
#101=ORIENTED_EDGE('',*,*,#158,.F.);
#102=ORIENTED_EDGE('',*,*,#159,.T.);
#103=ORIENTED_EDGE('',*,*,#156,.T.);
#104=ORIENTED_EDGE('',*,*,#160,.F.);
#105=ORIENTED_EDGE('',*,*,#161,.F.);
#106=ORIENTED_EDGE('',*,*,#157,.T.);
#107=ORIENTED_EDGE('',*,*,#155,.T.);
#108=ORIENTED_EDGE('',*,*,#162,.F.);
#109=ORIENTED_EDGE('',*,*,#163,.F.);
#110=ORIENTED_EDGE('',*,*,#160,.T.);
#111=ORIENTED_EDGE('',*,*,#154,.T.);
#112=ORIENTED_EDGE('',*,*,#164,.F.);
#113=ORIENTED_EDGE('',*,*,#165,.F.);
#114=ORIENTED_EDGE('',*,*,#162,.T.);
#115=ORIENTED_EDGE('',*,*,#153,.T.);
#116=ORIENTED_EDGE('',*,*,#166,.F.);
#117=ORIENTED_EDGE('',*,*,#167,.F.);
#118=ORIENTED_EDGE('',*,*,#164,.T.);
#119=ORIENTED_EDGE('',*,*,#152,.T.);
#120=ORIENTED_EDGE('',*,*,#159,.F.);
#121=ORIENTED_EDGE('',*,*,#168,.F.);
#122=ORIENTED_EDGE('',*,*,#166,.T.);
#123=ORIENTED_EDGE('',*,*,#158,.T.);
#124=ORIENTED_EDGE('',*,*,#161,.T.);
#125=ORIENTED_EDGE('',*,*,#163,.T.);
#126=ORIENTED_EDGE('',*,*,#165,.T.);
#127=ORIENTED_EDGE('',*,*,#167,.T.);
#128=ORIENTED_EDGE('',*,*,#168,.T.);
#129=ORIENTED_EDGE('',*,*,#141,.F.);
#130=ORIENTED_EDGE('',*,*,#137,.T.);
#131=ORIENTED_EDGE('',*,*,#147,.F.);
#132=ORIENTED_EDGE('',*,*,#144,.F.);
#133=ORIENTED_EDGE('',*,*,#169,.T.);
#134=ORIENTED_EDGE('',*,*,#170,.T.);
#135=ORIENTED_EDGE('',*,*,#170,.F.);
#136=ORIENTED_EDGE('',*,*,#169,.F.);
#137=EDGE_CURVE('',#171,#172,#195,.T.);
#138=EDGE_CURVE('',#171,#173,#65,.T.);
#139=EDGE_CURVE('',#174,#173,#196,.T.);
#140=EDGE_CURVE('',#172,#174,#66,.T.);
#141=EDGE_CURVE('',#171,#175,#59,.F.);
#142=EDGE_CURVE('',#175,#176,#67,.T.);
#143=EDGE_CURVE('',#176,#173,#60,.T.);
#144=EDGE_CURVE('',#175,#177,#197,.F.);
#145=EDGE_CURVE('',#177,#178,#68,.T.);
#146=EDGE_CURVE('',#178,#176,#198,.F.);
#147=EDGE_CURVE('',#177,#172,#61,.T.);
#148=EDGE_CURVE('',#174,#178,#62,.T.);
#149=EDGE_CURVE('',#179,#179,#199,.T.);
#150=EDGE_CURVE('',#180,#180,#200,.T.);
#151=EDGE_CURVE('',#181,#182,#12,.T.);
#152=EDGE_CURVE('',#183,#181,#13,.T.);
#153=EDGE_CURVE('',#184,#183,#14,.T.);
#154=EDGE_CURVE('',#185,#184,#15,.T.);
#155=EDGE_CURVE('',#186,#185,#16,.T.);
#156=EDGE_CURVE('',#182,#186,#17,.T.);
#157=EDGE_CURVE('',#187,#182,#18,.T.);
#158=EDGE_CURVE('',#188,#187,#19,.T.);
#159=EDGE_CURVE('',#188,#181,#20,.T.);
#160=EDGE_CURVE('',#189,#186,#21,.T.);
#161=EDGE_CURVE('',#187,#189,#22,.T.);
#162=EDGE_CURVE('',#190,#185,#23,.T.);
#163=EDGE_CURVE('',#189,#190,#24,.T.);
#164=EDGE_CURVE('',#191,#184,#25,.T.);
#165=EDGE_CURVE('',#190,#191,#26,.T.);
#166=EDGE_CURVE('',#192,#183,#27,.T.);
#167=EDGE_CURVE('',#191,#192,#28,.T.);
#168=EDGE_CURVE('',#192,#188,#29,.T.);
#169=EDGE_CURVE('',#193,#193,#201,.F.);
#170=EDGE_CURVE('',#194,#194,#202,.T.);
#171=VERTEX_POINT('',#373);
#172=VERTEX_POINT('',#374);
#173=VERTEX_POINT('',#1336);
#174=VERTEX_POINT('',#1338);
#175=VERTEX_POINT('',#3239);
#176=VERTEX_POINT('',#4201);
#177=VERTEX_POINT('',#4211);
#178=VERTEX_POINT('',#5173);
#179=VERTEX_POINT('',#6119);
#180=VERTEX_POINT('',#6121);
#181=VERTEX_POINT('',#6125);
#182=VERTEX_POINT('',#6126);
#183=VERTEX_POINT('',#6128);
#184=VERTEX_POINT('',#6130);
#185=VERTEX_POINT('',#6132);
#186=VERTEX_POINT('',#6134);
#187=VERTEX_POINT('',#6138);
#188=VERTEX_POINT('',#6140);
#189=VERTEX_POINT('',#6144);
#190=VERTEX_POINT('',#6148);
#191=VERTEX_POINT('',#6152);
#192=VERTEX_POINT('',#6156);
#193=VERTEX_POINT('',#6163);
#194=VERTEX_POINT('',#6166);
#195=CIRCLE('',#282,0.005);
#196=CIRCLE('',#283,0.005);
#197=CIRCLE('',#285,0.007);
#198=CIRCLE('',#286,0.007);
#199=CIRCLE('',#288,0.01);
#200=CIRCLE('',#289,0.01);
#201=CIRCLE('',#300,0.0021);
#202=CIRCLE('',#302,0.0021);
#203=EDGE_LOOP('',(#69,#70,#71,#72));
#204=EDGE_LOOP('',(#73,#74,#75,#76));
#205=EDGE_LOOP('',(#77,#78,#79,#80));
#206=EDGE_LOOP('',(#81,#82,#83,#84));
#207=EDGE_LOOP('',(#85));
#208=EDGE_LOOP('',(#86));
#209=EDGE_LOOP('',(#87,#88,#89,#90));
#210=EDGE_LOOP('',(#91));
#211=EDGE_LOOP('',(#92,#93,#94,#95,#96,#97));
#212=EDGE_LOOP('',(#98));
#213=EDGE_LOOP('',(#99,#100,#101,#102));
#214=EDGE_LOOP('',(#103,#104,#105,#106));
#215=EDGE_LOOP('',(#107,#108,#109,#110));
#216=EDGE_LOOP('',(#111,#112,#113,#114));
#217=EDGE_LOOP('',(#115,#116,#117,#118));
#218=EDGE_LOOP('',(#119,#120,#121,#122));
#219=EDGE_LOOP('',(#123,#124,#125,#126,#127,#128));
#220=EDGE_LOOP('',(#129,#130,#131,#132));
#221=EDGE_LOOP('',(#133));
#222=EDGE_LOOP('',(#134));
#223=EDGE_LOOP('',(#135));
#224=EDGE_LOOP('',(#136));
#225=FACE_BOUND('',#203,.T.);
#226=FACE_BOUND('',#204,.T.);
#227=FACE_BOUND('',#205,.T.);
#228=FACE_BOUND('',#206,.T.);
#229=FACE_BOUND('',#207,.T.);
#230=FACE_BOUND('',#208,.T.);
#231=FACE_BOUND('',#209,.T.);
#232=FACE_BOUND('',#210,.T.);
#233=FACE_BOUND('',#211,.T.);
#234=FACE_BOUND('',#212,.T.);
#235=FACE_BOUND('',#213,.T.);
#236=FACE_BOUND('',#214,.T.);
#237=FACE_BOUND('',#215,.T.);
#238=FACE_BOUND('',#216,.T.);
#239=FACE_BOUND('',#217,.T.);
#240=FACE_BOUND('',#218,.T.);
#241=FACE_BOUND('',#219,.T.);
#242=FACE_BOUND('',#220,.T.);
#243=FACE_BOUND('',#221,.T.);
#244=FACE_BOUND('',#222,.T.);
#245=FACE_BOUND('',#223,.T.);
#246=FACE_BOUND('',#224,.T.);
#247=CYLINDRICAL_SURFACE('',#281,0.005);
#248=CYLINDRICAL_SURFACE('',#284,0.007);
#249=CYLINDRICAL_SURFACE('',#287,0.01);
#250=CYLINDRICAL_SURFACE('',#303,0.0021);
#251=ADVANCED_FACE('',(#225),#247,.T.);
#252=ADVANCED_FACE('',(#226),#63,.T.);
#253=ADVANCED_FACE('',(#227),#248,.T.);
#254=ADVANCED_FACE('',(#228),#64,.T.);
#255=ADVANCED_FACE('',(#229,#230),#249,.T.);
#256=ADVANCED_FACE('',(#231,#232),#48,.F.);
#257=ADVANCED_FACE('',(#233,#234),#49,.T.);
#258=ADVANCED_FACE('',(#235),#50,.F.);
#259=ADVANCED_FACE('',(#236),#51,.F.);
#260=ADVANCED_FACE('',(#237),#52,.F.);
#261=ADVANCED_FACE('',(#238),#53,.F.);
#262=ADVANCED_FACE('',(#239),#54,.F.);
#263=ADVANCED_FACE('',(#240),#55,.F.);
#264=ADVANCED_FACE('',(#241),#56,.T.);
#265=ADVANCED_FACE('',(#242,#243),#57,.T.);
#266=ADVANCED_FACE('',(#244),#58,.T.);
#267=ADVANCED_FACE('',(#245,#246),#250,.F.);
#268=CLOSED_SHELL('',(#251,#252,#253,#254,#255,#256,#257,#258,#259,#260,
#261,#262,#263,#264,#265,#266,#267));
#269=STYLED_ITEM('',(#270),#277);
#270=PRESENTATION_STYLE_ASSIGNMENT((#271));
#271=SURFACE_STYLE_USAGE(.BOTH.,#272);
#272=SURFACE_SIDE_STYLE('',(#273));
#273=SURFACE_STYLE_FILL_AREA(#274);
#274=FILL_AREA_STYLE('',(#275));
#275=FILL_AREA_STYLE_COLOUR('',#276);
#276=COLOUR_RGB('',0.917647058823529,0.917647058823529,0.917647058823529);
#277=MANIFOLD_SOLID_BREP('Part 6',#268);
#278=SHAPE_DEFINITION_REPRESENTATION(#6174,#279);
#279=SHAPE_REPRESENTATION('Part 6',(#280),#6169);
#280=AXIS2_PLACEMENT_3D('',#370,#304,#305);
#281=AXIS2_PLACEMENT_3D('',#371,#306,#307);
#282=AXIS2_PLACEMENT_3D('',#372,#308,#309);
#283=AXIS2_PLACEMENT_3D('',#1337,#310,#311);
#284=AXIS2_PLACEMENT_3D('',#4209,#312,#313);
#285=AXIS2_PLACEMENT_3D('',#4210,#314,#315);
#286=AXIS2_PLACEMENT_3D('',#5174,#316,#317);
#287=AXIS2_PLACEMENT_3D('',#6117,#318,#319);
#288=AXIS2_PLACEMENT_3D('',#6118,#320,#321);
#289=AXIS2_PLACEMENT_3D('',#6120,#322,#323);
#290=AXIS2_PLACEMENT_3D('',#6122,#324,#325);
#291=AXIS2_PLACEMENT_3D('',#6123,#326,#327);
#292=AXIS2_PLACEMENT_3D('',#6136,#334,#335);
#293=AXIS2_PLACEMENT_3D('',#6142,#339,#340);
#294=AXIS2_PLACEMENT_3D('',#6146,#343,#344);
#295=AXIS2_PLACEMENT_3D('',#6150,#347,#348);
#296=AXIS2_PLACEMENT_3D('',#6154,#351,#352);
#297=AXIS2_PLACEMENT_3D('',#6158,#355,#356);
#298=AXIS2_PLACEMENT_3D('',#6160,#358,#359);
#299=AXIS2_PLACEMENT_3D('',#6161,#360,#361);
#300=AXIS2_PLACEMENT_3D('',#6162,#362,#363);
#301=AXIS2_PLACEMENT_3D('',#6164,#364,#365);
#302=AXIS2_PLACEMENT_3D('',#6165,#366,#367);
#303=AXIS2_PLACEMENT_3D('',#6167,#368,#369);
#304=DIRECTION('',(0.,0.,1.));
#305=DIRECTION('',(1.,0.,0.));
#306=DIRECTION('',(0.0871557427476581,-1.26527293570507E-10,0.996194698091746));
#307=DIRECTION('',(-0.996194698091746,-5.52430094095043E-12,0.0871557427476581));
#308=DIRECTION('',(0.0871557427476581,-1.26527293570507E-10,0.996194698091746));
#309=DIRECTION('',(0.996194698091746,5.52430094095043E-12,-0.0871557427476581));
#310=DIRECTION('',(-0.0871557427476581,1.26527293570507E-10,-0.996194698091746));
#311=DIRECTION('',(0.996194698091746,5.52430094095043E-12,-0.0871557427476581));
#312=DIRECTION('',(-0.0871557427476581,1.26527293570507E-10,-0.996194698091746));
#313=DIRECTION('',(0.996194698091746,5.52430094095043E-12,-0.0871557427476581));
#314=DIRECTION('',(0.0871557427476581,-1.26527293570507E-10,0.996194698091746));
#315=DIRECTION('',(0.996194698091746,5.52430094095043E-12,-0.0871557427476581));
#316=DIRECTION('',(-0.0871557427476581,1.26527293570507E-10,-0.996194698091746));
#317=DIRECTION('',(0.996194698091746,5.52430094095043E-12,-0.0871557427476581));
#318=DIRECTION('',(-0.0871557427476581,1.26527293570507E-10,-0.996194698091746));
#319=DIRECTION('',(0.996194698091746,5.52430094095043E-12,-0.0871557427476581));
#320=DIRECTION('',(-0.0871557427476581,1.26527293570507E-10,-0.996194698091746));
#321=DIRECTION('',(0.996194698091746,5.52430094095043E-12,-0.0871557427476581));
#322=DIRECTION('',(-0.0871557427476581,1.26527293570507E-10,-0.996194698091746));
#323=DIRECTION('',(0.996194698091746,5.52430094095043E-12,-0.0871557427476581));
#324=DIRECTION('',(-0.0871557427476581,1.26527293570507E-10,-0.996194698091746));
#325=DIRECTION('',(0.996194698091746,5.52430094095043E-12,-0.0871557427476581));
#326=DIRECTION('',(-0.0871557427476581,1.26527293570507E-10,-0.996194698091746));
#327=DIRECTION('',(0.996194698091746,5.52430094095043E-12,-0.0871557427476581));
#328=DIRECTION('',(0.498097349050657,0.866025403787201,-0.0435778712642532));
#329=DIRECTION('',(-0.498097349041089,0.866025403781677,0.0435778714834049));
#330=DIRECTION('',(-0.996194698091746,-5.5241904766417E-12,0.0871557427476581));
#331=DIRECTION('',(-0.498097349050657,-0.866025403787201,0.0435778712642532));
#332=DIRECTION('',(0.498097349041089,-0.866025403781677,-0.0435778714834049));
#333=DIRECTION('',(0.996194698091746,5.52408001233297E-12,-0.0871557427476581));
#334=DIRECTION('',(0.862729915660059,-0.499999999995216,-0.0754790873684369));
#335=DIRECTION('',(-0.498097349050657,-0.866025403787201,0.0435778712642532));
#336=DIRECTION('',(0.0871557427476581,-1.26527293570507E-10,0.996194698091746));
#337=DIRECTION('',(0.498097349050657,0.866025403787201,-0.0435778712642532));
#338=DIRECTION('',(0.0871557427476581,-1.26527293570507E-10,0.996194698091746));
#339=DIRECTION('',(-5.52452102886781E-12,-1.,-1.26527274315309E-10));
#340=DIRECTION('',(-0.996194698091746,-5.52408001233297E-12,0.0871557427476581));
#341=DIRECTION('',(0.0871557427476581,-1.26527293570507E-10,0.996194698091746));
#342=DIRECTION('',(0.996194698091746,5.52408001233297E-12,-0.0871557427476581));
#343=DIRECTION('',(-0.862729915665583,-0.500000000004784,0.0754790872419096));
#344=DIRECTION('',(-0.498097349041089,0.866025403781677,0.0435778714834049));
#345=DIRECTION('',(0.0871557427476581,-1.26527293570507E-10,0.996194698091746));
#346=DIRECTION('',(0.498097349041089,-0.866025403781677,-0.0435778714834049));
#347=DIRECTION('',(-0.862729915660059,0.499999999995216,0.0754790873684369));
#348=DIRECTION('',(0.498097349050657,0.866025403787201,-0.0435778712642532));
#349=DIRECTION('',(0.0871557427476581,-1.26527293570507E-10,0.996194698091746));
#350=DIRECTION('',(-0.498097349050657,-0.866025403787201,0.0435778712642532));
#351=DIRECTION('',(5.52441098490912E-12,1.,1.26527283942908E-10));
#352=DIRECTION('',(0.996194698091746,5.5241904766417E-12,-0.0871557427476581));
#353=DIRECTION('',(0.0871557427476581,-1.26527293570507E-10,0.996194698091746));
#354=DIRECTION('',(-0.996194698091746,-5.5241904766417E-12,0.0871557427476581));
#355=DIRECTION('',(0.862729915665583,0.500000000004784,-0.0754790872419096));
#356=DIRECTION('',(0.498097349041089,-0.866025403781677,-0.0435778714834049));
#357=DIRECTION('',(-0.498097349041089,0.866025403781677,0.0435778714834049));
#358=DIRECTION('',(-0.0871557427476581,1.26527293570507E-10,-0.996194698091746));
#359=DIRECTION('',(0.996194698091746,5.52430094095043E-12,-0.0871557427476581));
#360=DIRECTION('',(0.0871557427476581,-1.26527293570507E-10,0.996194698091746));
#361=DIRECTION('',(0.996194698091746,5.52430094095043E-12,-0.0871557427476581));
#362=DIRECTION('',(0.0871557427476581,-1.26527293570507E-10,0.996194698091746));
#363=DIRECTION('',(0.996194698091746,5.52430094095043E-12,-0.0871557427476581));
#364=DIRECTION('',(0.0871557427476581,-1.26527293570507E-10,0.996194698091746));
#365=DIRECTION('',(0.996194698091746,5.52430094095043E-12,-0.0871557427476581));
#366=DIRECTION('',(0.0871557427476581,-1.26527293570507E-10,0.996194698091746));
#367=DIRECTION('',(0.996194698091746,5.52430094095043E-12,-0.0871557427476581));
#368=DIRECTION('',(0.0871557427476581,-1.26527293570507E-10,0.996194698091746));
#369=DIRECTION('',(0.996194698091746,5.52430094095043E-12,-0.0871557427476581));
#370=CARTESIAN_POINT('',(0.,0.,0.));
#371=CARTESIAN_POINT('',(-0.121282085714891,0.0491954341536599,0.00227469061593934));
#372=CARTESIAN_POINT('',(-0.104410310844363,0.0491954341291665,0.19511995982649));
#373=CARTESIAN_POINT('',(-0.105415032112739,0.0442982095620846,0.195207861546854));
#374=CARTESIAN_POINT('',(-0.100676148167909,0.0525044065135041,0.194793262924959));
#375=CARTESIAN_POINT('',(-0.0814388151253692,0.0491954341030766,0.4003167911389));
#376=CARTESIAN_POINT('',(-0.0814751300181966,0.0463086827571812,0.399901710014329));
#377=CARTESIAN_POINT('',(-0.0840019316562455,0.044865307084246,0.399704518246811));
#378=CARTESIAN_POINT('',(-0.0865287332942944,0.0434219314113109,0.399507326479293));
#379=CARTESIAN_POINT('',(-0.0890555349323273,0.0448653070843239,0.399310134712139));
#380=CARTESIAN_POINT('',(-0.0915823365703602,0.0463086827573368,0.399112942944986));
#381=CARTESIAN_POINT('',(-0.0916186514631558,0.0491954341033377,0.398697861821146));
#382=CARTESIAN_POINT('',(-0.0916549663559513,0.0520821854493385,0.398282780697307));
#383=CARTESIAN_POINT('',(-0.0892007945035255,0.0535255611223791,0.397649810216415));
#384=CARTESIAN_POINT('',(-0.0867466226510997,0.0549689367954196,0.397016839735524));
#385=CARTESIAN_POINT('',(-0.0842924507986898,0.0535255611225122,0.396383869254267));
#386=CARTESIAN_POINT('',(-0.08183827894628,0.0520821854496047,0.39575089877301));
#387=CARTESIAN_POINT('',(-0.0818745938391075,0.0491954341037092,0.395335817648441));
#388=CARTESIAN_POINT('',(-0.0819109087319348,0.0463086827578138,0.394920736523871));
#389=CARTESIAN_POINT('',(-0.0844377103699838,0.0448653070848787,0.394723544756352));
#390=CARTESIAN_POINT('',(-0.0869645120080327,0.0434219314119435,0.394526352988833));
#391=CARTESIAN_POINT('',(-0.0894913136460656,0.0448653070849565,0.39432916122168));
#392=CARTESIAN_POINT('',(-0.0920181152840985,0.0463086827579694,0.394131969454527));
#393=CARTESIAN_POINT('',(-0.0920544301768941,0.0491954341039703,0.393716888330688));
#394=CARTESIAN_POINT('',(-0.0920907450696896,0.0520821854499712,0.393301807206848));
#395=CARTESIAN_POINT('',(-0.0896365732172638,0.0535255611230118,0.392668836725957));
#396=CARTESIAN_POINT('',(-0.0871824013648379,0.0549689367960523,0.392035866245065));
#397=CARTESIAN_POINT('',(-0.0847282295124281,0.0535255611231448,0.391402895763808));
#398=CARTESIAN_POINT('',(-0.0822740576600182,0.0520821854502373,0.390769925282552));
#399=CARTESIAN_POINT('',(-0.0823103725528458,0.0491954341043419,0.390354844157982));
#400=CARTESIAN_POINT('',(-0.0823466874456732,0.0463086827584464,0.389939763033411));
#401=CARTESIAN_POINT('',(-0.0848734890837221,0.0448653070855113,0.389742571265893));
#402=CARTESIAN_POINT('',(-0.0874002907217709,0.0434219314125761,0.389545379498375));
#403=CARTESIAN_POINT('',(-0.0899270923598038,0.0448653070855891,0.389348187731222));
#404=CARTESIAN_POINT('',(-0.0924538939978368,0.0463086827586021,0.389150995964069));
#405=CARTESIAN_POINT('',(-0.0924902088906323,0.0491954341046029,0.388735914840229));
#406=CARTESIAN_POINT('',(-0.0925265237834278,0.0520821854506038,0.388320833716389));
#407=CARTESIAN_POINT('',(-0.0900723519310021,0.0535255611236444,0.387687863235498));
#408=CARTESIAN_POINT('',(-0.0876181800785763,0.054968936796685,0.387054892754607));
#409=CARTESIAN_POINT('',(-0.0851640082261664,0.0535255611237775,0.38642192227335));
#410=CARTESIAN_POINT('',(-0.0827098363737566,0.0520821854508699,0.385788951792093));
#411=CARTESIAN_POINT('',(-0.082746151266584,0.0491954341049745,0.385373870667523));
#412=CARTESIAN_POINT('',(-0.0827824661594115,0.0463086827590791,0.384958789542953));
#413=CARTESIAN_POINT('',(-0.0853092677974604,0.044865307086144,0.384761597775435));
#414=CARTESIAN_POINT('',(-0.0878360694355092,0.0434219314132088,0.384564406007916));
#415=CARTESIAN_POINT('',(-0.0903628710735421,0.0448653070862218,0.384367214240763));
#416=CARTESIAN_POINT('',(-0.092889672711575,0.0463086827592347,0.38417002247361));
#417=CARTESIAN_POINT('',(-0.0929259876043706,0.0491954341052356,0.383754941349771));
#418=CARTESIAN_POINT('',(-0.0929623024971662,0.0520821854512364,0.383339860225931));
#419=CARTESIAN_POINT('',(-0.0905081306447404,0.053525561124277,0.382706889745039));
#420=CARTESIAN_POINT('',(-0.0880539587923146,0.0549689367973176,0.382073919264148));
#421=CARTESIAN_POINT('',(-0.0855997869399047,0.0535255611244101,0.381440948782891));
#422=CARTESIAN_POINT('',(-0.0831456150874949,0.0520821854515025,0.380807978301635));
#423=CARTESIAN_POINT('',(-0.0831819299803223,0.0491954341056071,0.380392897177064));
#424=CARTESIAN_POINT('',(-0.0832182448731498,0.0463086827597117,0.379977816052494));
#425=CARTESIAN_POINT('',(-0.0857450465111986,0.0448653070867766,0.379780624284976));
#426=CARTESIAN_POINT('',(-0.0882718481492474,0.0434219314138414,0.379583432517458));
#427=CARTESIAN_POINT('',(-0.0907986497872804,0.0448653070868544,0.379386240750304));
#428=CARTESIAN_POINT('',(-0.0933254514253133,0.0463086827598673,0.379189048983151));
#429=CARTESIAN_POINT('',(-0.0933617663181089,0.0491954341058682,0.378773967859312));
#430=CARTESIAN_POINT('',(-0.0933980812109045,0.052082185451869,0.378358886735472));
#431=CARTESIAN_POINT('',(-0.0909439093584787,0.0535255611249097,0.377725916254581));
#432=CARTESIAN_POINT('',(-0.0884897375060528,0.0549689367979503,0.377092945773689));
#433=CARTESIAN_POINT('',(-0.086035565653643,0.0535255611250427,0.376459975292433));
#434=CARTESIAN_POINT('',(-0.0835813938012331,0.0520821854521352,0.375827004811175));
#435=CARTESIAN_POINT('',(-0.0836177086940606,0.0491954341062398,0.375411923686605));
#436=CARTESIAN_POINT('',(-0.0836540235868881,0.0463086827603443,0.374996842562036));
#437=CARTESIAN_POINT('',(-0.0861808252249369,0.0448653070874092,0.374799650794517));
#438=CARTESIAN_POINT('',(-0.0887076268629858,0.043421931414474,0.374602459026999));
#439=CARTESIAN_POINT('',(-0.0912344285010187,0.044865307087487,0.374405267259845));
#440=CARTESIAN_POINT('',(-0.0937612301390516,0.0463086827605,0.374208075492693));
#441=CARTESIAN_POINT('',(-0.0937975450318472,0.0491954341065008,0.373792994368853));
#442=CARTESIAN_POINT('',(-0.0938338599246427,0.0520821854525017,0.373377913245013));
#443=CARTESIAN_POINT('',(-0.091379688072217,0.0535255611255423,0.372744942764122));
#444=CARTESIAN_POINT('',(-0.0889255162197912,0.0549689367985828,0.37211197228323));
#445=CARTESIAN_POINT('',(-0.0864713443673813,0.0535255611256754,0.371479001801974));
#446=CARTESIAN_POINT('',(-0.0840171725149714,0.0520821854527678,0.370846031320717));
#447=CARTESIAN_POINT('',(-0.0840534874077989,0.0491954341068724,0.370430950196147));
#448=CARTESIAN_POINT('',(-0.0840898023006264,0.046308682760977,0.370015869071577));
#449=CARTESIAN_POINT('',(-0.0866166039386752,0.0448653070880419,0.369818677304058));
#450=CARTESIAN_POINT('',(-0.0891434055767241,0.0434219314151067,0.36962148553654));
#451=CARTESIAN_POINT('',(-0.091670207214757,0.0448653070881197,0.369424293769387));
#452=CARTESIAN_POINT('',(-0.0941970088527899,0.0463086827611326,0.369227102002234));
#453=CARTESIAN_POINT('',(-0.0942333237455855,0.0491954341071335,0.368812020878394));
#454=CARTESIAN_POINT('',(-0.094269638638381,0.0520821854531343,0.368396939754554));
#455=CARTESIAN_POINT('',(-0.0918154667859553,0.0535255611261749,0.367763969273663));
#456=CARTESIAN_POINT('',(-0.0893612949335295,0.0549689367992155,0.367130998792772));
#457=CARTESIAN_POINT('',(-0.0869071230811196,0.053525561126308,0.366498028311515));
#458=CARTESIAN_POINT('',(-0.0844529512287098,0.0520821854534005,0.365865057830258));
#459=CARTESIAN_POINT('',(-0.0844892661215372,0.0491954341075051,0.365449976705689));
#460=CARTESIAN_POINT('',(-0.0845255810143646,0.0463086827616097,0.365034895581118));
#461=CARTESIAN_POINT('',(-0.0870523826524135,0.0448653070886745,0.3648377038136));
#462=CARTESIAN_POINT('',(-0.0895791842904623,0.0434219314157393,0.364640512046081));
#463=CARTESIAN_POINT('',(-0.0921059859284953,0.0448653070887523,0.364443320278928));
#464=CARTESIAN_POINT('',(-0.0946327875665282,0.0463086827617652,0.364246128511775));
#465=CARTESIAN_POINT('',(-0.0946691024593238,0.0491954341077661,0.363831047387936));
#466=CARTESIAN_POINT('',(-0.0947054173521194,0.052082185453767,0.363415966264096));
#467=CARTESIAN_POINT('',(-0.0922512454996936,0.0535255611268076,0.362782995783204));
#468=CARTESIAN_POINT('',(-0.0897970736472677,0.0549689367998481,0.362150025302313));
#469=CARTESIAN_POINT('',(-0.0873429017948579,0.0535255611269406,0.361517054821057));
#470=CARTESIAN_POINT('',(-0.084888729942448,0.0520821854540332,0.3608840843398));
#471=CARTESIAN_POINT('',(-0.0849250448352755,0.0491954341081377,0.36046900321523));
#472=CARTESIAN_POINT('',(-0.0849613597281029,0.0463086827622423,0.360053922090659));
#473=CARTESIAN_POINT('',(-0.0874881613661518,0.0448653070893072,0.359856730323141));
#474=CARTESIAN_POINT('',(-0.0900149630042007,0.043421931416372,0.359659538555623));
#475=CARTESIAN_POINT('',(-0.0925417646422336,0.044865307089385,0.35946234678847));
#476=CARTESIAN_POINT('',(-0.0950685662802665,0.0463086827623979,0.359265155021316));
#477=CARTESIAN_POINT('',(-0.0951048811730621,0.0491954341083987,0.358850073897477));
#478=CARTESIAN_POINT('',(-0.0951411960658576,0.0520821854543995,0.358434992773637));
#479=CARTESIAN_POINT('',(-0.0926870242134319,0.0535255611274402,0.357802022292745));
#480=CARTESIAN_POINT('',(-0.090232852361006,0.0549689368004808,0.357169051811854));
#481=CARTESIAN_POINT('',(-0.0877786805085962,0.0535255611275733,0.356536081330597));
#482=CARTESIAN_POINT('',(-0.0853245086561863,0.0520821854546657,0.355903110849341));
#483=CARTESIAN_POINT('',(-0.0853608235490138,0.0491954341087704,0.355488029724771));
#484=CARTESIAN_POINT('',(-0.0853971384418413,0.0463086827628749,0.355072948600201));
#485=CARTESIAN_POINT('',(-0.0879239400798901,0.0448653070899398,0.354875756832682));
#486=CARTESIAN_POINT('',(-0.0904507417179389,0.0434219314170046,0.354678565065164));
#487=CARTESIAN_POINT('',(-0.0929775433559719,0.0448653070900175,0.35448137329801));
#488=CARTESIAN_POINT('',(-0.0955043449940047,0.0463086827630305,0.354284181530858));
#489=CARTESIAN_POINT('',(-0.0955406598868004,0.0491954341090314,0.353869100407018));
#490=CARTESIAN_POINT('',(-0.0955769747795959,0.0520821854550322,0.353454019283178));
#491=CARTESIAN_POINT('',(-0.0931228029271702,0.0535255611280728,0.352821048802287));
#492=CARTESIAN_POINT('',(-0.0906686310747443,0.0549689368011135,0.352188078321395));
#493=CARTESIAN_POINT('',(-0.0882144592223345,0.0535255611282059,0.351555107840139));
#494=CARTESIAN_POINT('',(-0.0857602873699246,0.0520821854552984,0.350922137358882));
#495=CARTESIAN_POINT('',(-0.0857966022627521,0.049195434109403,0.350507056234312));
#496=CARTESIAN_POINT('',(-0.0858329171555795,0.0463086827635076,0.350091975109742));
#497=CARTESIAN_POINT('',(-0.0883597187936284,0.0448653070905724,0.349894783342224));
#498=CARTESIAN_POINT('',(-0.0908865204316772,0.0434219314176372,0.349697591574705));
#499=CARTESIAN_POINT('',(-0.0934133220697102,0.0448653070906502,0.349500399807552));
#500=CARTESIAN_POINT('',(-0.0959401237077431,0.0463086827636631,0.349303208040399));
#501=CARTESIAN_POINT('',(-0.0959764386005387,0.049195434109664,0.34888812691656));
#502=CARTESIAN_POINT('',(-0.0960127534933343,0.0520821854556649,0.348473045792719));
#503=CARTESIAN_POINT('',(-0.0935585816409085,0.0535255611287055,0.347840075311828));
#504=CARTESIAN_POINT('',(-0.0911044097884827,0.054968936801746,0.347207104830937));
#505=CARTESIAN_POINT('',(-0.0886502379360728,0.0535255611288385,0.34657413434968));
#506=CARTESIAN_POINT('',(-0.086196066083663,0.052082185455931,0.345941163868423));
#507=CARTESIAN_POINT('',(-0.0862323809764903,0.0491954341100356,0.345526082743853));
#508=CARTESIAN_POINT('',(-0.0862686958693178,0.0463086827641402,0.345111001619283));
#509=CARTESIAN_POINT('',(-0.0887954975073667,0.0448653070912051,0.344913809851765));
#510=CARTESIAN_POINT('',(-0.0913222991454155,0.0434219314182699,0.344716618084246));
#511=CARTESIAN_POINT('',(-0.0938491007834484,0.0448653070912828,0.344519426317093));
#512=CARTESIAN_POINT('',(-0.0963759024214814,0.0463086827642957,0.34432223454994));
#513=CARTESIAN_POINT('',(-0.096412217314277,0.0491954341102966,0.343907153426101));
#514=CARTESIAN_POINT('',(-0.0964485322070725,0.0520821854562975,0.343492072302261));
#515=CARTESIAN_POINT('',(-0.0939943603546468,0.0535255611293381,0.342859101821369));
#516=CARTESIAN_POINT('',(-0.091540188502221,0.0549689368023787,0.342226131340478));
#517=CARTESIAN_POINT('',(-0.0890860166498111,0.0535255611294712,0.341593160859222));
#518=CARTESIAN_POINT('',(-0.0866318447974012,0.0520821854565637,0.340960190377965));
#519=CARTESIAN_POINT('',(-0.0866681596902287,0.0491954341106683,0.340545109253395));
#520=CARTESIAN_POINT('',(-0.086704474583056,0.0463086827647729,0.340130028128824));
#521=CARTESIAN_POINT('',(-0.0892312762211049,0.0448653070918377,0.339932836361306));
#522=CARTESIAN_POINT('',(-0.0917580778591537,0.0434219314189025,0.339735644593788));
#523=CARTESIAN_POINT('',(-0.0942848794971867,0.0448653070919154,0.339538452826634));
#524=CARTESIAN_POINT('',(-0.0968116811352196,0.0463086827649285,0.339341261059481));
#525=CARTESIAN_POINT('',(-0.0968479960280153,0.0491954341109292,0.338926179935642));
#526=CARTESIAN_POINT('',(-0.0968843109208108,0.0520821854569301,0.338511098811802));
#527=CARTESIAN_POINT('',(-0.094430139068385,0.0535255611299707,0.337878128330911));
#528=CARTESIAN_POINT('',(-0.0919759672159592,0.0549689368030113,0.337245157850019));
#529=CARTESIAN_POINT('',(-0.0895217953635493,0.0535255611301038,0.336612187368763));
#530=CARTESIAN_POINT('',(-0.0870676235111395,0.0520821854571964,0.335979216887506));
#531=CARTESIAN_POINT('',(-0.0871039384039669,0.0491954341113009,0.335564135762936));
#532=CARTESIAN_POINT('',(-0.0871402532967943,0.0463086827654055,0.335149054638366));
#533=CARTESIAN_POINT('',(-0.0896670549348433,0.0448653070924703,0.334951862870847));
#534=CARTESIAN_POINT('',(-0.0921938565728921,0.0434219314195352,0.334754671103329));
#535=CARTESIAN_POINT('',(-0.094720658210925,0.0448653070925481,0.334557479336176));
#536=CARTESIAN_POINT('',(-0.0972474598489579,0.046308682765561,0.334360287569023));
#537=CARTESIAN_POINT('',(-0.0972837747417536,0.0491954341115619,0.333945206445183));
#538=CARTESIAN_POINT('',(-0.0973200896345491,0.0520821854575627,0.333530125321343));
#539=CARTESIAN_POINT('',(-0.0948659177821234,0.0535255611306034,0.332897154840452));
#540=CARTESIAN_POINT('',(-0.0924117459296976,0.054968936803644,0.33226418435956));
#541=CARTESIAN_POINT('',(-0.0899575740772877,0.0535255611307365,0.331631213878304));
#542=CARTESIAN_POINT('',(-0.0875034022248777,0.0520821854578289,0.330998243397047));
#543=CARTESIAN_POINT('',(-0.0875397171177052,0.0491954341119335,0.330583162272477));
#544=CARTESIAN_POINT('',(-0.0875760320105327,0.0463086827660382,0.330168081147907));
#545=CARTESIAN_POINT('',(-0.0901028336485815,0.0448653070931029,0.329970889380388));
#546=CARTESIAN_POINT('',(-0.0926296352866304,0.0434219314201678,0.32977369761287));
#547=CARTESIAN_POINT('',(-0.0951564369246633,0.0448653070931807,0.329576505845717));
#548=CARTESIAN_POINT('',(-0.0976832385626962,0.0463086827661937,0.329379314078564));
#549=CARTESIAN_POINT('',(-0.0977195534554918,0.0491954341121945,0.328964232954725));
#550=CARTESIAN_POINT('',(-0.0977558683482875,0.0520821854581954,0.328549151830885));
#551=CARTESIAN_POINT('',(-0.0953016964958616,0.053525561131236,0.327916181349993));
#552=CARTESIAN_POINT('',(-0.0928475246434358,0.0549689368042767,0.327283210869102));
#553=CARTESIAN_POINT('',(-0.090393352791026,0.0535255611313691,0.326650240387845));
#554=CARTESIAN_POINT('',(-0.0879391809386161,0.0520821854584616,0.326017269906588));
#555=CARTESIAN_POINT('',(-0.0879754958314435,0.0491954341125662,0.325602188782019));
#556=CARTESIAN_POINT('',(-0.088011810724271,0.0463086827666708,0.325187107657448));
#557=CARTESIAN_POINT('',(-0.0905386123623198,0.0448653070937356,0.32498991588993));
#558=CARTESIAN_POINT('',(-0.0930654140003686,0.0434219314208004,0.324792724122411));
#559=CARTESIAN_POINT('',(-0.0955922156384016,0.0448653070938134,0.324595532355259));
#560=CARTESIAN_POINT('',(-0.0981190172764345,0.0463086827668263,0.324398340588105));
#561=CARTESIAN_POINT('',(-0.0981553321692301,0.0491954341128272,0.323983259464266));
#562=CARTESIAN_POINT('',(-0.0981916470620257,0.0520821854588281,0.323568178340426));
#563=CARTESIAN_POINT('',(-0.0957374752096,0.0535255611318686,0.322935207859535));
#564=CARTESIAN_POINT('',(-0.0932833033571741,0.0549689368049092,0.322302237378643));
#565=CARTESIAN_POINT('',(-0.0908291315047642,0.0535255611320017,0.321669266897387));
#566=CARTESIAN_POINT('',(-0.0883749596523544,0.0520821854590942,0.32103629641613));
#567=CARTESIAN_POINT('',(-0.0884112745451818,0.0491954341131988,0.32062121529156));
#568=CARTESIAN_POINT('',(-0.0884475894380092,0.0463086827673034,0.320206134166989));
#569=CARTESIAN_POINT('',(-0.0909743910760581,0.0448653070943682,0.320008942399471));
#570=CARTESIAN_POINT('',(-0.0935011927141069,0.043421931421433,0.319811750631953));
#571=CARTESIAN_POINT('',(-0.0960279943521399,0.044865307094446,0.3196145588648));
#572=CARTESIAN_POINT('',(-0.0985547959901728,0.0463086827674589,0.319417367097646));
#573=CARTESIAN_POINT('',(-0.0985911108829684,0.0491954341134598,0.319002285973807));
#574=CARTESIAN_POINT('',(-0.098627425775764,0.0520821854594606,0.318587204849967));
#575=CARTESIAN_POINT('',(-0.0961732539233382,0.0535255611325013,0.317954234369076));
#576=CARTESIAN_POINT('',(-0.0937190820709124,0.0549689368055419,0.317321263888184));
#577=CARTESIAN_POINT('',(-0.0912649102185026,0.0535255611326344,0.316688293406928));
#578=CARTESIAN_POINT('',(-0.0888107383660927,0.0520821854597269,0.316055322925671));
#579=CARTESIAN_POINT('',(-0.0888470532589201,0.0491954341138315,0.315640241801101));
#580=CARTESIAN_POINT('',(-0.0888833681517475,0.046308682767936,0.315225160676531));
#581=CARTESIAN_POINT('',(-0.0914101697897964,0.0448653070950008,0.315027968909012));
#582=CARTESIAN_POINT('',(-0.0939369714278451,0.0434219314220657,0.314830777141494));
#583=CARTESIAN_POINT('',(-0.0964637730658782,0.0448653070950787,0.314633585374341));
#584=CARTESIAN_POINT('',(-0.0989905747039111,0.0463086827680916,0.314436393607188));
#585=CARTESIAN_POINT('',(-0.0990268895967067,0.0491954341140925,0.314021312483348));
#586=CARTESIAN_POINT('',(-0.0990632044895023,0.0520821854600933,0.313606231359508));
#587=CARTESIAN_POINT('',(-0.0966090326370765,0.0535255611331339,0.312973260878617));
#588=CARTESIAN_POINT('',(-0.0941548607846508,0.0549689368061745,0.312340290397725));
#589=CARTESIAN_POINT('',(-0.0917006889322408,0.053525561133267,0.311707319916469));
#590=CARTESIAN_POINT('',(-0.0892465170798309,0.0520821854603595,0.311074349435212));
#591=CARTESIAN_POINT('',(-0.0892828319726584,0.0491954341144641,0.310659268310642));
#592=CARTESIAN_POINT('',(-0.0893191468654859,0.0463086827685687,0.310244187186072));
#593=CARTESIAN_POINT('',(-0.0918459485035347,0.0448653070956335,0.310046995418554));
#594=CARTESIAN_POINT('',(-0.0943727501415835,0.0434219314226984,0.309849803651035));
#595=CARTESIAN_POINT('',(-0.0968995517796165,0.0448653070957113,0.309652611883882));
#596=CARTESIAN_POINT('',(-0.0994263534176493,0.0463086827687242,0.309455420116729));
#597=CARTESIAN_POINT('',(-0.099462668310445,0.0491954341147251,0.30904033899289));
#598=CARTESIAN_POINT('',(-0.0994989832032405,0.0520821854607259,0.30862525786905));
#599=CARTESIAN_POINT('',(-0.0970448113508148,0.0535255611337666,0.307992287388158));
#600=CARTESIAN_POINT('',(-0.094590639498389,0.0549689368068072,0.307359316907267));
#601=CARTESIAN_POINT('',(-0.0921364676459791,0.0535255611338997,0.30672634642601));
#602=CARTESIAN_POINT('',(-0.0896822957935692,0.0520821854609922,0.306093375944753));
#603=CARTESIAN_POINT('',(-0.0897186106863967,0.0491954341150967,0.305678294820183));
#604=CARTESIAN_POINT('',(-0.0897549255792241,0.0463086827692013,0.305263213695613));
#605=CARTESIAN_POINT('',(-0.0922817272172729,0.0448653070962661,0.305066021928095));
#606=CARTESIAN_POINT('',(-0.0948085288553218,0.043421931423331,0.304868830160577));
#607=CARTESIAN_POINT('',(-0.0973353304933547,0.0448653070963439,0.304671638393424));
#608=CARTESIAN_POINT('',(-0.0998621321313877,0.0463086827693568,0.304474446626271));
#609=CARTESIAN_POINT('',(-0.0998984470241833,0.0491954341153577,0.304059365502431));
#610=CARTESIAN_POINT('',(-0.0999347619169789,0.0520821854613585,0.303644284378591));
#611=CARTESIAN_POINT('',(-0.0974805900645531,0.0535255611343992,0.3030113138977));
#612=CARTESIAN_POINT('',(-0.0950264182121273,0.0549689368074397,0.302378343416808));
#613=CARTESIAN_POINT('',(-0.0925722463597174,0.0535255611345323,0.301745372935552));
#614=CARTESIAN_POINT('',(-0.0901180745073075,0.0520821854616247,0.301112402454295));
#615=CARTESIAN_POINT('',(-0.090154389400135,0.0491954341157294,0.300697321329725));
#616=CARTESIAN_POINT('',(-0.0901907042929624,0.046308682769834,0.300282240205155));
#617=CARTESIAN_POINT('',(-0.0927175059310112,0.0448653070968988,0.300085048437636));
#618=CARTESIAN_POINT('',(-0.0952443075690601,0.0434219314239636,0.299887856670118));
#619=CARTESIAN_POINT('',(-0.0977711092070931,0.0448653070969766,0.299690664902964));
#620=CARTESIAN_POINT('',(-0.100297910845126,0.0463086827699895,0.299493473135811));
#621=CARTESIAN_POINT('',(-0.100334225737922,0.0491954341159903,0.299078392011972));
#622=CARTESIAN_POINT('',(-0.100370540630717,0.0520821854619911,0.298663310888132));
#623=CARTESIAN_POINT('',(-0.0979163687782914,0.0535255611350318,0.298030340407241));
#624=CARTESIAN_POINT('',(-0.0954621969258656,0.0549689368080724,0.29739736992635));
#625=CARTESIAN_POINT('',(-0.0930080250734557,0.0535255611351649,0.296764399445093));
#626=CARTESIAN_POINT('',(-0.0905538532210458,0.0520821854622574,0.296131428963836));
#627=CARTESIAN_POINT('',(-0.0905901681138733,0.0491954341163621,0.295716347839266));
#628=CARTESIAN_POINT('',(-0.0906264830067007,0.0463086827704666,0.295301266714696));
#629=CARTESIAN_POINT('',(-0.0931532846447495,0.0448653070975314,0.295104074947177));
#630=CARTESIAN_POINT('',(-0.0956800862827985,0.0434219314245962,0.294906883179659));
#631=CARTESIAN_POINT('',(-0.0982068879208313,0.0448653070976092,0.294709691412506));
#632=CARTESIAN_POINT('',(-0.100733689558864,0.046308682770622,0.294512499645353));
#633=CARTESIAN_POINT('',(-0.10077000445166,0.049195434116623,0.294097418521513));
#634=CARTESIAN_POINT('',(-0.100806319344455,0.0520821854626238,0.293682337397673));
#635=CARTESIAN_POINT('',(-0.0983521474920296,0.0535255611356645,0.293049366916782));
#636=CARTESIAN_POINT('',(-0.0958979756396038,0.0549689368087051,0.292416396435891));
#637=CARTESIAN_POINT('',(-0.0934438037871941,0.0535255611357976,0.291783425954634));
#638=CARTESIAN_POINT('',(-0.0909896319347841,0.0520821854628901,0.291150455473377));
#639=CARTESIAN_POINT('',(-0.0910259468276115,0.0491954341169947,0.290735374348807));
#640=CARTESIAN_POINT('',(-0.091062261720439,0.0463086827710992,0.290320293224237));
#641=CARTESIAN_POINT('',(-0.0935890633584878,0.0448653070981641,0.290123101456718));
#642=CARTESIAN_POINT('',(-0.0961158649965366,0.0434219314252289,0.2899259096892));
#643=CARTESIAN_POINT('',(-0.0986426666345696,0.0448653070982419,0.289728717922048));
#644=CARTESIAN_POINT('',(-0.101169468272603,0.0463086827712547,0.289531526154894));
#645=CARTESIAN_POINT('',(-0.101205783165398,0.0491954341172557,0.289116445031054));
#646=CARTESIAN_POINT('',(-0.101242098058194,0.0520821854632565,0.288701363907215));
#647=CARTESIAN_POINT('',(-0.098787926205768,0.0535255611362971,0.288068393426323));
#648=CARTESIAN_POINT('',(-0.0963337543533422,0.0549689368093377,0.287435422945432));
#649=CARTESIAN_POINT('',(-0.0938795825009323,0.0535255611364302,0.286802452464175));
#650=CARTESIAN_POINT('',(-0.0914254106485225,0.0520821854635227,0.286169481982919));
#651=CARTESIAN_POINT('',(-0.0914617255413498,0.0491954341176273,0.285754400858349));
#652=CARTESIAN_POINT('',(-0.0914980404341773,0.0463086827717319,0.285339319733778));
#653=CARTESIAN_POINT('',(-0.0940248420722262,0.0448653070987967,0.28514212796626));
#654=CARTESIAN_POINT('',(-0.0965516437102749,0.0434219314258615,0.284944936198742));
#655=CARTESIAN_POINT('',(-0.0990784453483078,0.0448653070988744,0.284747744431589));
#656=CARTESIAN_POINT('',(-0.101605246986341,0.0463086827718874,0.284550552664435));
#657=CARTESIAN_POINT('',(-0.101641561879136,0.0491954341178882,0.284135471540596));
#658=CARTESIAN_POINT('',(-0.101677876771932,0.0520821854638891,0.283720390416756));
#659=CARTESIAN_POINT('',(-0.0992237049195063,0.0535255611369297,0.283087419935865));
#660=CARTESIAN_POINT('',(-0.0967695330670805,0.0549689368099704,0.282454449454973));
#661=CARTESIAN_POINT('',(-0.0943153612146706,0.0535255611370628,0.281821478973717));
#662=CARTESIAN_POINT('',(-0.0918611893622607,0.0520821854641554,0.28118850849246));
#663=CARTESIAN_POINT('',(-0.0918975042550881,0.0491954341182599,0.28077342736789));
#664=CARTESIAN_POINT('',(-0.0919338191479155,0.0463086827723645,0.28035834624332));
#665=CARTESIAN_POINT('',(-0.0944606207859643,0.0448653070994293,0.280161154475802));
#666=CARTESIAN_POINT('',(-0.0969874224240132,0.0434219314264941,0.279963962708283));
#667=CARTESIAN_POINT('',(-0.0995142240620462,0.044865307099507,0.27976677094113));
#668=CARTESIAN_POINT('',(-0.102041025700079,0.04630868277252,0.279569579173977));
#669=CARTESIAN_POINT('',(-0.102077340592875,0.0491954341185209,0.279154498050137));
#670=CARTESIAN_POINT('',(-0.10211365548567,0.0520821854645217,0.278739416926297));
#671=CARTESIAN_POINT('',(-0.0996594836332445,0.0535255611375624,0.278106446445406));
#672=CARTESIAN_POINT('',(-0.0972053117808188,0.0549689368106029,0.277473475964514));
#673=CARTESIAN_POINT('',(-0.0947511399284088,0.0535255611376955,0.276840505483258));
#674=CARTESIAN_POINT('',(-0.092296968075999,0.0520821854647879,0.276207535002001));
#675=CARTESIAN_POINT('',(-0.0923332829688264,0.0491954341188926,0.275792453877431));
#676=CARTESIAN_POINT('',(-0.0923695978616538,0.0463086827729971,0.275377372752861));
#677=CARTESIAN_POINT('',(-0.0948963994997027,0.044865307100062,0.275180180985342));
#678=CARTESIAN_POINT('',(-0.0974232011377516,0.0434219314271268,0.274982989217824));
#679=CARTESIAN_POINT('',(-0.0999500027757845,0.0448653071001397,0.274785797450671));
#680=CARTESIAN_POINT('',(-0.102476804413817,0.0463086827731526,0.274588605683518));
#681=CARTESIAN_POINT('',(-0.102513119306613,0.0491954341191535,0.274173524559679));
#682=CARTESIAN_POINT('',(-0.102549434199409,0.0520821854651543,0.273758443435838));
#683=CARTESIAN_POINT('',(-0.100095262346983,0.053525561138195,0.273125472954947));
#684=CARTESIAN_POINT('',(-0.097641090494557,0.0549689368112356,0.272492502474056));
#685=CARTESIAN_POINT('',(-0.0951869186421472,0.0535255611383282,0.271859531992799));
#686=CARTESIAN_POINT('',(-0.0927327467897372,0.0520821854654206,0.271226561511542));
#687=CARTESIAN_POINT('',(-0.0927690616825647,0.0491954341195253,0.270811480386973));
#688=CARTESIAN_POINT('',(-0.092805376575392,0.0463086827736299,0.270396399262402));
#689=CARTESIAN_POINT('',(-0.095332178213441,0.0448653071006946,0.270199207494884));
#690=CARTESIAN_POINT('',(-0.0978589798514898,0.0434219314277594,0.270002015727365));
#691=CARTESIAN_POINT('',(-0.100385781489523,0.0448653071007724,0.269804823960213));
#692=CARTESIAN_POINT('',(-0.102912583127556,0.0463086827737852,0.269607632193059));
#693=CARTESIAN_POINT('',(-0.102948898020351,0.0491954341197861,0.26919255106922));
#694=CARTESIAN_POINT('',(-0.102985212913147,0.052082185465787,0.26877746994538));
#695=CARTESIAN_POINT('',(-0.100531041060721,0.0535255611388276,0.268144499464488));
#696=CARTESIAN_POINT('',(-0.0980768692082953,0.0549689368118682,0.267511528983597));
#697=CARTESIAN_POINT('',(-0.0956226973558855,0.0535255611389608,0.26687855850234));
#698=CARTESIAN_POINT('',(-0.0931685255034755,0.0520821854660534,0.266245588021084));
#699=CARTESIAN_POINT('',(-0.093204840396303,0.0491954341201579,0.265830506896513));
#700=CARTESIAN_POINT('',(-0.0932411552891304,0.0463086827742625,0.265415425771943));
#701=CARTESIAN_POINT('',(-0.0957679569271793,0.0448653071013273,0.265218234004425));
#702=CARTESIAN_POINT('',(-0.0982947585652281,0.0434219314283921,0.265021042236907));
#703=CARTESIAN_POINT('',(-0.100821560203261,0.044865307101405,0.264823850469754));
#704=CARTESIAN_POINT('',(-0.103348361841294,0.0463086827744179,0.2646266587026));
#705=CARTESIAN_POINT('',(-0.10338467673409,0.0491954341204187,0.264211577578761));
#706=CARTESIAN_POINT('',(-0.103420991626885,0.0520821854664196,0.263796496454921));
#707=CARTESIAN_POINT('',(-0.100966819774459,0.0535255611394603,0.26316352597403));
#708=CARTESIAN_POINT('',(-0.0985126479220337,0.0549689368125009,0.262530555493138));
#709=CARTESIAN_POINT('',(-0.0960584760696237,0.0535255611395934,0.261897585011881));
#710=CARTESIAN_POINT('',(-0.0936043042172139,0.0520821854666859,0.261264614530625));
#711=CARTESIAN_POINT('',(-0.0936406191100413,0.0491954341207905,0.260849533406055));
#712=CARTESIAN_POINT('',(-0.0936769340028687,0.0463086827748951,0.260434452281485));
#713=CARTESIAN_POINT('',(-0.0962037356409175,0.0448653071019599,0.260237260513967));
#714=CARTESIAN_POINT('',(-0.0987305372789664,0.0434219314290247,0.260040068746448));
#715=CARTESIAN_POINT('',(-0.101257338916999,0.0448653071020376,0.259842876979295));
#716=CARTESIAN_POINT('',(-0.103784140555032,0.0463086827750506,0.259645685212142));
#717=CARTESIAN_POINT('',(-0.103820455447828,0.0491954341210514,0.259230604088302));
#718=CARTESIAN_POINT('',(-0.103856770340623,0.0520821854670522,0.258815522964463));
#719=CARTESIAN_POINT('',(-0.101402598488198,0.0535255611400929,0.258182552483571));
#720=CARTESIAN_POINT('',(-0.0989484266357719,0.0549689368131336,0.25754958200268));
#721=CARTESIAN_POINT('',(-0.096494254783362,0.053525561140226,0.256916611521423));
#722=CARTESIAN_POINT('',(-0.0940400829309522,0.0520821854673186,0.256283641040166));
#723=CARTESIAN_POINT('',(-0.0940763978237796,0.0491954341214232,0.255868559915596));
#724=CARTESIAN_POINT('',(-0.094112712716607,0.0463086827755277,0.255453478791026));
#725=CARTESIAN_POINT('',(-0.0966395143546558,0.0448653071025926,0.255256287023507));
#726=CARTESIAN_POINT('',(-0.0991663159927045,0.0434219314296573,0.255059095255989));
#727=CARTESIAN_POINT('',(-0.101693117630738,0.0448653071026703,0.254861903488836));
#728=CARTESIAN_POINT('',(-0.104219919268771,0.0463086827756831,0.254664711721683));
#729=CARTESIAN_POINT('',(-0.104256234161566,0.0491954341216841,0.254249630597844));
#730=CARTESIAN_POINT('',(-0.104292549054362,0.0520821854676848,0.253834549474003));
#731=CARTESIAN_POINT('',(-0.101838377201936,0.0535255611407255,0.253201578993112));
#732=CARTESIAN_POINT('',(-0.0993842053495102,0.0549689368137661,0.252568608512221));
#733=CARTESIAN_POINT('',(-0.0969300334971004,0.0535255611408587,0.251935638030965));
#734=CARTESIAN_POINT('',(-0.0944758616446904,0.0520821854679511,0.251302667549707));
#735=CARTESIAN_POINT('',(-0.0945121765375179,0.0491954341220558,0.250887586425137));
#736=CARTESIAN_POINT('',(-0.0945484914303452,0.0463086827761605,0.250472505300568));
#737=CARTESIAN_POINT('',(-0.0970752930683941,0.0448653071032252,0.250275313533049));
#738=CARTESIAN_POINT('',(-0.0996020947064429,0.04342193143029,0.25007812176553));
#739=CARTESIAN_POINT('',(-0.102128896344476,0.0448653071033029,0.249880929998377));
#740=CARTESIAN_POINT('',(-0.104655697982509,0.0463086827763158,0.249683738231224));
#741=CARTESIAN_POINT('',(-0.104692012875304,0.0491954341223166,0.249268657107384));
#742=CARTESIAN_POINT('',(-0.1047283277681,0.0520821854683175,0.248853575983545));
#743=CARTESIAN_POINT('',(-0.102274155915674,0.0535255611413581,0.248220605502654));
#744=CARTESIAN_POINT('',(-0.0998199840632485,0.0549689368143988,0.247587635021762));
#745=CARTESIAN_POINT('',(-0.0973658122108386,0.0535255611414913,0.246954664540505));
#746=CARTESIAN_POINT('',(-0.0949116403584288,0.0520821854685839,0.246321694059249));
#747=CARTESIAN_POINT('',(-0.0949479552512562,0.0491954341226884,0.245906612934679));
#748=CARTESIAN_POINT('',(-0.0949842701440836,0.046308682776793,0.245491531810108));
#749=CARTESIAN_POINT('',(-0.0975110717821325,0.0448653071038578,0.24529434004259));
#750=CARTESIAN_POINT('',(-0.100037873420181,0.0434219314309226,0.245097148275072));
#751=CARTESIAN_POINT('',(-0.102564675058214,0.0448653071039355,0.244899956507919));
#752=CARTESIAN_POINT('',(-0.105091476696247,0.0463086827769485,0.244702764740765));
#753=CARTESIAN_POINT('',(-0.105127791589043,0.0491954341229493,0.244287683616926));
#754=CARTESIAN_POINT('',(-0.105164106481838,0.0520821854689502,0.243872602493086));
#755=CARTESIAN_POINT('',(-0.102709934629413,0.0535255611419908,0.243239632012195));
#756=CARTESIAN_POINT('',(-0.100255762776987,0.0549689368150314,0.242606661531304));
#757=CARTESIAN_POINT('',(-0.0978015909245769,0.0535255611421239,0.241973691050047));
#758=CARTESIAN_POINT('',(-0.0953474190721671,0.0520821854692164,0.24134072056879));
#759=CARTESIAN_POINT('',(-0.0953837339649945,0.049195434123321,0.24092563944422));
#760=CARTESIAN_POINT('',(-0.0954200488578219,0.0463086827774257,0.24051055831965));
#761=CARTESIAN_POINT('',(-0.0979468504958707,0.0448653071044905,0.240313366552132));
#762=CARTESIAN_POINT('',(-0.10047365213392,0.0434219314315552,0.240116174784613));
#763=CARTESIAN_POINT('',(-0.103000453771952,0.0448653071045682,0.23991898301746));
#764=CARTESIAN_POINT('',(-0.105527255409985,0.046308682777581,0.239721791250307));
#765=CARTESIAN_POINT('',(-0.105563570302781,0.0491954341235819,0.239306710126467));
#766=CARTESIAN_POINT('',(-0.105599885195577,0.0520821854695827,0.238891629002628));
#767=CARTESIAN_POINT('',(-0.103145713343151,0.0535255611426235,0.238258658521736));
#768=CARTESIAN_POINT('',(-0.100691541490725,0.0549689368156641,0.237625688040845));
#769=CARTESIAN_POINT('',(-0.0982373696383153,0.0535255611427566,0.236992717559588));
#770=CARTESIAN_POINT('',(-0.0957831977859053,0.0520821854698491,0.236359747078332));
#771=CARTESIAN_POINT('',(-0.0958195126787327,0.0491954341239538,0.235944665953761));
#772=CARTESIAN_POINT('',(-0.0958558275715601,0.0463086827780583,0.235529584829191));
#773=CARTESIAN_POINT('',(-0.098382629209609,0.0448653071051231,0.235332393061673));
#774=CARTESIAN_POINT('',(-0.100909430847658,0.0434219314321878,0.235135201294155));
#775=CARTESIAN_POINT('',(-0.103436232485691,0.0448653071052008,0.234938009527002));
#776=CARTESIAN_POINT('',(-0.105963034123724,0.0463086827782137,0.234740817759848));
#777=CARTESIAN_POINT('',(-0.105999349016519,0.0491954341242146,0.234325736636009));
#778=CARTESIAN_POINT('',(-0.106035663909315,0.0520821854702154,0.233910655512169));
#779=CARTESIAN_POINT('',(-0.103581492056889,0.053525561143256,0.233277685031278));
#780=CARTESIAN_POINT('',(-0.101127320204463,0.0549689368162967,0.232644714550386));
#781=CARTESIAN_POINT('',(-0.0986731483520536,0.0535255611433892,0.232011744069129));
#782=CARTESIAN_POINT('',(-0.0962189764996436,0.0520821854704816,0.231378773587872));
#783=CARTESIAN_POINT('',(-0.096255291392471,0.0491954341245863,0.230963692463303));
#784=CARTESIAN_POINT('',(-0.0962916062852984,0.046308682778691,0.230548611338733));
#785=CARTESIAN_POINT('',(-0.0988184079233473,0.0448653071057557,0.230351419571214));
#786=CARTESIAN_POINT('',(-0.101345209561396,0.0434219314328205,0.230154227803695));
#787=CARTESIAN_POINT('',(-0.103872011199429,0.0448653071058335,0.229957036036542));
#788=CARTESIAN_POINT('',(-0.106398812837462,0.0463086827788463,0.22975984426939));
#789=CARTESIAN_POINT('',(-0.106435127730258,0.0491954341248471,0.22934476314555));
#790=CARTESIAN_POINT('',(-0.106471442623053,0.052082185470848,0.22892968202171));
#791=CARTESIAN_POINT('',(-0.104017270770627,0.0535255611438887,0.228296711540819));
#792=CARTESIAN_POINT('',(-0.101563098918202,0.0549689368169293,0.227663741059927));
#793=CARTESIAN_POINT('',(-0.0991089270657918,0.0535255611440219,0.22703077057867));
#794=CARTESIAN_POINT('',(-0.0966547552133819,0.0520821854711144,0.226397800097414));
#795=CARTESIAN_POINT('',(-0.0966910701062093,0.049195434125219,0.225982718972844));
#796=CARTESIAN_POINT('',(-0.0967273849990367,0.0463086827793236,0.225567637848274));
#797=CARTESIAN_POINT('',(-0.0992541866370855,0.0448653071063884,0.225370446080756));
#798=CARTESIAN_POINT('',(-0.101780988275134,0.0434219314334532,0.225173254313237));
#799=CARTESIAN_POINT('',(-0.104307789913167,0.0448653071064661,0.224976062546084));
#800=CARTESIAN_POINT('',(-0.1068345915512,0.046308682779479,0.22477887077893));
#801=CARTESIAN_POINT('',(-0.106870906443996,0.0491954341254798,0.224363789655091));
#802=CARTESIAN_POINT('',(-0.106907221336792,0.0520821854714806,0.223948708531251));
#803=CARTESIAN_POINT('',(-0.104453049484366,0.0535255611445213,0.22331573805036));
#804=CARTESIAN_POINT('',(-0.10199887763194,0.054968936817562,0.222682767569469));
#805=CARTESIAN_POINT('',(-0.0995447057795301,0.0535255611446545,0.222049797088212));
#806=CARTESIAN_POINT('',(-0.0970905339271202,0.0520821854717471,0.221416826606955));
#807=CARTESIAN_POINT('',(-0.0971268488199476,0.0491954341258517,0.221001745482385));
#808=CARTESIAN_POINT('',(-0.097163163712775,0.0463086827799562,0.220586664357815));
#809=CARTESIAN_POINT('',(-0.0996899653508238,0.044865307107021,0.220389472590297));
#810=CARTESIAN_POINT('',(-0.102216766988873,0.0434219314340858,0.220192280822778));
#811=CARTESIAN_POINT('',(-0.104743568626906,0.0448653071070987,0.219995089055625));
#812=CARTESIAN_POINT('',(-0.107270370264939,0.0463086827801116,0.219797897288472));
#813=CARTESIAN_POINT('',(-0.107306685157734,0.0491954341261125,0.219382816164633));
#814=CARTESIAN_POINT('',(-0.10734300005053,0.0520821854721132,0.218967735040793));
#815=CARTESIAN_POINT('',(-0.104888828198104,0.053525561145154,0.218334764559901));
#816=CARTESIAN_POINT('',(-0.102434656345678,0.0549689368181946,0.21770179407901));
#817=CARTESIAN_POINT('',(-0.0999804844932685,0.0535255611452872,0.217068823597753));
#818=CARTESIAN_POINT('',(-0.0975263126408585,0.0520821854723796,0.216435853116497));
#819=CARTESIAN_POINT('',(-0.0975626275336859,0.0491954341264843,0.216020771991927));
#820=CARTESIAN_POINT('',(-0.0975989424265133,0.0463086827805888,0.215605690867356));
#821=CARTESIAN_POINT('',(-0.100125744064562,0.0448653071076536,0.215408499099838));
#822=CARTESIAN_POINT('',(-0.102652545702611,0.0434219314347184,0.21521130733232));
#823=CARTESIAN_POINT('',(-0.105179347340644,0.0448653071077314,0.215014115565167));
#824=CARTESIAN_POINT('',(-0.107706148978677,0.0463086827807442,0.214816923798013));
#825=CARTESIAN_POINT('',(-0.107742463871472,0.0491954341267452,0.214401842674174));
#826=CARTESIAN_POINT('',(-0.107778778764268,0.0520821854727459,0.213986761550334));
#827=CARTESIAN_POINT('',(-0.105324606911842,0.0535255611457866,0.213353791069442));
#828=CARTESIAN_POINT('',(-0.102870435059417,0.0549689368188273,0.212720820588551));
#829=CARTESIAN_POINT('',(-0.100416263207007,0.0535255611459198,0.212087850107295));
#830=CARTESIAN_POINT('',(-0.0979620913545967,0.0520821854730123,0.211454879626038));
#831=CARTESIAN_POINT('',(-0.0979984062474242,0.0491954341271169,0.211039798501467));
#832=CARTESIAN_POINT('',(-0.0980347211402515,0.0463086827812215,0.210624717376898));
#833=CARTESIAN_POINT('',(-0.1005615227783,0.0448653071082862,0.210427525609379));
#834=CARTESIAN_POINT('',(-0.103088324416349,0.043421931435351,0.210230333841861));
#835=CARTESIAN_POINT('',(-0.105615126054382,0.0448653071083639,0.210033142074707));
#836=CARTESIAN_POINT('',(-0.108141927692415,0.0463086827813769,0.209835950307555));
#837=CARTESIAN_POINT('',(-0.108178242585211,0.0491954341273777,0.209420869183715));
#838=CARTESIAN_POINT('',(-0.108214557478006,0.0520821854733785,0.209005788059875));
#839=CARTESIAN_POINT('',(-0.105760385625581,0.0535255611464192,0.208372817578984));
#840=CARTESIAN_POINT('',(-0.103306213773155,0.0549689368194599,0.207739847098092));
#841=CARTESIAN_POINT('',(-0.100852041920745,0.0535255611465524,0.207106876616835));
#842=CARTESIAN_POINT('',(-0.0983978700683352,0.0520821854736449,0.206473906135579));
#843=CARTESIAN_POINT('',(-0.0984341849611625,0.0491954341277495,0.206058825011009));
#844=CARTESIAN_POINT('',(-0.0984704998539899,0.0463086827818541,0.205643743886439));
#845=CARTESIAN_POINT('',(-0.100997301492039,0.044865307108919,0.205446552118921));
#846=CARTESIAN_POINT('',(-0.103524103130087,0.0434219314359837,0.205249360351402));
#847=CARTESIAN_POINT('',(-0.10605090476812,0.0448653071089966,0.205052168584249));
#848=CARTESIAN_POINT('',(-0.108577706406153,0.0463086827820095,0.204854976817095));
#849=CARTESIAN_POINT('',(-0.108614021298949,0.0491954341280104,0.204439895693256));
#850=CARTESIAN_POINT('',(-0.108650336191745,0.0520821854740111,0.204024814569416));
#851=CARTESIAN_POINT('',(-0.106196164339319,0.0535255611470519,0.203391844088525));
#852=CARTESIAN_POINT('',(-0.103741992486893,0.0549689368200925,0.202758873607634));
#853=CARTESIAN_POINT('',(-0.101287820634483,0.053525561147185,0.202125903126377));
#854=CARTESIAN_POINT('',(-0.0988336487820734,0.0520821854742776,0.20149293264512));
#855=CARTESIAN_POINT('',(-0.0988699636749008,0.0491954341283823,0.20107785152055));
#856=CARTESIAN_POINT('',(-0.0989062785677282,0.0463086827824868,0.20066277039598));
#857=CARTESIAN_POINT('',(-0.101433080205777,0.0448653071095515,0.200465578628462));
#858=CARTESIAN_POINT('',(-0.103959881843826,0.0434219314366163,0.200268386860943));
#859=CARTESIAN_POINT('',(-0.106486683481859,0.0448653071096293,0.20007119509379));
#860=CARTESIAN_POINT('',(-0.109013485119892,0.0463086827826421,0.199874003326637));
#861=CARTESIAN_POINT('',(-0.109049800012687,0.049195434128643,0.199458922202798));
#862=CARTESIAN_POINT('',(-0.109086114905483,0.0520821854746438,0.199043841078958));
#863=CARTESIAN_POINT('',(-0.106631943053057,0.0535255611476845,0.198410870598067));
#864=CARTESIAN_POINT('',(-0.104177771200631,0.0549689368207251,0.197777900117175));
#865=CARTESIAN_POINT('',(-0.101723599348221,0.0535255611478177,0.197144929635918));
#866=CARTESIAN_POINT('',(-0.0992694274958117,0.0520821854749104,0.196511959154662));
#867=CARTESIAN_POINT('',(-0.0993057423886391,0.0491954341290149,0.196096878030092));
#868=CARTESIAN_POINT('',(-0.0993420572814665,0.0463086827831193,0.195681796905521));
#869=CARTESIAN_POINT('',(-0.101868858919515,0.0448653071101843,0.195484605138003));
#870=CARTESIAN_POINT('',(-0.104395660557564,0.0434219314372489,0.195287413370485));
#871=CARTESIAN_POINT('',(-0.106922462195597,0.0448653071102619,0.195090221603332));
#872=CARTESIAN_POINT('',(-0.10944926383363,0.0463086827832749,0.194893029836178));
#873=CARTESIAN_POINT('',(-0.109485578726426,0.0491954341292756,0.194477948712338));
#874=CARTESIAN_POINT('',(-0.109521893619221,0.0520821854752764,0.194062867588499));
#875=CARTESIAN_POINT('',(-0.107067721766795,0.0535255611483172,0.193429897107607));
#876=CARTESIAN_POINT('',(-0.10461354991437,0.0549689368213578,0.192796926626716));
#877=CARTESIAN_POINT('',(-0.10215937806196,0.0535255611484503,0.19216395614546));
#878=CARTESIAN_POINT('',(-0.0997052062095499,0.0520821854755428,0.191530985664203));
#879=CARTESIAN_POINT('',(-0.0997415211023774,0.0491954341296476,0.191115904539632));
#880=CARTESIAN_POINT('',(-0.0997778359952047,0.0463086827837521,0.190700823415063));
#881=CARTESIAN_POINT('',(-0.102304637633254,0.0448653071108168,0.190503631647544));
#882=CARTESIAN_POINT('',(-0.104831439271302,0.0434219314378816,0.190306439880026));
#883=CARTESIAN_POINT('',(-0.107358240909335,0.0448653071108945,0.190109248112872));
#884=CARTESIAN_POINT('',(-0.109885042547368,0.0463086827839074,0.18991205634572));
#885=CARTESIAN_POINT('',(-0.109921357440164,0.0491954341299084,0.18949697522188));
#886=CARTESIAN_POINT('',(-0.10995767233296,0.052082185475909,0.18908189409804));
#887=CARTESIAN_POINT('',(-0.107503500480534,0.0535255611489498,0.188448923617149));
#888=CARTESIAN_POINT('',(-0.105049328628108,0.0549689368219905,0.187815953136257));
#889=CARTESIAN_POINT('',(-0.102595156775698,0.053525561149083,0.187182982655001));
#890=CARTESIAN_POINT('',(-0.100140984923288,0.0520821854761756,0.186550012173744));
#891=CARTESIAN_POINT('',(-0.100177299816116,0.0491954341302801,0.186134931049174));
#892=CARTESIAN_POINT('',(-0.100213614708943,0.0463086827843848,0.185719849924604));
#893=CARTESIAN_POINT('',(-0.102740416346992,0.0448653071114495,0.185522658157085));
#894=CARTESIAN_POINT('',(-0.105267217985041,0.0434219314385142,0.185325466389567));
#895=CARTESIAN_POINT('',(-0.107794019623074,0.0448653071115272,0.185128274622414));
#896=CARTESIAN_POINT('',(-0.110320821261107,0.0463086827845399,0.184931082855261));
#897=CARTESIAN_POINT('',(-0.110357136153902,0.0491954341305409,0.184516001731421));
#898=CARTESIAN_POINT('',(-0.110393451046698,0.0520821854765418,0.184100920607582));
#899=CARTESIAN_POINT('',(-0.107939279194272,0.0535255611495824,0.18346795012669));
#900=CARTESIAN_POINT('',(-0.105485107341846,0.054968936822623,0.182834979645799));
#901=CARTESIAN_POINT('',(-0.103030935489436,0.0535255611497156,0.182202009164542));
#902=CARTESIAN_POINT('',(-0.100576763637027,0.0520821854768082,0.181569038683285));
#903=CARTESIAN_POINT('',(-0.100613078529854,0.0491954341309128,0.181153957558715));
#904=CARTESIAN_POINT('',(-0.100649393422681,0.0463086827850173,0.180738876434145));
#905=CARTESIAN_POINT('',(-0.10317619506073,0.0448653071120821,0.180541684666627));
#906=CARTESIAN_POINT('',(-0.105702996698779,0.0434219314391469,0.180344492899108));
#907=CARTESIAN_POINT('',(-0.108229798336812,0.0448653071121598,0.180147301131955));
#908=CARTESIAN_POINT('',(-0.110756599974845,0.0463086827851728,0.179950109364802));
#909=CARTESIAN_POINT('',(-0.110792914867641,0.0491954341311734,0.179535028240963));
#910=CARTESIAN_POINT('',(-0.110829229760436,0.0520821854771743,0.179119947117123));
#911=CARTESIAN_POINT('',(-0.10837505790801,0.0535255611502151,0.178486976636232));
#912=CARTESIAN_POINT('',(-0.105920886055585,0.0549689368232557,0.17785400615534));
#913=CARTESIAN_POINT('',(-0.103466714203175,0.0535255611503483,0.177221035674083));
#914=CARTESIAN_POINT('',(-0.101012542350765,0.0520821854774408,0.176588065192827));
#915=CARTESIAN_POINT('',(-0.101048857243592,0.0491954341315453,0.176172984068257));
#916=CARTESIAN_POINT('',(-0.10108517213642,0.04630868278565,0.175757902943686));
#917=CARTESIAN_POINT('',(-0.103611973774468,0.0448653071127148,0.175560711176168));
#918=CARTESIAN_POINT('',(-0.106138775412517,0.0434219314397795,0.17536351940865));
#919=CARTESIAN_POINT('',(-0.10866557705055,0.0448653071127924,0.175166327641497));
#920=CARTESIAN_POINT('',(-0.111192378688583,0.0463086827858053,0.174969135874343));
#921=CARTESIAN_POINT('',(-0.111228693581379,0.0491954341318062,0.174554054750504));
#922=CARTESIAN_POINT('',(-0.111265008474175,0.0520821854778068,0.174138973626664));
#923=CARTESIAN_POINT('',(-0.108810836621749,0.0535255611508477,0.173506003145772));
#924=CARTESIAN_POINT('',(-0.106356664769323,0.0549689368238883,0.172873032664881));
#925=CARTESIAN_POINT('',(-0.103902492916913,0.053525561150981,0.172240062183625));
#926=CARTESIAN_POINT('',(-0.101448321064503,0.0520821854780734,0.171607091702368));
#927=CARTESIAN_POINT('',(-0.10148463595733,0.049195434132178,0.171192010577798));
#928=CARTESIAN_POINT('',(-0.101520950850158,0.0463086827862825,0.170776929453228));
#929=CARTESIAN_POINT('',(-0.104047752488207,0.0448653071133474,0.170579737685709));
#930=CARTESIAN_POINT('',(-0.106574554126256,0.0434219314404121,0.170382545918191));
#931=CARTESIAN_POINT('',(-0.109101355764289,0.0448653071134251,0.170185354151038));
#932=CARTESIAN_POINT('',(-0.111628157402321,0.0463086827864378,0.169988162383885));
#933=CARTESIAN_POINT('',(-0.111664472295117,0.0491954341324388,0.169573081260045));
#934=CARTESIAN_POINT('',(-0.111700787187913,0.0520821854784397,0.169158000136205));
#935=CARTESIAN_POINT('',(-0.109246615335487,0.0535255611514802,0.168525029655314));
#936=CARTESIAN_POINT('',(-0.106792443483061,0.054968936824521,0.167892059174423));
#937=CARTESIAN_POINT('',(-0.104338271630651,0.0535255611516135,0.167259088693166));
#938=CARTESIAN_POINT('',(-0.101884099778241,0.052082185478706,0.166626118211909));
#939=CARTESIAN_POINT('',(-0.101920414671069,0.0491954341328107,0.166211037087339));
#940=CARTESIAN_POINT('',(-0.101956729563896,0.0463086827869152,0.165795955962769));
#941=CARTESIAN_POINT('',(-0.104483531201945,0.04486530711398,0.16559876419525));
#942=CARTESIAN_POINT('',(-0.107010332839994,0.0434219314410448,0.165401572427732));
#943=CARTESIAN_POINT('',(-0.109537134478027,0.0448653071140577,0.165204380660579));
#944=CARTESIAN_POINT('',(-0.11206393611606,0.0463086827870706,0.165007188893426));
#945=CARTESIAN_POINT('',(-0.112100251008855,0.0491954341330713,0.164592107769586));
#946=CARTESIAN_POINT('',(-0.112136565901651,0.0520821854790723,0.164177026645747));
#947=CARTESIAN_POINT('',(-0.109682394049225,0.053525561152113,0.163544056164856));
#948=CARTESIAN_POINT('',(-0.107228222196799,0.0549689368251536,0.162911085683964));
#949=CARTESIAN_POINT('',(-0.10477405034439,0.0535255611522462,0.162278115202707));
#950=CARTESIAN_POINT('',(-0.10231987849198,0.0520821854793386,0.16164514472145));
#951=CARTESIAN_POINT('',(-0.102356193384807,0.0491954341334432,0.16123006359688));
#952=CARTESIAN_POINT('',(-0.102392508277634,0.046308682787548,0.16081498247231));
#953=CARTESIAN_POINT('',(-0.104919309915683,0.0448653071146127,0.160617790704792));
#954=CARTESIAN_POINT('',(-0.107446111553732,0.0434219314416774,0.160420598937273));
#955=CARTESIAN_POINT('',(-0.109972913191765,0.0448653071146903,0.16022340717012));
#956=CARTESIAN_POINT('',(-0.112499714829798,0.0463086827877031,0.160026215402967));
#957=CARTESIAN_POINT('',(-0.112536029722594,0.0491954341337041,0.159611134279128));
#958=CARTESIAN_POINT('',(-0.112572344615389,0.052082185479705,0.159196053155288));
#959=CARTESIAN_POINT('',(-0.110118172762964,0.0535255611527456,0.158563082674396));
#960=CARTESIAN_POINT('',(-0.107664000910538,0.0549689368257862,0.157930112193505));
#961=CARTESIAN_POINT('',(-0.105209829058128,0.0535255611528788,0.157297141712249));
#962=CARTESIAN_POINT('',(-0.102755657205718,0.0520821854799714,0.156664171230992));
#963=CARTESIAN_POINT('',(-0.102791972098545,0.049195434134076,0.156249090106421));
#964=CARTESIAN_POINT('',(-0.102828286991373,0.0463086827881804,0.155834008981851));
#965=CARTESIAN_POINT('',(-0.105355088629421,0.0448653071152453,0.155636817214333));
#966=CARTESIAN_POINT('',(-0.10788189026747,0.0434219314423101,0.155439625446815));
#967=CARTESIAN_POINT('',(-0.110408691905503,0.044865307115323,0.155242433679662));
#968=CARTESIAN_POINT('',(-0.112935493543536,0.0463086827883357,0.155045241912508));
#969=CARTESIAN_POINT('',(-0.112971808436332,0.0491954341343366,0.154630160788669));
#970=CARTESIAN_POINT('',(-0.113008123329128,0.0520821854803376,0.154215079664829));
#971=CARTESIAN_POINT('',(-0.110553951476702,0.0535255611533783,0.153582109183938));
#972=CARTESIAN_POINT('',(-0.108099779624276,0.0549689368264188,0.152949138703046));
#973=CARTESIAN_POINT('',(-0.105645607771866,0.0535255611535114,0.152316168221789));
#974=CARTESIAN_POINT('',(-0.103191435919456,0.0520821854806039,0.151683197740533));
#975=CARTESIAN_POINT('',(-0.103227750812284,0.0491954341347087,0.151268116615963));
#976=CARTESIAN_POINT('',(-0.103264065705111,0.0463086827888132,0.150853035491393));
#977=CARTESIAN_POINT('',(-0.10579086734316,0.0448653071158779,0.150655843723874));
#978=CARTESIAN_POINT('',(-0.108317668981208,0.0434219314429427,0.150458651956356));
#979=CARTESIAN_POINT('',(-0.110844470619242,0.0448653071159556,0.150261460189203));
#980=CARTESIAN_POINT('',(-0.113371272257275,0.0463086827889685,0.15006426842205));
#981=CARTESIAN_POINT('',(-0.11340758715007,0.0491954341349695,0.14964918729821));
#982=CARTESIAN_POINT('',(-0.113443902042866,0.0520821854809701,0.14923410617437));
#983=CARTESIAN_POINT('',(-0.11098973019044,0.0535255611540109,0.148601135693479));
#984=CARTESIAN_POINT('',(-0.108535558338014,0.0549689368270515,0.147968165212588));
#985=CARTESIAN_POINT('',(-0.106081386485605,0.0535255611541441,0.147335194731331));
#986=CARTESIAN_POINT('',(-0.103627214633195,0.0520821854812366,0.146702224250074));
#987=CARTESIAN_POINT('',(-0.103663529526022,0.0491954341353412,0.146287143125504));
#988=CARTESIAN_POINT('',(-0.103699844418849,0.0463086827894459,0.145872062000934));
#989=CARTESIAN_POINT('',(-0.106226646056898,0.0448653071165106,0.145674870233416));
#990=CARTESIAN_POINT('',(-0.108753447694947,0.0434219314435753,0.145477678465897));
#991=CARTESIAN_POINT('',(-0.11128024933298,0.0448653071165883,0.145280486698744));
#992=CARTESIAN_POINT('',(-0.113807050971013,0.0463086827896011,0.145083294931591));
#993=CARTESIAN_POINT('',(-0.113843365863809,0.049195434135602,0.144668213807751));
#994=CARTESIAN_POINT('',(-0.113879680756604,0.0520821854816029,0.144253132683912));
#995=CARTESIAN_POINT('',(-0.111425508904179,0.0535255611546434,0.14362016220302));
#996=CARTESIAN_POINT('',(-0.108971337051753,0.0549689368276842,0.142987191722129));
#997=CARTESIAN_POINT('',(-0.106517165199343,0.0535255611547767,0.142354221240872));
#998=CARTESIAN_POINT('',(-0.104062993346933,0.0520821854818694,0.141721250759616));
#999=CARTESIAN_POINT('',(-0.10409930823976,0.0491954341359739,0.141306169635045));
#1000=CARTESIAN_POINT('',(-0.104135623132588,0.0463086827900784,0.140891088510475));
#1001=CARTESIAN_POINT('',(-0.106662424770636,0.0448653071171433,0.140693896742957));
#1002=CARTESIAN_POINT('',(-0.109189226408685,0.043421931444208,0.140496704975438));
#1003=CARTESIAN_POINT('',(-0.111716028046718,0.0448653071172209,0.140299513208285));
#1004=CARTESIAN_POINT('',(-0.114242829684751,0.0463086827902338,0.140102321441132));
#1005=CARTESIAN_POINT('',(-0.114279144577547,0.0491954341362345,0.139687240317293));
#1006=CARTESIAN_POINT('',(-0.114315459470342,0.0520821854822354,0.139272159193453));
#1007=CARTESIAN_POINT('',(-0.111861287617917,0.0535255611552762,0.138639188712562));
#1008=CARTESIAN_POINT('',(-0.109407115765491,0.0549689368283168,0.13800621823167));
#1009=CARTESIAN_POINT('',(-0.106952943913081,0.0535255611554094,0.137373247750414));
#1010=CARTESIAN_POINT('',(-0.104498772060671,0.0520821854825018,0.136740277269157));
#1011=CARTESIAN_POINT('',(-0.104535086953498,0.0491954341366066,0.136325196144587));
#1012=CARTESIAN_POINT('',(-0.104571401846326,0.0463086827907111,0.135910115020017));
#1013=CARTESIAN_POINT('',(-0.107098203484375,0.0448653071177759,0.135712923252498));
#1014=CARTESIAN_POINT('',(-0.109625005122424,0.0434219314448406,0.13551573148498));
#1015=CARTESIAN_POINT('',(-0.112151806760456,0.0448653071178534,0.135318539717827));
#1016=CARTESIAN_POINT('',(-0.114678608398489,0.0463086827908664,0.135121347950674));
#1017=CARTESIAN_POINT('',(-0.114714923291285,0.0491954341368673,0.134706266826834));
#1018=CARTESIAN_POINT('',(-0.114751238184081,0.052082185482868,0.134291185702994));
#1019=CARTESIAN_POINT('',(-0.112297066331655,0.0535255611559088,0.133658215222103));
#1020=CARTESIAN_POINT('',(-0.109842894479229,0.0549689368289494,0.133025244741211));
#1021=CARTESIAN_POINT('',(-0.107388722626819,0.0535255611560421,0.132392274259955));
#1022=CARTESIAN_POINT('',(-0.104934550774409,0.0520821854831346,0.131759303778698));
#1023=CARTESIAN_POINT('',(-0.104970865667237,0.0491954341372391,0.131344222654128));
#1024=CARTESIAN_POINT('',(-0.105007180560064,0.0463086827913436,0.130929141529558));
#1025=CARTESIAN_POINT('',(-0.107533982198113,0.0448653071184085,0.130731949762039));
#1026=CARTESIAN_POINT('',(-0.110060783836162,0.0434219314454732,0.130534757994521));
#1027=CARTESIAN_POINT('',(-0.112587585474195,0.0448653071184862,0.130337566227368));
#1028=CARTESIAN_POINT('',(-0.115114387112228,0.0463086827914989,0.130140374460215));
#1029=CARTESIAN_POINT('',(-0.115150702005023,0.0491954341374998,0.129725293336375));
#1030=CARTESIAN_POINT('',(-0.115187016897819,0.0520821854835008,0.129310212212536));
#1031=CARTESIAN_POINT('',(-0.112732845045393,0.0535255611565413,0.128677241731644));
#1032=CARTESIAN_POINT('',(-0.110278673192968,0.054968936829582,0.128044271250753));
#1033=CARTESIAN_POINT('',(-0.107824501340558,0.0535255611566746,0.127411300769496));
#1034=CARTESIAN_POINT('',(-0.105370329488148,0.0520821854837673,0.126778330288239));
#1035=CARTESIAN_POINT('',(-0.105406644380975,0.0491954341378718,0.126363249163669));
#1036=CARTESIAN_POINT('',(-0.105442959273803,0.0463086827919763,0.125948168039099));
#1037=CARTESIAN_POINT('',(-0.107969760911851,0.0448653071190411,0.125750976271581));
#1038=CARTESIAN_POINT('',(-0.1104965625499,0.0434219314461059,0.125553784504062));
#1039=CARTESIAN_POINT('',(-0.113023364187933,0.0448653071191187,0.125356592736909));
#1040=CARTESIAN_POINT('',(-0.115550165825966,0.0463086827921317,0.125159400969756));
#1041=CARTESIAN_POINT('',(-0.115586480718762,0.0491954341381324,0.124744319845916));
#1042=CARTESIAN_POINT('',(-0.115622795611557,0.0520821854841333,0.124329238722077));
#1043=CARTESIAN_POINT('',(-0.113168623759132,0.0535255611571741,0.123696268241185));
#1044=CARTESIAN_POINT('',(-0.110714451906706,0.0549689368302147,0.123063297760294));
#1045=CARTESIAN_POINT('',(-0.108260280054296,0.0535255611573073,0.122430327279037));
#1046=CARTESIAN_POINT('',(-0.105806108201886,0.0520821854843998,0.121797356797781));
#1047=CARTESIAN_POINT('',(-0.105842423094713,0.0491954341385043,0.12138227567321));
#1048=CARTESIAN_POINT('',(-0.105878737987541,0.0463086827926091,0.12096719454864));
#1049=CARTESIAN_POINT('',(-0.10840553962559,0.0448653071196738,0.120770002781122));
#1050=CARTESIAN_POINT('',(-0.110932341263639,0.0434219314467385,0.120572811013604));
#1051=CARTESIAN_POINT('',(-0.113459142901671,0.0448653071197514,0.12037561924645));
#1052=CARTESIAN_POINT('',(-0.115985944539704,0.0463086827927642,0.120178427479297));
#1053=CARTESIAN_POINT('',(-0.1160222594325,0.0491954341387652,0.119763346355458));
#1054=CARTESIAN_POINT('',(-0.116058574325296,0.0520821854847659,0.119348265231618));
#1055=CARTESIAN_POINT('',(-0.11360440247287,0.0535255611578066,0.118715294750727));
#1056=CARTESIAN_POINT('',(-0.111150230620444,0.0549689368308474,0.118082324269835));
#1057=CARTESIAN_POINT('',(-0.108696058768034,0.0535255611579399,0.117449353788579));
#1058=CARTESIAN_POINT('',(-0.106241886915624,0.0520821854850325,0.116816383307322));
#1059=CARTESIAN_POINT('',(-0.106278201808452,0.0491954341391371,0.116401302182752));
#1060=CARTESIAN_POINT('',(-0.106314516701279,0.0463086827932415,0.115986221058182));
#1061=CARTESIAN_POINT('',(-0.108841318339328,0.0448653071203065,0.115789029290663));
#1062=CARTESIAN_POINT('',(-0.111368119977377,0.0434219314473712,0.115591837523145));
#1063=CARTESIAN_POINT('',(-0.11389492161541,0.0448653071203841,0.115394645755992));
#1064=CARTESIAN_POINT('',(-0.116421723253443,0.0463086827933968,0.115197453988839));
#1065=CARTESIAN_POINT('',(-0.116458038146238,0.0491954341393977,0.114782372864999));
#1066=CARTESIAN_POINT('',(-0.116494353039034,0.0520821854853986,0.114367291741159));
#1067=CARTESIAN_POINT('',(-0.114040181186608,0.0535255611584394,0.113734321260268));
#1068=CARTESIAN_POINT('',(-0.111586009334183,0.05496893683148,0.113101350779376));
#1069=CARTESIAN_POINT('',(-0.109131837481773,0.0535255611585725,0.11246838029812));
#1070=CARTESIAN_POINT('',(-0.106677665629363,0.052082185485665,0.111835409816863));
#1071=CARTESIAN_POINT('',(-0.10671398052219,0.0491954341397698,0.111420328692293));
#1072=CARTESIAN_POINT('',(-0.106750295415017,0.0463086827938743,0.111005247567723));
#1073=CARTESIAN_POINT('',(-0.109277097053066,0.044865307120939,0.110808055800205));
#1074=CARTESIAN_POINT('',(-0.111803898691115,0.0434219314480038,0.110610864032686));
#1075=CARTESIAN_POINT('',(-0.114330700329148,0.0448653071210166,0.110413672265533));
#1076=CARTESIAN_POINT('',(-0.116857501967181,0.0463086827940296,0.11021648049838));
#1077=CARTESIAN_POINT('',(-0.116893816859977,0.0491954341400302,0.10980139937454));
#1078=CARTESIAN_POINT('',(-0.116930131752772,0.0520821854860312,0.109386318250701));
#1079=CARTESIAN_POINT('',(-0.114475959900346,0.0535255611590719,0.108753347769809));
#1080=CARTESIAN_POINT('',(-0.112021788047921,0.0549689368321126,0.108120377288918));
#1081=CARTESIAN_POINT('',(-0.109567616195511,0.0535255611592052,0.107487406807661));
#1082=CARTESIAN_POINT('',(-0.107113444343101,0.0520821854862977,0.106854436326405));
#1083=CARTESIAN_POINT('',(-0.107149759235928,0.0491954341404023,0.106439355201834));
#1084=CARTESIAN_POINT('',(-0.107186074128756,0.046308682794507,0.106024274077264));
#1085=CARTESIAN_POINT('',(-0.109712875766804,0.0448653071215717,0.105827082309746));
#1086=CARTESIAN_POINT('',(-0.112239677404853,0.0434219314486364,0.105629890542227));
#1087=CARTESIAN_POINT('',(-0.114766479042886,0.0448653071216493,0.105432698775074));
#1088=CARTESIAN_POINT('',(-0.117293280680919,0.0463086827946621,0.105235507007921));
#1089=CARTESIAN_POINT('',(-0.117329595573715,0.0491954341406631,0.104820425884081));
#1090=CARTESIAN_POINT('',(-0.11736591046651,0.052082185486664,0.104405344760242));
#1091=CARTESIAN_POINT('',(-0.114911738614085,0.0535255611597045,0.10377237427935));
#1092=CARTESIAN_POINT('',(-0.112457566761659,0.0549689368327452,0.103139403798459));
#1093=CARTESIAN_POINT('',(-0.110003394909249,0.0535255611598378,0.102506433317202));
#1094=CARTESIAN_POINT('',(-0.107549223056839,0.0520821854869305,0.101873462835946));
#1095=CARTESIAN_POINT('',(-0.107585537949667,0.049195434141035,0.101458381711376));
#1096=CARTESIAN_POINT('',(-0.107621852842494,0.0463086827951395,0.101043300586806));
#1097=CARTESIAN_POINT('',(-0.110148654480543,0.0448653071222044,0.100846108819287));
#1098=CARTESIAN_POINT('',(-0.112675456118591,0.043421931449269,0.100648917051769));
#1099=CARTESIAN_POINT('',(-0.115202257756625,0.0448653071222819,0.100451725284616));
#1100=CARTESIAN_POINT('',(-0.117729059394657,0.0463086827952949,0.100254533517462));
#1101=CARTESIAN_POINT('',(-0.117765374287453,0.0491954341412956,0.0998394523936228));
#1102=CARTESIAN_POINT('',(-0.117801689180249,0.0520821854872965,0.0994243712697832));
#1103=CARTESIAN_POINT('',(-0.115347517327823,0.0535255611603373,0.0987914007888918));
#1104=CARTESIAN_POINT('',(-0.112893345475397,0.0549689368333779,0.0981584303080003));
#1105=CARTESIAN_POINT('',(-0.110439173622987,0.0535255611604705,0.0975254598267437));
#1106=CARTESIAN_POINT('',(-0.107985001770577,0.0520821854875629,0.0968924893454871));
#1107=CARTESIAN_POINT('',(-0.108021316663405,0.0491954341416677,0.0964774082209169));
#1108=CARTESIAN_POINT('',(-0.108057631556232,0.0463086827957722,0.0960623270963467));
#1109=CARTESIAN_POINT('',(-0.110584433194281,0.0448653071228369,0.0958651353288284));
#1110=CARTESIAN_POINT('',(-0.11311123483233,0.0434219314499017,0.0956679435613099));
#1111=CARTESIAN_POINT('',(-0.115638036470363,0.0448653071229146,0.0954707517941568));
#1112=CARTESIAN_POINT('',(-0.118164838108396,0.0463086827959274,0.0952735600270038));
#1113=CARTESIAN_POINT('',(-0.118201153001191,0.0491954341419284,0.0948584789031641));
#1114=CARTESIAN_POINT('',(-0.118237467893987,0.052082185487929,0.0944433977793245));
#1115=CARTESIAN_POINT('',(-0.115783296041561,0.0535255611609698,0.0938104272984331));
#1116=CARTESIAN_POINT('',(-0.113329124189135,0.0549689368340105,0.0931774568175416));
#1117=CARTESIAN_POINT('',(-0.110874952336726,0.0535255611611032,0.092544486336285));
#1118=CARTESIAN_POINT('',(-0.108420780484316,0.0520821854881957,0.0919115158550283));
#1119=CARTESIAN_POINT('',(-0.108457095377143,0.0491954341423002,0.0914964347304582));
#1120=CARTESIAN_POINT('',(-0.10849341026997,0.046308682796405,0.091081353605888));
#1121=CARTESIAN_POINT('',(-0.111020211908019,0.0448653071234696,0.0908841618383696));
#1122=CARTESIAN_POINT('',(-0.113547013546068,0.0434219314505343,0.0906869700708513));
#1123=CARTESIAN_POINT('',(-0.116073815184101,0.0448653071235472,0.0904897783036981));
#1124=CARTESIAN_POINT('',(-0.118600616822134,0.04630868279656,0.0902925865365449));
#1125=CARTESIAN_POINT('',(-0.11863693171493,0.0491954341425609,0.0898775054127054));
#1126=CARTESIAN_POINT('',(-0.118673246607725,0.0520821854885618,0.0894624242888657));
#1127=CARTESIAN_POINT('',(-0.1162190747553,0.0535255611616024,0.0888294538079743));
#1128=CARTESIAN_POINT('',(-0.113764902902874,0.0549689368346432,0.0881964833270829));
#1129=CARTESIAN_POINT('',(-0.111310731050464,0.0535255611617357,0.0875635128458262));
#1130=CARTESIAN_POINT('',(-0.108856559198054,0.0520821854888284,0.0869305423645697));
#1131=CARTESIAN_POINT('',(-0.108892874090881,0.049195434142933,0.0865154612399994));
#1132=CARTESIAN_POINT('',(-0.108929188983709,0.0463086827970374,0.0861003801154293));
#1133=CARTESIAN_POINT('',(-0.111455990621758,0.0448653071241022,0.0859031883479109));
#1134=CARTESIAN_POINT('',(-0.113982792259806,0.043421931451167,0.0857059965803926));
#1135=CARTESIAN_POINT('',(-0.116509593897839,0.0448653071241799,0.0855088048132394));
#1136=CARTESIAN_POINT('',(-0.119036395535872,0.0463086827971928,0.0853116130460863));
#1137=CARTESIAN_POINT('',(-0.119072710428668,0.0491954341431935,0.0848965319222467));
#1138=CARTESIAN_POINT('',(-0.119109025321464,0.0520821854891944,0.0844814507984071));
#1139=CARTESIAN_POINT('',(-0.116654853469038,0.0535255611622351,0.0838484803175156));
#1140=CARTESIAN_POINT('',(-0.114200681616612,0.0549689368352757,0.0832155098366242));
#1141=CARTESIAN_POINT('',(-0.111746509764202,0.0535255611623684,0.0825825393553675));
#1142=CARTESIAN_POINT('',(-0.109292337911792,0.0520821854894609,0.0819495688741108));
#1143=CARTESIAN_POINT('',(-0.10932865280462,0.0491954341435654,0.0815344877495407));
#1144=CARTESIAN_POINT('',(-0.109364967697447,0.0463086827976702,0.0811194066249705));
#1145=CARTESIAN_POINT('',(-0.111891769335496,0.0448653071247349,0.0809222148574522));
#1146=CARTESIAN_POINT('',(-0.114418570973545,0.0434219314517996,0.0807250230899337));
#1147=CARTESIAN_POINT('',(-0.116945372611578,0.0448653071248125,0.0805278313227806));
#1148=CARTESIAN_POINT('',(-0.119472174249611,0.0463086827978253,0.0803306395556276));
#1149=CARTESIAN_POINT('',(-0.119508489142406,0.0491954341438263,0.0799155584317879));
#1150=CARTESIAN_POINT('',(-0.119544804035202,0.0520821854898269,0.0795004773079482));
#1151=CARTESIAN_POINT('',(-0.117090632182776,0.0535255611628677,0.0788675068270569));
#1152=CARTESIAN_POINT('',(-0.11463646033035,0.0549689368359084,0.0782345363461655));
#1153=CARTESIAN_POINT('',(-0.112182288477941,0.0535255611630011,0.0776015658649088));
#1154=CARTESIAN_POINT('',(-0.109728116625531,0.0520821854900936,0.0769685953836522));
#1155=CARTESIAN_POINT('',(-0.109764431518358,0.0491954341441982,0.076553514259082));
#1156=CARTESIAN_POINT('',(-0.109800746411185,0.0463086827983026,0.0761384331345118));
#1157=CARTESIAN_POINT('',(-0.112327548049234,0.0448653071253675,0.0759412413669934));
#1158=CARTESIAN_POINT('',(-0.114854349687283,0.0434219314524322,0.0757440495994751));
#1159=CARTESIAN_POINT('',(-0.117381151325316,0.0448653071254452,0.075546857832322));
#1160=CARTESIAN_POINT('',(-0.119907952963349,0.0463086827984578,0.0753496660651689));
#1161=CARTESIAN_POINT('',(-0.119944267856145,0.0491954341444588,0.0749345849413292));
#1162=CARTESIAN_POINT('',(-0.11998058274894,0.0520821854904597,0.0745195038174895));
#1163=CARTESIAN_POINT('',(-0.117526410896515,0.0535255611635003,0.0738865333365981));
#1164=CARTESIAN_POINT('',(-0.115072239044089,0.0549689368365411,0.0732535628557067));
#1165=CARTESIAN_POINT('',(-0.112618067191679,0.0535255611636336,0.0726205923744501));
#1166=CARTESIAN_POINT('',(-0.110163895339269,0.0520821854907261,0.0719876218931934));
#1167=CARTESIAN_POINT('',(-0.110200210232096,0.0491954341448309,0.0715725407686232));
#1168=CARTESIAN_POINT('',(-0.110236525124924,0.0463086827989354,0.0711574596440531));
#1169=CARTESIAN_POINT('',(-0.112763326762973,0.0448653071260001,0.0709602678765347));
#1170=CARTESIAN_POINT('',(-0.115290128401021,0.0434219314530649,0.0707630761090163));
#1171=CARTESIAN_POINT('',(-0.117816930039054,0.0448653071260778,0.0705658843418632));
#1172=CARTESIAN_POINT('',(-0.120343731677087,0.0463086827990907,0.0703686925747101));
#1173=CARTESIAN_POINT('',(-0.120380046569883,0.0491954341450913,0.0699536114508705));
#1174=CARTESIAN_POINT('',(-0.120416361462679,0.0520821854910922,0.0695385303270309));
#1175=CARTESIAN_POINT('',(-0.117962189610253,0.053525561164133,0.0689055598461394));
#1176=CARTESIAN_POINT('',(-0.115508017757827,0.0549689368371737,0.068272589365248));
#1177=CARTESIAN_POINT('',(-0.113053845905417,0.0535255611642663,0.0676396188839914));
#1178=CARTESIAN_POINT('',(-0.110599674053007,0.0520821854913589,0.0670066484027346));
#1179=CARTESIAN_POINT('',(-0.110635988945835,0.0491954341454634,0.0665915672781645));
#1180=CARTESIAN_POINT('',(-0.110672303838662,0.0463086827995681,0.0661764861535944));
#1181=CARTESIAN_POINT('',(-0.113199105476711,0.0448653071266328,0.065979294386076));
#1182=CARTESIAN_POINT('',(-0.11572590711476,0.0434219314536975,0.0657821026185575));
#1183=CARTESIAN_POINT('',(-0.118252708752792,0.0448653071267103,0.0655849108514045));
#1184=CARTESIAN_POINT('',(-0.120779510390825,0.0463086827997232,0.0653877190842513));
#1185=CARTESIAN_POINT('',(-0.120815825283621,0.0491954341457241,0.0649726379604117));
#1186=CARTESIAN_POINT('',(-0.120852140176417,0.0520821854917248,0.0645575568365721));
#1187=CARTESIAN_POINT('',(-0.118397968323991,0.0535255611647656,0.0639245863556807));
#1188=CARTESIAN_POINT('',(-0.115943796471565,0.0549689368378064,0.0632916158747893));
#1189=CARTESIAN_POINT('',(-0.113489624619155,0.0535255611648989,0.0626586453935326));
#1190=CARTESIAN_POINT('',(-0.111035452766746,0.0520821854919916,0.0620256749122759));
#1191=CARTESIAN_POINT('',(-0.111071767659573,0.0491954341460961,0.0616105937877058));
#1192=CARTESIAN_POINT('',(-0.1111080825524,0.0463086828002006,0.0611955126631357));
#1193=CARTESIAN_POINT('',(-0.113634884190449,0.0448653071272654,0.0609983208956172));
#1194=CARTESIAN_POINT('',(-0.116161685828498,0.0434219314543301,0.0608011291280988));
#1195=CARTESIAN_POINT('',(-0.118688487466531,0.0448653071273431,0.0606039373609458));
#1196=CARTESIAN_POINT('',(-0.121215289104564,0.0463086828003557,0.0604067455937927));
#1197=CARTESIAN_POINT('',(-0.121251603997359,0.0491954341463567,0.059991664469953));
#1198=CARTESIAN_POINT('',(-0.121287918890155,0.0520821854923575,0.0595765833461134));
#1199=CARTESIAN_POINT('',(-0.118833747037729,0.0535255611653983,0.0589436128652219));
#1200=CARTESIAN_POINT('',(-0.116379575185304,0.0549689368384389,0.0583106423843306));
#1201=CARTESIAN_POINT('',(-0.113925403332894,0.0535255611655316,0.0576776719030739));
#1202=CARTESIAN_POINT('',(-0.111471231480484,0.0520821854926241,0.0570447014218172));
#1203=CARTESIAN_POINT('',(-0.111507546373311,0.0491954341467288,0.0566296202972471));
#1204=CARTESIAN_POINT('',(-0.111543861266139,0.0463086828008333,0.0562145391726768));
#1205=CARTESIAN_POINT('',(-0.114070662904187,0.0448653071278981,0.0560173474051585));
#1206=CARTESIAN_POINT('',(-0.116597464542236,0.0434219314549628,0.0558201556376401));
#1207=CARTESIAN_POINT('',(-0.119124266180269,0.0448653071279757,0.055622963870487));
#1208=CARTESIAN_POINT('',(-0.121651067818302,0.0463086828009885,0.0554257721033339));
#1209=CARTESIAN_POINT('',(-0.121687382711098,0.0491954341469895,0.0550106909794943));
#1210=CARTESIAN_POINT('',(-0.121723697603893,0.0520821854929901,0.0545956098556546));
#1211=CARTESIAN_POINT('',(-0.119269525751468,0.0535255611660309,0.0539626393747633));
#1212=CARTESIAN_POINT('',(-0.116815353899042,0.0549689368390716,0.0533296688938718));
#1213=CARTESIAN_POINT('',(-0.114361182046632,0.0535255611661643,0.0526966984126152));
#1214=CARTESIAN_POINT('',(-0.111907010194222,0.0520821854932568,0.0520637279313585));
#1215=CARTESIAN_POINT('',(-0.111943325087049,0.0491954341473613,0.0516486468067883));
#1216=CARTESIAN_POINT('',(-0.111979639979877,0.0463086828014661,0.0512335656822182));
#1217=CARTESIAN_POINT('',(-0.114506441617926,0.0448653071285307,0.0510363739146998));
#1218=CARTESIAN_POINT('',(-0.117033243255974,0.0434219314555954,0.0508391821471814));
#1219=CARTESIAN_POINT('',(-0.119560044894007,0.0448653071286082,0.0506419903800283));
#1220=CARTESIAN_POINT('',(-0.12208684653204,0.0463086828016211,0.0504447986128751));
#1221=CARTESIAN_POINT('',(-0.122123161424836,0.049195434147622,0.0500297174890355));
#1222=CARTESIAN_POINT('',(-0.122159476317632,0.0520821854936229,0.0496146363651959));
#1223=CARTESIAN_POINT('',(-0.119705304465206,0.0535255611666635,0.0489816658843045));
#1224=CARTESIAN_POINT('',(-0.11725113261278,0.0549689368397043,0.0483486954034131));
#1225=CARTESIAN_POINT('',(-0.11479696076037,0.0535255611667968,0.0477157249221564));
#1226=CARTESIAN_POINT('',(-0.112342788907961,0.0520821854938895,0.0470827544408998));
#1227=CARTESIAN_POINT('',(-0.112379103800788,0.0491954341479941,0.0466676733163296));
#1228=CARTESIAN_POINT('',(-0.112415418693615,0.0463086828020985,0.0462525921917594));
#1229=CARTESIAN_POINT('',(-0.114942220331664,0.0448653071291634,0.0460554004242411));
#1230=CARTESIAN_POINT('',(-0.117469021969712,0.0434219314562281,0.0458582086567227));
#1231=CARTESIAN_POINT('',(-0.119995823607746,0.044865307129241,0.0456610168895696));
#1232=CARTESIAN_POINT('',(-0.122522625245779,0.0463086828022539,0.0454638251224165));
#1233=CARTESIAN_POINT('',(-0.122558940138574,0.0491954341482545,0.0450487439985768));
#1234=CARTESIAN_POINT('',(-0.12259525503137,0.0520821854942554,0.0446336628747371));
#1235=CARTESIAN_POINT('',(-0.120141083178944,0.0535255611672962,0.0440006923938458));
#1236=CARTESIAN_POINT('',(-0.117686911326519,0.0549689368403369,0.0433677219129543));
#1237=CARTESIAN_POINT('',(-0.115232739474109,0.0535255611674295,0.0427347514316977));
#1238=CARTESIAN_POINT('',(-0.112778567621699,0.052082185494522,0.042101780950441));
#1239=CARTESIAN_POINT('',(-0.112814882514526,0.0491954341486268,0.0416866998258708));
#1240=CARTESIAN_POINT('',(-0.112851197407353,0.0463086828027313,0.0412716187013007));
#1241=CARTESIAN_POINT('',(-0.115377999045402,0.044865307129796,0.0410744269337824));
#1242=CARTESIAN_POINT('',(-0.117904800683451,0.0434219314568607,0.0408772351662639));
#1243=CARTESIAN_POINT('',(-0.120431602321484,0.0448653071298735,0.0406800433991109));
#1244=CARTESIAN_POINT('',(-0.122958403959517,0.0463086828028864,0.0404828516319577));
#1245=CARTESIAN_POINT('',(-0.122994718852313,0.0491954341488873,0.0400677705081181));
#1246=CARTESIAN_POINT('',(-0.123031033745108,0.052082185494888,0.0396526893842785));
#1247=CARTESIAN_POINT('',(-0.120576861892683,0.0535255611679288,0.039019718903387));
#1248=CARTESIAN_POINT('',(-0.118122690040257,0.0549689368409695,0.0383867484224957));
#1249=CARTESIAN_POINT('',(-0.115668518187847,0.0535255611680622,0.037753777941239));
#1250=CARTESIAN_POINT('',(-0.113214346335437,0.0520821854951547,0.0371208074599823));
#1251=CARTESIAN_POINT('',(-0.113250661228264,0.0491954341492593,0.0367057263354122));
#1252=CARTESIAN_POINT('',(-0.113286976121092,0.0463086828033638,0.036290645210842));
#1253=CARTESIAN_POINT('',(-0.11581377775914,0.0448653071304287,0.0360934534433236));
#1254=CARTESIAN_POINT('',(-0.118340579397189,0.0434219314574933,0.0358962616758052));
#1255=CARTESIAN_POINT('',(-0.120867381035222,0.0448653071305063,0.0356990699086521));
#1256=CARTESIAN_POINT('',(-0.123394182673255,0.0463086828035189,0.035501878141499));
#1257=CARTESIAN_POINT('',(-0.123430497566051,0.0491954341495199,0.0350867970176594));
#1258=CARTESIAN_POINT('',(-0.123466812458847,0.0520821854955207,0.0346717158938198));
#1259=CARTESIAN_POINT('',(-0.121012640606421,0.0535255611685614,0.0340387454129284));
#1260=CARTESIAN_POINT('',(-0.118558468753995,0.0549689368416021,0.0334057749320369));
#1261=CARTESIAN_POINT('',(-0.116104296901585,0.0535255611686947,0.0327728044507802));
#1262=CARTESIAN_POINT('',(-0.113650125049175,0.0520821854957875,0.0321398339695235));
#1263=CARTESIAN_POINT('',(-0.113686439942003,0.049195434149892,0.0317247528449534));
#1264=CARTESIAN_POINT('',(-0.11372275483483,0.0463086828039965,0.0313096717203833));
#1265=CARTESIAN_POINT('',(-0.116249556472879,0.0448653071310612,0.0311124799528649));
#1266=CARTESIAN_POINT('',(-0.118776358110927,0.0434219314581259,0.0309152881853465));
#1267=CARTESIAN_POINT('',(-0.121303159748961,0.0448653071311388,0.0307180964181933));
#1268=CARTESIAN_POINT('',(-0.123829961386994,0.0463086828041517,0.0305209046510403));
#1269=CARTESIAN_POINT('',(-0.123866276279789,0.0491954341501524,0.0301058235272007));
#1270=CARTESIAN_POINT('',(-0.123902591172585,0.0520821854961533,0.029690742403361));
#1271=CARTESIAN_POINT('',(-0.121448419320159,0.0535255611691941,0.0290577719224696));
#1272=CARTESIAN_POINT('',(-0.118994247467734,0.0549689368422348,0.0284248014415782));
#1273=CARTESIAN_POINT('',(-0.116540075615324,0.0535255611693274,0.0277918309603215));
#1274=CARTESIAN_POINT('',(-0.114085903762914,0.0520821854964199,0.0271588604790649));
#1275=CARTESIAN_POINT('',(-0.114122218655741,0.0491954341505245,0.0267437793544947));
#1276=CARTESIAN_POINT('',(-0.114158533548568,0.0463086828046292,0.0263286982299245));
#1277=CARTESIAN_POINT('',(-0.116685335186617,0.0448653071316939,0.0261315064624062));
#1278=CARTESIAN_POINT('',(-0.119212136824666,0.0434219314587586,0.0259343146948877));
#1279=CARTESIAN_POINT('',(-0.121738938462699,0.0448653071317714,0.0257371229277347));
#1280=CARTESIAN_POINT('',(-0.124265740100732,0.0463086828047843,0.0255399311605815));
#1281=CARTESIAN_POINT('',(-0.124302054993528,0.0491954341507852,0.025124850036742));
#1282=CARTESIAN_POINT('',(-0.124338369886323,0.0520821854967858,0.0247097689129023));
#1283=CARTESIAN_POINT('',(-0.121884198033898,0.0535255611698267,0.0240767984320109));
#1284=CARTESIAN_POINT('',(-0.119430026181472,0.0549689368428674,0.0234438279511195));
#1285=CARTESIAN_POINT('',(-0.116975854329062,0.05352556116996,0.0228108574698627));
#1286=CARTESIAN_POINT('',(-0.114521682476652,0.0520821854970527,0.0221778869886061));
#1287=CARTESIAN_POINT('',(-0.114557997369479,0.0491954341511572,0.021762805864036));
#1288=CARTESIAN_POINT('',(-0.114594312262307,0.0463086828052617,0.0213477247394658));
#1289=CARTESIAN_POINT('',(-0.117121113900355,0.0448653071323266,0.0211505329719474));
#1290=CARTESIAN_POINT('',(-0.119647915538404,0.0434219314593913,0.0209533412044291));
#1291=CARTESIAN_POINT('',(-0.122174717176437,0.0448653071324042,0.0207561494372759));
#1292=CARTESIAN_POINT('',(-0.12470151881447,0.0463086828054168,0.0205589576701228));
#1293=CARTESIAN_POINT('',(-0.124737833707266,0.0491954341514177,0.0201438765462832));
#1294=CARTESIAN_POINT('',(-0.124774148600061,0.0520821854974186,0.0197287954224435));
#1295=CARTESIAN_POINT('',(-0.122319976747636,0.0535255611704593,0.0190958249415521));
#1296=CARTESIAN_POINT('',(-0.11986580489521,0.0549689368435001,0.0184628544606607));
#1297=CARTESIAN_POINT('',(-0.1174116330428,0.0535255611705927,0.0178298839794041));
#1298=CARTESIAN_POINT('',(-0.11495746119039,0.0520821854976851,0.0171969134981474));
#1299=CARTESIAN_POINT('',(-0.114993776083217,0.0491954341517899,0.0167818323735772));
#1300=CARTESIAN_POINT('',(-0.115030090976045,0.0463086828058945,0.0163667512490071));
#1301=CARTESIAN_POINT('',(-0.117556892614094,0.0448653071329591,0.0161695594814887));
#1302=CARTESIAN_POINT('',(-0.120083694252142,0.0434219314600239,0.0159723677139703));
#1303=CARTESIAN_POINT('',(-0.122610495890175,0.0448653071330367,0.0157751759468172));
#1304=CARTESIAN_POINT('',(-0.125137297528208,0.0463086828060496,0.0155779841796641));
#1305=CARTESIAN_POINT('',(-0.125173612421004,0.0491954341520503,0.0151629030558245));
#1306=CARTESIAN_POINT('',(-0.1252099273138,0.0520821854980512,0.0147478219319849));
#1307=CARTESIAN_POINT('',(-0.122755755461374,0.053525561171092,0.0141148514510934));
#1308=CARTESIAN_POINT('',(-0.120301583608948,0.0549689368441326,0.013481880970202));
#1309=CARTESIAN_POINT('',(-0.117847411756538,0.0535255611712254,0.0128489104889453));
#1310=CARTESIAN_POINT('',(-0.115393239904128,0.0520821854983179,0.0122159400076887));
#1311=CARTESIAN_POINT('',(-0.115429554796956,0.0491954341524224,0.0118008588831185));
#1312=CARTESIAN_POINT('',(-0.115465869689783,0.0463086828065272,0.0113857777585484));
#1313=CARTESIAN_POINT('',(-0.117992671327832,0.0448653071335918,0.0111885859910299));
#1314=CARTESIAN_POINT('',(-0.120519472965881,0.0434219314606565,0.0109913942235116));
#1315=CARTESIAN_POINT('',(-0.123046274603914,0.0448653071336693,0.0107942024563584));
#1316=CARTESIAN_POINT('',(-0.125573076241947,0.0463086828066821,0.0105970106892054));
#1317=CARTESIAN_POINT('',(-0.125609391134742,0.0491954341526831,0.0101819295653657));
#1318=CARTESIAN_POINT('',(-0.125645706027538,0.052082185498684,0.00976684844152609));
#1319=CARTESIAN_POINT('',(-0.123191534175112,0.0535255611717246,0.00913387796063468));
#1320=CARTESIAN_POINT('',(-0.120737362322687,0.0549689368447653,0.00850090747974323));
#1321=CARTESIAN_POINT('',(-0.118283190470277,0.0535255611718579,0.00786793699848663));
#1322=CARTESIAN_POINT('',(-0.115829018617867,0.0520821854989507,0.00723496651722998));
#1323=CARTESIAN_POINT('',(-0.115865333510694,0.0491954341530552,0.00681988539265978));
#1324=CARTESIAN_POINT('',(-0.115901648403521,0.0463086828071597,0.00640480426808962));
#1325=CARTESIAN_POINT('',(-0.11842845004157,0.0448653071342245,0.00620761250057121));
#1326=CARTESIAN_POINT('',(-0.120955251679619,0.0434219314612891,0.00601042073305286));
#1327=CARTESIAN_POINT('',(-0.123482053317652,0.044865307134302,0.00581322896589976));
#1328=CARTESIAN_POINT('',(-0.126008854955685,0.0463086828073147,0.00561603719874664));
#1329=CARTESIAN_POINT('',(-0.126045169848481,0.0491954341533156,0.005200956074907));
#1330=CARTESIAN_POINT('',(-0.126081484741276,0.0520821854993166,0.00478587495106735));
#1331=CARTESIAN_POINT('',(-0.123627312888851,0.0535255611723573,0.00415290447017593));
#1332=CARTESIAN_POINT('',(-0.121173141036425,0.054968936845398,0.00351993398928456));
#1333=CARTESIAN_POINT('',(-0.118718969184015,0.0535255611724906,0.0028869635080279));
#1334=CARTESIAN_POINT('',(-0.116264797331605,0.0520821854995831,0.00225399302677122));
#1335=CARTESIAN_POINT('',(-0.116301112224432,0.0491954341536879,0.00183891190220105));
#1336=CARTESIAN_POINT('',(-0.125063596950644,0.0462749528585992,0.00561698949232276));
#1337=CARTESIAN_POINT('',(-0.121020618486648,0.0491954341532803,0.00526327471021458));
#1338=CARTESIAN_POINT('',(-0.116039644996189,0.0491954341533079,0.00482749599647629));
#1339=CARTESIAN_POINT('',(-0.0811773478971262,0.049195434102697,0.403305375233175));
#1340=CARTESIAN_POINT('',(-0.0812136627899537,0.0463086827568016,0.402890294108604));
#1341=CARTESIAN_POINT('',(-0.0837404644280025,0.0448653070838664,0.402693102341086));
#1342=CARTESIAN_POINT('',(-0.0862672660660514,0.0434219314109313,0.402495910573568));
#1343=CARTESIAN_POINT('',(-0.0887940677040843,0.0448653070839442,0.402298718806414));
#1344=CARTESIAN_POINT('',(-0.0913208693421172,0.0463086827569572,0.402101527039262));
#1345=CARTESIAN_POINT('',(-0.0913571842349128,0.0491954341029581,0.401686445915422));
#1346=CARTESIAN_POINT('',(-0.0913934991277083,0.0520821854489589,0.401271364791582));
#1347=CARTESIAN_POINT('',(-0.0889393272752826,0.0535255611219995,0.40063839431069));
#1348=CARTESIAN_POINT('',(-0.0864851554228567,0.0549689367950401,0.400005423829799));
#1349=CARTESIAN_POINT('',(-0.0840309835704469,0.0535255611221326,0.399372453348542));
#1350=CARTESIAN_POINT('',(-0.081576811718037,0.0520821854492251,0.398739482867286));
#1351=CARTESIAN_POINT('',(-0.0816131266108645,0.0491954341033297,0.398324401742716));
#1352=CARTESIAN_POINT('',(-0.0816494415036919,0.0463086827574342,0.397909320618146));
#1353=CARTESIAN_POINT('',(-0.0841762431417408,0.0448653070844991,0.397712128850628));
#1354=CARTESIAN_POINT('',(-0.0867030447797896,0.0434219314115639,0.397514937083109));
#1355=CARTESIAN_POINT('',(-0.0892298464178226,0.0448653070845769,0.397317745315956));
#1356=CARTESIAN_POINT('',(-0.0917566480558555,0.0463086827575899,0.397120553548802));
#1357=CARTESIAN_POINT('',(-0.0917929629486511,0.0491954341035907,0.396705472424963));
#1358=CARTESIAN_POINT('',(-0.0918292778414467,0.0520821854495916,0.396290391301123));
#1359=CARTESIAN_POINT('',(-0.0893751059890208,0.0535255611226322,0.395657420820232));
#1360=CARTESIAN_POINT('',(-0.086920934136595,0.0549689367956727,0.395024450339341));
#1361=CARTESIAN_POINT('',(-0.0844667622841852,0.0535255611227652,0.394391479858084));
#1362=CARTESIAN_POINT('',(-0.0820125904317753,0.0520821854498577,0.393758509376827));
#1363=CARTESIAN_POINT('',(-0.0820489053246028,0.0491954341039623,0.393343428252257));
#1364=CARTESIAN_POINT('',(-0.0820852202174302,0.0463086827580669,0.392928347127687));
#1365=CARTESIAN_POINT('',(-0.0846120218554791,0.0448653070851317,0.392731155360169));
#1366=CARTESIAN_POINT('',(-0.0871388234935279,0.0434219314121966,0.39253396359265));
#1367=CARTESIAN_POINT('',(-0.0896656251315609,0.0448653070852095,0.392336771825497));
#1368=CARTESIAN_POINT('',(-0.0921924267695938,0.0463086827582225,0.392139580058344));
#1369=CARTESIAN_POINT('',(-0.0922287416623894,0.0491954341042233,0.391724498934504));
#1370=CARTESIAN_POINT('',(-0.0922650565551849,0.0520821854502242,0.391309417810665));
#1371=CARTESIAN_POINT('',(-0.0898108847027591,0.0535255611232648,0.390676447329773));
#1372=CARTESIAN_POINT('',(-0.0873567128503333,0.0549689367963054,0.390043476848882));
#1373=CARTESIAN_POINT('',(-0.0849025409979235,0.0535255611233979,0.389410506367625));
#1374=CARTESIAN_POINT('',(-0.0824483691455136,0.0520821854504903,0.388777535886369));
#1375=CARTESIAN_POINT('',(-0.0824846840383411,0.0491954341045949,0.388362454761799));
#1376=CARTESIAN_POINT('',(-0.0825209989311685,0.0463086827586995,0.387947373637228));
#1377=CARTESIAN_POINT('',(-0.0850478005692174,0.0448653070857643,0.38775018186971));
#1378=CARTESIAN_POINT('',(-0.0875746022072662,0.0434219314128292,0.387552990102191));
#1379=CARTESIAN_POINT('',(-0.0901014038452992,0.0448653070858422,0.387355798335038));
#1380=CARTESIAN_POINT('',(-0.092628205483332,0.0463086827588551,0.387158606567885));
#1381=CARTESIAN_POINT('',(-0.0926645203761277,0.049195434104856,0.386743525444045));
#1382=CARTESIAN_POINT('',(-0.0927008352689232,0.0520821854508568,0.386328444320206));
#1383=CARTESIAN_POINT('',(-0.0902466634164974,0.0535255611238974,0.385695473839315));
#1384=CARTESIAN_POINT('',(-0.0877924915640717,0.0549689367969381,0.385062503358423));
#1385=CARTESIAN_POINT('',(-0.0853383197116618,0.0535255611240305,0.384429532877167));
#1386=CARTESIAN_POINT('',(-0.0828841478592518,0.052082185451123,0.38379656239591));
#1387=CARTESIAN_POINT('',(-0.0829204627520794,0.0491954341052276,0.38338148127134));
#1388=CARTESIAN_POINT('',(-0.0829567776449068,0.0463086827593321,0.382966400146769));
#1389=CARTESIAN_POINT('',(-0.0854835792829557,0.044865307086397,0.382769208379251));
#1390=CARTESIAN_POINT('',(-0.0880103809210045,0.0434219314134618,0.382572016611733));
#1391=CARTESIAN_POINT('',(-0.0905371825590374,0.0448653070864748,0.38237482484458));
#1392=CARTESIAN_POINT('',(-0.0930639841970704,0.0463086827594877,0.382177633077427));
#1393=CARTESIAN_POINT('',(-0.093100299089866,0.0491954341054886,0.381762551953587));
#1394=CARTESIAN_POINT('',(-0.0931366139826616,0.0520821854514895,0.381347470829747));
#1395=CARTESIAN_POINT('',(-0.0906824421302357,0.0535255611245301,0.380714500348856));
#1396=CARTESIAN_POINT('',(-0.0882282702778099,0.0549689367975706,0.380081529867964));
#1397=CARTESIAN_POINT('',(-0.0857740984254,0.0535255611246631,0.379448559386708));
#1398=CARTESIAN_POINT('',(-0.0833199265729902,0.0520821854517556,0.378815588905451));
#1399=CARTESIAN_POINT('',(-0.0833562414658177,0.0491954341058602,0.378400507780881));
#1400=CARTESIAN_POINT('',(-0.0833925563586451,0.0463086827599648,0.377985426656311));
#1401=CARTESIAN_POINT('',(-0.085919357996694,0.0448653070870296,0.377788234888792));
#1402=CARTESIAN_POINT('',(-0.0884461596347428,0.0434219314140944,0.377591043121274));
#1403=CARTESIAN_POINT('',(-0.0909729612727757,0.0448653070871075,0.377393851354121));
#1404=CARTESIAN_POINT('',(-0.0934997629108087,0.0463086827601204,0.377196659586968));
#1405=CARTESIAN_POINT('',(-0.0935360778036042,0.0491954341061212,0.376781578463128));
#1406=CARTESIAN_POINT('',(-0.0935723926963998,0.0520821854521221,0.376366497339288));
#1407=CARTESIAN_POINT('',(-0.091118220843974,0.0535255611251627,0.375733526858397));
#1408=CARTESIAN_POINT('',(-0.0886640489915482,0.0549689367982033,0.375100556377506));
#1409=CARTESIAN_POINT('',(-0.0862098771391384,0.0535255611252958,0.374467585896249));
#1410=CARTESIAN_POINT('',(-0.0837557052867285,0.0520821854523883,0.373834615414992));
#1411=CARTESIAN_POINT('',(-0.0837920201795559,0.0491954341064928,0.373419534290422));
#1412=CARTESIAN_POINT('',(-0.0838283350723834,0.0463086827605975,0.373004453165852));
#1413=CARTESIAN_POINT('',(-0.0863551367104323,0.0448653070876623,0.372807261398333));
#1414=CARTESIAN_POINT('',(-0.088881938348481,0.0434219314147271,0.372610069630815));
#1415=CARTESIAN_POINT('',(-0.091408739986514,0.0448653070877401,0.372412877863662));
#1416=CARTESIAN_POINT('',(-0.0939355416245469,0.0463086827607531,0.372215686096509));
#1417=CARTESIAN_POINT('',(-0.0939718565173425,0.0491954341067539,0.371800604972669));
#1418=CARTESIAN_POINT('',(-0.0940081714101381,0.0520821854527547,0.37138552384883));
#1419=CARTESIAN_POINT('',(-0.0915539995577123,0.0535255611257953,0.370752553367938));
#1420=CARTESIAN_POINT('',(-0.0890998277052865,0.0549689367988359,0.370119582887047));
#1421=CARTESIAN_POINT('',(-0.0866456558528767,0.0535255611259284,0.369486612405791));
#1422=CARTESIAN_POINT('',(-0.0841914840004667,0.052082185453021,0.368853641924534));
#1423=CARTESIAN_POINT('',(-0.0842277988932942,0.0491954341071255,0.368438560799964));
#1424=CARTESIAN_POINT('',(-0.0842641137861216,0.0463086827612301,0.368023479675393));
#1425=CARTESIAN_POINT('',(-0.0867909154241705,0.0448653070882949,0.367826287907875));
#1426=CARTESIAN_POINT('',(-0.0893177170622194,0.0434219314153598,0.367629096140356));
#1427=CARTESIAN_POINT('',(-0.0918445187002523,0.0448653070883727,0.367431904373203));
#1428=CARTESIAN_POINT('',(-0.0943713203382852,0.0463086827613857,0.36723471260605));
#1429=CARTESIAN_POINT('',(-0.0944076352310808,0.0491954341073865,0.36681963148221));
#1430=CARTESIAN_POINT('',(-0.0944439501238763,0.0520821854533873,0.366404550358371));
#1431=CARTESIAN_POINT('',(-0.0919897782714506,0.053525561126428,0.365771579877479));
#1432=CARTESIAN_POINT('',(-0.0895356064190247,0.0549689367994686,0.365138609396588));
#1433=CARTESIAN_POINT('',(-0.087081434566615,0.0535255611265611,0.364505638915331));
#1434=CARTESIAN_POINT('',(-0.084627262714205,0.0520821854536535,0.363872668434075));
#1435=CARTESIAN_POINT('',(-0.0846635776070325,0.0491954341077581,0.363457587309505));
#1436=CARTESIAN_POINT('',(-0.08469989249986,0.0463086827618627,0.363042506184934));
#1437=CARTESIAN_POINT('',(-0.0872266941379088,0.0448653070889276,0.362845314417416));
#1438=CARTESIAN_POINT('',(-0.0897534957759576,0.0434219314159924,0.362648122649898));
#1439=CARTESIAN_POINT('',(-0.0922802974139906,0.0448653070890054,0.362450930882744));
#1440=CARTESIAN_POINT('',(-0.0948070990520234,0.0463086827620183,0.362253739115592));
#1441=CARTESIAN_POINT('',(-0.0948434139448191,0.0491954341080192,0.361838657991752));
#1442=CARTESIAN_POINT('',(-0.0948797288376146,0.05208218545402,0.361423576867912));
#1443=CARTESIAN_POINT('',(-0.0924255569851889,0.0535255611270606,0.360790606387021));
#1444=CARTESIAN_POINT('',(-0.0899713851327631,0.0549689368001011,0.360157635906129));
#1445=CARTESIAN_POINT('',(-0.0875172132803532,0.0535255611271937,0.359524665424873));
#1446=CARTESIAN_POINT('',(-0.0850630414279434,0.0520821854542862,0.358891694943616));
#1447=CARTESIAN_POINT('',(-0.0850993563207708,0.0491954341083908,0.358476613819046));
#1448=CARTESIAN_POINT('',(-0.0851356712135982,0.0463086827624953,0.358061532694476));
#1449=CARTESIAN_POINT('',(-0.0876624728516471,0.0448653070895602,0.357864340926958));
#1450=CARTESIAN_POINT('',(-0.0901892744896959,0.043421931416625,0.357667149159439));
#1451=CARTESIAN_POINT('',(-0.0927160761277289,0.044865307089638,0.357469957392286));
#1452=CARTESIAN_POINT('',(-0.0952428777657618,0.0463086827626509,0.357272765625133));
#1453=CARTESIAN_POINT('',(-0.0952791926585574,0.0491954341086518,0.356857684501294));
#1454=CARTESIAN_POINT('',(-0.095315507551353,0.0520821854546525,0.356442603377454));
#1455=CARTESIAN_POINT('',(-0.0928613356989272,0.0535255611276932,0.355809632896562));
#1456=CARTESIAN_POINT('',(-0.0904071638465014,0.0549689368007338,0.355176662415671));
#1457=CARTESIAN_POINT('',(-0.0879529919940915,0.0535255611278263,0.354543691934414));
#1458=CARTESIAN_POINT('',(-0.0854988201416817,0.0520821854549188,0.353910721453157));
#1459=CARTESIAN_POINT('',(-0.0855351350345091,0.0491954341090234,0.353495640328587));
#1460=CARTESIAN_POINT('',(-0.0855714499273365,0.046308682763128,0.353080559204017));
#1461=CARTESIAN_POINT('',(-0.0880982515653854,0.0448653070901928,0.352883367436499));
#1462=CARTESIAN_POINT('',(-0.0906250532034342,0.0434219314172576,0.35268617566898));
#1463=CARTESIAN_POINT('',(-0.0931518548414672,0.0448653070902706,0.352488983901827));
#1464=CARTESIAN_POINT('',(-0.0956786564795001,0.0463086827632836,0.352291792134674));
#1465=CARTESIAN_POINT('',(-0.0957149713722957,0.0491954341092844,0.351876711010835));
#1466=CARTESIAN_POINT('',(-0.0957512862650913,0.0520821854552852,0.351461629886995));
#1467=CARTESIAN_POINT('',(-0.0932971144126655,0.0535255611283259,0.350828659406103));
#1468=CARTESIAN_POINT('',(-0.0908429425602396,0.0549689368013665,0.350195688925212));
#1469=CARTESIAN_POINT('',(-0.0883887707078298,0.053525561128459,0.349562718443955));
#1470=CARTESIAN_POINT('',(-0.0859345988554199,0.0520821854555515,0.348929747962699));
#1471=CARTESIAN_POINT('',(-0.0859709137482474,0.0491954341096561,0.348514666838128));
#1472=CARTESIAN_POINT('',(-0.0860072286410748,0.0463086827637606,0.348099585713558));
#1473=CARTESIAN_POINT('',(-0.0885340302791237,0.0448653070908255,0.34790239394604));
#1474=CARTESIAN_POINT('',(-0.0910608319171726,0.0434219314178903,0.347705202178521));
#1475=CARTESIAN_POINT('',(-0.0935876335552055,0.0448653070909033,0.347508010411368));
#1476=CARTESIAN_POINT('',(-0.0961144351932383,0.0463086827639162,0.347310818644215));
#1477=CARTESIAN_POINT('',(-0.096150750086034,0.0491954341099171,0.346895737520376));
#1478=CARTESIAN_POINT('',(-0.0961870649788295,0.0520821854559179,0.346480656396536));
#1479=CARTESIAN_POINT('',(-0.0937328931264038,0.0535255611289585,0.345847685915645));
#1480=CARTESIAN_POINT('',(-0.0912787212739779,0.0549689368019991,0.345214715434753));
#1481=CARTESIAN_POINT('',(-0.0888245494215681,0.0535255611290916,0.344581744953497));
#1482=CARTESIAN_POINT('',(-0.0863703775691582,0.052082185456184,0.34394877447224));
#1483=CARTESIAN_POINT('',(-0.0864066924619857,0.0491954341102887,0.34353369334767));
#1484=CARTESIAN_POINT('',(-0.0864430073548131,0.0463086827643933,0.343118612223099));
#1485=CARTESIAN_POINT('',(-0.088969808992862,0.0448653070914581,0.342921420455581));
#1486=CARTESIAN_POINT('',(-0.0914966106309108,0.0434219314185229,0.342724228688063));
#1487=CARTESIAN_POINT('',(-0.0940234122689438,0.0448653070915359,0.34252703692091));
#1488=CARTESIAN_POINT('',(-0.0965502139069767,0.0463086827645488,0.342329845153757));
#1489=CARTESIAN_POINT('',(-0.0965865287997723,0.0491954341105497,0.341914764029917));
#1490=CARTESIAN_POINT('',(-0.0966228436925678,0.0520821854565505,0.341499682906077));
#1491=CARTESIAN_POINT('',(-0.0941686718401421,0.0535255611295912,0.340866712425186));
#1492=CARTESIAN_POINT('',(-0.0917144999877163,0.0549689368026318,0.340233741944294));
#1493=CARTESIAN_POINT('',(-0.0892603281353064,0.0535255611297242,0.339600771463038));
#1494=CARTESIAN_POINT('',(-0.0868061562828965,0.0520821854568168,0.338967800981781));
#1495=CARTESIAN_POINT('',(-0.086842471175724,0.0491954341109213,0.338552719857211));
#1496=CARTESIAN_POINT('',(-0.0868787860685514,0.0463086827650259,0.338137638732641));
#1497=CARTESIAN_POINT('',(-0.0894055877066003,0.0448653070920908,0.337940446965122));
#1498=CARTESIAN_POINT('',(-0.091932389344649,0.0434219314191556,0.337743255197604));
#1499=CARTESIAN_POINT('',(-0.094459190982682,0.0448653070921685,0.337546063430451));
#1500=CARTESIAN_POINT('',(-0.096985992620715,0.0463086827651814,0.337348871663298));
#1501=CARTESIAN_POINT('',(-0.0970223075135106,0.0491954341111823,0.336933790539458));
#1502=CARTESIAN_POINT('',(-0.0970586224063062,0.0520821854571832,0.336518709415619));
#1503=CARTESIAN_POINT('',(-0.0946044505538804,0.0535255611302238,0.335885738934728));
#1504=CARTESIAN_POINT('',(-0.0921502787014546,0.0549689368032643,0.335252768453836));
#1505=CARTESIAN_POINT('',(-0.0896961068490447,0.0535255611303569,0.334619797972579));
#1506=CARTESIAN_POINT('',(-0.0872419349966348,0.0520821854574493,0.333986827491322));
#1507=CARTESIAN_POINT('',(-0.0872782498894622,0.0491954341115539,0.333571746366753));
#1508=CARTESIAN_POINT('',(-0.0873145647822897,0.0463086827656586,0.333156665242182));
#1509=CARTESIAN_POINT('',(-0.0898413664203385,0.0448653070927234,0.332959473474664));
#1510=CARTESIAN_POINT('',(-0.0923681680583873,0.0434219314197882,0.332762281707146));
#1511=CARTESIAN_POINT('',(-0.0948949696964203,0.0448653070928011,0.332565089939992));
#1512=CARTESIAN_POINT('',(-0.0974217713344533,0.0463086827658141,0.332367898172839));
#1513=CARTESIAN_POINT('',(-0.0974580862272489,0.0491954341118149,0.331952817049));
#1514=CARTESIAN_POINT('',(-0.0974944011200444,0.0520821854578157,0.33153773592516));
#1515=CARTESIAN_POINT('',(-0.0950402292676186,0.0535255611308564,0.330904765444269));
#1516=CARTESIAN_POINT('',(-0.0925860574151928,0.054968936803897,0.330271794963377));
#1517=CARTESIAN_POINT('',(-0.090131885562783,0.0535255611309895,0.329638824482121));
#1518=CARTESIAN_POINT('',(-0.0876777137103731,0.052082185458082,0.329005854000864));
#1519=CARTESIAN_POINT('',(-0.0877140286032005,0.0491954341121866,0.328590772876293));
#1520=CARTESIAN_POINT('',(-0.087750343496028,0.0463086827662912,0.328175691751724));
#1521=CARTESIAN_POINT('',(-0.0902771451340769,0.044865307093356,0.327978499984205));
#1522=CARTESIAN_POINT('',(-0.0928039467721257,0.0434219314204208,0.327781308216686));
#1523=CARTESIAN_POINT('',(-0.0953307484101586,0.0448653070934338,0.327584116449534));
#1524=CARTESIAN_POINT('',(-0.0978575500481915,0.0463086827664467,0.32738692468238));
#1525=CARTESIAN_POINT('',(-0.0978938649409872,0.0491954341124476,0.326971843558541));
#1526=CARTESIAN_POINT('',(-0.0979301798337827,0.0520821854584485,0.326556762434701));
#1527=CARTESIAN_POINT('',(-0.095476007981357,0.053525561131489,0.32592379195381));
#1528=CARTESIAN_POINT('',(-0.0930218361289311,0.0549689368045296,0.325290821472918));
#1529=CARTESIAN_POINT('',(-0.0905676642765213,0.0535255611316222,0.324657850991662));
#1530=CARTESIAN_POINT('',(-0.0881134924241114,0.0520821854587147,0.324024880510405));
#1531=CARTESIAN_POINT('',(-0.0881498073169388,0.0491954341128192,0.323609799385835));
#1532=CARTESIAN_POINT('',(-0.0881861222097663,0.0463086827669238,0.323194718261264));
#1533=CARTESIAN_POINT('',(-0.0907129238478151,0.0448653070939887,0.322997526493746));
#1534=CARTESIAN_POINT('',(-0.093239725485864,0.0434219314210535,0.322800334726228));
#1535=CARTESIAN_POINT('',(-0.0957665271238969,0.0448653070940664,0.322603142959075));
#1536=CARTESIAN_POINT('',(-0.0982933287619297,0.0463086827670793,0.322405951191922));
#1537=CARTESIAN_POINT('',(-0.0983296436547254,0.0491954341130802,0.321990870068082));
#1538=CARTESIAN_POINT('',(-0.098365958547521,0.052082185459081,0.321575788944242));
#1539=CARTESIAN_POINT('',(-0.0959117866950952,0.0535255611321217,0.320942818463351));
#1540=CARTESIAN_POINT('',(-0.0934576148426694,0.0549689368051623,0.32030984798246));
#1541=CARTESIAN_POINT('',(-0.0910034429902596,0.0535255611322548,0.319676877501203));
#1542=CARTESIAN_POINT('',(-0.0885492711378496,0.0520821854593473,0.319043907019946));
#1543=CARTESIAN_POINT('',(-0.0885855860306771,0.0491954341134519,0.318628825895376));
#1544=CARTESIAN_POINT('',(-0.0886219009235046,0.0463086827675564,0.318213744770806));
#1545=CARTESIAN_POINT('',(-0.0911487025615534,0.0448653070946213,0.318016553003287));
#1546=CARTESIAN_POINT('',(-0.0936755041996022,0.0434219314216861,0.317819361235769));
#1547=CARTESIAN_POINT('',(-0.0962023058376352,0.044865307094699,0.317622169468616));
#1548=CARTESIAN_POINT('',(-0.0987291074756681,0.046308682767712,0.317424977701463));
#1549=CARTESIAN_POINT('',(-0.0987654223684637,0.0491954341137129,0.317009896577624));
#1550=CARTESIAN_POINT('',(-0.0988017372612594,0.0520821854597136,0.316594815453784));
#1551=CARTESIAN_POINT('',(-0.0963475654088335,0.0535255611327543,0.315961844972892));
#1552=CARTESIAN_POINT('',(-0.0938933935564078,0.054968936805795,0.315328874492001));
#1553=CARTESIAN_POINT('',(-0.0914392217039978,0.0535255611328874,0.314695904010745));
#1554=CARTESIAN_POINT('',(-0.088985049851588,0.0520821854599799,0.314062933529488));
#1555=CARTESIAN_POINT('',(-0.0890213647444154,0.0491954341140846,0.313647852404917));
#1556=CARTESIAN_POINT('',(-0.0890576796372428,0.0463086827681891,0.313232771280347));
#1557=CARTESIAN_POINT('',(-0.0915844812752917,0.044865307095254,0.313035579512829));
#1558=CARTESIAN_POINT('',(-0.0941112829133405,0.0434219314223187,0.312838387745311));
#1559=CARTESIAN_POINT('',(-0.0966380845513735,0.0448653070953317,0.312641195978157));
#1560=CARTESIAN_POINT('',(-0.0991648861894064,0.0463086827683446,0.312444004211004));
#1561=CARTESIAN_POINT('',(-0.099201201082202,0.0491954341143455,0.312028923087165));
#1562=CARTESIAN_POINT('',(-0.0992375159749976,0.0520821854603464,0.311613841963325));
#1563=CARTESIAN_POINT('',(-0.0967833441225718,0.053525561133387,0.310980871482433));
#1564=CARTESIAN_POINT('',(-0.094329172270146,0.0549689368064275,0.310347901001542));
#1565=CARTESIAN_POINT('',(-0.0918750004177362,0.0535255611335201,0.309714930520285));
#1566=CARTESIAN_POINT('',(-0.0894208285653263,0.0520821854606125,0.309081960039029));
#1567=CARTESIAN_POINT('',(-0.0894571434581537,0.0491954341147172,0.308666878914458));
#1568=CARTESIAN_POINT('',(-0.0894934583509811,0.0463086827688218,0.308251797789889));
#1569=CARTESIAN_POINT('',(-0.0920202599890299,0.0448653070958866,0.30805460602237));
#1570=CARTESIAN_POINT('',(-0.0945470616270787,0.0434219314229514,0.307857414254852));
#1571=CARTESIAN_POINT('',(-0.0970738632651118,0.0448653070959643,0.307660222487698));
#1572=CARTESIAN_POINT('',(-0.0996006649031447,0.0463086827689772,0.307463030720545));
#1573=CARTESIAN_POINT('',(-0.0996369797959403,0.0491954341149781,0.307047949596706));
#1574=CARTESIAN_POINT('',(-0.0996732946887359,0.0520821854609789,0.306632868472866));
#1575=CARTESIAN_POINT('',(-0.0972191228363101,0.0535255611340196,0.305999897991975));
#1576=CARTESIAN_POINT('',(-0.0947649509838843,0.0549689368070602,0.305366927511083));
#1577=CARTESIAN_POINT('',(-0.0923107791314744,0.0535255611341527,0.304733957029827));
#1578=CARTESIAN_POINT('',(-0.0898566072790645,0.0520821854612452,0.30410098654857));
#1579=CARTESIAN_POINT('',(-0.089892922171892,0.0491954341153498,0.303685905424));
#1580=CARTESIAN_POINT('',(-0.0899292370647195,0.0463086827694544,0.30327082429943));
#1581=CARTESIAN_POINT('',(-0.0924560387027683,0.0448653070965192,0.303073632531911));
#1582=CARTESIAN_POINT('',(-0.0949828403408171,0.043421931423584,0.302876440764393));
#1583=CARTESIAN_POINT('',(-0.0975096419788501,0.044865307096597,0.30267924899724));
#1584=CARTESIAN_POINT('',(-0.100036443616883,0.0463086827696099,0.302482057230087));
#1585=CARTESIAN_POINT('',(-0.100072758509679,0.0491954341156107,0.302066976106247));
#1586=CARTESIAN_POINT('',(-0.100109073402474,0.0520821854616115,0.301651894982407));
#1587=CARTESIAN_POINT('',(-0.0976549015500484,0.0535255611346522,0.301018924501516));
#1588=CARTESIAN_POINT('',(-0.0952007296976227,0.0549689368076928,0.300385954020625));
#1589=CARTESIAN_POINT('',(-0.0927465578452127,0.0535255611347853,0.299752983539368));
#1590=CARTESIAN_POINT('',(-0.0902923859928028,0.0520821854618779,0.299120013058111));
#1591=CARTESIAN_POINT('',(-0.0903287008856303,0.0491954341159825,0.298704931933542));
#1592=CARTESIAN_POINT('',(-0.0903650157784577,0.046308682770087,0.298289850808971));
#1593=CARTESIAN_POINT('',(-0.0928918174165065,0.0448653070971518,0.298092659041452));
#1594=CARTESIAN_POINT('',(-0.0954186190545554,0.0434219314242167,0.297895467273934));
#1595=CARTESIAN_POINT('',(-0.0979454206925883,0.0448653070972296,0.297698275506781));
#1596=CARTESIAN_POINT('',(-0.100472222330621,0.0463086827702424,0.297501083739628));
#1597=CARTESIAN_POINT('',(-0.100508537223417,0.0491954341162434,0.297086002615788));
#1598=CARTESIAN_POINT('',(-0.100544852116212,0.0520821854622442,0.296670921491949));
#1599=CARTESIAN_POINT('',(-0.0980906802637867,0.0535255611352849,0.296037951011058));
#1600=CARTESIAN_POINT('',(-0.0956365084113609,0.0549689368083255,0.295404980530166));
#1601=CARTESIAN_POINT('',(-0.0931823365589511,0.053525561135418,0.294772010048909));
#1602=CARTESIAN_POINT('',(-0.0907281647065412,0.0520821854625104,0.294139039567653));
#1603=CARTESIAN_POINT('',(-0.0907644795993686,0.0491954341166151,0.293723958443083));
#1604=CARTESIAN_POINT('',(-0.090800794492196,0.0463086827707196,0.293308877318512));
#1605=CARTESIAN_POINT('',(-0.0933275961302449,0.0448653070977845,0.293111685550994));
#1606=CARTESIAN_POINT('',(-0.0958543977682936,0.0434219314248493,0.292914493783476));
#1607=CARTESIAN_POINT('',(-0.0983811994063267,0.0448653070978623,0.292717302016323));
#1608=CARTESIAN_POINT('',(-0.100908001044359,0.0463086827708751,0.292520110249169));
#1609=CARTESIAN_POINT('',(-0.100944315937155,0.0491954341168761,0.29210502912533));
#1610=CARTESIAN_POINT('',(-0.100980630829951,0.0520821854628769,0.29168994800149));
#1611=CARTESIAN_POINT('',(-0.098526458977525,0.0535255611359175,0.291056977520599));
#1612=CARTESIAN_POINT('',(-0.0960722871250992,0.0549689368089582,0.290424007039707));
#1613=CARTESIAN_POINT('',(-0.0936181152726893,0.0535255611360506,0.289791036558451));
#1614=CARTESIAN_POINT('',(-0.0911639434202795,0.0520821854631432,0.289158066077194));
#1615=CARTESIAN_POINT('',(-0.0912002583131069,0.0491954341172477,0.288742984952624));
#1616=CARTESIAN_POINT('',(-0.0912365732059342,0.0463086827713523,0.288327903828054));
#1617=CARTESIAN_POINT('',(-0.0937633748439832,0.0448653070984171,0.288130712060536));
#1618=CARTESIAN_POINT('',(-0.0962901764820319,0.0434219314254819,0.287933520293017));
#1619=CARTESIAN_POINT('',(-0.0988169781200649,0.0448653070984949,0.287736328525864));
#1620=CARTESIAN_POINT('',(-0.101343779758098,0.0463086827715078,0.287539136758711));
#1621=CARTESIAN_POINT('',(-0.101380094650893,0.0491954341175086,0.287124055634871));
#1622=CARTESIAN_POINT('',(-0.101416409543689,0.0520821854635096,0.286708974511032));
#1623=CARTESIAN_POINT('',(-0.0989622376912633,0.0535255611365501,0.28607600403014));
#1624=CARTESIAN_POINT('',(-0.0965080658388375,0.0549689368095907,0.285443033549248));
#1625=CARTESIAN_POINT('',(-0.0940538939864276,0.0535255611366833,0.284810063067992));
#1626=CARTESIAN_POINT('',(-0.0915997221340177,0.0520821854637758,0.284177092586735));
#1627=CARTESIAN_POINT('',(-0.0916360370268452,0.0491954341178803,0.283762011462165));
#1628=CARTESIAN_POINT('',(-0.0916723519196725,0.0463086827719849,0.283346930337595));
#1629=CARTESIAN_POINT('',(-0.0941991535577214,0.0448653070990498,0.283149738570076));
#1630=CARTESIAN_POINT('',(-0.0967259551957703,0.0434219314261146,0.282952546802558));
#1631=CARTESIAN_POINT('',(-0.0992527568338032,0.0448653070991275,0.282755355035405));
#1632=CARTESIAN_POINT('',(-0.101779558471836,0.0463086827721405,0.282558163268252));
#1633=CARTESIAN_POINT('',(-0.101815873364632,0.0491954341181413,0.282143082144412));
#1634=CARTESIAN_POINT('',(-0.101852188257427,0.0520821854641421,0.281728001020572));
#1635=CARTESIAN_POINT('',(-0.0993980164050016,0.0535255611371828,0.281095030539681));
#1636=CARTESIAN_POINT('',(-0.0969438445525759,0.0549689368102234,0.28046206005879));
#1637=CARTESIAN_POINT('',(-0.0944896727001659,0.0535255611373159,0.279829089577533));
#1638=CARTESIAN_POINT('',(-0.092035500847756,0.0520821854644084,0.279196119096276));
#1639=CARTESIAN_POINT('',(-0.0920718157405834,0.0491954341185131,0.278781037971707));
#1640=CARTESIAN_POINT('',(-0.0921081306334109,0.0463086827726175,0.278365956847136));
#1641=CARTESIAN_POINT('',(-0.0946349322714597,0.0448653070996824,0.278168765079618));
#1642=CARTESIAN_POINT('',(-0.0971617339095086,0.0434219314267472,0.277971573312099));
#1643=CARTESIAN_POINT('',(-0.0996885355475415,0.0448653070997602,0.277774381544946));
#1644=CARTESIAN_POINT('',(-0.102215337185574,0.046308682772773,0.277577189777793));
#1645=CARTESIAN_POINT('',(-0.10225165207837,0.049195434118774,0.277162108653954));
#1646=CARTESIAN_POINT('',(-0.102287966971166,0.0520821854647748,0.276747027530114));
#1647=CARTESIAN_POINT('',(-0.0998337951187398,0.0535255611378154,0.276114057049223));
#1648=CARTESIAN_POINT('',(-0.0973796232663141,0.054968936810856,0.275481086568331));
#1649=CARTESIAN_POINT('',(-0.0949254514139042,0.0535255611379486,0.274848116087074));
#1650=CARTESIAN_POINT('',(-0.0924712795614943,0.052082185465041,0.274215145605818));
#1651=CARTESIAN_POINT('',(-0.0925075944543217,0.0491954341191457,0.273800064481247));
#1652=CARTESIAN_POINT('',(-0.0925439093471491,0.0463086827732503,0.273384983356677));
#1653=CARTESIAN_POINT('',(-0.095070710985198,0.044865307100315,0.273187791589159));
#1654=CARTESIAN_POINT('',(-0.0975975126232468,0.0434219314273799,0.272990599821641));
#1655=CARTESIAN_POINT('',(-0.10012431426128,0.0448653071003928,0.272793408054488));
#1656=CARTESIAN_POINT('',(-0.102651115899313,0.0463086827734057,0.272596216287334));
#1657=CARTESIAN_POINT('',(-0.102687430792108,0.0491954341194065,0.272181135163495));
#1658=CARTESIAN_POINT('',(-0.102723745684904,0.0520821854654074,0.271766054039655));
#1659=CARTESIAN_POINT('',(-0.100269573832478,0.053525561138448,0.271133083558764));
#1660=CARTESIAN_POINT('',(-0.0978154019800523,0.0549689368114887,0.270500113077873));
#1661=CARTESIAN_POINT('',(-0.0953612301276425,0.0535255611385812,0.269867142596615));
#1662=CARTESIAN_POINT('',(-0.0929070582752326,0.0520821854656737,0.269234172115359));
#1663=CARTESIAN_POINT('',(-0.09294337316806,0.0491954341197783,0.268819090990789));
#1664=CARTESIAN_POINT('',(-0.0929796880608874,0.0463086827738829,0.268404009866219));
#1665=CARTESIAN_POINT('',(-0.0955064896989363,0.0448653071009477,0.268206818098701));
#1666=CARTESIAN_POINT('',(-0.098033291336985,0.0434219314280124,0.268009626331182));
#1667=CARTESIAN_POINT('',(-0.100560092975018,0.0448653071010254,0.267812434564029));
#1668=CARTESIAN_POINT('',(-0.103086894613051,0.0463086827740383,0.267615242796876));
#1669=CARTESIAN_POINT('',(-0.103123209505847,0.0491954341200391,0.267200161673036));
#1670=CARTESIAN_POINT('',(-0.103159524398642,0.0520821854660401,0.266785080549197));
#1671=CARTESIAN_POINT('',(-0.100705352546216,0.0535255611390807,0.266152110068305));
#1672=CARTESIAN_POINT('',(-0.0982511806937908,0.0549689368121213,0.265519139587413));
#1673=CARTESIAN_POINT('',(-0.0957970088413808,0.0535255611392138,0.264886169106157));
#1674=CARTESIAN_POINT('',(-0.0933428369889709,0.0520821854663064,0.2642531986249));
#1675=CARTESIAN_POINT('',(-0.0933791518817983,0.0491954341204109,0.26383811750033));
#1676=CARTESIAN_POINT('',(-0.0934154667746258,0.0463086827745155,0.26342303637576));
#1677=CARTESIAN_POINT('',(-0.0959422684126745,0.0448653071015803,0.263225844608241));
#1678=CARTESIAN_POINT('',(-0.0984690700507235,0.0434219314286451,0.263028652840723));
#1679=CARTESIAN_POINT('',(-0.100995871688756,0.0448653071016581,0.26283146107357));
#1680=CARTESIAN_POINT('',(-0.103522673326789,0.046308682774671,0.262634269306417));
#1681=CARTESIAN_POINT('',(-0.103558988219585,0.0491954341206718,0.262219188182578));
#1682=CARTESIAN_POINT('',(-0.103595303112381,0.0520821854666726,0.261804107058738));
#1683=CARTESIAN_POINT('',(-0.101141131259955,0.0535255611397133,0.261171136577847));
#1684=CARTESIAN_POINT('',(-0.098686959407529,0.0549689368127539,0.260538166096955));
#1685=CARTESIAN_POINT('',(-0.096232787555119,0.0535255611398464,0.259905195615698));
#1686=CARTESIAN_POINT('',(-0.0937786157027091,0.0520821854669389,0.259272225134441));
#1687=CARTESIAN_POINT('',(-0.0938149305955366,0.0491954341210436,0.258857144009871));
#1688=CARTESIAN_POINT('',(-0.0938512454883641,0.0463086827751481,0.258442062885301));
#1689=CARTESIAN_POINT('',(-0.0963780471264128,0.044865307102213,0.258244871117783));
#1690=CARTESIAN_POINT('',(-0.0989048487644616,0.0434219314292778,0.258047679350264));
#1691=CARTESIAN_POINT('',(-0.101431650402495,0.0448653071022907,0.257850487583112));
#1692=CARTESIAN_POINT('',(-0.103958452040528,0.0463086827753036,0.257653295815958));
#1693=CARTESIAN_POINT('',(-0.103994766933323,0.0491954341213045,0.257238214692118));
#1694=CARTESIAN_POINT('',(-0.104031081826119,0.0520821854673053,0.256823133568279));
#1695=CARTESIAN_POINT('',(-0.101576909973693,0.0535255611403459,0.256190163087388));
#1696=CARTESIAN_POINT('',(-0.0991227381212673,0.0549689368133865,0.255557192606496));
#1697=CARTESIAN_POINT('',(-0.0966685662688574,0.0535255611404791,0.254924222125239));
#1698=CARTESIAN_POINT('',(-0.0942143944164475,0.0520821854675716,0.254291251643983));
#1699=CARTESIAN_POINT('',(-0.0942507093092749,0.0491954341216762,0.253876170519413));
#1700=CARTESIAN_POINT('',(-0.0942870242021023,0.0463086827757808,0.253461089394842));
#1701=CARTESIAN_POINT('',(-0.0968138258401512,0.0448653071028456,0.253263897627324));
#1702=CARTESIAN_POINT('',(-0.0993406274781999,0.0434219314299104,0.253066705859806));
#1703=CARTESIAN_POINT('',(-0.101867429116233,0.0448653071029234,0.252869514092653));
#1704=CARTESIAN_POINT('',(-0.104394230754266,0.0463086827759362,0.252672322325499));
#1705=CARTESIAN_POINT('',(-0.104430545647061,0.049195434121937,0.25225724120166));
#1706=CARTESIAN_POINT('',(-0.104466860539857,0.0520821854679379,0.25184216007782));
#1707=CARTESIAN_POINT('',(-0.102012688687431,0.0535255611409786,0.251209189596929));
#1708=CARTESIAN_POINT('',(-0.0995585168350055,0.0549689368140192,0.250576219116038));
#1709=CARTESIAN_POINT('',(-0.0971043449825957,0.0535255611411117,0.249943248634781));
#1710=CARTESIAN_POINT('',(-0.0946501731301858,0.0520821854682043,0.249310278153524));
#1711=CARTESIAN_POINT('',(-0.0946864880230132,0.0491954341223088,0.248895197028954));
#1712=CARTESIAN_POINT('',(-0.0947228029158406,0.0463086827764134,0.248480115904384));
#1713=CARTESIAN_POINT('',(-0.0972496045538895,0.0448653071034782,0.248282924136865));
#1714=CARTESIAN_POINT('',(-0.0997764061919382,0.043421931430543,0.248085732369347));
#1715=CARTESIAN_POINT('',(-0.102303207829971,0.0448653071035559,0.247888540602194));
#1716=CARTESIAN_POINT('',(-0.104830009468004,0.0463086827765689,0.247691348835041));
#1717=CARTESIAN_POINT('',(-0.1048663243608,0.0491954341225697,0.247276267711201));
#1718=CARTESIAN_POINT('',(-0.104902639253595,0.0520821854685706,0.246861186587362));
#1719=CARTESIAN_POINT('',(-0.10244846740117,0.0535255611416112,0.24622821610647));
#1720=CARTESIAN_POINT('',(-0.0999942955487439,0.0549689368146519,0.245595245625578));
#1721=CARTESIAN_POINT('',(-0.0975401236963339,0.0535255611417444,0.244962275144322));
#1722=CARTESIAN_POINT('',(-0.095085951843924,0.0520821854688369,0.244329304663065));
#1723=CARTESIAN_POINT('',(-0.0951222667367515,0.0491954341229414,0.243914223538496));
#1724=CARTESIAN_POINT('',(-0.095158581629579,0.0463086827770461,0.243499142413925));
#1725=CARTESIAN_POINT('',(-0.0976853832676277,0.0448653071041109,0.243301950646407));
#1726=CARTESIAN_POINT('',(-0.100212184905677,0.0434219314311756,0.243104758878888));
#1727=CARTESIAN_POINT('',(-0.102738986543709,0.0448653071041886,0.242907567111735));
#1728=CARTESIAN_POINT('',(-0.105265788181742,0.0463086827772014,0.242710375344582));
#1729=CARTESIAN_POINT('',(-0.105302103074538,0.0491954341232024,0.242295294220743));
#1730=CARTESIAN_POINT('',(-0.105338417967334,0.0520821854692031,0.241880213096903));
#1731=CARTESIAN_POINT('',(-0.102884246114908,0.0535255611422439,0.241247242616011));
#1732=CARTESIAN_POINT('',(-0.100430074262482,0.0549689368152845,0.24061427213512));
#1733=CARTESIAN_POINT('',(-0.0979759024100723,0.0535255611423771,0.239981301653863));
#1734=CARTESIAN_POINT('',(-0.0955217305576623,0.0520821854694695,0.239348331172607));
#1735=CARTESIAN_POINT('',(-0.0955580454504898,0.0491954341235742,0.238933250048037));
#1736=CARTESIAN_POINT('',(-0.0955943603433172,0.0463086827776787,0.238518168923466));
#1737=CARTESIAN_POINT('',(-0.098121161981366,0.0448653071047435,0.238320977155948));
#1738=CARTESIAN_POINT('',(-0.100647963619415,0.0434219314318083,0.23812378538843));
#1739=CARTESIAN_POINT('',(-0.103174765257448,0.0448653071048212,0.237926593621276));
#1740=CARTESIAN_POINT('',(-0.105701566895481,0.0463086827778341,0.237729401854124));
#1741=CARTESIAN_POINT('',(-0.105737881788276,0.049195434123835,0.237314320730283));
#1742=CARTESIAN_POINT('',(-0.105774196681072,0.0520821854698358,0.236899239606444));
#1743=CARTESIAN_POINT('',(-0.103320024828646,0.0535255611428765,0.236266269125553));
#1744=CARTESIAN_POINT('',(-0.10086585297622,0.0549689368159171,0.235633298644661));
#1745=CARTESIAN_POINT('',(-0.0984116811238106,0.0535255611430097,0.235000328163405));
#1746=CARTESIAN_POINT('',(-0.0959575092714007,0.0520821854701021,0.234367357682148));
#1747=CARTESIAN_POINT('',(-0.0959938241642281,0.0491954341242068,0.233952276557578));
#1748=CARTESIAN_POINT('',(-0.0960301390570554,0.0463086827783114,0.233537195433008));
#1749=CARTESIAN_POINT('',(-0.0985569406951043,0.0448653071053762,0.233340003665489));
#1750=CARTESIAN_POINT('',(-0.101083742333153,0.0434219314324409,0.233142811897971));
#1751=CARTESIAN_POINT('',(-0.103610543971186,0.0448653071054539,0.232945620130818));
#1752=CARTESIAN_POINT('',(-0.106137345609219,0.0463086827784667,0.232748428363664));
#1753=CARTESIAN_POINT('',(-0.106173660502015,0.0491954341244676,0.232333347239825));
#1754=CARTESIAN_POINT('',(-0.10620997539481,0.0520821854704685,0.231918266115985));
#1755=CARTESIAN_POINT('',(-0.103755803542384,0.0535255611435091,0.231285295635094));
#1756=CARTESIAN_POINT('',(-0.101301631689959,0.0549689368165497,0.230652325154203));
#1757=CARTESIAN_POINT('',(-0.0988474598375488,0.0535255611436423,0.230019354672946));
#1758=CARTESIAN_POINT('',(-0.096393287985139,0.0520821854707349,0.229386384191689));
#1759=CARTESIAN_POINT('',(-0.0964296028779664,0.0491954341248394,0.228971303067119));
#1760=CARTESIAN_POINT('',(-0.0964659177707937,0.046308682778944,0.228556221942549));
#1761=CARTESIAN_POINT('',(-0.0989927194088425,0.0448653071060088,0.22835903017503));
#1762=CARTESIAN_POINT('',(-0.101519521046891,0.0434219314330736,0.228161838407512));
#1763=CARTESIAN_POINT('',(-0.104046322684924,0.0448653071060865,0.227964646640359));
#1764=CARTESIAN_POINT('',(-0.106573124322957,0.0463086827790995,0.227767454873206));
#1765=CARTESIAN_POINT('',(-0.106609439215753,0.0491954341251002,0.227352373749367));
#1766=CARTESIAN_POINT('',(-0.106645754108549,0.052082185471101,0.226937292625527));
#1767=CARTESIAN_POINT('',(-0.104191582256123,0.0535255611441418,0.226304322144635));
#1768=CARTESIAN_POINT('',(-0.101737410403697,0.0549689368171824,0.225671351663744));
#1769=CARTESIAN_POINT('',(-0.0992832385512871,0.0535255611442749,0.225038381182487));
#1770=CARTESIAN_POINT('',(-0.0968290666988772,0.0520821854713674,0.224405410701231));
#1771=CARTESIAN_POINT('',(-0.0968653815917046,0.0491954341254721,0.22399032957666));
#1772=CARTESIAN_POINT('',(-0.096901696484532,0.0463086827795766,0.22357524845209));
#1773=CARTESIAN_POINT('',(-0.0994284981225808,0.0448653071066415,0.223378056684572));
#1774=CARTESIAN_POINT('',(-0.10195529976063,0.0434219314337062,0.223180864917053));
#1775=CARTESIAN_POINT('',(-0.104482101398663,0.0448653071067191,0.222983673149901));
#1776=CARTESIAN_POINT('',(-0.107008903036696,0.0463086827797319,0.222786481382747));
#1777=CARTESIAN_POINT('',(-0.107045217929491,0.0491954341257329,0.222371400258908));
#1778=CARTESIAN_POINT('',(-0.107081532822287,0.0520821854717337,0.221956319135068));
#1779=CARTESIAN_POINT('',(-0.104627360969861,0.0535255611447744,0.221323348654176));
#1780=CARTESIAN_POINT('',(-0.102173189117435,0.0549689368178151,0.220690378173285));
#1781=CARTESIAN_POINT('',(-0.0997190172650255,0.0535255611449076,0.220057407692029));
#1782=CARTESIAN_POINT('',(-0.0972648454126155,0.0520821854720001,0.219424437210772));
#1783=CARTESIAN_POINT('',(-0.0973011603054429,0.0491954341261047,0.219009356086201));
#1784=CARTESIAN_POINT('',(-0.0973374751982704,0.0463086827802092,0.218594274961631));
#1785=CARTESIAN_POINT('',(-0.0998642768363192,0.0448653071072741,0.218397083194113));
#1786=CARTESIAN_POINT('',(-0.102391078474368,0.0434219314343388,0.218199891426595));
#1787=CARTESIAN_POINT('',(-0.104917880112401,0.0448653071073518,0.218002699659441));
#1788=CARTESIAN_POINT('',(-0.107444681750434,0.0463086827803646,0.217805507892289));
#1789=CARTESIAN_POINT('',(-0.10748099664323,0.0491954341263656,0.217390426768449));
#1790=CARTESIAN_POINT('',(-0.107517311536025,0.0520821854723663,0.216975345644609));
#1791=CARTESIAN_POINT('',(-0.105063139683599,0.053525561145407,0.216342375163718));
#1792=CARTESIAN_POINT('',(-0.102608967831174,0.0549689368184476,0.215709404682826));
#1793=CARTESIAN_POINT('',(-0.100154795978764,0.0535255611455402,0.21507643420157));
#1794=CARTESIAN_POINT('',(-0.0977006241263537,0.0520821854726326,0.214443463720313));
#1795=CARTESIAN_POINT('',(-0.0977369390191812,0.0491954341267373,0.214028382595743));
#1796=CARTESIAN_POINT('',(-0.0977732539120086,0.046308682780842,0.213613301471173));
#1797=CARTESIAN_POINT('',(-0.100300055550057,0.0448653071079066,0.213416109703654));
#1798=CARTESIAN_POINT('',(-0.102826857188106,0.0434219314349715,0.213218917936136));
#1799=CARTESIAN_POINT('',(-0.105353658826139,0.0448653071079844,0.213021726168983));
#1800=CARTESIAN_POINT('',(-0.107880460464172,0.0463086827809973,0.21282453440183));
#1801=CARTESIAN_POINT('',(-0.107916775356968,0.0491954341269981,0.21240945327799));
#1802=CARTESIAN_POINT('',(-0.107953090249763,0.052082185472999,0.21199437215415));
#1803=CARTESIAN_POINT('',(-0.105498918397338,0.0535255611460396,0.211361401673259));
#1804=CARTESIAN_POINT('',(-0.103044746544912,0.0549689368190803,0.210728431192368));
#1805=CARTESIAN_POINT('',(-0.100590574692502,0.0535255611461728,0.210095460711111));
#1806=CARTESIAN_POINT('',(-0.0981364028400921,0.0520821854732654,0.209462490229854));
#1807=CARTESIAN_POINT('',(-0.0981727177329195,0.0491954341273699,0.209047409105284));
#1808=CARTESIAN_POINT('',(-0.0982090326257469,0.0463086827814746,0.208632327980714));
#1809=CARTESIAN_POINT('',(-0.100735834263796,0.0448653071085394,0.208435136213196));
#1810=CARTESIAN_POINT('',(-0.103262635901845,0.0434219314356041,0.208237944445677));
#1811=CARTESIAN_POINT('',(-0.105789437539877,0.044865307108617,0.208040752678524));
#1812=CARTESIAN_POINT('',(-0.108316239177911,0.04630868278163,0.207843560911371));
#1813=CARTESIAN_POINT('',(-0.108352554070706,0.0491954341276308,0.207428479787532));
#1814=CARTESIAN_POINT('',(-0.108388868963502,0.0520821854736315,0.207013398663692));
#1815=CARTESIAN_POINT('',(-0.105934697111076,0.0535255611466723,0.206380428182801));
#1816=CARTESIAN_POINT('',(-0.10348052525865,0.0549689368197129,0.205747457701909));
#1817=CARTESIAN_POINT('',(-0.10102635340624,0.0535255611468055,0.205114487220652));
#1818=CARTESIAN_POINT('',(-0.0985721815538304,0.052082185473898,0.204481516739396));
#1819=CARTESIAN_POINT('',(-0.0986084964466578,0.0491954341280027,0.204066435614826));
#1820=CARTESIAN_POINT('',(-0.0986448113394852,0.0463086827821072,0.203651354490255));
#1821=CARTESIAN_POINT('',(-0.101171612977534,0.044865307109172,0.203454162722737));
#1822=CARTESIAN_POINT('',(-0.103698414615583,0.0434219314362367,0.203256970955218));
#1823=CARTESIAN_POINT('',(-0.106225216253616,0.0448653071092497,0.203059779188066));
#1824=CARTESIAN_POINT('',(-0.108752017891649,0.0463086827822625,0.202862587420912));
#1825=CARTESIAN_POINT('',(-0.108788332784444,0.0491954341282634,0.202447506297072));
#1826=CARTESIAN_POINT('',(-0.10882464767724,0.0520821854742642,0.202032425173233));
#1827=CARTESIAN_POINT('',(-0.106370475824814,0.053525561147305,0.201399454692341));
#1828=CARTESIAN_POINT('',(-0.103916303972388,0.0549689368203456,0.20076648421145));
#1829=CARTESIAN_POINT('',(-0.101462132119978,0.0535255611474381,0.200133513730193));
#1830=CARTESIAN_POINT('',(-0.0990079602675687,0.0520821854745307,0.199500543248937));
#1831=CARTESIAN_POINT('',(-0.0990442751603961,0.0491954341286353,0.199085462124367));
#1832=CARTESIAN_POINT('',(-0.0990805900532236,0.0463086827827398,0.198670380999796));
#1833=CARTESIAN_POINT('',(-0.101607391691272,0.0448653071098047,0.198473189232278));
#1834=CARTESIAN_POINT('',(-0.104134193329321,0.0434219314368694,0.19827599746476));
#1835=CARTESIAN_POINT('',(-0.106660994967354,0.0448653071098823,0.198078805697606));
#1836=CARTESIAN_POINT('',(-0.109187796605387,0.0463086827828953,0.197881613930454));
#1837=CARTESIAN_POINT('',(-0.109224111498183,0.049195434128896,0.197466532806614));
#1838=CARTESIAN_POINT('',(-0.109260426390978,0.0520821854748969,0.197051451682774));
#1839=CARTESIAN_POINT('',(-0.106806254538552,0.0535255611479376,0.196418481201883));
#1840=CARTESIAN_POINT('',(-0.104352082686127,0.0549689368209782,0.195785510720991));
#1841=CARTESIAN_POINT('',(-0.101897910833717,0.0535255611480708,0.195152540239735));
#1842=CARTESIAN_POINT('',(-0.0994437389813069,0.0520821854751633,0.194519569758478));
#1843=CARTESIAN_POINT('',(-0.0994800538741344,0.049195434129268,0.194104488633908));
#1844=CARTESIAN_POINT('',(-0.0995163687669618,0.0463086827833725,0.193689407509338));
#1845=CARTESIAN_POINT('',(-0.102043170405011,0.0448653071104372,0.193492215741819));
#1846=CARTESIAN_POINT('',(-0.104569972043059,0.043421931437502,0.193295023974301));
#1847=CARTESIAN_POINT('',(-0.107096773681092,0.0448653071105149,0.193097832207148));
#1848=CARTESIAN_POINT('',(-0.109623575319125,0.0463086827835279,0.192900640439995));
#1849=CARTESIAN_POINT('',(-0.109659890211921,0.0491954341295288,0.192485559316155));
#1850=CARTESIAN_POINT('',(-0.109696205104717,0.0520821854755294,0.192070478192316));
#1851=CARTESIAN_POINT('',(-0.107242033252291,0.0535255611485702,0.191437507711424));
#1852=CARTESIAN_POINT('',(-0.104787861399865,0.0549689368216108,0.190804537230533));
#1853=CARTESIAN_POINT('',(-0.102333689547455,0.0535255611487035,0.190171566749276));
#1854=CARTESIAN_POINT('',(-0.0998795176950453,0.0520821854757959,0.189538596268019));
#1855=CARTESIAN_POINT('',(-0.0999158325878727,0.0491954341299005,0.189123515143449));
#1856=CARTESIAN_POINT('',(-0.0999521474807,0.0463086827840053,0.188708434018879));
#1857=CARTESIAN_POINT('',(-0.102478949118749,0.0448653071110699,0.188511242251361));
#1858=CARTESIAN_POINT('',(-0.105005750756798,0.0434219314381347,0.188314050483842));
#1859=CARTESIAN_POINT('',(-0.107532552394831,0.0448653071111476,0.188116858716689));
#1860=CARTESIAN_POINT('',(-0.110059354032864,0.0463086827841603,0.187919666949536));
#1861=CARTESIAN_POINT('',(-0.110095668925659,0.0491954341301613,0.187504585825697));
#1862=CARTESIAN_POINT('',(-0.110131983818455,0.0520821854761622,0.187089504701857));
#1863=CARTESIAN_POINT('',(-0.107677811966029,0.0535255611492028,0.186456534220966));
#1864=CARTESIAN_POINT('',(-0.105223640113603,0.0549689368222434,0.185823563740074));
#1865=CARTESIAN_POINT('',(-0.102769468261193,0.053525561149336,0.185190593258818));
#1866=CARTESIAN_POINT('',(-0.100315296408784,0.0520821854764287,0.184557622777561));
#1867=CARTESIAN_POINT('',(-0.100351611301611,0.0491954341305332,0.18414254165299));
#1868=CARTESIAN_POINT('',(-0.100387926194438,0.0463086827846377,0.183727460528421));
#1869=CARTESIAN_POINT('',(-0.102914727832487,0.0448653071117025,0.183530268760902));
#1870=CARTESIAN_POINT('',(-0.105441529470536,0.0434219314387673,0.183333076993383));
#1871=CARTESIAN_POINT('',(-0.107968331108569,0.0448653071117802,0.18313588522623));
#1872=CARTESIAN_POINT('',(-0.110495132746602,0.0463086827847932,0.182938693459077));
#1873=CARTESIAN_POINT('',(-0.110531447639398,0.0491954341307938,0.182523612335238));
#1874=CARTESIAN_POINT('',(-0.110567762532193,0.0520821854767947,0.182108531211398));
#1875=CARTESIAN_POINT('',(-0.108113590679767,0.0535255611498355,0.181475560730506));
#1876=CARTESIAN_POINT('',(-0.105659418827342,0.0549689368228761,0.180842590249615));
#1877=CARTESIAN_POINT('',(-0.103205246974932,0.0535255611499687,0.180209619768359));
#1878=CARTESIAN_POINT('',(-0.100751075122522,0.0520821854770611,0.179576649287102));
#1879=CARTESIAN_POINT('',(-0.100787390015349,0.0491954341311657,0.179161568162532));
#1880=CARTESIAN_POINT('',(-0.100823704908177,0.0463086827852705,0.178746487037961));
#1881=CARTESIAN_POINT('',(-0.103350506546225,0.0448653071123351,0.178549295270443));
#1882=CARTESIAN_POINT('',(-0.105877308184274,0.0434219314393999,0.178352103502925));
#1883=CARTESIAN_POINT('',(-0.108404109822307,0.0448653071124128,0.178154911735771));
#1884=CARTESIAN_POINT('',(-0.11093091146034,0.0463086827854257,0.177957719968619));
#1885=CARTESIAN_POINT('',(-0.110967226353136,0.0491954341314267,0.177542638844779));
#1886=CARTESIAN_POINT('',(-0.111003541245932,0.0520821854774273,0.177127557720939));
#1887=CARTESIAN_POINT('',(-0.108549369393506,0.0535255611504681,0.176494587240048));
#1888=CARTESIAN_POINT('',(-0.10609519754108,0.0549689368235088,0.175861616759157));
#1889=CARTESIAN_POINT('',(-0.10364102568867,0.0535255611506014,0.1752286462779));
#1890=CARTESIAN_POINT('',(-0.10118685383626,0.0520821854776939,0.174595675796643));
#1891=CARTESIAN_POINT('',(-0.101223168729087,0.0491954341317984,0.174180594672073));
#1892=CARTESIAN_POINT('',(-0.101259483621915,0.0463086827859029,0.173765513547503));
#1893=CARTESIAN_POINT('',(-0.103786285259964,0.0448653071129679,0.173568321779984));
#1894=CARTESIAN_POINT('',(-0.106313086898012,0.0434219314400325,0.173371130012466));
#1895=CARTESIAN_POINT('',(-0.108839888536046,0.0448653071130455,0.173173938245313));
#1896=CARTESIAN_POINT('',(-0.111366690174078,0.0463086827860583,0.17297674647816));
#1897=CARTESIAN_POINT('',(-0.111403005066874,0.0491954341320592,0.17256166535432));
#1898=CARTESIAN_POINT('',(-0.11143931995967,0.0520821854780601,0.172146584230481));
#1899=CARTESIAN_POINT('',(-0.108985148107244,0.0535255611511007,0.171513613749589));
#1900=CARTESIAN_POINT('',(-0.106530976254818,0.0549689368241414,0.170880643268698));
#1901=CARTESIAN_POINT('',(-0.104076804402408,0.0535255611512339,0.170247672787441));
#1902=CARTESIAN_POINT('',(-0.101622632549998,0.0520821854783263,0.169614702306184));
#1903=CARTESIAN_POINT('',(-0.101658947442826,0.0491954341324312,0.169199621181614));
#1904=CARTESIAN_POINT('',(-0.101695262335653,0.0463086827865357,0.168784540057044));
#1905=CARTESIAN_POINT('',(-0.104222063973702,0.0448653071136004,0.168587348289526));
#1906=CARTESIAN_POINT('',(-0.106748865611751,0.0434219314406652,0.168390156522007));
#1907=CARTESIAN_POINT('',(-0.109275667249784,0.0448653071136781,0.168192964754855));
#1908=CARTESIAN_POINT('',(-0.111802468887817,0.046308682786691,0.167995772987701));
#1909=CARTESIAN_POINT('',(-0.111838783780612,0.0491954341326917,0.167580691863861));
#1910=CARTESIAN_POINT('',(-0.111875098673408,0.0520821854786926,0.167165610740022));
#1911=CARTESIAN_POINT('',(-0.109420926820982,0.0535255611517334,0.166532640259131));
#1912=CARTESIAN_POINT('',(-0.106966754968556,0.054968936824774,0.165899669778239));
#1913=CARTESIAN_POINT('',(-0.104512583116147,0.0535255611518666,0.165266699296983));
#1914=CARTESIAN_POINT('',(-0.102058411263737,0.0520821854789591,0.164633728815726));
#1915=CARTESIAN_POINT('',(-0.102094726156564,0.0491954341330636,0.164218647691155));
#1916=CARTESIAN_POINT('',(-0.102131041049391,0.0463086827871684,0.163803566566585));
#1917=CARTESIAN_POINT('',(-0.10465784268744,0.0448653071142331,0.163606374799067));
#1918=CARTESIAN_POINT('',(-0.107184644325489,0.0434219314412979,0.163409183031549));
#1919=CARTESIAN_POINT('',(-0.109711445963522,0.0448653071143107,0.163211991264395));
#1920=CARTESIAN_POINT('',(-0.112238247601555,0.0463086827873236,0.163014799497242));
#1921=CARTESIAN_POINT('',(-0.112274562494351,0.0491954341333245,0.162599718373403));
#1922=CARTESIAN_POINT('',(-0.112310877387146,0.0520821854793255,0.162184637249563));
#1923=CARTESIAN_POINT('',(-0.109856705534721,0.053525561152366,0.161551666768672));
#1924=CARTESIAN_POINT('',(-0.107402533682295,0.0549689368254066,0.16091869628778));
#1925=CARTESIAN_POINT('',(-0.104948361829885,0.0535255611524992,0.160285725806524));
#1926=CARTESIAN_POINT('',(-0.102494189977475,0.0520821854795919,0.159652755325267));
#1927=CARTESIAN_POINT('',(-0.102530504870302,0.0491954341336964,0.159237674200697));
#1928=CARTESIAN_POINT('',(-0.10256681976313,0.0463086827878009,0.158822593076127));
#1929=CARTESIAN_POINT('',(-0.105093621401178,0.0448653071148657,0.158625401308608));
#1930=CARTESIAN_POINT('',(-0.107620423039227,0.0434219314419305,0.15842820954109));
#1931=CARTESIAN_POINT('',(-0.11014722467726,0.0448653071149434,0.158231017773937));
#1932=CARTESIAN_POINT('',(-0.112674026315293,0.0463086827879561,0.158033826006784));
#1933=CARTESIAN_POINT('',(-0.112710341208089,0.0491954341339571,0.157618744882944));
#1934=CARTESIAN_POINT('',(-0.112746656100885,0.0520821854799579,0.157203663759104));
#1935=CARTESIAN_POINT('',(-0.110292484248459,0.0535255611529987,0.156570693278213));
#1936=CARTESIAN_POINT('',(-0.107838312396033,0.0549689368260393,0.155937722797322));
#1937=CARTESIAN_POINT('',(-0.105384140543623,0.0535255611531319,0.155304752316065));
#1938=CARTESIAN_POINT('',(-0.102929968691213,0.0520821854802243,0.154671781834808));
#1939=CARTESIAN_POINT('',(-0.102966283584041,0.0491954341343291,0.154256700710238));
#1940=CARTESIAN_POINT('',(-0.103002598476868,0.0463086827884336,0.153841619585668));
#1941=CARTESIAN_POINT('',(-0.105529400114917,0.0448653071154983,0.15364442781815));
#1942=CARTESIAN_POINT('',(-0.108056201752966,0.0434219314425631,0.153447236050631));
#1943=CARTESIAN_POINT('',(-0.110583003390999,0.044865307115576,0.153250044283478));
#1944=CARTESIAN_POINT('',(-0.113109805029032,0.0463086827885889,0.153052852516325));
#1945=CARTESIAN_POINT('',(-0.113146119921827,0.0491954341345899,0.152637771392485));
#1946=CARTESIAN_POINT('',(-0.113182434814623,0.0520821854805905,0.152222690268646));
#1947=CARTESIAN_POINT('',(-0.110728262962197,0.0535255611536313,0.151589719787754));
#1948=CARTESIAN_POINT('',(-0.108274091109771,0.054968936826672,0.150956749306863));
#1949=CARTESIAN_POINT('',(-0.105819919257362,0.0535255611537645,0.150323778825606));
#1950=CARTESIAN_POINT('',(-0.103365747404952,0.0520821854808571,0.14969080834435));
#1951=CARTESIAN_POINT('',(-0.103402062297779,0.0491954341349616,0.149275727219779));
#1952=CARTESIAN_POINT('',(-0.103438377190606,0.0463086827890664,0.148860646095209));
#1953=CARTESIAN_POINT('',(-0.105965178828655,0.044865307116131,0.148663454327691));
#1954=CARTESIAN_POINT('',(-0.108491980466704,0.0434219314431957,0.148466262560173));
#1955=CARTESIAN_POINT('',(-0.111018782104737,0.0448653071162087,0.148269070793019));
#1956=CARTESIAN_POINT('',(-0.11354558374277,0.0463086827892214,0.148071879025866));
#1957=CARTESIAN_POINT('',(-0.113581898635566,0.0491954341352224,0.147656797902027));
#1958=CARTESIAN_POINT('',(-0.113618213528361,0.0520821854812234,0.147241716778187));
#1959=CARTESIAN_POINT('',(-0.111164041675936,0.0535255611542639,0.146608746297296));
#1960=CARTESIAN_POINT('',(-0.10870986982351,0.0549689368273046,0.145975775816404));
#1961=CARTESIAN_POINT('',(-0.1062556979711,0.0535255611543971,0.145342805335147));
#1962=CARTESIAN_POINT('',(-0.10380152611869,0.0520821854814897,0.144709834853891));
#1963=CARTESIAN_POINT('',(-0.103837841011517,0.0491954341355943,0.144294753729321));
#1964=CARTESIAN_POINT('',(-0.103874155904345,0.0463086827896988,0.143879672604751));
#1965=CARTESIAN_POINT('',(-0.106400957542393,0.0448653071167637,0.143682480837232));
#1966=CARTESIAN_POINT('',(-0.108927759180442,0.0434219314438284,0.143485289069714));
#1967=CARTESIAN_POINT('',(-0.111454560818475,0.0448653071168413,0.143288097302561));
#1968=CARTESIAN_POINT('',(-0.113981362456508,0.0463086827898543,0.143090905535407));
#1969=CARTESIAN_POINT('',(-0.114017677349304,0.0491954341358549,0.142675824411568));
#1970=CARTESIAN_POINT('',(-0.1140539922421,0.0520821854818559,0.142260743287728));
#1971=CARTESIAN_POINT('',(-0.111599820389674,0.0535255611548966,0.141627772806837));
#1972=CARTESIAN_POINT('',(-0.109145648537248,0.0549689368279372,0.140994802325945));
#1973=CARTESIAN_POINT('',(-0.106691476684838,0.0535255611550298,0.140361831844689));
#1974=CARTESIAN_POINT('',(-0.104237304832428,0.0520821854821223,0.139728861363432));
#1975=CARTESIAN_POINT('',(-0.104273619725256,0.0491954341362271,0.139313780238862));
#1976=CARTESIAN_POINT('',(-0.104309934618083,0.0463086827903316,0.138898699114292));
#1977=CARTESIAN_POINT('',(-0.106836736256132,0.0448653071173963,0.138701507346773));
#1978=CARTESIAN_POINT('',(-0.109363537894181,0.043421931444461,0.138504315579255));
#1979=CARTESIAN_POINT('',(-0.111890339532213,0.0448653071174739,0.138307123812102));
#1980=CARTESIAN_POINT('',(-0.114417141170247,0.0463086827904868,0.138109932044949));
#1981=CARTESIAN_POINT('',(-0.114453456063042,0.0491954341364877,0.137694850921109));
#1982=CARTESIAN_POINT('',(-0.114489770955838,0.0520821854824883,0.13727976979727));
#1983=CARTESIAN_POINT('',(-0.112035599103412,0.0535255611555292,0.136646799316378));
#1984=CARTESIAN_POINT('',(-0.109581427250986,0.0549689368285698,0.136013828835487));
#1985=CARTESIAN_POINT('',(-0.107127255398576,0.0535255611556625,0.13538085835423));
#1986=CARTESIAN_POINT('',(-0.104673083546167,0.052082185482755,0.134747887872973));
#1987=CARTESIAN_POINT('',(-0.104709398438994,0.0491954341368595,0.134332806748403));
#1988=CARTESIAN_POINT('',(-0.104745713331821,0.046308682790964,0.133917725623833));
#1989=CARTESIAN_POINT('',(-0.10727251496987,0.044865307118029,0.133720533856315));
#1990=CARTESIAN_POINT('',(-0.109799316607919,0.0434219314450936,0.133523342088796));
#1991=CARTESIAN_POINT('',(-0.112326118245952,0.0448653071181066,0.133326150321643));
#1992=CARTESIAN_POINT('',(-0.114852919883985,0.0463086827911193,0.13312895855449));
#1993=CARTESIAN_POINT('',(-0.11488923477678,0.0491954341371203,0.13271387743065));
#1994=CARTESIAN_POINT('',(-0.114925549669576,0.0520821854831212,0.132298796306811));
#1995=CARTESIAN_POINT('',(-0.11247137781715,0.0535255611561618,0.131665825825919));
#1996=CARTESIAN_POINT('',(-0.110017205964725,0.0549689368292025,0.131032855345028));
#1997=CARTESIAN_POINT('',(-0.107563034112315,0.053525561156295,0.130399884863771));
#1998=CARTESIAN_POINT('',(-0.105108862259905,0.0520821854833877,0.129766914382515));
#1999=CARTESIAN_POINT('',(-0.105145177152732,0.0491954341374923,0.129351833257944));
#2000=CARTESIAN_POINT('',(-0.105181492045559,0.0463086827915968,0.128936752133374));
#2001=CARTESIAN_POINT('',(-0.107708293683608,0.0448653071186615,0.128739560365856));
#2002=CARTESIAN_POINT('',(-0.110235095321657,0.0434219314457263,0.128542368598337));
#2003=CARTESIAN_POINT('',(-0.11276189695969,0.0448653071187392,0.128345176831184));
#2004=CARTESIAN_POINT('',(-0.115288698597723,0.0463086827917521,0.128147985064031));
#2005=CARTESIAN_POINT('',(-0.115325013490519,0.0491954341377528,0.127732903940192));
#2006=CARTESIAN_POINT('',(-0.115361328383314,0.0520821854837538,0.127317822816352));
#2007=CARTESIAN_POINT('',(-0.112907156530889,0.0535255611567945,0.126684852335461));
#2008=CARTESIAN_POINT('',(-0.110452984678463,0.0549689368298351,0.126051881854569));
#2009=CARTESIAN_POINT('',(-0.107998812826053,0.0535255611569277,0.125418911373313));
#2010=CARTESIAN_POINT('',(-0.105544640973643,0.0520821854840202,0.124785940892056));
#2011=CARTESIAN_POINT('',(-0.10558095586647,0.0491954341381247,0.124370859767486));
#2012=CARTESIAN_POINT('',(-0.105617270759298,0.0463086827922295,0.123955778642915));
#2013=CARTESIAN_POINT('',(-0.108144072397347,0.0448653071192942,0.123758586875397));
#2014=CARTESIAN_POINT('',(-0.110670874035396,0.0434219314463589,0.123561395107879));
#2015=CARTESIAN_POINT('',(-0.113197675673428,0.0448653071193717,0.123364203340726));
#2016=CARTESIAN_POINT('',(-0.115724477311461,0.0463086827923846,0.123167011573573));
#2017=CARTESIAN_POINT('',(-0.115760792204257,0.0491954341383856,0.122751930449733));
#2018=CARTESIAN_POINT('',(-0.115797107097053,0.0520821854843862,0.122336849325893));
#2019=CARTESIAN_POINT('',(-0.113342935244627,0.0535255611574271,0.121703878845002));
#2020=CARTESIAN_POINT('',(-0.110888763392201,0.0549689368304678,0.121070908364111));
#2021=CARTESIAN_POINT('',(-0.108434591539791,0.0535255611575603,0.120437937882854));
#2022=CARTESIAN_POINT('',(-0.105980419687381,0.0520821854846529,0.119804967401597));
#2023=CARTESIAN_POINT('',(-0.106016734580209,0.0491954341387575,0.119389886277027));
#2024=CARTESIAN_POINT('',(-0.106053049473036,0.046308682792862,0.118974805152457));
#2025=CARTESIAN_POINT('',(-0.108579851111085,0.0448653071199269,0.118777613384938));
#2026=CARTESIAN_POINT('',(-0.111106652749134,0.0434219314469916,0.11858042161742));
#2027=CARTESIAN_POINT('',(-0.113633454387167,0.0448653071200045,0.118383229850267));
#2028=CARTESIAN_POINT('',(-0.116160256025199,0.0463086827930172,0.118186038083114));
#2029=CARTESIAN_POINT('',(-0.116196570917995,0.0491954341390181,0.117770956959274));
#2030=CARTESIAN_POINT('',(-0.116232885810791,0.0520821854850191,0.117355875835434));
#2031=CARTESIAN_POINT('',(-0.113778713958365,0.0535255611580598,0.116722905354543));
#2032=CARTESIAN_POINT('',(-0.11132454210594,0.0549689368311004,0.116089934873652));
#2033=CARTESIAN_POINT('',(-0.10887037025353,0.053525561158193,0.115456964392395));
#2034=CARTESIAN_POINT('',(-0.10641619840112,0.0520821854852854,0.114823993911138));
#2035=CARTESIAN_POINT('',(-0.106452513293947,0.0491954341393902,0.114408912786568));
#2036=CARTESIAN_POINT('',(-0.106488828186774,0.0463086827934947,0.113993831661998));
#2037=CARTESIAN_POINT('',(-0.109015629824823,0.0448653071205594,0.11379663989448));
#2038=CARTESIAN_POINT('',(-0.111542431462872,0.0434219314476242,0.113599448126961));
#2039=CARTESIAN_POINT('',(-0.114069233100905,0.044865307120637,0.113402256359808));
#2040=CARTESIAN_POINT('',(-0.116596034738938,0.04630868279365,0.113205064592655));
#2041=CARTESIAN_POINT('',(-0.116632349631734,0.0491954341396507,0.112789983468815));
#2042=CARTESIAN_POINT('',(-0.116668664524529,0.0520821854856516,0.112374902344976));
#2043=CARTESIAN_POINT('',(-0.114214492672103,0.0535255611586924,0.111741931864084));
#2044=CARTESIAN_POINT('',(-0.111760320819678,0.054968936831733,0.111108961383193));
#2045=CARTESIAN_POINT('',(-0.109306148967268,0.0535255611588256,0.110475990901936));
#2046=CARTESIAN_POINT('',(-0.106851977114858,0.0520821854859181,0.10984302042068));
#2047=CARTESIAN_POINT('',(-0.106888292007685,0.0491954341400227,0.10942793929611));
#2048=CARTESIAN_POINT('',(-0.106924606900513,0.0463086827941275,0.109012858171539));
#2049=CARTESIAN_POINT('',(-0.109451408538561,0.0448653071211921,0.108815666404021));
#2050=CARTESIAN_POINT('',(-0.11197821017661,0.0434219314482568,0.108618474636503));
#2051=CARTESIAN_POINT('',(-0.114505011814643,0.0448653071212697,0.108421282869349));
#2052=CARTESIAN_POINT('',(-0.117031813452676,0.0463086827942825,0.108224091102196));
#2053=CARTESIAN_POINT('',(-0.117068128345472,0.0491954341402835,0.107809009978357));
#2054=CARTESIAN_POINT('',(-0.117104443238267,0.0520821854862844,0.107393928854517));
#2055=CARTESIAN_POINT('',(-0.114650271385842,0.0535255611593249,0.106760958373626));
#2056=CARTESIAN_POINT('',(-0.112196099533416,0.0549689368323657,0.106127987892734));
#2057=CARTESIAN_POINT('',(-0.109741927681006,0.0535255611594582,0.105495017411478));
#2058=CARTESIAN_POINT('',(-0.107287755828596,0.0520821854865509,0.104862046930221));
#2059=CARTESIAN_POINT('',(-0.107324070721424,0.0491954341406554,0.104446965805651));
#2060=CARTESIAN_POINT('',(-0.107360385614251,0.0463086827947599,0.104031884681081));
#2061=CARTESIAN_POINT('',(-0.1098871872523,0.0448653071218248,0.103834692913562));
#2062=CARTESIAN_POINT('',(-0.112413988890349,0.0434219314488895,0.103637501146044));
#2063=CARTESIAN_POINT('',(-0.114940790528382,0.0448653071219024,0.103440309378891));
#2064=CARTESIAN_POINT('',(-0.117467592166415,0.0463086827949153,0.103243117611738));
#2065=CARTESIAN_POINT('',(-0.11750390705921,0.049195434140916,0.102828036487898));
#2066=CARTESIAN_POINT('',(-0.117540221952006,0.052082185486917,0.102412955364059));
#2067=CARTESIAN_POINT('',(-0.11508605009958,0.0535255611599577,0.101779984883167));
#2068=CARTESIAN_POINT('',(-0.112631878247154,0.0549689368329983,0.101147014402276));
#2069=CARTESIAN_POINT('',(-0.110177706394744,0.0535255611600909,0.100514043921019));
#2070=CARTESIAN_POINT('',(-0.107723534542335,0.0520821854871833,0.0998810734397622));
#2071=CARTESIAN_POINT('',(-0.107759849435162,0.0491954341412882,0.0994659923151921));
#2072=CARTESIAN_POINT('',(-0.107796164327989,0.0463086827953926,0.099050911190622));
#2073=CARTESIAN_POINT('',(-0.110322965966038,0.0448653071224573,0.0988537194231036));
#2074=CARTESIAN_POINT('',(-0.112849767604087,0.0434219314495221,0.0986565276555852));
#2075=CARTESIAN_POINT('',(-0.11537656924212,0.044865307122535,0.0984593358884321));
#2076=CARTESIAN_POINT('',(-0.117903370880153,0.0463086827955479,0.098262144121279));
#2077=CARTESIAN_POINT('',(-0.117939685772948,0.0491954341415488,0.0978470629974394));
#2078=CARTESIAN_POINT('',(-0.117976000665744,0.0520821854875495,0.0974319818735997));
#2079=CARTESIAN_POINT('',(-0.115521828813318,0.0535255611605903,0.0967990113927083));
#2080=CARTESIAN_POINT('',(-0.113067656960893,0.054968936833631,0.0961660409118169));
#2081=CARTESIAN_POINT('',(-0.110613485108483,0.0535255611607236,0.0955330704305602));
#2082=CARTESIAN_POINT('',(-0.108159313256073,0.0520821854878161,0.0949000999493035));
#2083=CARTESIAN_POINT('',(-0.1081956281489,0.0491954341419206,0.0944850188247334));
#2084=CARTESIAN_POINT('',(-0.108231943041727,0.0463086827960254,0.0940699377001633));
#2085=CARTESIAN_POINT('',(-0.110758744679776,0.0448653071230901,0.0938727459326449));
#2086=CARTESIAN_POINT('',(-0.113285546317825,0.0434219314501548,0.0936755541651264));
#2087=CARTESIAN_POINT('',(-0.115812347955858,0.0448653071231677,0.0934783623979733));
#2088=CARTESIAN_POINT('',(-0.118339149593891,0.0463086827961804,0.0932811706308202));
#2089=CARTESIAN_POINT('',(-0.118375464486687,0.0491954341421814,0.0928660895069806));
#2090=CARTESIAN_POINT('',(-0.118411779379482,0.0520821854881823,0.092451008383141));
#2091=CARTESIAN_POINT('',(-0.115957607527057,0.0535255611612228,0.0918180379022496));
#2092=CARTESIAN_POINT('',(-0.113503435674631,0.0549689368342635,0.0911850674213582));
#2093=CARTESIAN_POINT('',(-0.111049263822221,0.0535255611613561,0.0905520969401015));
#2094=CARTESIAN_POINT('',(-0.108595091969811,0.0520821854884489,0.0899191264588448));
#2095=CARTESIAN_POINT('',(-0.108631406862638,0.0491954341425534,0.0895040453342747));
#2096=CARTESIAN_POINT('',(-0.108667721755466,0.0463086827966578,0.0890889642097045));
#2097=CARTESIAN_POINT('',(-0.111194523393515,0.0448653071237226,0.0888917724421861));
#2098=CARTESIAN_POINT('',(-0.113721325031563,0.0434219314507874,0.0886945806746677));
#2099=CARTESIAN_POINT('',(-0.116248126669596,0.0448653071238003,0.0884973889075146));
#2100=CARTESIAN_POINT('',(-0.118774928307629,0.0463086827968132,0.0883001971403616));
#2101=CARTESIAN_POINT('',(-0.118811243200425,0.0491954341428139,0.0878851160165219));
#2102=CARTESIAN_POINT('',(-0.118847558093221,0.0520821854888148,0.0874700348926822));
#2103=CARTESIAN_POINT('',(-0.116393386240795,0.0535255611618556,0.0868370644117908));
#2104=CARTESIAN_POINT('',(-0.113939214388369,0.0549689368348962,0.0862040939308995));
#2105=CARTESIAN_POINT('',(-0.111485042535959,0.0535255611619888,0.0855711234496428));
#2106=CARTESIAN_POINT('',(-0.109030870683549,0.0520821854890813,0.0849381529683861));
#2107=CARTESIAN_POINT('',(-0.109067185576377,0.0491954341431858,0.0845230718438159));
#2108=CARTESIAN_POINT('',(-0.109103500469204,0.0463086827972906,0.0841079907192458));
#2109=CARTESIAN_POINT('',(-0.111630302107253,0.0448653071243553,0.0839107989517274));
#2110=CARTESIAN_POINT('',(-0.114157103745302,0.04342193145142,0.083713607184209));
#2111=CARTESIAN_POINT('',(-0.116683905383335,0.0448653071244329,0.0835164154170559));
#2112=CARTESIAN_POINT('',(-0.119210707021368,0.0463086827974457,0.0833192236499028));
#2113=CARTESIAN_POINT('',(-0.119247021914163,0.0491954341434467,0.0829041425260632));
#2114=CARTESIAN_POINT('',(-0.119283336806959,0.0520821854894474,0.0824890614022235));
#2115=CARTESIAN_POINT('',(-0.116829164954533,0.0535255611624881,0.0818560909213321));
#2116=CARTESIAN_POINT('',(-0.114374993102107,0.0549689368355289,0.0812231204404407));
#2117=CARTESIAN_POINT('',(-0.111920821249698,0.0535255611626215,0.080590149959184));
#2118=CARTESIAN_POINT('',(-0.109466649397288,0.0520821854897141,0.0799571794779274));
#2119=CARTESIAN_POINT('',(-0.109502964290115,0.0491954341438186,0.0795420983533572));
#2120=CARTESIAN_POINT('',(-0.109539279182942,0.046308682797923,0.0791270172287871));
#2121=CARTESIAN_POINT('',(-0.112066080820991,0.044865307124988,0.0789298254612687));
#2122=CARTESIAN_POINT('',(-0.11459288245904,0.0434219314520527,0.0787326336937503));
#2123=CARTESIAN_POINT('',(-0.117119684097073,0.0448653071250656,0.0785354419265972));
#2124=CARTESIAN_POINT('',(-0.119646485735106,0.0463086827980783,0.0783382501594442));
#2125=CARTESIAN_POINT('',(-0.119682800627902,0.0491954341440792,0.0779231690356044));
#2126=CARTESIAN_POINT('',(-0.119719115520697,0.0520821854900801,0.0775080879117648));
#2127=CARTESIAN_POINT('',(-0.117264943668272,0.0535255611631207,0.0768751174308734));
#2128=CARTESIAN_POINT('',(-0.114810771815846,0.0549689368361615,0.0762421469499819));
#2129=CARTESIAN_POINT('',(-0.112356599963436,0.0535255611632541,0.0756091764687253));
#2130=CARTESIAN_POINT('',(-0.109902428111026,0.0520821854903465,0.0749762059874687));
#2131=CARTESIAN_POINT('',(-0.109938743003853,0.0491954341444513,0.0745611248628985));
#2132=CARTESIAN_POINT('',(-0.109975057896681,0.0463086827985558,0.0741460437383283));
#2133=CARTESIAN_POINT('',(-0.11250185953473,0.0448653071256205,0.0739488519708099));
#2134=CARTESIAN_POINT('',(-0.115028661172778,0.0434219314526853,0.0737516602032915));
#2135=CARTESIAN_POINT('',(-0.117555462810811,0.0448653071256982,0.0735544684361385));
#2136=CARTESIAN_POINT('',(-0.120082264448844,0.0463086827987111,0.0733572766689853));
#2137=CARTESIAN_POINT('',(-0.12011857934164,0.0491954341447118,0.0729421955451457));
#2138=CARTESIAN_POINT('',(-0.120154894234436,0.0520821854907127,0.0725271144213061));
#2139=CARTESIAN_POINT('',(-0.11770072238201,0.0535255611637535,0.0718941439404146));
#2140=CARTESIAN_POINT('',(-0.115246550529584,0.0549689368367941,0.0712611734595233));
#2141=CARTESIAN_POINT('',(-0.112792378677174,0.0535255611638867,0.0706282029782666));
#2142=CARTESIAN_POINT('',(-0.110338206824764,0.0520821854909793,0.0699952324970099));
#2143=CARTESIAN_POINT('',(-0.110374521717592,0.0491954341450838,0.0695801513724398));
#2144=CARTESIAN_POINT('',(-0.110410836610419,0.0463086827991885,0.0691650702478697));
#2145=CARTESIAN_POINT('',(-0.112937638248468,0.0448653071262532,0.0689678784803512));
#2146=CARTESIAN_POINT('',(-0.115464439886517,0.0434219314533179,0.0687706867128328));
#2147=CARTESIAN_POINT('',(-0.117991241524549,0.0448653071263308,0.0685734949456797));
#2148=CARTESIAN_POINT('',(-0.120518043162583,0.0463086827993436,0.0683763031785266));
#2149=CARTESIAN_POINT('',(-0.120554358055378,0.0491954341453446,0.067961222054687));
#2150=CARTESIAN_POINT('',(-0.120590672948174,0.0520821854913452,0.0675461409308473));
#2151=CARTESIAN_POINT('',(-0.118136501095748,0.053525561164386,0.0669131704499559));
#2152=CARTESIAN_POINT('',(-0.115682329243322,0.0549689368374267,0.0662801999690646));
#2153=CARTESIAN_POINT('',(-0.113228157390912,0.0535255611645193,0.0656472294878079));
#2154=CARTESIAN_POINT('',(-0.110773985538503,0.052082185491612,0.0650142590065512));
#2155=CARTESIAN_POINT('',(-0.11081030043133,0.0491954341457165,0.064599177881981));
#2156=CARTESIAN_POINT('',(-0.110846615324157,0.046308682799821,0.0641840967574109));
#2157=CARTESIAN_POINT('',(-0.113373416962206,0.0448653071268859,0.0639869049898925));
#2158=CARTESIAN_POINT('',(-0.115900218600255,0.0434219314539505,0.0637897132223741));
#2159=CARTESIAN_POINT('',(-0.118427020238288,0.0448653071269635,0.063592521455221));
#2160=CARTESIAN_POINT('',(-0.120953821876321,0.0463086827999762,0.0633953296880679));
#2161=CARTESIAN_POINT('',(-0.120990136769117,0.0491954341459771,0.0629802485642282));
#2162=CARTESIAN_POINT('',(-0.121026451661912,0.052082185491978,0.0625651674403886));
#2163=CARTESIAN_POINT('',(-0.118572279809486,0.0535255611650188,0.0619321969594972));
#2164=CARTESIAN_POINT('',(-0.116118107957061,0.0549689368380594,0.0612992264786058));
#2165=CARTESIAN_POINT('',(-0.113663936104651,0.053525561165152,0.0606662559973491));
#2166=CARTESIAN_POINT('',(-0.111209764252241,0.0520821854922444,0.0600332855160925));
#2167=CARTESIAN_POINT('',(-0.111246079145068,0.0491954341463493,0.0596182043915223));
#2168=CARTESIAN_POINT('',(-0.111282394037896,0.0463086828004537,0.0592031232669521));
#2169=CARTESIAN_POINT('',(-0.113809195675944,0.0448653071275185,0.0590059314994337));
#2170=CARTESIAN_POINT('',(-0.116335997313993,0.0434219314545832,0.0588087397319154));
#2171=CARTESIAN_POINT('',(-0.118862798952026,0.0448653071275961,0.0586115479647623));
#2172=CARTESIAN_POINT('',(-0.121389600590059,0.0463086828006089,0.0584143561976091));
#2173=CARTESIAN_POINT('',(-0.121425915482855,0.0491954341466099,0.0579992750737695));
#2174=CARTESIAN_POINT('',(-0.12146223037565,0.0520821854926105,0.0575841939499298));
#2175=CARTESIAN_POINT('',(-0.119008058523225,0.0535255611656513,0.0569512234690385));
#2176=CARTESIAN_POINT('',(-0.116553886670799,0.054968936838692,0.0563182529881471));
#2177=CARTESIAN_POINT('',(-0.114099714818389,0.0535255611657847,0.0556852825068904));
#2178=CARTESIAN_POINT('',(-0.111645542965979,0.0520821854928772,0.0550523120256338));
#2179=CARTESIAN_POINT('',(-0.111681857858806,0.0491954341469817,0.0546372309010636));
#2180=CARTESIAN_POINT('',(-0.111718172751634,0.0463086828010865,0.0542221497764934));
#2181=CARTESIAN_POINT('',(-0.114244974389683,0.0448653071281511,0.0540249580089751));
#2182=CARTESIAN_POINT('',(-0.116771776027731,0.0434219314552158,0.0538277662414567));
#2183=CARTESIAN_POINT('',(-0.119298577665764,0.0448653071282286,0.0536305744743035));
#2184=CARTESIAN_POINT('',(-0.121825379303797,0.0463086828012415,0.0534333827071504));
#2185=CARTESIAN_POINT('',(-0.121861694196593,0.0491954341472424,0.0530183015833108));
#2186=CARTESIAN_POINT('',(-0.121898009089389,0.0520821854932433,0.0526032204594712));
#2187=CARTESIAN_POINT('',(-0.119443837236963,0.0535255611662839,0.0519702499785798));
#2188=CARTESIAN_POINT('',(-0.116989665384537,0.0549689368393247,0.0513372794976883));
#2189=CARTESIAN_POINT('',(-0.114535493532127,0.0535255611664172,0.0507043090164317));
#2190=CARTESIAN_POINT('',(-0.112081321679717,0.0520821854935099,0.050071338535175));
#2191=CARTESIAN_POINT('',(-0.112117636572545,0.0491954341476145,0.0496562574106048));
#2192=CARTESIAN_POINT('',(-0.112153951465372,0.0463086828017189,0.0492411762860347));
#2193=CARTESIAN_POINT('',(-0.114680753103421,0.0448653071287838,0.0490439845185163));
#2194=CARTESIAN_POINT('',(-0.11720755474147,0.0434219314558485,0.0488467927509979));
#2195=CARTESIAN_POINT('',(-0.119734356379503,0.0448653071288614,0.0486496009838448));
#2196=CARTESIAN_POINT('',(-0.122261158017536,0.0463086828018743,0.0484524092166916));
#2197=CARTESIAN_POINT('',(-0.122297472910331,0.049195434147875,0.048037328092852));
#2198=CARTESIAN_POINT('',(-0.122333787803127,0.0520821854938759,0.0476222469690124));
#2199=CARTESIAN_POINT('',(-0.119879615950701,0.0535255611669167,0.046989276488121));
#2200=CARTESIAN_POINT('',(-0.117425444098276,0.0549689368399572,0.0463563060072296));
#2201=CARTESIAN_POINT('',(-0.114971272245866,0.0535255611670499,0.0457233355259729));
#2202=CARTESIAN_POINT('',(-0.112517100393456,0.0520821854941424,0.0450903650447163));
#2203=CARTESIAN_POINT('',(-0.112553415286283,0.0491954341482472,0.0446752839201461));
#2204=CARTESIAN_POINT('',(-0.11258973017911,0.0463086828023517,0.044260202795576));
#2205=CARTESIAN_POINT('',(-0.115116531817159,0.0448653071294164,0.0440630110280576));
#2206=CARTESIAN_POINT('',(-0.117643333455208,0.0434219314564811,0.0438658192605392));
#2207=CARTESIAN_POINT('',(-0.120170135093241,0.044865307129494,0.043668627493386));
#2208=CARTESIAN_POINT('',(-0.122696936731274,0.0463086828025068,0.043471435726233));
#2209=CARTESIAN_POINT('',(-0.12273325162407,0.0491954341485078,0.0430563546023933));
#2210=CARTESIAN_POINT('',(-0.122769566516866,0.0520821854945084,0.0426412734785538));
#2211=CARTESIAN_POINT('',(-0.12031539466444,0.0535255611675492,0.0420083029976623));
#2212=CARTESIAN_POINT('',(-0.117861222812014,0.0549689368405899,0.0413753325167708));
#2213=CARTESIAN_POINT('',(-0.115407050959604,0.0535255611676826,0.0407423620355142));
#2214=CARTESIAN_POINT('',(-0.112952879107194,0.0520821854947751,0.0401093915542575));
#2215=CARTESIAN_POINT('',(-0.112989194000021,0.0491954341488797,0.0396943104296874));
#2216=CARTESIAN_POINT('',(-0.113025508892849,0.0463086828029841,0.0392792293051173));
#2217=CARTESIAN_POINT('',(-0.115552310530897,0.044865307130049,0.0390820375375988));
#2218=CARTESIAN_POINT('',(-0.118079112168946,0.0434219314571137,0.0388848457700805));
#2219=CARTESIAN_POINT('',(-0.120605913806979,0.0448653071301267,0.0386876540029274));
#2220=CARTESIAN_POINT('',(-0.123132715445012,0.0463086828031393,0.0384904622357742));
#2221=CARTESIAN_POINT('',(-0.123169030337808,0.0491954341491403,0.0380753811119346));
#2222=CARTESIAN_POINT('',(-0.123205345230604,0.0520821854951412,0.037660299988095));
#2223=CARTESIAN_POINT('',(-0.120751173378178,0.0535255611681818,0.0370273295072036));
#2224=CARTESIAN_POINT('',(-0.118297001525752,0.0549689368412226,0.0363943590263122));
#2225=CARTESIAN_POINT('',(-0.115842829673342,0.0535255611683152,0.0357613885450555));
#2226=CARTESIAN_POINT('',(-0.113388657820932,0.0520821854954079,0.0351284180637988));
#2227=CARTESIAN_POINT('',(-0.11342497271376,0.0491954341495124,0.0347133369392287));
#2228=CARTESIAN_POINT('',(-0.113461287606587,0.0463086828036169,0.0342982558146585));
#2229=CARTESIAN_POINT('',(-0.115988089244636,0.0448653071306816,0.0341010640471402));
#2230=CARTESIAN_POINT('',(-0.118514890882684,0.0434219314577464,0.0339038722796217));
#2231=CARTESIAN_POINT('',(-0.121041692520718,0.0448653071307593,0.0337066805124686));
#2232=CARTESIAN_POINT('',(-0.12356849415875,0.0463086828037722,0.0335094887453155));
#2233=CARTESIAN_POINT('',(-0.123604809051546,0.0491954341497728,0.0330944076214759));
#2234=CARTESIAN_POINT('',(-0.123641123944342,0.0520821854957737,0.0326793264976363));
#2235=CARTESIAN_POINT('',(-0.121186952091916,0.0535255611688145,0.0320463560167448));
#2236=CARTESIAN_POINT('',(-0.118732780239491,0.0549689368418552,0.0314133855358535));
#2237=CARTESIAN_POINT('',(-0.116278608387081,0.0535255611689478,0.0307804150545967));
#2238=CARTESIAN_POINT('',(-0.113824436534671,0.0520821854960404,0.03014744457334));
#2239=CARTESIAN_POINT('',(-0.113860751427498,0.0491954341501449,0.0297323634487699));
#2240=CARTESIAN_POINT('',(-0.113897066320325,0.0463086828042496,0.0293172823241998));
#2241=CARTESIAN_POINT('',(-0.116423867958374,0.0448653071313143,0.0291200905566814));
#2242=CARTESIAN_POINT('',(-0.118950669596423,0.043421931458379,0.028922898789163));
#2243=CARTESIAN_POINT('',(-0.121477471234456,0.0448653071313918,0.0287257070220098));
#2244=CARTESIAN_POINT('',(-0.124004272872489,0.0463086828044047,0.0285285152548568));
#2245=CARTESIAN_POINT('',(-0.124040587765285,0.0491954341504056,0.0281134341310172));
#2246=CARTESIAN_POINT('',(-0.12407690265808,0.0520821854964063,0.0276983530071775));
#2247=CARTESIAN_POINT('',(-0.121622730805655,0.0535255611694471,0.0270653825262861));
#2248=CARTESIAN_POINT('',(-0.119168558953229,0.0549689368424879,0.0264324120453947));
#2249=CARTESIAN_POINT('',(-0.116714387100819,0.0535255611695804,0.025799441564138));
#2250=CARTESIAN_POINT('',(-0.114260215248409,0.0520821854966731,0.0251664710828814));
#2251=CARTESIAN_POINT('',(-0.114296530141236,0.0491954341507776,0.0247513899583112));
#2252=CARTESIAN_POINT('',(-0.114332845034064,0.0463086828048821,0.024336308833741));
#2253=CARTESIAN_POINT('',(-0.116859646672112,0.044865307131947,0.0241391170662227));
#2254=CARTESIAN_POINT('',(-0.119386448310161,0.0434219314590117,0.0239419252987043));
#2255=CARTESIAN_POINT('',(-0.121913249948194,0.0448653071320246,0.0237447335315512));
#2256=CARTESIAN_POINT('',(-0.124440051586227,0.0463086828050372,0.0235475417643981));
#2257=CARTESIAN_POINT('',(-0.124476366479023,0.0491954341510382,0.0231324606405585));
#2258=CARTESIAN_POINT('',(-0.124512681371818,0.0520821854970391,0.0227173795167188));
#2259=CARTESIAN_POINT('',(-0.122058509519393,0.0535255611700797,0.0220844090358274));
#2260=CARTESIAN_POINT('',(-0.119604337666967,0.0549689368431204,0.021451438554936));
#2261=CARTESIAN_POINT('',(-0.117150165814557,0.0535255611702131,0.0208184680736793));
#2262=CARTESIAN_POINT('',(-0.114695993962147,0.0520821854973056,0.0201854975924227));
#2263=CARTESIAN_POINT('',(-0.114732308854975,0.0491954341514104,0.0197704164678525));
#2264=CARTESIAN_POINT('',(-0.114768623747802,0.0463086828055148,0.0193553353432823));
#2265=CARTESIAN_POINT('',(-0.117295425385851,0.0448653071325796,0.0191581435757639));
#2266=CARTESIAN_POINT('',(-0.119822227023899,0.0434219314596443,0.0189609518082456));
#2267=CARTESIAN_POINT('',(-0.122349028661932,0.0448653071326571,0.0187637600410924));
#2268=CARTESIAN_POINT('',(-0.124875830299965,0.04630868280567,0.0185665682739393));
#2269=CARTESIAN_POINT('',(-0.124912145192761,0.0491954341516707,0.0181514871500997));
#2270=CARTESIAN_POINT('',(-0.124948460085557,0.0520821854976716,0.0177364060262601));
#2271=CARTESIAN_POINT('',(-0.122494288233131,0.0535255611707124,0.0171034355453686));
#2272=CARTESIAN_POINT('',(-0.120040116380705,0.0549689368437531,0.0164704650644772));
#2273=CARTESIAN_POINT('',(-0.117585944528295,0.0535255611708458,0.0158374945832205));
#2274=CARTESIAN_POINT('',(-0.115131772675886,0.0520821854979383,0.0152045241019639));
#2275=CARTESIAN_POINT('',(-0.115168087568713,0.0491954341520428,0.0147894429773938));
#2276=CARTESIAN_POINT('',(-0.11520440246154,0.0463086828061476,0.0143743618528236));
#2277=CARTESIAN_POINT('',(-0.117731204099589,0.0448653071332123,0.0141771700853052));
#2278=CARTESIAN_POINT('',(-0.120258005737638,0.0434219314602769,0.0139799783177868));
#2279=CARTESIAN_POINT('',(-0.122784807375671,0.0448653071332897,0.0137827865506337));
#2280=CARTESIAN_POINT('',(-0.125311609013704,0.0463086828063026,0.0135855947834806));
#2281=CARTESIAN_POINT('',(-0.125347923906499,0.0491954341523035,0.013170513659641));
#2282=CARTESIAN_POINT('',(-0.125384238799295,0.0520821854983044,0.0127554325358013));
#2283=CARTESIAN_POINT('',(-0.122930066946869,0.053525561171345,0.0121224620549099));
#2284=CARTESIAN_POINT('',(-0.120475895094444,0.0549689368443858,0.0114894915740185));
#2285=CARTESIAN_POINT('',(-0.118021723242034,0.0535255611714783,0.0108565210927619));
#2286=CARTESIAN_POINT('',(-0.115567551389624,0.052082185498571,0.0102235506115052));
#2287=CARTESIAN_POINT('',(-0.115603866282451,0.0491954341526756,0.00980846948693502));
#2288=CARTESIAN_POINT('',(-0.115640181175278,0.0463086828067801,0.00939338836236486));
#2289=CARTESIAN_POINT('',(-0.118166982813327,0.0448653071338449,0.00919619659484645));
#2290=CARTESIAN_POINT('',(-0.120693784451376,0.0434219314609096,0.00899900482732805));
#2291=CARTESIAN_POINT('',(-0.123220586089409,0.0448653071339224,0.008801813060175));
#2292=CARTESIAN_POINT('',(-0.125747387727442,0.0463086828069351,0.00860462129302189));
#2293=CARTESIAN_POINT('',(-0.125783702620238,0.049195434152936,0.00818954016918224));
#2294=CARTESIAN_POINT('',(-0.125820017513033,0.0520821854989369,0.0077744590453426));
#2295=CARTESIAN_POINT('',(-0.123365845660608,0.0535255611719777,0.00714148856445118));
#2296=CARTESIAN_POINT('',(-0.120911673808182,0.0549689368450184,0.00650851808355981));
#2297=CARTESIAN_POINT('',(-0.118457501955772,0.053525561172111,0.00587554760230314));
#2298=CARTESIAN_POINT('',(-0.116003330103362,0.0520821854992035,0.00524257712104647));
#2299=CARTESIAN_POINT('',(-0.116039644996189,0.0491954341533083,0.00482749599647629));
#2300=CARTESIAN_POINT('',(-0.0995825845690274,0.0476157914454693,0.195870803932038));
#2301=CARTESIAN_POINT('',(-0.100207101560435,0.045814546698405,0.195614288792584));
#2302=CARTESIAN_POINT('',(-0.101868858919515,0.0448653071101841,0.195484605138003));
#2303=CARTESIAN_POINT('',(-0.104395660557564,0.0434219314372489,0.195287413370485));
#2304=CARTESIAN_POINT('',(-0.106922462195597,0.044865307110262,0.195090221603332));
#2305=CARTESIAN_POINT('',(-0.10944926383363,0.0463086827832749,0.194893029836178));
#2306=CARTESIAN_POINT('',(-0.109485578726426,0.0491954341292758,0.194477948712338));
#2307=CARTESIAN_POINT('',(-0.109521893619221,0.0520821854752766,0.194062867588499));
#2308=CARTESIAN_POINT('',(-0.107067721766795,0.0535255611483172,0.193429897107607));
#2309=CARTESIAN_POINT('',(-0.10461354991437,0.0549689368213578,0.192796926626716));
#2310=CARTESIAN_POINT('',(-0.10215937806196,0.0535255611484503,0.19216395614546));
#2311=CARTESIAN_POINT('',(-0.0997052062095499,0.0520821854755427,0.191530985664203));
#2312=CARTESIAN_POINT('',(-0.0997415211023774,0.0491954341296473,0.191115904539632));
#2313=CARTESIAN_POINT('',(-0.0997778359952048,0.0463086827837519,0.190700823415063));
#2314=CARTESIAN_POINT('',(-0.102304637633254,0.0448653071108168,0.190503631647544));
#2315=CARTESIAN_POINT('',(-0.104831439271303,0.0434219314378816,0.190306439880026));
#2316=CARTESIAN_POINT('',(-0.107358240909335,0.0448653071108946,0.190109248112872));
#2317=CARTESIAN_POINT('',(-0.109885042547368,0.0463086827839075,0.18991205634572));
#2318=CARTESIAN_POINT('',(-0.109921357440164,0.0491954341299084,0.18949697522188));
#2319=CARTESIAN_POINT('',(-0.10995767233296,0.0520821854759092,0.18908189409804));
#2320=CARTESIAN_POINT('',(-0.107503500480534,0.0535255611489498,0.188448923617149));
#2321=CARTESIAN_POINT('',(-0.105049328628108,0.0549689368219905,0.187815953136257));
#2322=CARTESIAN_POINT('',(-0.102595156775698,0.0535255611490829,0.187182982655001));
#2323=CARTESIAN_POINT('',(-0.100140984923288,0.0520821854761753,0.186550012173744));
#2324=CARTESIAN_POINT('',(-0.100177299816116,0.04919543413028,0.186134931049174));
#2325=CARTESIAN_POINT('',(-0.100213614708943,0.0463086827843845,0.185719849924604));
#2326=CARTESIAN_POINT('',(-0.102740416346992,0.0448653071114494,0.185522658157085));
#2327=CARTESIAN_POINT('',(-0.105267217985041,0.0434219314385142,0.185325466389567));
#2328=CARTESIAN_POINT('',(-0.107794019623074,0.0448653071115272,0.185128274622414));
#2329=CARTESIAN_POINT('',(-0.110320821261107,0.0463086827845402,0.184931082855261));
#2330=CARTESIAN_POINT('',(-0.110357136153902,0.049195434130541,0.184516001731421));
#2331=CARTESIAN_POINT('',(-0.110393451046698,0.0520821854765418,0.184100920607582));
#2332=CARTESIAN_POINT('',(-0.107939279194272,0.0535255611495825,0.18346795012669));
#2333=CARTESIAN_POINT('',(-0.105485107341846,0.054968936822623,0.182834979645799));
#2334=CARTESIAN_POINT('',(-0.103030935489436,0.0535255611497155,0.182202009164542));
#2335=CARTESIAN_POINT('',(-0.100576763637026,0.052082185476808,0.181569038683285));
#2336=CARTESIAN_POINT('',(-0.100613078529854,0.0491954341309126,0.181153957558715));
#2337=CARTESIAN_POINT('',(-0.100649393422681,0.0463086827850172,0.180738876434145));
#2338=CARTESIAN_POINT('',(-0.10317619506073,0.0448653071120821,0.180541684666627));
#2339=CARTESIAN_POINT('',(-0.105702996698779,0.0434219314391469,0.180344492899108));
#2340=CARTESIAN_POINT('',(-0.108229798336812,0.0448653071121599,0.180147301131955));
#2341=CARTESIAN_POINT('',(-0.110756599974845,0.0463086827851728,0.179950109364802));
#2342=CARTESIAN_POINT('',(-0.110792914867641,0.0491954341311737,0.179535028240963));
#2343=CARTESIAN_POINT('',(-0.110829229760436,0.0520821854771745,0.179119947117123));
#2344=CARTESIAN_POINT('',(-0.10837505790801,0.0535255611502151,0.178486976636232));
#2345=CARTESIAN_POINT('',(-0.105920886055585,0.0549689368232557,0.17785400615534));
#2346=CARTESIAN_POINT('',(-0.103466714203175,0.0535255611503482,0.177221035674083));
#2347=CARTESIAN_POINT('',(-0.101012542350765,0.0520821854774407,0.176588065192827));
#2348=CARTESIAN_POINT('',(-0.101048857243592,0.0491954341315452,0.176172984068257));
#2349=CARTESIAN_POINT('',(-0.10108517213642,0.0463086827856498,0.175757902943686));
#2350=CARTESIAN_POINT('',(-0.103611973774469,0.0448653071127147,0.175560711176168));
#2351=CARTESIAN_POINT('',(-0.106138775412517,0.0434219314397795,0.17536351940865));
#2352=CARTESIAN_POINT('',(-0.10866557705055,0.0448653071127925,0.175166327641497));
#2353=CARTESIAN_POINT('',(-0.111192378688583,0.0463086827858054,0.174969135874343));
#2354=CARTESIAN_POINT('',(-0.111228693581379,0.0491954341318063,0.174554054750504));
#2355=CARTESIAN_POINT('',(-0.111265008474174,0.0520821854778072,0.174138973626664));
#2356=CARTESIAN_POINT('',(-0.108810836621749,0.0535255611508478,0.173506003145772));
#2357=CARTESIAN_POINT('',(-0.106356664769323,0.0549689368238883,0.172873032664881));
#2358=CARTESIAN_POINT('',(-0.103902492916913,0.0535255611509808,0.172240062183625));
#2359=CARTESIAN_POINT('',(-0.101448321064503,0.0520821854780732,0.171607091702368));
#2360=CARTESIAN_POINT('',(-0.10148463595733,0.0491954341321779,0.171192010577798));
#2361=CARTESIAN_POINT('',(-0.101520950850158,0.0463086827862824,0.170776929453228));
#2362=CARTESIAN_POINT('',(-0.104047752488207,0.0448653071133473,0.170579737685709));
#2363=CARTESIAN_POINT('',(-0.106574554126256,0.0434219314404121,0.170382545918191));
#2364=CARTESIAN_POINT('',(-0.109101355764289,0.0448653071134252,0.170185354151038));
#2365=CARTESIAN_POINT('',(-0.111628157402322,0.0463086827864381,0.169988162383885));
#2366=CARTESIAN_POINT('',(-0.111664472295117,0.0491954341324389,0.169573081260045));
#2367=CARTESIAN_POINT('',(-0.111700787187913,0.0520821854784397,0.169158000136205));
#2368=CARTESIAN_POINT('',(-0.109246615335487,0.0535255611514804,0.168525029655314));
#2369=CARTESIAN_POINT('',(-0.106792443483061,0.054968936824521,0.167892059174423));
#2370=CARTESIAN_POINT('',(-0.104338271630651,0.0535255611516135,0.167259088693166));
#2371=CARTESIAN_POINT('',(-0.101884099778241,0.0520821854787059,0.166626118211909));
#2372=CARTESIAN_POINT('',(-0.101920414671069,0.0491954341328105,0.166211037087339));
#2373=CARTESIAN_POINT('',(-0.101956729563896,0.0463086827869151,0.165795955962769));
#2374=CARTESIAN_POINT('',(-0.104483531201945,0.04486530711398,0.16559876419525));
#2375=CARTESIAN_POINT('',(-0.107010332839994,0.0434219314410448,0.165401572427732));
#2376=CARTESIAN_POINT('',(-0.109537134478027,0.0448653071140577,0.165204380660579));
#2377=CARTESIAN_POINT('',(-0.11206393611606,0.0463086827870707,0.165007188893426));
#2378=CARTESIAN_POINT('',(-0.112100251008855,0.0491954341330716,0.164592107769586));
#2379=CARTESIAN_POINT('',(-0.112136565901651,0.0520821854790724,0.164177026645747));
#2380=CARTESIAN_POINT('',(-0.109682394049225,0.053525561152113,0.163544056164856));
#2381=CARTESIAN_POINT('',(-0.107228222196799,0.0549689368251536,0.162911085683964));
#2382=CARTESIAN_POINT('',(-0.104774050344389,0.0535255611522461,0.162278115202707));
#2383=CARTESIAN_POINT('',(-0.10231987849198,0.0520821854793385,0.16164514472145));
#2384=CARTESIAN_POINT('',(-0.102356193384807,0.0491954341334431,0.16123006359688));
#2385=CARTESIAN_POINT('',(-0.102392508277635,0.0463086827875477,0.16081498247231));
#2386=CARTESIAN_POINT('',(-0.104919309915683,0.0448653071146126,0.160617790704792));
#2387=CARTESIAN_POINT('',(-0.107446111553732,0.0434219314416774,0.160420598937273));
#2388=CARTESIAN_POINT('',(-0.109972913191765,0.0448653071146904,0.16022340717012));
#2389=CARTESIAN_POINT('',(-0.112499714829798,0.0463086827877034,0.160026215402967));
#2390=CARTESIAN_POINT('',(-0.112536029722594,0.0491954341337042,0.159611134279128));
#2391=CARTESIAN_POINT('',(-0.112572344615389,0.052082185479705,0.159196053155288));
#2392=CARTESIAN_POINT('',(-0.110118172762963,0.0535255611527457,0.158563082674396));
#2393=CARTESIAN_POINT('',(-0.107664000910538,0.0549689368257862,0.157930112193505));
#2394=CARTESIAN_POINT('',(-0.105209829058128,0.0535255611528787,0.157297141712249));
#2395=CARTESIAN_POINT('',(-0.102755657205718,0.0520821854799712,0.156664171230992));
#2396=CARTESIAN_POINT('',(-0.102791972098545,0.0491954341340758,0.156249090106421));
#2397=CARTESIAN_POINT('',(-0.102828286991373,0.0463086827881804,0.155834008981851));
#2398=CARTESIAN_POINT('',(-0.105355088629422,0.0448653071152452,0.155636817214333));
#2399=CARTESIAN_POINT('',(-0.107881890267471,0.0434219314423101,0.155439625446815));
#2400=CARTESIAN_POINT('',(-0.110408691905503,0.044865307115323,0.155242433679662));
#2401=CARTESIAN_POINT('',(-0.112935493543536,0.046308682788336,0.155045241912509));
#2402=CARTESIAN_POINT('',(-0.112971808436332,0.0491954341343369,0.154630160788669));
#2403=CARTESIAN_POINT('',(-0.113008123329128,0.0520821854803377,0.154215079664829));
#2404=CARTESIAN_POINT('',(-0.110553951476702,0.0535255611533783,0.153582109183938));
#2405=CARTESIAN_POINT('',(-0.108099779624276,0.0549689368264188,0.152949138703046));
#2406=CARTESIAN_POINT('',(-0.105645607771866,0.0535255611535114,0.152316168221789));
#2407=CARTESIAN_POINT('',(-0.103191435919456,0.0520821854806039,0.151683197740533));
#2408=CARTESIAN_POINT('',(-0.103227750812284,0.0491954341347084,0.151268116615963));
#2409=CARTESIAN_POINT('',(-0.103264065705111,0.046308682788813,0.150853035491393));
#2410=CARTESIAN_POINT('',(-0.10579086734316,0.0448653071158778,0.150655843723874));
#2411=CARTESIAN_POINT('',(-0.108317668981209,0.0434219314429427,0.150458651956356));
#2412=CARTESIAN_POINT('',(-0.110844470619242,0.0448653071159557,0.150261460189203));
#2413=CARTESIAN_POINT('',(-0.113371272257275,0.0463086827889686,0.15006426842205));
#2414=CARTESIAN_POINT('',(-0.11340758715007,0.0491954341349695,0.14964918729821));
#2415=CARTESIAN_POINT('',(-0.113443902042866,0.0520821854809704,0.14923410617437));
#2416=CARTESIAN_POINT('',(-0.11098973019044,0.0535255611540109,0.148601135693479));
#2417=CARTESIAN_POINT('',(-0.108535558338014,0.0549689368270515,0.147968165212588));
#2418=CARTESIAN_POINT('',(-0.106081386485604,0.053525561154144,0.147335194731331));
#2419=CARTESIAN_POINT('',(-0.103627214633195,0.0520821854812364,0.146702224250074));
#2420=CARTESIAN_POINT('',(-0.103663529526022,0.0491954341353411,0.146287143125504));
#2421=CARTESIAN_POINT('',(-0.103699844418849,0.0463086827894456,0.145872062000934));
#2422=CARTESIAN_POINT('',(-0.106226646056898,0.0448653071165105,0.145674870233416));
#2423=CARTESIAN_POINT('',(-0.108753447694947,0.0434219314435753,0.145477678465897));
#2424=CARTESIAN_POINT('',(-0.11128024933298,0.0448653071165883,0.145280486698744));
#2425=CARTESIAN_POINT('',(-0.113807050971013,0.0463086827896013,0.145083294931591));
#2426=CARTESIAN_POINT('',(-0.113843365863809,0.0491954341356021,0.144668213807751));
#2427=CARTESIAN_POINT('',(-0.113879680756604,0.0520821854816029,0.144253132683912));
#2428=CARTESIAN_POINT('',(-0.111425508904178,0.0535255611546436,0.14362016220302));
#2429=CARTESIAN_POINT('',(-0.108971337051752,0.0549689368276842,0.142987191722129));
#2430=CARTESIAN_POINT('',(-0.106517165199343,0.0535255611547766,0.142354221240872));
#2431=CARTESIAN_POINT('',(-0.104062993346933,0.0520821854818691,0.141721250759616));
#2432=CARTESIAN_POINT('',(-0.10409930823976,0.0491954341359737,0.141306169635045));
#2433=CARTESIAN_POINT('',(-0.104135623132588,0.0463086827900783,0.140891088510475));
#2434=CARTESIAN_POINT('',(-0.106662424770637,0.0448653071171431,0.140693896742957));
#2435=CARTESIAN_POINT('',(-0.109189226408685,0.043421931444208,0.140496704975438));
#2436=CARTESIAN_POINT('',(-0.111716028046718,0.0448653071172209,0.140299513208285));
#2437=CARTESIAN_POINT('',(-0.114242829684751,0.0463086827902339,0.140102321441132));
#2438=CARTESIAN_POINT('',(-0.114279144577547,0.0491954341362348,0.139687240317293));
#2439=CARTESIAN_POINT('',(-0.114315459470342,0.0520821854822356,0.139272159193453));
#2440=CARTESIAN_POINT('',(-0.111861287617917,0.0535255611552762,0.138639188712562));
#2441=CARTESIAN_POINT('',(-0.109407115765491,0.0549689368283168,0.13800621823167));
#2442=CARTESIAN_POINT('',(-0.106952943913081,0.0535255611554093,0.137373247750414));
#2443=CARTESIAN_POINT('',(-0.104498772060671,0.0520821854825017,0.136740277269157));
#2444=CARTESIAN_POINT('',(-0.104535086953498,0.0491954341366063,0.136325196144587));
#2445=CARTESIAN_POINT('',(-0.104571401846326,0.0463086827907109,0.135910115020017));
#2446=CARTESIAN_POINT('',(-0.107098203484375,0.0448653071177758,0.135712923252498));
#2447=CARTESIAN_POINT('',(-0.109625005122424,0.0434219314448406,0.13551573148498));
#2448=CARTESIAN_POINT('',(-0.112151806760457,0.0448653071178536,0.135318539717827));
#2449=CARTESIAN_POINT('',(-0.11467860839849,0.0463086827908665,0.135121347950674));
#2450=CARTESIAN_POINT('',(-0.114714923291285,0.0491954341368674,0.134706266826834));
#2451=CARTESIAN_POINT('',(-0.114751238184081,0.0520821854828682,0.134291185702994));
#2452=CARTESIAN_POINT('',(-0.112297066331655,0.0535255611559089,0.133658215222103));
#2453=CARTESIAN_POINT('',(-0.109842894479229,0.0549689368289494,0.133025244741211));
#2454=CARTESIAN_POINT('',(-0.107388722626819,0.0535255611560419,0.132392274259955));
#2455=CARTESIAN_POINT('',(-0.104934550774409,0.0520821854831344,0.131759303778698));
#2456=CARTESIAN_POINT('',(-0.104970865667237,0.049195434137239,0.131344222654128));
#2457=CARTESIAN_POINT('',(-0.105007180560064,0.0463086827913436,0.130929141529558));
#2458=CARTESIAN_POINT('',(-0.107533982198113,0.0448653071184084,0.130731949762039));
#2459=CARTESIAN_POINT('',(-0.110060783836162,0.0434219314454732,0.130534757994521));
#2460=CARTESIAN_POINT('',(-0.112587585474195,0.0448653071184862,0.130337566227368));
#2461=CARTESIAN_POINT('',(-0.115114387112228,0.0463086827914992,0.130140374460215));
#2462=CARTESIAN_POINT('',(-0.115150702005023,0.0491954341375,0.129725293336375));
#2463=CARTESIAN_POINT('',(-0.115187016897819,0.0520821854835009,0.129310212212536));
#2464=CARTESIAN_POINT('',(-0.112732845045393,0.0535255611565415,0.128677241731644));
#2465=CARTESIAN_POINT('',(-0.110278673192967,0.054968936829582,0.128044271250753));
#2466=CARTESIAN_POINT('',(-0.107824501340557,0.0535255611566745,0.127411300769496));
#2467=CARTESIAN_POINT('',(-0.105370329488148,0.052082185483767,0.126778330288239));
#2468=CARTESIAN_POINT('',(-0.105406644380975,0.0491954341378716,0.126363249163669));
#2469=CARTESIAN_POINT('',(-0.105442959273803,0.0463086827919762,0.125948168039099));
#2470=CARTESIAN_POINT('',(-0.107969760911851,0.0448653071190411,0.125750976271581));
#2471=CARTESIAN_POINT('',(-0.1104965625499,0.0434219314461059,0.125553784504062));
#2472=CARTESIAN_POINT('',(-0.113023364187933,0.0448653071191189,0.125356592736909));
#2473=CARTESIAN_POINT('',(-0.115550165825966,0.0463086827921318,0.125159400969756));
#2474=CARTESIAN_POINT('',(-0.115586480718762,0.0491954341381327,0.124744319845916));
#2475=CARTESIAN_POINT('',(-0.115622795611557,0.0520821854841335,0.124329238722077));
#2476=CARTESIAN_POINT('',(-0.113168623759131,0.0535255611571741,0.123696268241185));
#2477=CARTESIAN_POINT('',(-0.110714451906706,0.0549689368302147,0.123063297760294));
#2478=CARTESIAN_POINT('',(-0.108260280054296,0.0535255611573072,0.122430327279037));
#2479=CARTESIAN_POINT('',(-0.105806108201886,0.0520821854843996,0.121797356797781));
#2480=CARTESIAN_POINT('',(-0.105842423094713,0.0491954341385042,0.12138227567321));
#2481=CARTESIAN_POINT('',(-0.105878737987541,0.0463086827926088,0.12096719454864));
#2482=CARTESIAN_POINT('',(-0.10840553962559,0.0448653071196737,0.120770002781122));
#2483=CARTESIAN_POINT('',(-0.110932341263639,0.0434219314467385,0.120572811013604));
#2484=CARTESIAN_POINT('',(-0.113459142901672,0.0448653071197515,0.12037561924645));
#2485=CARTESIAN_POINT('',(-0.115985944539704,0.0463086827927644,0.120178427479297));
#2486=CARTESIAN_POINT('',(-0.1160222594325,0.0491954341387653,0.119763346355458));
#2487=CARTESIAN_POINT('',(-0.116058574325296,0.0520821854847661,0.119348265231618));
#2488=CARTESIAN_POINT('',(-0.11360440247287,0.0535255611578068,0.118715294750727));
#2489=CARTESIAN_POINT('',(-0.111150230620444,0.0549689368308474,0.118082324269835));
#2490=CARTESIAN_POINT('',(-0.108696058768034,0.0535255611579398,0.117449353788579));
#2491=CARTESIAN_POINT('',(-0.106241886915624,0.0520821854850322,0.116816383307322));
#2492=CARTESIAN_POINT('',(-0.106278201808452,0.0491954341391369,0.116401302182752));
#2493=CARTESIAN_POINT('',(-0.106314516701279,0.0463086827932414,0.115986221058182));
#2494=CARTESIAN_POINT('',(-0.108841318339328,0.0448653071203063,0.115789029290663));
#2495=CARTESIAN_POINT('',(-0.111368119977377,0.0434219314473712,0.115591837523145));
#2496=CARTESIAN_POINT('',(-0.11389492161541,0.0448653071203842,0.115394645755992));
#2497=CARTESIAN_POINT('',(-0.116421723253443,0.0463086827933971,0.115197453988839));
#2498=CARTESIAN_POINT('',(-0.116458038146238,0.0491954341393979,0.114782372864999));
#2499=CARTESIAN_POINT('',(-0.116494353039034,0.0520821854853987,0.114367291741159));
#2500=CARTESIAN_POINT('',(-0.114040181186608,0.0535255611584394,0.113734321260268));
#2501=CARTESIAN_POINT('',(-0.111586009334182,0.05496893683148,0.113101350779376));
#2502=CARTESIAN_POINT('',(-0.109131837481772,0.0535255611585725,0.11246838029812));
#2503=CARTESIAN_POINT('',(-0.106677665629362,0.0520821854856649,0.111835409816863));
#2504=CARTESIAN_POINT('',(-0.10671398052219,0.0491954341397695,0.111420328692293));
#2505=CARTESIAN_POINT('',(-0.106750295415017,0.0463086827938741,0.111005247567723));
#2506=CARTESIAN_POINT('',(-0.109277097053066,0.044865307120939,0.110808055800205));
#2507=CARTESIAN_POINT('',(-0.111803898691115,0.0434219314480038,0.110610864032686));
#2508=CARTESIAN_POINT('',(-0.114330700329148,0.0448653071210168,0.110413672265533));
#2509=CARTESIAN_POINT('',(-0.116857501967181,0.0463086827940297,0.11021648049838));
#2510=CARTESIAN_POINT('',(-0.116893816859977,0.0491954341400306,0.10980139937454));
#2511=CARTESIAN_POINT('',(-0.116930131752772,0.0520821854860314,0.109386318250701));
#2512=CARTESIAN_POINT('',(-0.114475959900346,0.053525561159072,0.108753347769809));
#2513=CARTESIAN_POINT('',(-0.112021788047921,0.0549689368321126,0.108120377288918));
#2514=CARTESIAN_POINT('',(-0.109567616195511,0.0535255611592051,0.107487406807661));
#2515=CARTESIAN_POINT('',(-0.107113444343101,0.0520821854862976,0.106854436326404));
#2516=CARTESIAN_POINT('',(-0.107149759235928,0.0491954341404021,0.106439355201834));
#2517=CARTESIAN_POINT('',(-0.107186074128756,0.0463086827945067,0.106024274077264));
#2518=CARTESIAN_POINT('',(-0.109712875766805,0.0448653071215716,0.105827082309746));
#2519=CARTESIAN_POINT('',(-0.112239677404853,0.0434219314486364,0.105629890542227));
#2520=CARTESIAN_POINT('',(-0.114766479042886,0.0448653071216494,0.105432698775074));
#2521=CARTESIAN_POINT('',(-0.117293280680919,0.0463086827946623,0.105235507007921));
#2522=CARTESIAN_POINT('',(-0.117329595573715,0.0491954341406632,0.104820425884081));
#2523=CARTESIAN_POINT('',(-0.11736591046651,0.0520821854866641,0.104405344760242));
#2524=CARTESIAN_POINT('',(-0.114911738614085,0.0535255611597047,0.10377237427935));
#2525=CARTESIAN_POINT('',(-0.112457566761659,0.0549689368327452,0.103139403798459));
#2526=CARTESIAN_POINT('',(-0.110003394909249,0.0535255611598377,0.102506433317202));
#2527=CARTESIAN_POINT('',(-0.107549223056839,0.0520821854869302,0.101873462835946));
#2528=CARTESIAN_POINT('',(-0.107585537949667,0.0491954341410348,0.101458381711376));
#2529=CARTESIAN_POINT('',(-0.107621852842494,0.0463086827951393,0.101043300586806));
#2530=CARTESIAN_POINT('',(-0.110148654480543,0.0448653071222042,0.100846108819287));
#2531=CARTESIAN_POINT('',(-0.112675456118592,0.043421931449269,0.100648917051769));
#2532=CARTESIAN_POINT('',(-0.115202257756625,0.0448653071222821,0.100451725284616));
#2533=CARTESIAN_POINT('',(-0.117729059394657,0.046308682795295,0.100254533517462));
#2534=CARTESIAN_POINT('',(-0.117765374287453,0.0491954341412959,0.0998394523936228));
#2535=CARTESIAN_POINT('',(-0.117801689180249,0.0520821854872967,0.0994243712697832));
#2536=CARTESIAN_POINT('',(-0.115347517327823,0.0535255611603373,0.0987914007888918));
#2537=CARTESIAN_POINT('',(-0.112893345475397,0.0549689368333779,0.0981584303080003));
#2538=CARTESIAN_POINT('',(-0.110439173622987,0.0535255611604704,0.0975254598267437));
#2539=CARTESIAN_POINT('',(-0.107985001770577,0.0520821854875628,0.0968924893454871));
#2540=CARTESIAN_POINT('',(-0.108021316663405,0.0491954341416674,0.0964774082209169));
#2541=CARTESIAN_POINT('',(-0.108057631556232,0.046308682795772,0.0960623270963467));
#2542=CARTESIAN_POINT('',(-0.110584433194281,0.0448653071228369,0.0958651353288284));
#2543=CARTESIAN_POINT('',(-0.11311123483233,0.0434219314499017,0.09566794356131));
#2544=CARTESIAN_POINT('',(-0.115638036470363,0.0448653071229147,0.0954707517941569));
#2545=CARTESIAN_POINT('',(-0.118164838108396,0.0463086827959276,0.0952735600270038));
#2546=CARTESIAN_POINT('',(-0.118201153001191,0.0491954341419285,0.0948584789031641));
#2547=CARTESIAN_POINT('',(-0.118237467893987,0.0520821854879293,0.0944433977793245));
#2548=CARTESIAN_POINT('',(-0.115783296041561,0.0535255611609699,0.093810427298433));
#2549=CARTESIAN_POINT('',(-0.113329124189135,0.0549689368340105,0.0931774568175416));
#2550=CARTESIAN_POINT('',(-0.110874952336726,0.053525561161103,0.092544486336285));
#2551=CARTESIAN_POINT('',(-0.108420780484316,0.0520821854881954,0.0919115158550283));
#2552=CARTESIAN_POINT('',(-0.108457095377143,0.0491954341423001,0.0914964347304582));
#2553=CARTESIAN_POINT('',(-0.108493410269971,0.0463086827964046,0.091081353605888));
#2554=CARTESIAN_POINT('',(-0.111020211908019,0.0448653071234695,0.0908841618383696));
#2555=CARTESIAN_POINT('',(-0.113547013546068,0.0434219314505343,0.0906869700708513));
#2556=CARTESIAN_POINT('',(-0.116073815184101,0.0448653071235473,0.0904897783036981));
#2557=CARTESIAN_POINT('',(-0.118600616822134,0.0463086827965603,0.090292586536545));
#2558=CARTESIAN_POINT('',(-0.11863693171493,0.0491954341425611,0.0898775054127054));
#2559=CARTESIAN_POINT('',(-0.118673246607725,0.0520821854885619,0.0894624242888657));
#2560=CARTESIAN_POINT('',(-0.116219074755299,0.0535255611616026,0.0888294538079743));
#2561=CARTESIAN_POINT('',(-0.113764902902874,0.0549689368346432,0.0881964833270829));
#2562=CARTESIAN_POINT('',(-0.111310731050464,0.0535255611617356,0.0875635128458262));
#2563=CARTESIAN_POINT('',(-0.108856559198054,0.0520821854888281,0.0869305423645697));
#2564=CARTESIAN_POINT('',(-0.108892874090881,0.0491954341429327,0.0865154612399994));
#2565=CARTESIAN_POINT('',(-0.108929188983709,0.0463086827970373,0.0861003801154293));
#2566=CARTESIAN_POINT('',(-0.111455990621758,0.0448653071241022,0.0859031883479109));
#2567=CARTESIAN_POINT('',(-0.113982792259807,0.043421931451167,0.0857059965803926));
#2568=CARTESIAN_POINT('',(-0.11650959389784,0.04486530712418,0.0855088048132394));
#2569=CARTESIAN_POINT('',(-0.119036395535872,0.0463086827971929,0.0853116130460863));
#2570=CARTESIAN_POINT('',(-0.119072710428668,0.0491954341431938,0.0848965319222467));
#2571=CARTESIAN_POINT('',(-0.119109025321464,0.0520821854891946,0.0844814507984071));
#2572=CARTESIAN_POINT('',(-0.116654853469038,0.0535255611622352,0.0838484803175156));
#2573=CARTESIAN_POINT('',(-0.114200681616612,0.0549689368352757,0.0832155098366242));
#2574=CARTESIAN_POINT('',(-0.111746509764202,0.0535255611623683,0.0825825393553675));
#2575=CARTESIAN_POINT('',(-0.109292337911792,0.0520821854894608,0.0819495688741108));
#2576=CARTESIAN_POINT('',(-0.10932865280462,0.0491954341435653,0.0815344877495407));
#2577=CARTESIAN_POINT('',(-0.109364967697447,0.0463086827976699,0.0811194066249705));
#2578=CARTESIAN_POINT('',(-0.111891769335496,0.0448653071247348,0.0809222148574522));
#2579=CARTESIAN_POINT('',(-0.114418570973545,0.0434219314517996,0.0807250230899337));
#2580=CARTESIAN_POINT('',(-0.116945372611578,0.0448653071248126,0.0805278313227807));
#2581=CARTESIAN_POINT('',(-0.119472174249611,0.0463086827978255,0.0803306395556276));
#2582=CARTESIAN_POINT('',(-0.119508489142406,0.0491954341438264,0.0799155584317879));
#2583=CARTESIAN_POINT('',(-0.119544804035202,0.0520821854898273,0.0795004773079482));
#2584=CARTESIAN_POINT('',(-0.117090632182776,0.0535255611628679,0.0788675068270568));
#2585=CARTESIAN_POINT('',(-0.11463646033035,0.0549689368359084,0.0782345363461655));
#2586=CARTESIAN_POINT('',(-0.11218228847794,0.0535255611630009,0.0776015658649088));
#2587=CARTESIAN_POINT('',(-0.109728116625531,0.0520821854900934,0.0769685953836522));
#2588=CARTESIAN_POINT('',(-0.109764431518358,0.049195434144198,0.076553514259082));
#2589=CARTESIAN_POINT('',(-0.109800746411185,0.0463086827983025,0.0761384331345118));
#2590=CARTESIAN_POINT('',(-0.112327548049234,0.0448653071253674,0.0759412413669934));
#2591=CARTESIAN_POINT('',(-0.114854349687283,0.0434219314524322,0.0757440495994751));
#2592=CARTESIAN_POINT('',(-0.117381151325316,0.0448653071254452,0.075546857832322));
#2593=CARTESIAN_POINT('',(-0.119907952963349,0.0463086827984582,0.0753496660651689));
#2594=CARTESIAN_POINT('',(-0.119944267856145,0.049195434144459,0.0749345849413292));
#2595=CARTESIAN_POINT('',(-0.11998058274894,0.0520821854904599,0.0745195038174895));
#2596=CARTESIAN_POINT('',(-0.117526410896514,0.0535255611635005,0.0738865333365981));
#2597=CARTESIAN_POINT('',(-0.115072239044089,0.0549689368365411,0.0732535628557067));
#2598=CARTESIAN_POINT('',(-0.112618067191679,0.0535255611636335,0.0726205923744501));
#2599=CARTESIAN_POINT('',(-0.110163895339269,0.052082185490726,0.0719876218931934));
#2600=CARTESIAN_POINT('',(-0.110200210232096,0.0491954341448306,0.0715725407686232));
#2601=CARTESIAN_POINT('',(-0.110236525124924,0.0463086827989352,0.0711574596440531));
#2602=CARTESIAN_POINT('',(-0.112763326762973,0.0448653071260001,0.0709602678765347));
#2603=CARTESIAN_POINT('',(-0.115290128401021,0.0434219314530649,0.0707630761090163));
#2604=CARTESIAN_POINT('',(-0.117816930039054,0.0448653071260778,0.0705658843418632));
#2605=CARTESIAN_POINT('',(-0.120343731677087,0.0463086827990908,0.0703686925747101));
#2606=CARTESIAN_POINT('',(-0.120380046569883,0.0491954341450917,0.0699536114508705));
#2607=CARTESIAN_POINT('',(-0.120416361462678,0.0520821854910925,0.0695385303270308));
#2608=CARTESIAN_POINT('',(-0.117962189610253,0.0535255611641331,0.0689055598461394));
#2609=CARTESIAN_POINT('',(-0.115508017757827,0.0549689368371737,0.068272589365248));
#2610=CARTESIAN_POINT('',(-0.113053845905417,0.0535255611642662,0.0676396188839913));
#2611=CARTESIAN_POINT('',(-0.110599674053007,0.0520821854913586,0.0670066484027346));
#2612=CARTESIAN_POINT('',(-0.110635988945835,0.0491954341454632,0.0665915672781645));
#2613=CARTESIAN_POINT('',(-0.110672303838662,0.0463086827995678,0.0661764861535944));
#2614=CARTESIAN_POINT('',(-0.113199105476711,0.0448653071266326,0.065979294386076));
#2615=CARTESIAN_POINT('',(-0.11572590711476,0.0434219314536975,0.0657821026185575));
#2616=CARTESIAN_POINT('',(-0.118252708752793,0.0448653071267105,0.0655849108514045));
#2617=CARTESIAN_POINT('',(-0.120779510390826,0.0463086827997235,0.0653877190842513));
#2618=CARTESIAN_POINT('',(-0.120815825283621,0.0491954341457243,0.0649726379604117));
#2619=CARTESIAN_POINT('',(-0.120852140176417,0.0520821854917251,0.0645575568365721));
#2620=CARTESIAN_POINT('',(-0.118397968323991,0.0535255611647658,0.0639245863556807));
#2621=CARTESIAN_POINT('',(-0.115943796471565,0.0549689368378064,0.0632916158747893));
#2622=CARTESIAN_POINT('',(-0.113489624619155,0.0535255611648988,0.0626586453935326));
#2623=CARTESIAN_POINT('',(-0.111035452766745,0.0520821854919913,0.0620256749122759));
#2624=CARTESIAN_POINT('',(-0.111071767659573,0.0491954341460959,0.0616105937877058));
#2625=CARTESIAN_POINT('',(-0.1111080825524,0.0463086828002005,0.0611955126631357));
#2626=CARTESIAN_POINT('',(-0.113634884190449,0.0448653071272653,0.0609983208956172));
#2627=CARTESIAN_POINT('',(-0.116161685828498,0.0434219314543301,0.0608011291280989));
#2628=CARTESIAN_POINT('',(-0.118688487466531,0.0448653071273432,0.0606039373609458));
#2629=CARTESIAN_POINT('',(-0.121215289104564,0.0463086828003561,0.0604067455937927));
#2630=CARTESIAN_POINT('',(-0.121251603997359,0.0491954341463569,0.059991664469953));
#2631=CARTESIAN_POINT('',(-0.121287918890155,0.0520821854923578,0.0595765833461134));
#2632=CARTESIAN_POINT('',(-0.118833747037729,0.0535255611653984,0.0589436128652219));
#2633=CARTESIAN_POINT('',(-0.116379575185304,0.0549689368384389,0.0583106423843306));
#2634=CARTESIAN_POINT('',(-0.113925403332894,0.0535255611655315,0.0576776719030739));
#2635=CARTESIAN_POINT('',(-0.111471231480484,0.0520821854926239,0.0570447014218172));
#2636=CARTESIAN_POINT('',(-0.111507546373311,0.0491954341467285,0.0566296202972471));
#2637=CARTESIAN_POINT('',(-0.111543861266139,0.0463086828008331,0.0562145391726769));
#2638=CARTESIAN_POINT('',(-0.114070662904187,0.0448653071278979,0.0560173474051585));
#2639=CARTESIAN_POINT('',(-0.116597464542236,0.0434219314549628,0.0558201556376402));
#2640=CARTESIAN_POINT('',(-0.119124266180269,0.0448653071279757,0.0556229638704871));
#2641=CARTESIAN_POINT('',(-0.121651067818302,0.0463086828009887,0.0554257721033339));
#2642=CARTESIAN_POINT('',(-0.121687382711098,0.0491954341469896,0.0550106909794943));
#2643=CARTESIAN_POINT('',(-0.121723697603893,0.0520821854929904,0.0545956098556546));
#2644=CARTESIAN_POINT('',(-0.119269525751468,0.053525561166031,0.0539626393747633));
#2645=CARTESIAN_POINT('',(-0.116815353899042,0.0549689368390716,0.0533296688938718));
#2646=CARTESIAN_POINT('',(-0.114361182046632,0.0535255611661641,0.0526966984126152));
#2647=CARTESIAN_POINT('',(-0.111907010194222,0.0520821854932566,0.0520637279313585));
#2648=CARTESIAN_POINT('',(-0.111943325087049,0.0491954341473612,0.0516486468067883));
#2649=CARTESIAN_POINT('',(-0.111979639979877,0.0463086828014657,0.0512335656822182));
#2650=CARTESIAN_POINT('',(-0.114506441617926,0.0448653071285306,0.0510363739146998));
#2651=CARTESIAN_POINT('',(-0.117033243255975,0.0434219314555954,0.0508391821471814));
#2652=CARTESIAN_POINT('',(-0.119560044894008,0.0448653071286084,0.0506419903800283));
#2653=CARTESIAN_POINT('',(-0.12208684653204,0.0463086828016214,0.0504447986128751));
#2654=CARTESIAN_POINT('',(-0.122123161424836,0.0491954341476222,0.0500297174890355));
#2655=CARTESIAN_POINT('',(-0.122159476317632,0.052082185493623,0.0496146363651959));
#2656=CARTESIAN_POINT('',(-0.119705304465206,0.0535255611666637,0.0489816658843045));
#2657=CARTESIAN_POINT('',(-0.11725113261278,0.0549689368397043,0.0483486954034131));
#2658=CARTESIAN_POINT('',(-0.11479696076037,0.0535255611667967,0.0477157249221564));
#2659=CARTESIAN_POINT('',(-0.11234278890796,0.0520821854938891,0.0470827544408997));
#2660=CARTESIAN_POINT('',(-0.112379103800788,0.0491954341479938,0.0466676733163296));
#2661=CARTESIAN_POINT('',(-0.112415418693615,0.0463086828020984,0.0462525921917594));
#2662=CARTESIAN_POINT('',(-0.114942220331664,0.0448653071291632,0.0460554004242411));
#2663=CARTESIAN_POINT('',(-0.117469021969713,0.0434219314562281,0.0458582086567227));
#2664=CARTESIAN_POINT('',(-0.119995823607746,0.044865307129241,0.0456610168895696));
#2665=CARTESIAN_POINT('',(-0.122522625245779,0.046308682802254,0.0454638251224165));
#2666=CARTESIAN_POINT('',(-0.122558940138574,0.0491954341482549,0.0450487439985768));
#2667=CARTESIAN_POINT('',(-0.12259525503137,0.0520821854942557,0.0446336628747371));
#2668=CARTESIAN_POINT('',(-0.120141083178944,0.0535255611672963,0.0440006923938458));
#2669=CARTESIAN_POINT('',(-0.117686911326518,0.0549689368403369,0.0433677219129543));
#2670=CARTESIAN_POINT('',(-0.115232739474108,0.0535255611674294,0.0427347514316977));
#2671=CARTESIAN_POINT('',(-0.112778567621699,0.0520821854945218,0.042101780950441));
#2672=CARTESIAN_POINT('',(-0.112814882514526,0.0491954341486264,0.0416866998258708));
#2673=CARTESIAN_POINT('',(-0.112851197407354,0.046308682802731,0.0412716187013008));
#2674=CARTESIAN_POINT('',(-0.115377999045402,0.0448653071297959,0.0410744269337824));
#2675=CARTESIAN_POINT('',(-0.117904800683451,0.0434219314568607,0.0408772351662639));
#2676=CARTESIAN_POINT('',(-0.120431602321484,0.0448653071298737,0.0406800433991109));
#2677=CARTESIAN_POINT('',(-0.122958403959517,0.0463086828028866,0.0404828516319577));
#2678=CARTESIAN_POINT('',(-0.122994718852313,0.0491954341488875,0.0400677705081181));
#2679=CARTESIAN_POINT('',(-0.123031033745108,0.0520821854948883,0.0396526893842785));
#2680=CARTESIAN_POINT('',(-0.120576861892682,0.0535255611679289,0.039019718903387));
#2681=CARTESIAN_POINT('',(-0.118122690040256,0.0549689368409695,0.0383867484224956));
#2682=CARTESIAN_POINT('',(-0.115668518187847,0.053525561168062,0.037753777941239));
#2683=CARTESIAN_POINT('',(-0.113214346335437,0.0520821854951545,0.0371208074599823));
#2684=CARTESIAN_POINT('',(-0.113250661228264,0.0491954341492591,0.0367057263354122));
#2685=CARTESIAN_POINT('',(-0.113286976121092,0.0463086828033636,0.036290645210842));
#2686=CARTESIAN_POINT('',(-0.115813777759141,0.0448653071304285,0.0360934534433237));
#2687=CARTESIAN_POINT('',(-0.118340579397189,0.0434219314574933,0.0358962616758053));
#2688=CARTESIAN_POINT('',(-0.120867381035222,0.0448653071305063,0.0356990699086521));
#2689=CARTESIAN_POINT('',(-0.123394182673255,0.0463086828035193,0.035501878141499));
#2690=CARTESIAN_POINT('',(-0.123430497566051,0.0491954341495201,0.0350867970176594));
#2691=CARTESIAN_POINT('',(-0.123466812458846,0.052082185495521,0.0346717158938198));
#2692=CARTESIAN_POINT('',(-0.121012640606421,0.0535255611685616,0.0340387454129283));
#2693=CARTESIAN_POINT('',(-0.118558468753995,0.0549689368416021,0.0334057749320369));
#2694=CARTESIAN_POINT('',(-0.116104296901585,0.0535255611686946,0.0327728044507802));
#2695=CARTESIAN_POINT('',(-0.113650125049175,0.0520821854957871,0.0321398339695235));
#2696=CARTESIAN_POINT('',(-0.113686439942003,0.0491954341498917,0.0317247528449534));
#2697=CARTESIAN_POINT('',(-0.11372275483483,0.0463086828039962,0.0313096717203833));
#2698=CARTESIAN_POINT('',(-0.116249556472879,0.0448653071310611,0.0311124799528649));
#2699=CARTESIAN_POINT('',(-0.118776358110928,0.0434219314581259,0.0309152881853465));
#2700=CARTESIAN_POINT('',(-0.121303159748961,0.044865307131139,0.0307180964181934));
#2701=CARTESIAN_POINT('',(-0.123829961386994,0.0463086828041519,0.0305209046510403));
#2702=CARTESIAN_POINT('',(-0.123866276279789,0.0491954341501528,0.0301058235272007));
#2703=CARTESIAN_POINT('',(-0.123902591172585,0.0520821854961536,0.029690742403361));
#2704=CARTESIAN_POINT('',(-0.121448419320159,0.0535255611691942,0.0290577719224696));
#2705=CARTESIAN_POINT('',(-0.118994247467733,0.0549689368422348,0.0284248014415781));
#2706=CARTESIAN_POINT('',(-0.116540075615323,0.0535255611693273,0.0277918309603215));
#2707=CARTESIAN_POINT('',(-0.114085903762913,0.0520821854964197,0.0271588604790648));
#2708=CARTESIAN_POINT('',(-0.114122218655741,0.0491954341505243,0.0267437793544947));
#2709=CARTESIAN_POINT('',(-0.114158533548568,0.0463086828046289,0.0263286982299245));
#2710=CARTESIAN_POINT('',(-0.116685335186617,0.0448653071316938,0.0261315064624062));
#2711=CARTESIAN_POINT('',(-0.119212136824666,0.0434219314587586,0.0259343146948878));
#2712=CARTESIAN_POINT('',(-0.121738938462699,0.0448653071317716,0.0257371229277347));
#2713=CARTESIAN_POINT('',(-0.124265740100732,0.0463086828047846,0.0255399311605815));
#2714=CARTESIAN_POINT('',(-0.124302054993528,0.0491954341507854,0.025124850036742));
#2715=CARTESIAN_POINT('',(-0.124338369886323,0.0520821854967862,0.0247097689129023));
#2716=CARTESIAN_POINT('',(-0.121884198033897,0.0535255611698269,0.0240767984320108));
#2717=CARTESIAN_POINT('',(-0.119430026181472,0.0549689368428674,0.0234438279511195));
#2718=CARTESIAN_POINT('',(-0.116975854329062,0.0535255611699599,0.0228108574698627));
#2719=CARTESIAN_POINT('',(-0.114521682476652,0.0520821854970523,0.0221778869886061));
#2720=CARTESIAN_POINT('',(-0.114557997369479,0.049195434151157,0.021762805864036));
#2721=CARTESIAN_POINT('',(-0.114594312262307,0.0463086828052616,0.0213477247394658));
#2722=CARTESIAN_POINT('',(-0.117121113900356,0.0448653071323264,0.0211505329719474));
#2723=CARTESIAN_POINT('',(-0.119647915538404,0.0434219314593913,0.0209533412044291));
#2724=CARTESIAN_POINT('',(-0.122174717176437,0.0448653071324042,0.0207561494372759));
#2725=CARTESIAN_POINT('',(-0.12470151881447,0.0463086828054172,0.0205589576701229));
#2726=CARTESIAN_POINT('',(-0.124737833707266,0.049195434151418,0.0201438765462832));
#2727=CARTESIAN_POINT('',(-0.124774148600061,0.0520821854974188,0.0197287954224435));
#2728=CARTESIAN_POINT('',(-0.122319976747636,0.0535255611704595,0.0190958249415521));
#2729=CARTESIAN_POINT('',(-0.11986580489521,0.0549689368435001,0.0184628544606607));
#2730=CARTESIAN_POINT('',(-0.1174116330428,0.0535255611705925,0.0178298839794041));
#2731=CARTESIAN_POINT('',(-0.11495746119039,0.052082185497685,0.0171969134981474));
#2732=CARTESIAN_POINT('',(-0.114993776083217,0.0491954341517896,0.0167818323735772));
#2733=CARTESIAN_POINT('',(-0.115030090976045,0.0463086828058942,0.0163667512490071));
#2734=CARTESIAN_POINT('',(-0.117556892614094,0.0448653071329591,0.0161695594814887));
#2735=CARTESIAN_POINT('',(-0.120083694252143,0.0434219314600239,0.0159723677139703));
#2736=CARTESIAN_POINT('',(-0.122610495890176,0.0448653071330369,0.0157751759468172));
#2737=CARTESIAN_POINT('',(-0.125137297528208,0.0463086828060498,0.0155779841796641));
#2738=CARTESIAN_POINT('',(-0.125173612421004,0.0491954341520507,0.0151629030558245));
#2739=CARTESIAN_POINT('',(-0.1252099273138,0.0520821854980515,0.0147478219319848));
#2740=CARTESIAN_POINT('',(-0.122755755461374,0.0535255611710921,0.0141148514510934));
#2741=CARTESIAN_POINT('',(-0.120301583608948,0.0549689368441326,0.013481880970202));
#2742=CARTESIAN_POINT('',(-0.117847411756538,0.0535255611712252,0.0128489104889453));
#2743=CARTESIAN_POINT('',(-0.115393239904128,0.0520821854983177,0.0122159400076886));
#2744=CARTESIAN_POINT('',(-0.115429554796956,0.0491954341524222,0.0118008588831185));
#2745=CARTESIAN_POINT('',(-0.115465869689783,0.0463086828065268,0.0113857777585484));
#2746=CARTESIAN_POINT('',(-0.117992671327832,0.0448653071335917,0.01118858599103));
#2747=CARTESIAN_POINT('',(-0.120519472965881,0.0434219314606565,0.0109913942235116));
#2748=CARTESIAN_POINT('',(-0.123046274603914,0.0448653071336695,0.0107942024563585));
#2749=CARTESIAN_POINT('',(-0.125573076241947,0.0463086828066824,0.0105970106892054));
#2750=CARTESIAN_POINT('',(-0.125609391134742,0.0491954341526833,0.0101819295653657));
#2751=CARTESIAN_POINT('',(-0.125645706027538,0.0520821854986842,0.00976684844152609));
#2752=CARTESIAN_POINT('',(-0.123191534175112,0.0535255611717248,0.00913387796063465));
#2753=CARTESIAN_POINT('',(-0.120737362322686,0.0549689368447653,0.00850090747974321));
#2754=CARTESIAN_POINT('',(-0.118283190470276,0.0535255611718578,0.00786793699848661));
#2755=CARTESIAN_POINT('',(-0.115829018617867,0.0520821854989503,0.00723496651722997));
#2756=CARTESIAN_POINT('',(-0.115865333510694,0.0491954341530549,0.00681988539265978));
#2757=CARTESIAN_POINT('',(-0.115901648403522,0.0463086828071594,0.00640480426808962));
#2758=CARTESIAN_POINT('',(-0.11842845004157,0.0448653071342243,0.00620761250057124));
#2759=CARTESIAN_POINT('',(-0.120955251679619,0.0434219314612891,0.00601042073305289));
#2760=CARTESIAN_POINT('',(-0.123482053317652,0.0448653071343022,0.00581322896589978));
#2761=CARTESIAN_POINT('',(-0.126008854955685,0.0463086828073151,0.00561603719874667));
#2762=CARTESIAN_POINT('',(-0.126045169848481,0.049195434153316,0.005200956074907));
#2763=CARTESIAN_POINT('',(-0.126081484741276,0.0520821854993168,0.00478587495106733));
#2764=CARTESIAN_POINT('',(-0.12362731288885,0.0535255611723574,0.00415290447017592));
#2765=CARTESIAN_POINT('',(-0.121249459970537,0.0549240512793034,0.00353961787261902));
#2766=CARTESIAN_POINT('',(-0.118835227151767,0.0535918098410914,0.00291694831195476));
#2767=CARTESIAN_POINT('',(-0.0976050836602733,0.0469839343719231,0.196701614857873));
#2768=CARTESIAN_POINT('',(-0.0984686012076739,0.0444621917260173,0.196466009557553));
#2769=CARTESIAN_POINT('',(-0.100785508478686,0.0431332563024942,0.196393644093128));
#2770=CARTESIAN_POINT('',(-0.104308504814829,0.0411125303603639,0.196283608068284));
#2771=CARTESIAN_POINT('',(-0.107831501150951,0.043133256302561,0.196173572043951));
#2772=CARTESIAN_POINT('',(-0.111354497487072,0.0451539822447581,0.196063536019619));
#2773=CARTESIAN_POINT('',(-0.111390812379861,0.0491954341291382,0.195648454895925));
#2774=CARTESIAN_POINT('',(-0.111427127272651,0.0532368860135183,0.195233373772232));
#2775=CARTESIAN_POINT('',(-0.10797676072213,0.055257611955754,0.194513247548666));
#2776=CARTESIAN_POINT('',(-0.104526394171609,0.0572783378979897,0.1937931213251));
#2777=CARTESIAN_POINT('',(-0.101076027621111,0.0552576119558981,0.193072995101023));
#2778=CARTESIAN_POINT('',(-0.0976256610706123,0.0532368860138065,0.192352868876946));
#2779=CARTESIAN_POINT('',(-0.0976619759634462,0.0491954341295319,0.191937787752229));
#2780=CARTESIAN_POINT('',(-0.0976982908562801,0.0451539822452572,0.191522706627513));
#2781=CARTESIAN_POINT('',(-0.101221287192424,0.0431332563031269,0.191412670602669));
#2782=CARTESIAN_POINT('',(-0.104744283528568,0.0411125303609966,0.191302634577825));
#2783=CARTESIAN_POINT('',(-0.108267279864689,0.0431332563031936,0.191192598553493));
#2784=CARTESIAN_POINT('',(-0.111790276200811,0.0451539822453907,0.19108256252916));
#2785=CARTESIAN_POINT('',(-0.1118265910936,0.0491954341297708,0.190667481405467));
#2786=CARTESIAN_POINT('',(-0.111862905986389,0.0532368860141509,0.190252400281773));
#2787=CARTESIAN_POINT('',(-0.108412539435868,0.0552576119563867,0.189532274058207));
#2788=CARTESIAN_POINT('',(-0.104962172885347,0.0572783378986224,0.188812147834641));
#2789=CARTESIAN_POINT('',(-0.101511806334849,0.0552576119565308,0.188092021610564));
#2790=CARTESIAN_POINT('',(-0.0980614397843506,0.0532368860144391,0.187371895386487));
#2791=CARTESIAN_POINT('',(-0.0980977546771845,0.0491954341301645,0.18695681426177));
#2792=CARTESIAN_POINT('',(-0.0981340695700184,0.0451539822458898,0.186541733137054));
#2793=CARTESIAN_POINT('',(-0.101657065906162,0.0431332563037595,0.18643169711221));
#2794=CARTESIAN_POINT('',(-0.105180062242306,0.0411125303616292,0.186321661087367));
#2795=CARTESIAN_POINT('',(-0.108703058578427,0.0431332563038263,0.186211625063034));
#2796=CARTESIAN_POINT('',(-0.112226054914549,0.0451539822460233,0.186101589038702));
#2797=CARTESIAN_POINT('',(-0.112262369807338,0.0491954341304035,0.185686507915008));
#2798=CARTESIAN_POINT('',(-0.112298684700127,0.0532368860147836,0.185271426791315));
#2799=CARTESIAN_POINT('',(-0.108848318149607,0.0552576119570193,0.184551300567748));
#2800=CARTESIAN_POINT('',(-0.105397951599086,0.0572783378992551,0.183831174344183));
#2801=CARTESIAN_POINT('',(-0.101947585048587,0.0552576119571634,0.183111048120106));
#2802=CARTESIAN_POINT('',(-0.098497218498089,0.0532368860150718,0.182390921896028));
#2803=CARTESIAN_POINT('',(-0.0985335333909228,0.0491954341307971,0.181975840771312));
#2804=CARTESIAN_POINT('',(-0.0985698482837566,0.0451539822465225,0.181560759646596));
#2805=CARTESIAN_POINT('',(-0.1020928446199,0.0431332563043922,0.181450723621751));
#2806=CARTESIAN_POINT('',(-0.105615840956044,0.0411125303622618,0.181340687596908));
#2807=CARTESIAN_POINT('',(-0.109138837292166,0.0431332563044589,0.181230651572576));
#2808=CARTESIAN_POINT('',(-0.112661833628287,0.045153982246656,0.181120615548243));
#2809=CARTESIAN_POINT('',(-0.112698148521076,0.0491954341310361,0.18070553442455));
#2810=CARTESIAN_POINT('',(-0.112734463413866,0.0532368860154161,0.180290453300856));
#2811=CARTESIAN_POINT('',(-0.109284096863345,0.0552576119576519,0.17957032707729));
#2812=CARTESIAN_POINT('',(-0.105833730312824,0.0572783378998877,0.178850200853724));
#2813=CARTESIAN_POINT('',(-0.102383363762326,0.0552576119577961,0.178130074629647));
#2814=CARTESIAN_POINT('',(-0.0989329972118272,0.0532368860157044,0.177409948405569));
#2815=CARTESIAN_POINT('',(-0.0989693121046611,0.0491954341314298,0.176994867280853));
#2816=CARTESIAN_POINT('',(-0.0990056269974949,0.0451539822471551,0.176579786156137));
#2817=CARTESIAN_POINT('',(-0.102528623333639,0.0431332563050248,0.176469750131293));
#2818=CARTESIAN_POINT('',(-0.106051619669782,0.0411125303628945,0.176359714106449));
#2819=CARTESIAN_POINT('',(-0.109574616005904,0.0431332563050916,0.176249678082117));
#2820=CARTESIAN_POINT('',(-0.113097612342025,0.0451539822472886,0.176139642057784));
#2821=CARTESIAN_POINT('',(-0.113133927234815,0.0491954341316687,0.175724560934091));
#2822=CARTESIAN_POINT('',(-0.113170242127604,0.0532368860160488,0.175309479810397));
#2823=CARTESIAN_POINT('',(-0.109719875577083,0.0552576119582846,0.174589353586831));
#2824=CARTESIAN_POINT('',(-0.106269509026562,0.0572783379005203,0.173869227363265));
#2825=CARTESIAN_POINT('',(-0.102819142476064,0.0552576119584287,0.173149101139188));
#2826=CARTESIAN_POINT('',(-0.0993687759255655,0.053236886016337,0.17242897491511));
#2827=CARTESIAN_POINT('',(-0.0994050908183994,0.0491954341320624,0.172013893790394));
#2828=CARTESIAN_POINT('',(-0.0994414057112333,0.0451539822477877,0.171598812665678));
#2829=CARTESIAN_POINT('',(-0.102964402047377,0.0431332563056574,0.171488776640834));
#2830=CARTESIAN_POINT('',(-0.106487398383521,0.0411125303635271,0.17137874061599));
#2831=CARTESIAN_POINT('',(-0.110010394719642,0.0431332563057242,0.171268704591658));
#2832=CARTESIAN_POINT('',(-0.113533391055764,0.0451539822479213,0.171158668567325));
#2833=CARTESIAN_POINT('',(-0.113569705948553,0.0491954341323014,0.170743587443632));
#2834=CARTESIAN_POINT('',(-0.113606020841342,0.0532368860166814,0.170328506319938));
#2835=CARTESIAN_POINT('',(-0.110155654290821,0.0552576119589172,0.169608380096372));
#2836=CARTESIAN_POINT('',(-0.106705287740301,0.0572783379011529,0.168888253872806));
#2837=CARTESIAN_POINT('',(-0.103254921189802,0.0552576119590613,0.168168127648729));
#2838=CARTESIAN_POINT('',(-0.0998045546393038,0.0532368860169697,0.167448001424652));
#2839=CARTESIAN_POINT('',(-0.0998408695321377,0.049195434132695,0.167032920299935));
#2840=CARTESIAN_POINT('',(-0.0998771844249715,0.0451539822484204,0.166617839175219));
#2841=CARTESIAN_POINT('',(-0.103400180761115,0.0431332563062901,0.166507803150375));
#2842=CARTESIAN_POINT('',(-0.106923177097259,0.0411125303641597,0.166397767125532));
#2843=CARTESIAN_POINT('',(-0.110446173433381,0.0431332563063569,0.1662877311012));
#2844=CARTESIAN_POINT('',(-0.113969169769502,0.0451539822485539,0.166177695076867));
#2845=CARTESIAN_POINT('',(-0.114005484662291,0.049195434132934,0.165762613953173));
#2846=CARTESIAN_POINT('',(-0.11404179955508,0.0532368860173141,0.16534753282948));
#2847=CARTESIAN_POINT('',(-0.11059143300456,0.0552576119595499,0.164627406605914));
#2848=CARTESIAN_POINT('',(-0.107141066454039,0.0572783379017856,0.163907280382348));
#2849=CARTESIAN_POINT('',(-0.103690699903541,0.055257611959694,0.163187154158271));
#2850=CARTESIAN_POINT('',(-0.100240333353042,0.0532368860176023,0.162467027934193));
#2851=CARTESIAN_POINT('',(-0.100276648245876,0.0491954341333277,0.162051946809477));
#2852=CARTESIAN_POINT('',(-0.10031296313871,0.045153982249053,0.16163686568476));
#2853=CARTESIAN_POINT('',(-0.103835959474854,0.0431332563069227,0.161526829659917));
#2854=CARTESIAN_POINT('',(-0.107358955810997,0.0411125303647924,0.161416793635073));
#2855=CARTESIAN_POINT('',(-0.110881952147119,0.0431332563069894,0.16130675761074));
#2856=CARTESIAN_POINT('',(-0.11440494848324,0.0451539822491865,0.161196721586408));
#2857=CARTESIAN_POINT('',(-0.11444126337603,0.0491954341335666,0.160781640462715));
#2858=CARTESIAN_POINT('',(-0.114477578268819,0.0532368860179468,0.160366559339021));
#2859=CARTESIAN_POINT('',(-0.111027211718298,0.0552576119601825,0.159646433115455));
#2860=CARTESIAN_POINT('',(-0.107576845167777,0.0572783379024182,0.158926306891889));
#2861=CARTESIAN_POINT('',(-0.104126478617279,0.0552576119603266,0.158206180667812));
#2862=CARTESIAN_POINT('',(-0.10067611206678,0.053236886018235,0.157486054443734));
#2863=CARTESIAN_POINT('',(-0.100712426959614,0.0491954341339603,0.157070973319018));
#2864=CARTESIAN_POINT('',(-0.100748741852448,0.0451539822496856,0.156655892194302));
#2865=CARTESIAN_POINT('',(-0.104271738188592,0.0431332563075554,0.156545856169458));
#2866=CARTESIAN_POINT('',(-0.107794734524736,0.041112530365425,0.156435820144614));
#2867=CARTESIAN_POINT('',(-0.111317730860857,0.0431332563076221,0.156325784120282));
#2868=CARTESIAN_POINT('',(-0.114840727196979,0.0451539822498192,0.156215748095949));
#2869=CARTESIAN_POINT('',(-0.114877042089768,0.0491954341341993,0.155800666972256));
#2870=CARTESIAN_POINT('',(-0.114913356982557,0.0532368860185793,0.155385585848562));
#2871=CARTESIAN_POINT('',(-0.111462990432036,0.0552576119608151,0.154665459624997));
#2872=CARTESIAN_POINT('',(-0.108012623881516,0.0572783379030509,0.15394533340143));
#2873=CARTESIAN_POINT('',(-0.104562257331017,0.0552576119609592,0.153225207177353));
#2874=CARTESIAN_POINT('',(-0.101111890780519,0.0532368860188676,0.152505080953276));
#2875=CARTESIAN_POINT('',(-0.101148205673352,0.0491954341345929,0.152089999828559));
#2876=CARTESIAN_POINT('',(-0.101184520566186,0.0451539822503182,0.151674918703843));
#2877=CARTESIAN_POINT('',(-0.10470751690233,0.0431332563081879,0.151564882679));
#2878=CARTESIAN_POINT('',(-0.108230513238474,0.0411125303660577,0.151454846654155));
#2879=CARTESIAN_POINT('',(-0.111753509574595,0.0431332563082547,0.151344810629823));
#2880=CARTESIAN_POINT('',(-0.115276505910717,0.0451539822504518,0.151234774605491));
#2881=CARTESIAN_POINT('',(-0.115312820803506,0.0491954341348319,0.150819693481797));
#2882=CARTESIAN_POINT('',(-0.115349135696295,0.053236886019212,0.150404612358103));
#2883=CARTESIAN_POINT('',(-0.111898769145775,0.0552576119614478,0.149684486134538));
#2884=CARTESIAN_POINT('',(-0.108448402595254,0.0572783379036835,0.148964359910971));
#2885=CARTESIAN_POINT('',(-0.104998036044755,0.0552576119615919,0.148244233686894));
#2886=CARTESIAN_POINT('',(-0.101547669494257,0.0532368860195002,0.147524107462817));
#2887=CARTESIAN_POINT('',(-0.101583984387091,0.0491954341352256,0.147109026338101));
#2888=CARTESIAN_POINT('',(-0.101620299279925,0.0451539822509509,0.146693945213384));
#2889=CARTESIAN_POINT('',(-0.105143295616068,0.0431332563088206,0.146583909188541));
#2890=CARTESIAN_POINT('',(-0.108666291952212,0.0411125303666903,0.146473873163697));
#2891=CARTESIAN_POINT('',(-0.112189288288334,0.0431332563088874,0.146363837139364));
#2892=CARTESIAN_POINT('',(-0.115712284624455,0.0451539822510844,0.146253801115032));
#2893=CARTESIAN_POINT('',(-0.115748599517244,0.0491954341354646,0.145838719991338));
#2894=CARTESIAN_POINT('',(-0.115784914410034,0.0532368860198446,0.145423638867645));
#2895=CARTESIAN_POINT('',(-0.112334547859513,0.0552576119620804,0.144703512644079));
#2896=CARTESIAN_POINT('',(-0.108884181308992,0.0572783379043161,0.143983386420513));
#2897=CARTESIAN_POINT('',(-0.105433814758494,0.0552576119622245,0.143263260196435));
#2898=CARTESIAN_POINT('',(-0.101983448207995,0.0532368860201328,0.142543133972358));
#2899=CARTESIAN_POINT('',(-0.102019763100829,0.0491954341358582,0.142128052847642));
#2900=CARTESIAN_POINT('',(-0.102056077993663,0.0451539822515836,0.141712971722926));
#2901=CARTESIAN_POINT('',(-0.105579074329807,0.0431332563094532,0.141602935698082));
#2902=CARTESIAN_POINT('',(-0.109102070665951,0.0411125303673229,0.141492899673238));
#2903=CARTESIAN_POINT('',(-0.112625067002072,0.04313325630952,0.141382863648906));
#2904=CARTESIAN_POINT('',(-0.116148063338193,0.0451539822517171,0.141272827624573));
#2905=CARTESIAN_POINT('',(-0.116184378230983,0.0491954341360972,0.14085774650088));
#2906=CARTESIAN_POINT('',(-0.116220693123772,0.0532368860204773,0.140442665377186));
#2907=CARTESIAN_POINT('',(-0.112770326573251,0.055257611962713,0.13972253915362));
#2908=CARTESIAN_POINT('',(-0.10931996002273,0.0572783379049488,0.139002412930054));
#2909=CARTESIAN_POINT('',(-0.105869593472232,0.0552576119628572,0.138282286705977));
#2910=CARTESIAN_POINT('',(-0.102419226921734,0.0532368860207655,0.137562160481899));
#2911=CARTESIAN_POINT('',(-0.102455541814567,0.0491954341364909,0.137147079357183));
#2912=CARTESIAN_POINT('',(-0.102491856707401,0.0451539822522162,0.136731998232467));
#2913=CARTESIAN_POINT('',(-0.106014853043545,0.0431332563100859,0.136621962207623));
#2914=CARTESIAN_POINT('',(-0.109537849379689,0.0411125303679556,0.136511926182779));
#2915=CARTESIAN_POINT('',(-0.11306084571581,0.0431332563101526,0.136401890158447));
#2916=CARTESIAN_POINT('',(-0.116583842051932,0.0451539822523497,0.136291854134115));
#2917=CARTESIAN_POINT('',(-0.116620156944721,0.0491954341367298,0.135876773010421));
#2918=CARTESIAN_POINT('',(-0.11665647183751,0.05323688602111,0.135461691886727));
#2919=CARTESIAN_POINT('',(-0.113206105286989,0.0552576119633457,0.134741565663161));
#2920=CARTESIAN_POINT('',(-0.109755738736469,0.0572783379055814,0.134021439439595));
#2921=CARTESIAN_POINT('',(-0.10630537218597,0.0552576119634898,0.133301313215518));
#2922=CARTESIAN_POINT('',(-0.102855005635472,0.0532368860213982,0.132581186991441));
#2923=CARTESIAN_POINT('',(-0.102891320528306,0.0491954341371235,0.132166105866724));
#2924=CARTESIAN_POINT('',(-0.10292763542114,0.0451539822528488,0.131751024742008));
#2925=CARTESIAN_POINT('',(-0.106450631757283,0.0431332563107185,0.131640988717164));
#2926=CARTESIAN_POINT('',(-0.109973628093427,0.0411125303685882,0.131530952692321));
#2927=CARTESIAN_POINT('',(-0.113496624429549,0.0431332563107853,0.131420916667988));
#2928=CARTESIAN_POINT('',(-0.11701962076567,0.0451539822529823,0.131310880643656));
#2929=CARTESIAN_POINT('',(-0.117055935658459,0.0491954341373625,0.130895799519962));
#2930=CARTESIAN_POINT('',(-0.117092250551248,0.0532368860217425,0.130480718396269));
#2931=CARTESIAN_POINT('',(-0.113641884000728,0.0552576119639783,0.129760592172703));
#2932=CARTESIAN_POINT('',(-0.110191517450207,0.0572783379062141,0.129040465949137));
#2933=CARTESIAN_POINT('',(-0.106741150899709,0.0552576119641224,0.128320339725059));
#2934=CARTESIAN_POINT('',(-0.10329078434921,0.0532368860220308,0.127600213500982));
#2935=CARTESIAN_POINT('',(-0.103327099242044,0.0491954341377561,0.127185132376266));
#2936=CARTESIAN_POINT('',(-0.103363414134878,0.0451539822534814,0.126770051251549));
#2937=CARTESIAN_POINT('',(-0.106886410471022,0.0431332563113511,0.126660015226706));
#2938=CARTESIAN_POINT('',(-0.110409406807165,0.0411125303692209,0.126549979201862));
#2939=CARTESIAN_POINT('',(-0.113932403143287,0.0431332563114179,0.126439943177529));
#2940=CARTESIAN_POINT('',(-0.117455399479408,0.045153982253615,0.126329907153197));
#2941=CARTESIAN_POINT('',(-0.117491714372198,0.0491954341379951,0.125914826029503));
#2942=CARTESIAN_POINT('',(-0.117528029264987,0.0532368860223752,0.12549974490581));
#2943=CARTESIAN_POINT('',(-0.114077662714466,0.0552576119646109,0.124779618682244));
#2944=CARTESIAN_POINT('',(-0.110627296163945,0.0572783379068466,0.124059492458678));
#2945=CARTESIAN_POINT('',(-0.107176929613447,0.0552576119647551,0.123339366234601));
#2946=CARTESIAN_POINT('',(-0.103726563062948,0.0532368860226634,0.122619240010523));
#2947=CARTESIAN_POINT('',(-0.103762877955782,0.0491954341383888,0.122204158885807));
#2948=CARTESIAN_POINT('',(-0.103799192848616,0.0451539822541141,0.121789077761091));
#2949=CARTESIAN_POINT('',(-0.10732218918476,0.0431332563119838,0.121679041736247));
#2950=CARTESIAN_POINT('',(-0.110845185520904,0.0411125303698535,0.121569005711403));
#2951=CARTESIAN_POINT('',(-0.114368181857025,0.0431332563120505,0.121458969687071));
#2952=CARTESIAN_POINT('',(-0.117891178193147,0.0451539822542476,0.121348933662738));
#2953=CARTESIAN_POINT('',(-0.117927493085936,0.0491954341386277,0.120933852539045));
#2954=CARTESIAN_POINT('',(-0.117963807978725,0.0532368860230078,0.120518771415351));
#2955=CARTESIAN_POINT('',(-0.114513441428204,0.0552576119652436,0.119798645191785));
#2956=CARTESIAN_POINT('',(-0.111063074877684,0.0572783379074793,0.119078518968219));
#2957=CARTESIAN_POINT('',(-0.107612708327185,0.0552576119653877,0.118358392744142));
#2958=CARTESIAN_POINT('',(-0.104162341776687,0.053236886023296,0.117638266520064));
#2959=CARTESIAN_POINT('',(-0.104198656669521,0.0491954341390214,0.117223185395348));
#2960=CARTESIAN_POINT('',(-0.104234971562354,0.0451539822547467,0.116808104270632));
#2961=CARTESIAN_POINT('',(-0.107757967898498,0.0431332563126164,0.116698068245788));
#2962=CARTESIAN_POINT('',(-0.111280964234642,0.0411125303704861,0.116588032220944));
#2963=CARTESIAN_POINT('',(-0.114803960570763,0.0431332563126832,0.116477996196612));
#2964=CARTESIAN_POINT('',(-0.118326956906885,0.0451539822548802,0.11636796017228));
#2965=CARTESIAN_POINT('',(-0.118363271799674,0.0491954341392604,0.115952879048586));
#2966=CARTESIAN_POINT('',(-0.118399586692463,0.0532368860236405,0.115537797924893));
#2967=CARTESIAN_POINT('',(-0.114949220141943,0.0552576119658762,0.114817671701326));
#2968=CARTESIAN_POINT('',(-0.111498853591422,0.057278337908112,0.11409754547776));
#2969=CARTESIAN_POINT('',(-0.108048487040923,0.0552576119660203,0.113377419253683));
#2970=CARTESIAN_POINT('',(-0.104598120490425,0.0532368860239287,0.112657293029606));
#2971=CARTESIAN_POINT('',(-0.104634435383259,0.049195434139654,0.112242211904889));
#2972=CARTESIAN_POINT('',(-0.104670750276093,0.0451539822553794,0.111827130780173));
#2973=CARTESIAN_POINT('',(-0.108193746612236,0.043133256313249,0.111717094755329));
#2974=CARTESIAN_POINT('',(-0.11171674294838,0.0411125303711188,0.111607058730486));
#2975=CARTESIAN_POINT('',(-0.115239739284502,0.0431332563133158,0.111497022706153));
#2976=CARTESIAN_POINT('',(-0.118762735620623,0.0451539822555129,0.111386986681821));
#2977=CARTESIAN_POINT('',(-0.118799050513412,0.049195434139893,0.110971905558127));
#2978=CARTESIAN_POINT('',(-0.118835365406202,0.0532368860242731,0.110556824434434));
#2979=CARTESIAN_POINT('',(-0.115384998855681,0.0552576119665089,0.109836698210868));
#2980=CARTESIAN_POINT('',(-0.11193463230516,0.0572783379087446,0.109116571987302));
#2981=CARTESIAN_POINT('',(-0.108484265754662,0.055257611966653,0.108396445763224));
#2982=CARTESIAN_POINT('',(-0.105033899204163,0.0532368860245614,0.107676319539147));
#2983=CARTESIAN_POINT('',(-0.105070214096997,0.0491954341402867,0.107261238414431));
#2984=CARTESIAN_POINT('',(-0.105106528989831,0.045153982256012,0.106846157289715));
#2985=CARTESIAN_POINT('',(-0.108629525325975,0.0431332563138817,0.106736121264871));
#2986=CARTESIAN_POINT('',(-0.112152521662119,0.0411125303717514,0.106626085240027));
#2987=CARTESIAN_POINT('',(-0.11567551799824,0.0431332563139485,0.106516049215695));
#2988=CARTESIAN_POINT('',(-0.119198514334361,0.0451539822561455,0.106406013191362));
#2989=CARTESIAN_POINT('',(-0.119234829227151,0.0491954341405256,0.105990932067669));
#2990=CARTESIAN_POINT('',(-0.11927114411994,0.0532368860249057,0.105575850943975));
#2991=CARTESIAN_POINT('',(-0.115820777569419,0.0552576119671415,0.104855724720409));
#2992=CARTESIAN_POINT('',(-0.112370411018898,0.0572783379093772,0.104135598496843));
#2993=CARTESIAN_POINT('',(-0.1089200444684,0.0552576119672856,0.103415472272766));
#2994=CARTESIAN_POINT('',(-0.105469677917902,0.0532368860251939,0.102695346048688));
#2995=CARTESIAN_POINT('',(-0.105505992810735,0.0491954341409193,0.102280264923972));
#2996=CARTESIAN_POINT('',(-0.105542307703569,0.0451539822566446,0.101865183799256));
#2997=CARTESIAN_POINT('',(-0.109065304039713,0.0431332563145143,0.101755147774412));
#2998=CARTESIAN_POINT('',(-0.112588300375857,0.041112530372384,0.101645111749568));
#2999=CARTESIAN_POINT('',(-0.116111296711978,0.0431332563145811,0.101535075725236));
#3000=CARTESIAN_POINT('',(-0.1196342930481,0.0451539822567782,0.101425039700903));
#3001=CARTESIAN_POINT('',(-0.119670607940889,0.0491954341411583,0.10100995857721));
#3002=CARTESIAN_POINT('',(-0.119706922833678,0.0532368860255383,0.100594877453516));
#3003=CARTESIAN_POINT('',(-0.116256556283157,0.0552576119677741,0.0998747512299503));
#3004=CARTESIAN_POINT('',(-0.112806189732637,0.0572783379100098,0.0991546250063843));
#3005=CARTESIAN_POINT('',(-0.109355823182138,0.0552576119679182,0.0984344987823069));
#3006=CARTESIAN_POINT('',(-0.10590545663164,0.0532368860258266,0.0977143725582295));
#3007=CARTESIAN_POINT('',(-0.105941771524474,0.0491954341415519,0.0972992914335133));
#3008=CARTESIAN_POINT('',(-0.105978086417308,0.0451539822572773,0.0968842103087971));
#3009=CARTESIAN_POINT('',(-0.109501082753451,0.043133256315147,0.0967741742839533));
#3010=CARTESIAN_POINT('',(-0.113024079089595,0.0411125303730167,0.0966641382591096));
#3011=CARTESIAN_POINT('',(-0.116547075425717,0.0431332563152137,0.0965541022347771));
#3012=CARTESIAN_POINT('',(-0.120070071761838,0.0451539822574108,0.0964440662104447));
#3013=CARTESIAN_POINT('',(-0.120106386654627,0.0491954341417909,0.0960289850867512));
#3014=CARTESIAN_POINT('',(-0.120142701547416,0.053236886026171,0.0956139039630577));
#3015=CARTESIAN_POINT('',(-0.116692334996896,0.0552576119684068,0.0948937777394916));
#3016=CARTESIAN_POINT('',(-0.113241968446375,0.0572783379106425,0.0941736515159256));
#3017=CARTESIAN_POINT('',(-0.109791601895877,0.0552576119685509,0.0934535252918482));
#3018=CARTESIAN_POINT('',(-0.106341235345378,0.0532368860264592,0.0927333990677708));
#3019=CARTESIAN_POINT('',(-0.106377550238212,0.0491954341421846,0.0923183179430546));
#3020=CARTESIAN_POINT('',(-0.106413865131046,0.0451539822579099,0.0919032368183384));
#3021=CARTESIAN_POINT('',(-0.10993686146719,0.0431332563157796,0.0917932007934946));
#3022=CARTESIAN_POINT('',(-0.113459857803333,0.0411125303736493,0.0916831647686508));
#3023=CARTESIAN_POINT('',(-0.116982854139455,0.0431332563158464,0.0915731287443184));
#3024=CARTESIAN_POINT('',(-0.120505850475576,0.0451539822580434,0.0914630927199859));
#3025=CARTESIAN_POINT('',(-0.120542165368366,0.0491954341424236,0.0910480115962924));
#3026=CARTESIAN_POINT('',(-0.120578480261155,0.0532368860268037,0.0906329304725988));
#3027=CARTESIAN_POINT('',(-0.117128113710634,0.0552576119690394,0.0899128042490329));
#3028=CARTESIAN_POINT('',(-0.113677747160113,0.0572783379112752,0.0891926780254669));
#3029=CARTESIAN_POINT('',(-0.110227380609615,0.0552576119691835,0.0884725518013895));
#3030=CARTESIAN_POINT('',(-0.106777014059116,0.0532368860270919,0.0877524255773122));
#3031=CARTESIAN_POINT('',(-0.10681332895195,0.0491954341428172,0.0873373444525959));
#3032=CARTESIAN_POINT('',(-0.106849643844784,0.0451539822585425,0.0869222633278796));
#3033=CARTESIAN_POINT('',(-0.110372640180928,0.0431332563164122,0.0868122273030358));
#3034=CARTESIAN_POINT('',(-0.113895636517072,0.0411125303742819,0.086702191278192));
#3035=CARTESIAN_POINT('',(-0.117418632853193,0.043133256316479,0.0865921552538596));
#3036=CARTESIAN_POINT('',(-0.120941629189315,0.0451539822586761,0.0864821192295272));
#3037=CARTESIAN_POINT('',(-0.120977944082104,0.0491954341430562,0.0860670381058337));
#3038=CARTESIAN_POINT('',(-0.121014258974893,0.0532368860274363,0.0856519569821402));
#3039=CARTESIAN_POINT('',(-0.117563892424372,0.055257611969672,0.0849318307585742));
#3040=CARTESIAN_POINT('',(-0.114113525873852,0.0572783379119078,0.0842117045350081));
#3041=CARTESIAN_POINT('',(-0.110663159323353,0.0552576119698162,0.0834915783109307));
#3042=CARTESIAN_POINT('',(-0.107212792772855,0.0532368860277245,0.0827714520868533));
#3043=CARTESIAN_POINT('',(-0.107249107665689,0.0491954341434499,0.0823563709621372));
#3044=CARTESIAN_POINT('',(-0.107285422558522,0.0451539822591751,0.0819412898374209));
#3045=CARTESIAN_POINT('',(-0.110808418894666,0.0431332563170449,0.0818312538125771));
#3046=CARTESIAN_POINT('',(-0.11433141523081,0.0411125303749146,0.0817212177877333));
#3047=CARTESIAN_POINT('',(-0.117854411566931,0.0431332563171117,0.0816111817634009));
#3048=CARTESIAN_POINT('',(-0.121377407903053,0.0451539822593087,0.0815011457390685));
#3049=CARTESIAN_POINT('',(-0.121413722795842,0.0491954341436888,0.081086064615375));
#3050=CARTESIAN_POINT('',(-0.121450037688631,0.0532368860280689,0.0806709834916814));
#3051=CARTESIAN_POINT('',(-0.117999671138111,0.0552576119703047,0.0799508572681154));
#3052=CARTESIAN_POINT('',(-0.11454930458759,0.0572783379125404,0.0792307310445493));
#3053=CARTESIAN_POINT('',(-0.111098938037091,0.0552576119704488,0.078510604820472));
#3054=CARTESIAN_POINT('',(-0.107648571486593,0.0532368860283571,0.0777904785963947));
#3055=CARTESIAN_POINT('',(-0.107684886379427,0.0491954341440825,0.0773753974716784));
#3056=CARTESIAN_POINT('',(-0.107721201272261,0.0451539822598078,0.0769603163469622));
#3057=CARTESIAN_POINT('',(-0.111244197608404,0.0431332563176775,0.0768502803221184));
#3058=CARTESIAN_POINT('',(-0.114767193944548,0.0411125303755472,0.0767402442972746));
#3059=CARTESIAN_POINT('',(-0.11829019028067,0.0431332563177443,0.0766302082729422));
#3060=CARTESIAN_POINT('',(-0.121813186616791,0.0451539822599413,0.0765201722486098));
#3061=CARTESIAN_POINT('',(-0.12184950150958,0.0491954341443215,0.0761050911249163));
#3062=CARTESIAN_POINT('',(-0.12188581640237,0.0532368860287015,0.0756900100012227));
#3063=CARTESIAN_POINT('',(-0.118435449851849,0.0552576119709373,0.0749698837776567));
#3064=CARTESIAN_POINT('',(-0.114985083301328,0.057278337913173,0.0742497575540907));
#3065=CARTESIAN_POINT('',(-0.11153471675083,0.0552576119710814,0.0735296313300133));
#3066=CARTESIAN_POINT('',(-0.108084350200331,0.0532368860289897,0.0728095051059359));
#3067=CARTESIAN_POINT('',(-0.108120665093165,0.0491954341447151,0.0723944239812197));
#3068=CARTESIAN_POINT('',(-0.108156979985999,0.0451539822604405,0.0719793428565034));
#3069=CARTESIAN_POINT('',(-0.111679976322143,0.0431332563183102,0.0718693068316596));
#3070=CARTESIAN_POINT('',(-0.115202972658287,0.0411125303761798,0.0717592708068159));
#3071=CARTESIAN_POINT('',(-0.118725968994408,0.043133256318377,0.0716492347824835));
#3072=CARTESIAN_POINT('',(-0.122248965330529,0.045153982260574,0.0715391987581511));
#3073=CARTESIAN_POINT('',(-0.122285280223319,0.0491954341449541,0.0711241176344575));
#3074=CARTESIAN_POINT('',(-0.122321595116108,0.0532368860293342,0.070709036510764));
#3075=CARTESIAN_POINT('',(-0.118871228565587,0.0552576119715699,0.069988910287198));
#3076=CARTESIAN_POINT('',(-0.115420862015066,0.0572783379138057,0.0692687840636319));
#3077=CARTESIAN_POINT('',(-0.111970495464568,0.0552576119717141,0.0685486578395546));
#3078=CARTESIAN_POINT('',(-0.10852012891407,0.0532368860296224,0.0678285316154772));
#3079=CARTESIAN_POINT('',(-0.108556443806903,0.0491954341453478,0.067413450490761));
#3080=CARTESIAN_POINT('',(-0.108592758699737,0.0451539822610731,0.0669983693660448));
#3081=CARTESIAN_POINT('',(-0.112115755035881,0.0431332563189428,0.0668883333412009));
#3082=CARTESIAN_POINT('',(-0.115638751372025,0.0411125303768125,0.0667782973163571));
#3083=CARTESIAN_POINT('',(-0.119161747708146,0.0431332563190095,0.0666682612920248));
#3084=CARTESIAN_POINT('',(-0.122684744044268,0.0451539822612066,0.0665582252676923));
#3085=CARTESIAN_POINT('',(-0.122721058937057,0.0491954341455867,0.0661431441439988));
#3086=CARTESIAN_POINT('',(-0.122757373829846,0.0532368860299668,0.0657280630203052));
#3087=CARTESIAN_POINT('',(-0.119307007279325,0.0552576119722026,0.0650079367967392));
#3088=CARTESIAN_POINT('',(-0.115856640728805,0.0572783379144383,0.0642878105731733));
#3089=CARTESIAN_POINT('',(-0.112406274178306,0.0552576119723467,0.0635676843490959));
#3090=CARTESIAN_POINT('',(-0.108955907627808,0.0532368860302551,0.0628475581250185));
#3091=CARTESIAN_POINT('',(-0.108992222520642,0.0491954341459804,0.0624324770003022));
#3092=CARTESIAN_POINT('',(-0.109028537413476,0.0451539822617057,0.0620173958755859));
#3093=CARTESIAN_POINT('',(-0.112551533749619,0.0431332563195755,0.0619073598507422));
#3094=CARTESIAN_POINT('',(-0.116074530085763,0.0411125303774451,0.0617973238258984));
#3095=CARTESIAN_POINT('',(-0.119597526421885,0.0431332563196422,0.061687287801566));
#3096=CARTESIAN_POINT('',(-0.123120522758006,0.0451539822618393,0.0615772517772336));
#3097=CARTESIAN_POINT('',(-0.123156837650795,0.0491954341462194,0.0611621706535401));
#3098=CARTESIAN_POINT('',(-0.123193152543585,0.0532368860305994,0.0607470895298465));
#3099=CARTESIAN_POINT('',(-0.119742785993064,0.0552576119728352,0.0600269633062805));
#3100=CARTESIAN_POINT('',(-0.116292419442543,0.057278337915071,0.0593068370827144));
#3101=CARTESIAN_POINT('',(-0.112842052892045,0.0552576119729793,0.0585867108586371));
#3102=CARTESIAN_POINT('',(-0.109391686341546,0.0532368860308877,0.0578665846345597));
#3103=CARTESIAN_POINT('',(-0.10942800123438,0.049195434146613,0.0574515035098435));
#3104=CARTESIAN_POINT('',(-0.109464316127214,0.0451539822623383,0.0570364223851272));
#3105=CARTESIAN_POINT('',(-0.112987312463358,0.043133256320208,0.0569263863602835));
#3106=CARTESIAN_POINT('',(-0.116510308799502,0.0411125303780778,0.0568163503354398));
#3107=CARTESIAN_POINT('',(-0.120033305135623,0.0431332563202749,0.0567063143111073));
#3108=CARTESIAN_POINT('',(-0.123556301471744,0.0451539822624719,0.0565962782867749));
#3109=CARTESIAN_POINT('',(-0.123592616364534,0.049195434146852,0.0561811971630813));
#3110=CARTESIAN_POINT('',(-0.123628931257323,0.0532368860312321,0.0557661160393878));
#3111=CARTESIAN_POINT('',(-0.120178564706802,0.0552576119734679,0.0550459898158218));
#3112=CARTESIAN_POINT('',(-0.116728198156281,0.0572783379157035,0.0543258635922558));
#3113=CARTESIAN_POINT('',(-0.113277831605783,0.055257611973612,0.0536057373681784));
#3114=CARTESIAN_POINT('',(-0.109827465055284,0.0532368860315203,0.052885611144101));
#3115=CARTESIAN_POINT('',(-0.109863779948118,0.0491954341472457,0.0524705300193848));
#3116=CARTESIAN_POINT('',(-0.109900094840952,0.045153982262971,0.0520554488946685));
#3117=CARTESIAN_POINT('',(-0.113423091177096,0.0431332563208407,0.0519454128698248));
#3118=CARTESIAN_POINT('',(-0.11694608751324,0.0411125303787104,0.051835376844981));
#3119=CARTESIAN_POINT('',(-0.120469083849361,0.0431332563209074,0.0517253408206486));
#3120=CARTESIAN_POINT('',(-0.123992080185483,0.0451539822631045,0.0516153047963161));
#3121=CARTESIAN_POINT('',(-0.124028395078272,0.0491954341474847,0.0512002236726226));
#3122=CARTESIAN_POINT('',(-0.124064709971061,0.0532368860318647,0.0507851425489291));
#3123=CARTESIAN_POINT('',(-0.12061434342054,0.0552576119741005,0.0500650163253631));
#3124=CARTESIAN_POINT('',(-0.11716397687002,0.0572783379163362,0.0493448901017971));
#3125=CARTESIAN_POINT('',(-0.113713610319521,0.0552576119742446,0.0486247638777197));
#3126=CARTESIAN_POINT('',(-0.110263243769023,0.0532368860321529,0.0479046376536422));
#3127=CARTESIAN_POINT('',(-0.110299558661857,0.0491954341478783,0.047489556528926));
#3128=CARTESIAN_POINT('',(-0.11033587355469,0.0451539822636037,0.0470744754042098));
#3129=CARTESIAN_POINT('',(-0.113858869890834,0.0431332563214733,0.046964439379366));
#3130=CARTESIAN_POINT('',(-0.117381866226978,0.041112530379343,0.0468544033545223));
#3131=CARTESIAN_POINT('',(-0.1209048625631,0.0431332563215401,0.0467443673301898));
#3132=CARTESIAN_POINT('',(-0.124427858899221,0.0451539822637371,0.0466343313058575));
#3133=CARTESIAN_POINT('',(-0.12446417379201,0.0491954341481173,0.0462192501821639));
#3134=CARTESIAN_POINT('',(-0.124500488684799,0.0532368860324974,0.0458041690584703));
#3135=CARTESIAN_POINT('',(-0.121050122134279,0.0552576119747331,0.0450840428349043));
#3136=CARTESIAN_POINT('',(-0.117599755583758,0.0572783379169689,0.0443639166113383));
#3137=CARTESIAN_POINT('',(-0.114149389033259,0.0552576119748772,0.0436437903872609));
#3138=CARTESIAN_POINT('',(-0.110699022482761,0.0532368860327856,0.0429236641631836));
#3139=CARTESIAN_POINT('',(-0.110735337375595,0.0491954341485109,0.0425085830384673));
#3140=CARTESIAN_POINT('',(-0.110771652268429,0.0451539822642363,0.0420935019137511));
#3141=CARTESIAN_POINT('',(-0.114294648604573,0.043133256322106,0.0419834658889073));
#3142=CARTESIAN_POINT('',(-0.117817644940716,0.0411125303799757,0.0418734298640635));
#3143=CARTESIAN_POINT('',(-0.121340641276838,0.0431332563221727,0.0417633938397311));
#3144=CARTESIAN_POINT('',(-0.124863637612959,0.0451539822643698,0.0416533578153987));
#3145=CARTESIAN_POINT('',(-0.124899952505748,0.0491954341487499,0.0412382766917051));
#3146=CARTESIAN_POINT('',(-0.124936267398538,0.05323688603313,0.0408231955680116));
#3147=CARTESIAN_POINT('',(-0.121485900848017,0.0552576119753658,0.0401030693444456));
#3148=CARTESIAN_POINT('',(-0.118035534297496,0.0572783379176015,0.0393829431208796));
#3149=CARTESIAN_POINT('',(-0.114585167746998,0.0552576119755099,0.0386628168968022));
#3150=CARTESIAN_POINT('',(-0.111134801196499,0.0532368860334183,0.0379426906727248));
#3151=CARTESIAN_POINT('',(-0.111171116089333,0.0491954341491436,0.0375276095480086));
#3152=CARTESIAN_POINT('',(-0.111207430982167,0.0451539822648689,0.0371125284232923));
#3153=CARTESIAN_POINT('',(-0.114730427318311,0.0431332563227386,0.0370024923984485));
#3154=CARTESIAN_POINT('',(-0.118253423654455,0.0411125303806083,0.0368924563736048));
#3155=CARTESIAN_POINT('',(-0.121776419990576,0.0431332563228054,0.0367824203492724));
#3156=CARTESIAN_POINT('',(-0.125299416326698,0.0451539822650025,0.03667238432494));
#3157=CARTESIAN_POINT('',(-0.125335731219487,0.0491954341493826,0.0362573032012464));
#3158=CARTESIAN_POINT('',(-0.125372046112276,0.0532368860337626,0.0358422220775529));
#3159=CARTESIAN_POINT('',(-0.121921679561755,0.0552576119759984,0.0351220958539869));
#3160=CARTESIAN_POINT('',(-0.118471313011234,0.0572783379182342,0.0344019696304208));
#3161=CARTESIAN_POINT('',(-0.115020946460736,0.0552576119761425,0.0336818434063434));
#3162=CARTESIAN_POINT('',(-0.111570579910238,0.0532368860340509,0.0329617171822661));
#3163=CARTESIAN_POINT('',(-0.111606894803071,0.0491954341497762,0.0325466360575498));
#3164=CARTESIAN_POINT('',(-0.111643209695905,0.0451539822655015,0.0321315549328337));
#3165=CARTESIAN_POINT('',(-0.115166206032049,0.0431332563233712,0.0320215189079898));
#3166=CARTESIAN_POINT('',(-0.118689202368193,0.0411125303812409,0.0319114828831461));
#3167=CARTESIAN_POINT('',(-0.122212198704314,0.043133256323438,0.0318014468588136));
#3168=CARTESIAN_POINT('',(-0.125735195040436,0.0451539822656351,0.0316914108344812));
#3169=CARTESIAN_POINT('',(-0.125771509933225,0.0491954341500152,0.0312763297107878));
#3170=CARTESIAN_POINT('',(-0.125807824826014,0.0532368860343952,0.0308612485870942));
#3171=CARTESIAN_POINT('',(-0.122357458275494,0.055257611976631,0.0301411223635282));
#3172=CARTESIAN_POINT('',(-0.118907091724973,0.0572783379188667,0.0294209961399621));
#3173=CARTESIAN_POINT('',(-0.115456725174474,0.0552576119767752,0.0287008699158847));
#3174=CARTESIAN_POINT('',(-0.112006358623976,0.0532368860346835,0.0279807436918073));
#3175=CARTESIAN_POINT('',(-0.11204267351681,0.0491954341504089,0.0275656625670911));
#3176=CARTESIAN_POINT('',(-0.112078988409644,0.0451539822661342,0.0271505814423749));
#3177=CARTESIAN_POINT('',(-0.115601984745787,0.0431332563240039,0.0270405454175311));
#3178=CARTESIAN_POINT('',(-0.119124981081931,0.0411125303818735,0.0269305093926873));
#3179=CARTESIAN_POINT('',(-0.122647977418053,0.0431332563240706,0.0268204733683549));
#3180=CARTESIAN_POINT('',(-0.126170973754174,0.0451539822662677,0.0267104373440225));
#3181=CARTESIAN_POINT('',(-0.126207288646963,0.0491954341506478,0.026295356220329));
#3182=CARTESIAN_POINT('',(-0.126243603539753,0.0532368860350279,0.0258802750966354));
#3183=CARTESIAN_POINT('',(-0.122793236989232,0.0552576119772637,0.0251601488730694));
#3184=CARTESIAN_POINT('',(-0.119342870438711,0.0572783379194994,0.0244400226495033));
#3185=CARTESIAN_POINT('',(-0.115892503888213,0.0552576119774078,0.023719896425426));
#3186=CARTESIAN_POINT('',(-0.112442137337714,0.0532368860353161,0.0229997702013486));
#3187=CARTESIAN_POINT('',(-0.112478452230548,0.0491954341510415,0.0225846890766324));
#3188=CARTESIAN_POINT('',(-0.112514767123382,0.0451539822667668,0.0221696079519162));
#3189=CARTESIAN_POINT('',(-0.116037763459526,0.0431332563246365,0.0220595719270724));
#3190=CARTESIAN_POINT('',(-0.11956075979567,0.0411125303825062,0.0219495359022286));
#3191=CARTESIAN_POINT('',(-0.123083756131791,0.0431332563247033,0.0218394998778962));
#3192=CARTESIAN_POINT('',(-0.126606752467912,0.0451539822669003,0.0217294638535638));
#3193=CARTESIAN_POINT('',(-0.126643067360702,0.0491954341512805,0.0213143827298703));
#3194=CARTESIAN_POINT('',(-0.126679382253491,0.0532368860356606,0.0208993016061767));
#3195=CARTESIAN_POINT('',(-0.12322901570297,0.0552576119778963,0.0201791753826107));
#3196=CARTESIAN_POINT('',(-0.119778649152449,0.0572783379201321,0.0194590491590447));
#3197=CARTESIAN_POINT('',(-0.116328282601951,0.0552576119780404,0.0187389229349672));
#3198=CARTESIAN_POINT('',(-0.112877916051452,0.0532368860359488,0.0180187967108899));
#3199=CARTESIAN_POINT('',(-0.112914230944286,0.0491954341516741,0.0176037155861737));
#3200=CARTESIAN_POINT('',(-0.11295054583712,0.0451539822673994,0.0171886344614575));
#3201=CARTESIAN_POINT('',(-0.116473542173264,0.0431332563252691,0.0170785984366137));
#3202=CARTESIAN_POINT('',(-0.119996538509408,0.0411125303831389,0.0169685624117699));
#3203=CARTESIAN_POINT('',(-0.123519534845529,0.0431332563253359,0.0168585263874374));
#3204=CARTESIAN_POINT('',(-0.127042531181651,0.045153982267533,0.0167484903631051));
#3205=CARTESIAN_POINT('',(-0.12707884607444,0.0491954341519131,0.0163334092394115));
#3206=CARTESIAN_POINT('',(-0.127115160967229,0.0532368860362932,0.015918328115718));
#3207=CARTESIAN_POINT('',(-0.123664794416708,0.0552576119785289,0.015198201892152));
#3208=CARTESIAN_POINT('',(-0.120214427866188,0.0572783379207647,0.0144780756685859));
#3209=CARTESIAN_POINT('',(-0.116764061315689,0.0552576119786731,0.0137579494445085));
#3210=CARTESIAN_POINT('',(-0.113313694765191,0.0532368860365814,0.0130378232204312));
#3211=CARTESIAN_POINT('',(-0.113350009658025,0.0491954341523068,0.0126227420957149));
#3212=CARTESIAN_POINT('',(-0.113386324550859,0.0451539822680321,0.0122076609709987));
#3213=CARTESIAN_POINT('',(-0.116909320887002,0.0431332563259018,0.0120976249461549));
#3214=CARTESIAN_POINT('',(-0.120432317223146,0.0411125303837715,0.0119875889213111));
#3215=CARTESIAN_POINT('',(-0.123955313559268,0.0431332563259685,0.0118775528969787));
#3216=CARTESIAN_POINT('',(-0.127478309895389,0.0451539822681656,0.0117675168726464));
#3217=CARTESIAN_POINT('',(-0.127514624788178,0.0491954341525457,0.0113524357489528));
#3218=CARTESIAN_POINT('',(-0.127550939680967,0.0532368860369258,0.0109373546252593));
#3219=CARTESIAN_POINT('',(-0.124100573130447,0.0552576119791616,0.0102172284016932));
#3220=CARTESIAN_POINT('',(-0.120650206579926,0.0572783379213974,0.00949710217812716));
#3221=CARTESIAN_POINT('',(-0.117199840029428,0.0552576119793057,0.00877697595404986));
#3222=CARTESIAN_POINT('',(-0.113749473478929,0.0532368860372141,0.0080568497299725));
#3223=CARTESIAN_POINT('',(-0.113785788371763,0.0491954341529394,0.00764176860525621));
#3224=CARTESIAN_POINT('',(-0.113822103264597,0.0451539822686647,0.00722668748053996));
#3225=CARTESIAN_POINT('',(-0.117345099600741,0.0431332563265344,0.00711665145569618));
#3226=CARTESIAN_POINT('',(-0.120868095936884,0.0411125303844041,0.00700661543085243));
#3227=CARTESIAN_POINT('',(-0.124391092273006,0.0431332563266012,0.00689657940652003));
#3228=CARTESIAN_POINT('',(-0.127914088609127,0.0451539822687982,0.00678654338218763));
#3229=CARTESIAN_POINT('',(-0.127950403501917,0.0491954341531784,0.00637146225849406));
#3230=CARTESIAN_POINT('',(-0.127986718394706,0.0532368860375584,0.0059563811348005));
#3231=CARTESIAN_POINT('',(-0.124536351844185,0.0552576119797942,0.00523625491123448));
#3232=CARTESIAN_POINT('',(-0.121193283524296,0.0572154981294982,0.00453852290825017));
#3233=CARTESIAN_POINT('',(-0.117799068015378,0.0553503601159805,0.00383011597167866));
#3234=CARTESIAN_POINT('',(-0.111341363881271,0.0484255012064647,0.195726348393419));
#3235=CARTESIAN_POINT('',(-0.110925287078864,0.0471855051858112,0.195689946389894));
#3236=CARTESIAN_POINT('',(-0.1093193550621,0.0450262285989157,0.19554944554376));
#3237=CARTESIAN_POINT('',(-0.106715534935846,0.0441507662785608,0.195321640800741));
#3238=CARTESIAN_POINT('',(-0.105415032112739,0.0442982095620846,0.195207861546855));
#3239=CARTESIAN_POINT('',(-0.111341363881271,0.0484255012064645,0.195726348393419));
#3240=CARTESIAN_POINT('',(-0.079359269986438,0.0491954341029611,0.401138674351495));
#3241=CARTESIAN_POINT('',(-0.0793955848792718,0.0451539822186864,0.40072359322678));
#3242=CARTESIAN_POINT('',(-0.0829185812154157,0.0431332562765561,0.400613557201936));
#3243=CARTESIAN_POINT('',(-0.0864415775515595,0.0411125303344259,0.400503521177092));
#3244=CARTESIAN_POINT('',(-0.0899645738876809,0.0431332562766229,0.40039348515276));
#3245=CARTESIAN_POINT('',(-0.0934875702238025,0.04515398221882,0.400283449128427));
#3246=CARTESIAN_POINT('',(-0.0935238851165916,0.0491954341032001,0.399868368004733));
#3247=CARTESIAN_POINT('',(-0.0935602000093808,0.0532368859875802,0.39945328688104));
#3248=CARTESIAN_POINT('',(-0.0901098334588601,0.0552576119298159,0.398733160657474));
#3249=CARTESIAN_POINT('',(-0.0866594669083393,0.0572783378720517,0.398013034433908));
#3250=CARTESIAN_POINT('',(-0.0832091003578409,0.0552576119299601,0.39729290820983));
#3251=CARTESIAN_POINT('',(-0.0797587338073424,0.0532368859878684,0.396572781985753));
#3252=CARTESIAN_POINT('',(-0.0797950487001763,0.0491954341035938,0.396157700861037));
#3253=CARTESIAN_POINT('',(-0.0798313635930102,0.0451539822193191,0.395742619736321));
#3254=CARTESIAN_POINT('',(-0.083354359929154,0.0431332562771888,0.395632583711477));
#3255=CARTESIAN_POINT('',(-0.0868773562652977,0.0411125303350585,0.395522547686633));
#3256=CARTESIAN_POINT('',(-0.0904003526014192,0.0431332562772555,0.395412511662301));
#3257=CARTESIAN_POINT('',(-0.0939233489375406,0.0451539822194526,0.395302475637968));
#3258=CARTESIAN_POINT('',(-0.0939596638303299,0.0491954341038327,0.394887394514275));
#3259=CARTESIAN_POINT('',(-0.0939959787231191,0.0532368859882128,0.394472313390581));
#3260=CARTESIAN_POINT('',(-0.0905456121725983,0.0552576119304486,0.393752187167015));
#3261=CARTESIAN_POINT('',(-0.0870952456220776,0.0572783378726842,0.393032060943449));
#3262=CARTESIAN_POINT('',(-0.0836448790715792,0.0552576119305927,0.392311934719372));
#3263=CARTESIAN_POINT('',(-0.0801945125210808,0.0532368859885011,0.391591808495294));
#3264=CARTESIAN_POINT('',(-0.0802308274139146,0.0491954341042264,0.391176727370579));
#3265=CARTESIAN_POINT('',(-0.0802671423067484,0.0451539822199517,0.390761646245862));
#3266=CARTESIAN_POINT('',(-0.0837901386428922,0.0431332562778214,0.390651610221018));
#3267=CARTESIAN_POINT('',(-0.087313134979036,0.0411125303356911,0.390541574196175));
#3268=CARTESIAN_POINT('',(-0.0908361313151575,0.0431332562778882,0.390431538171842));
#3269=CARTESIAN_POINT('',(-0.094359127651279,0.0451539822200852,0.390321502147509));
#3270=CARTESIAN_POINT('',(-0.0943954425440682,0.0491954341044654,0.389906421023816));
#3271=CARTESIAN_POINT('',(-0.0944317574368574,0.0532368859888454,0.389491339900122));
#3272=CARTESIAN_POINT('',(-0.0909813908863367,0.0552576119310812,0.388771213676556));
#3273=CARTESIAN_POINT('',(-0.0875310243358159,0.0572783378733169,0.38805108745299));
#3274=CARTESIAN_POINT('',(-0.0840806577853175,0.0552576119312253,0.387330961228913));
#3275=CARTESIAN_POINT('',(-0.0806302912348191,0.0532368859891338,0.386610835004836));
#3276=CARTESIAN_POINT('',(-0.0806666061276529,0.049195434104859,0.386195753880119));
#3277=CARTESIAN_POINT('',(-0.0807029210204867,0.0451539822205844,0.385780672755403));
#3278=CARTESIAN_POINT('',(-0.0842259173566305,0.043133256278454,0.38567063673056));
#3279=CARTESIAN_POINT('',(-0.0877489136927742,0.0411125303363237,0.385560600705715));
#3280=CARTESIAN_POINT('',(-0.0912719100288958,0.0431332562785208,0.385450564681384));
#3281=CARTESIAN_POINT('',(-0.0947949063650172,0.0451539822207178,0.385340528657051));
#3282=CARTESIAN_POINT('',(-0.0948312212578065,0.049195434105098,0.384925447533358));
#3283=CARTESIAN_POINT('',(-0.0948675361505956,0.0532368859894781,0.384510366409664));
#3284=CARTESIAN_POINT('',(-0.0914171696000749,0.0552576119317138,0.383790240186098));
#3285=CARTESIAN_POINT('',(-0.0879668030495542,0.0572783378739496,0.383070113962532));
#3286=CARTESIAN_POINT('',(-0.0845164364990558,0.055257611931858,0.382349987738455));
#3287=CARTESIAN_POINT('',(-0.0810660699485573,0.0532368859897663,0.381629861514377));
#3288=CARTESIAN_POINT('',(-0.0811023848413912,0.0491954341054917,0.381214780389661));
#3289=CARTESIAN_POINT('',(-0.081138699734225,0.045153982221217,0.380799699264945));
#3290=CARTESIAN_POINT('',(-0.0846616960703688,0.0431332562790867,0.380689663240101));
#3291=CARTESIAN_POINT('',(-0.0881846924065126,0.0411125303369564,0.380579627215257));
#3292=CARTESIAN_POINT('',(-0.0917076887426341,0.0431332562791534,0.380469591190924));
#3293=CARTESIAN_POINT('',(-0.0952306850787555,0.0451539822213505,0.380359555166592));
#3294=CARTESIAN_POINT('',(-0.0952669999715448,0.0491954341057306,0.379944474042898));
#3295=CARTESIAN_POINT('',(-0.0953033148643339,0.0532368859901108,0.379529392919205));
#3296=CARTESIAN_POINT('',(-0.0918529483138132,0.0552576119323465,0.378809266695639));
#3297=CARTESIAN_POINT('',(-0.0884025817632924,0.0572783378745822,0.378089140472073));
#3298=CARTESIAN_POINT('',(-0.0849522152127941,0.0552576119324906,0.377369014247996));
#3299=CARTESIAN_POINT('',(-0.0815018486622956,0.053236885990399,0.376648888023918));
#3300=CARTESIAN_POINT('',(-0.0815381635551295,0.0491954341061243,0.376233806899202));
#3301=CARTESIAN_POINT('',(-0.0815744784479633,0.0451539822218496,0.375818725774486));
#3302=CARTESIAN_POINT('',(-0.0850974747841071,0.0431332562797193,0.375708689749642));
#3303=CARTESIAN_POINT('',(-0.0886204711202508,0.041112530337589,0.375598653724798));
#3304=CARTESIAN_POINT('',(-0.0921434674563723,0.0431332562797861,0.375488617700466));
#3305=CARTESIAN_POINT('',(-0.0956664637924938,0.0451539822219832,0.375378581676134));
#3306=CARTESIAN_POINT('',(-0.0957027786852831,0.0491954341063632,0.37496350055244));
#3307=CARTESIAN_POINT('',(-0.0957390935780723,0.0532368859907434,0.374548419428746));
#3308=CARTESIAN_POINT('',(-0.0922887270275515,0.0552576119329791,0.37382829320518));
#3309=CARTESIAN_POINT('',(-0.0888383604770307,0.0572783378752149,0.373108166981614));
#3310=CARTESIAN_POINT('',(-0.0853879939265324,0.0552576119331233,0.372388040757537));
#3311=CARTESIAN_POINT('',(-0.081937627376034,0.0532368859910316,0.371667914533459));
#3312=CARTESIAN_POINT('',(-0.0819739422688678,0.0491954341067569,0.371252833408743));
#3313=CARTESIAN_POINT('',(-0.0820102571617016,0.0451539822224823,0.370837752284027));
#3314=CARTESIAN_POINT('',(-0.0855332534978454,0.043133256280352,0.370727716259183));
#3315=CARTESIAN_POINT('',(-0.0890562498339891,0.0411125303382217,0.37061768023434));
#3316=CARTESIAN_POINT('',(-0.0925792461701107,0.0431332562804187,0.370507644210007));
#3317=CARTESIAN_POINT('',(-0.0961022425062322,0.0451539822226158,0.370397608185675));
#3318=CARTESIAN_POINT('',(-0.0961385573990213,0.0491954341069959,0.369982527061981));
#3319=CARTESIAN_POINT('',(-0.0961748722918106,0.053236885991376,0.369567445938288));
#3320=CARTESIAN_POINT('',(-0.0927245057412898,0.0552576119336117,0.368847319714722));
#3321=CARTESIAN_POINT('',(-0.0892741391907691,0.0572783378758474,0.368127193491156));
#3322=CARTESIAN_POINT('',(-0.0858237726402707,0.0552576119337559,0.367407067267079));
#3323=CARTESIAN_POINT('',(-0.0823734060897722,0.0532368859916643,0.366686941043001));
#3324=CARTESIAN_POINT('',(-0.082409720982606,0.0491954341073896,0.366271859918284));
#3325=CARTESIAN_POINT('',(-0.0824460358754399,0.0451539822231149,0.365856778793568));
#3326=CARTESIAN_POINT('',(-0.0859690322115837,0.0431332562809846,0.365746742768724));
#3327=CARTESIAN_POINT('',(-0.0894920285477274,0.0411125303388543,0.365636706743881));
#3328=CARTESIAN_POINT('',(-0.0930150248838489,0.0431332562810514,0.365526670719548));
#3329=CARTESIAN_POINT('',(-0.0965380212199704,0.0451539822232484,0.365416634695216));
#3330=CARTESIAN_POINT('',(-0.0965743361127596,0.0491954341076285,0.365001553571522));
#3331=CARTESIAN_POINT('',(-0.0966106510055488,0.0532368859920086,0.364586472447829));
#3332=CARTESIAN_POINT('',(-0.0931602844550281,0.0552576119342444,0.363866346224263));
#3333=CARTESIAN_POINT('',(-0.0897099179045073,0.0572783378764801,0.363146220000697));
#3334=CARTESIAN_POINT('',(-0.086259551354009,0.0552576119343885,0.362426093776619));
#3335=CARTESIAN_POINT('',(-0.0828091848035105,0.0532368859922969,0.361705967552542));
#3336=CARTESIAN_POINT('',(-0.0828454996963444,0.0491954341080222,0.361290886427826));
#3337=CARTESIAN_POINT('',(-0.0828818145891781,0.0451539822237475,0.36087580530311));
#3338=CARTESIAN_POINT('',(-0.086404810925322,0.0431332562816172,0.360765769278266));
#3339=CARTESIAN_POINT('',(-0.0899278072614657,0.0411125303394869,0.360655733253422));
#3340=CARTESIAN_POINT('',(-0.0934508035975872,0.043133256281684,0.36054569722909));
#3341=CARTESIAN_POINT('',(-0.0969737999337087,0.045153982223881,0.360435661204757));
#3342=CARTESIAN_POINT('',(-0.0970101148264979,0.0491954341082611,0.360020580081064));
#3343=CARTESIAN_POINT('',(-0.0970464297192871,0.0532368859926413,0.35960549895737));
#3344=CARTESIAN_POINT('',(-0.0935960631687664,0.055257611934877,0.358885372733804));
#3345=CARTESIAN_POINT('',(-0.0901456966182456,0.0572783378771128,0.358165246510238));
#3346=CARTESIAN_POINT('',(-0.0866953300677473,0.0552576119350212,0.357445120286161));
#3347=CARTESIAN_POINT('',(-0.0832449635172488,0.0532368859929295,0.356724994062084));
#3348=CARTESIAN_POINT('',(-0.0832812784100826,0.0491954341086549,0.356309912937367));
#3349=CARTESIAN_POINT('',(-0.0833175933029165,0.0451539822243802,0.355894831812651));
#3350=CARTESIAN_POINT('',(-0.0868405896390603,0.0431332562822499,0.355784795787807));
#3351=CARTESIAN_POINT('',(-0.090363585975204,0.0411125303401196,0.355674759762963));
#3352=CARTESIAN_POINT('',(-0.0938865823113255,0.0431332562823166,0.355564723738631));
#3353=CARTESIAN_POINT('',(-0.0974095786474469,0.0451539822245136,0.355454687714299));
#3354=CARTESIAN_POINT('',(-0.0974458935402362,0.0491954341088938,0.355039606590605));
#3355=CARTESIAN_POINT('',(-0.0974822084330254,0.0532368859932738,0.354624525466911));
#3356=CARTESIAN_POINT('',(-0.0940318418825047,0.0552576119355096,0.353904399243345));
#3357=CARTESIAN_POINT('',(-0.0905814753319839,0.0572783378777454,0.353184273019779));
#3358=CARTESIAN_POINT('',(-0.0871311087814855,0.0552576119356538,0.352464146795702));
#3359=CARTESIAN_POINT('',(-0.083680742230987,0.0532368859935622,0.351744020571624));
#3360=CARTESIAN_POINT('',(-0.0837170571238209,0.0491954341092876,0.351328939446909));
#3361=CARTESIAN_POINT('',(-0.0837533720166547,0.0451539822250129,0.350913858322192));
#3362=CARTESIAN_POINT('',(-0.0872763683527986,0.0431332562828825,0.350803822297348));
#3363=CARTESIAN_POINT('',(-0.0907993646889423,0.0411125303407522,0.350693786272505));
#3364=CARTESIAN_POINT('',(-0.0943223610250638,0.0431332562829492,0.350583750248173));
#3365=CARTESIAN_POINT('',(-0.0978453573611853,0.0451539822251464,0.35047371422384));
#3366=CARTESIAN_POINT('',(-0.0978816722539745,0.0491954341095264,0.350058633100147));
#3367=CARTESIAN_POINT('',(-0.0979179871467638,0.0532368859939065,0.349643551976453));
#3368=CARTESIAN_POINT('',(-0.094467620596243,0.0552576119361423,0.348923425752886));
#3369=CARTESIAN_POINT('',(-0.0910172540457222,0.0572783378783781,0.348203299529321));
#3370=CARTESIAN_POINT('',(-0.0875668874952238,0.0552576119362864,0.347483173305243));
#3371=CARTESIAN_POINT('',(-0.0841165209447254,0.0532368859941948,0.346763047081166));
#3372=CARTESIAN_POINT('',(-0.0841528358375592,0.0491954341099202,0.34634796595645));
#3373=CARTESIAN_POINT('',(-0.084189150730393,0.0451539822256455,0.345932884831733));
#3374=CARTESIAN_POINT('',(-0.0877121470665368,0.0431332562835152,0.34582284880689));
#3375=CARTESIAN_POINT('',(-0.0912351434026807,0.0411125303413848,0.345712812782046));
#3376=CARTESIAN_POINT('',(-0.0947581397388021,0.0431332562835819,0.345602776757714));
#3377=CARTESIAN_POINT('',(-0.0982811360749236,0.0451539822257789,0.345492740733381));
#3378=CARTESIAN_POINT('',(-0.0983174509677128,0.049195434110159,0.345077659609688));
#3379=CARTESIAN_POINT('',(-0.098353765860502,0.0532368859945391,0.344662578485994));
#3380=CARTESIAN_POINT('',(-0.0949033993099813,0.0552576119367749,0.343942452262428));
#3381=CARTESIAN_POINT('',(-0.0914530327594606,0.0572783378790106,0.343222326038862));
#3382=CARTESIAN_POINT('',(-0.0880026662089621,0.0552576119369191,0.342502199814785));
#3383=CARTESIAN_POINT('',(-0.0845522996584637,0.0532368859948275,0.341782073590707));
#3384=CARTESIAN_POINT('',(-0.0845886145512975,0.0491954341105528,0.341366992465991));
#3385=CARTESIAN_POINT('',(-0.0846249294441313,0.0451539822262782,0.340951911341275));
#3386=CARTESIAN_POINT('',(-0.0881479257802751,0.0431332562841478,0.340841875316431));
#3387=CARTESIAN_POINT('',(-0.0916709221164189,0.0411125303420175,0.340731839291587));
#3388=CARTESIAN_POINT('',(-0.0951939184525404,0.0431332562842145,0.340621803267255));
#3389=CARTESIAN_POINT('',(-0.0987169147886618,0.0451539822264116,0.340511767242922));
#3390=CARTESIAN_POINT('',(-0.0987532296814511,0.0491954341107916,0.340096686119229));
#3391=CARTESIAN_POINT('',(-0.0987895445742403,0.0532368859951717,0.339681604995535));
#3392=CARTESIAN_POINT('',(-0.0953391780237196,0.0552576119374076,0.338961478771969));
#3393=CARTESIAN_POINT('',(-0.0918888114731988,0.0572783378796433,0.338241352548403));
#3394=CARTESIAN_POINT('',(-0.0884384449227004,0.0552576119375517,0.337521226324326));
#3395=CARTESIAN_POINT('',(-0.084988078372202,0.0532368859954601,0.336801100100249));
#3396=CARTESIAN_POINT('',(-0.0850243932650358,0.0491954341111855,0.336386018975532));
#3397=CARTESIAN_POINT('',(-0.0850607081578695,0.0451539822269108,0.335970937850816));
#3398=CARTESIAN_POINT('',(-0.0885837044940134,0.0431332562847804,0.335860901825972));
#3399=CARTESIAN_POINT('',(-0.0921067008301571,0.0411125303426501,0.335750865801128));
#3400=CARTESIAN_POINT('',(-0.0956296971662786,0.0431332562848471,0.335640829776796));
#3401=CARTESIAN_POINT('',(-0.0991526935024001,0.0451539822270442,0.335530793752463));
#3402=CARTESIAN_POINT('',(-0.0991890083951894,0.0491954341114243,0.33511571262877));
#3403=CARTESIAN_POINT('',(-0.0992253232879785,0.0532368859958045,0.334700631505076));
#3404=CARTESIAN_POINT('',(-0.0957749567374579,0.0552576119380402,0.33398050528151));
#3405=CARTESIAN_POINT('',(-0.0923245901869371,0.0572783378802759,0.333260379057944));
#3406=CARTESIAN_POINT('',(-0.0888742236364387,0.0552576119381844,0.332540252833867));
#3407=CARTESIAN_POINT('',(-0.0854238570859402,0.0532368859960927,0.33182012660979));
#3408=CARTESIAN_POINT('',(-0.0854601719787741,0.049195434111818,0.331405045485073));
#3409=CARTESIAN_POINT('',(-0.0854964868716079,0.0451539822275435,0.330989964360357));
#3410=CARTESIAN_POINT('',(-0.0890194832077517,0.0431332562854131,0.330879928335513));
#3411=CARTESIAN_POINT('',(-0.0925424795438954,0.0411125303432828,0.33076989231067));
#3412=CARTESIAN_POINT('',(-0.096065475880017,0.0431332562854798,0.330659856286337));
#3413=CARTESIAN_POINT('',(-0.0995884722161385,0.0451539822276769,0.330549820262005));
#3414=CARTESIAN_POINT('',(-0.0996247871089277,0.0491954341120569,0.330134739138311));
#3415=CARTESIAN_POINT('',(-0.0996611020017169,0.053236885996437,0.329719658014618));
#3416=CARTESIAN_POINT('',(-0.0962107354511962,0.0552576119386728,0.328999531791052));
#3417=CARTESIAN_POINT('',(-0.0927603689006754,0.0572783378809086,0.328279405567486));
#3418=CARTESIAN_POINT('',(-0.0893100023501771,0.055257611938817,0.327559279343409));
#3419=CARTESIAN_POINT('',(-0.0858596357996786,0.0532368859967255,0.326839153119331));
#3420=CARTESIAN_POINT('',(-0.0858959506925124,0.0491954341124507,0.326424071994615));
#3421=CARTESIAN_POINT('',(-0.0859322655853462,0.0451539822281761,0.326008990869899));
#3422=CARTESIAN_POINT('',(-0.08945526192149,0.0431332562860457,0.325898954845055));
#3423=CARTESIAN_POINT('',(-0.0929782582576336,0.0411125303439154,0.325788918820211));
#3424=CARTESIAN_POINT('',(-0.0965012545937552,0.0431332562861124,0.325678882795878));
#3425=CARTESIAN_POINT('',(-0.100024250929877,0.0451539822283094,0.325568846771546));
#3426=CARTESIAN_POINT('',(-0.100060565822666,0.0491954341126896,0.325153765647852));
#3427=CARTESIAN_POINT('',(-0.100096880715455,0.0532368859970697,0.324738684524159));
#3428=CARTESIAN_POINT('',(-0.0966465141649345,0.0552576119393054,0.324018558300593));
#3429=CARTESIAN_POINT('',(-0.0931961476144137,0.0572783378815413,0.323298432077027));
#3430=CARTESIAN_POINT('',(-0.0897457810639153,0.0552576119394496,0.322578305852949));
#3431=CARTESIAN_POINT('',(-0.0862954145134168,0.053236885997358,0.321858179628872));
#3432=CARTESIAN_POINT('',(-0.0863317294062507,0.0491954341130833,0.321443098504156));
#3433=CARTESIAN_POINT('',(-0.0863680442990844,0.0451539822288087,0.321028017379439));
#3434=CARTESIAN_POINT('',(-0.0898910406352282,0.0431332562866784,0.320917981354596));
#3435=CARTESIAN_POINT('',(-0.0934140369713719,0.041112530344548,0.320807945329752));
#3436=CARTESIAN_POINT('',(-0.0969370333074935,0.0431332562867451,0.32069790930542));
#3437=CARTESIAN_POINT('',(-0.100460029643615,0.045153982228942,0.320587873281087));
#3438=CARTESIAN_POINT('',(-0.100496344536404,0.0491954341133222,0.320172792157394));
#3439=CARTESIAN_POINT('',(-0.100532659429194,0.0532368859977023,0.319757711033701));
#3440=CARTESIAN_POINT('',(-0.0970822928786728,0.0552576119399381,0.319037584810135));
#3441=CARTESIAN_POINT('',(-0.093631926328152,0.0572783378821738,0.318317458586568));
#3442=CARTESIAN_POINT('',(-0.0901815597776536,0.0552576119400823,0.317597332362491));
#3443=CARTESIAN_POINT('',(-0.0867311932271551,0.0532368859979907,0.316877206138414));
#3444=CARTESIAN_POINT('',(-0.086767508119989,0.049195434113716,0.316462125013697));
#3445=CARTESIAN_POINT('',(-0.0868038230128228,0.0451539822294413,0.316047043888981));
#3446=CARTESIAN_POINT('',(-0.0903268193489666,0.043133256287311,0.315937007864137));
#3447=CARTESIAN_POINT('',(-0.0938498156851103,0.0411125303451806,0.315826971839293));
#3448=CARTESIAN_POINT('',(-0.0973728120212318,0.0431332562873777,0.315716935814961));
#3449=CARTESIAN_POINT('',(-0.100895808357353,0.0451539822295747,0.315606899790629));
#3450=CARTESIAN_POINT('',(-0.100932123250143,0.0491954341139549,0.315191818666935));
#3451=CARTESIAN_POINT('',(-0.100968438142932,0.0532368859983349,0.314776737543241));
#3452=CARTESIAN_POINT('',(-0.0975180715924111,0.0552576119405707,0.314056611319675));
#3453=CARTESIAN_POINT('',(-0.0940677050418904,0.0572783378828065,0.313336485096109));
#3454=CARTESIAN_POINT('',(-0.0906173384913919,0.0552576119407149,0.312616358872032));
#3455=CARTESIAN_POINT('',(-0.0871669719408934,0.0532368859986233,0.311896232647955));
#3456=CARTESIAN_POINT('',(-0.0872032868337272,0.0491954341143487,0.311481151523239));
#3457=CARTESIAN_POINT('',(-0.087239601726561,0.045153982230074,0.311066070398522));
#3458=CARTESIAN_POINT('',(-0.0907625980627048,0.0431332562879436,0.310956034373678));
#3459=CARTESIAN_POINT('',(-0.0942855943988486,0.0411125303458133,0.310845998348835));
#3460=CARTESIAN_POINT('',(-0.0978085907349701,0.0431332562880103,0.310735962324502));
#3461=CARTESIAN_POINT('',(-0.101331587071092,0.0451539822302073,0.31062592630017));
#3462=CARTESIAN_POINT('',(-0.101367901963881,0.0491954341145875,0.310210845176477));
#3463=CARTESIAN_POINT('',(-0.10140421685667,0.0532368859989675,0.309795764052783));
#3464=CARTESIAN_POINT('',(-0.0979538503061493,0.0552576119412034,0.309075637829217));
#3465=CARTESIAN_POINT('',(-0.0945034837556286,0.0572783378834391,0.308355511605651));
#3466=CARTESIAN_POINT('',(-0.0910531172051302,0.0552576119413476,0.307635385381573));
#3467=CARTESIAN_POINT('',(-0.0876027506546318,0.053236885999256,0.306915259157496));
#3468=CARTESIAN_POINT('',(-0.0876390655474655,0.0491954341149813,0.30650017803278));
#3469=CARTESIAN_POINT('',(-0.0876753804402993,0.0451539822307066,0.306085096908064));
#3470=CARTESIAN_POINT('',(-0.091198376776443,0.0431332562885763,0.30597506088322));
#3471=CARTESIAN_POINT('',(-0.0947213731125868,0.0411125303464459,0.305865024858376));
#3472=CARTESIAN_POINT('',(-0.0982443694487084,0.0431332562886429,0.305754988834044));
#3473=CARTESIAN_POINT('',(-0.10176736578483,0.04515398223084,0.305644952809711));
#3474=CARTESIAN_POINT('',(-0.101803680677619,0.0491954341152201,0.305229871686018));
#3475=CARTESIAN_POINT('',(-0.101839995570408,0.0532368859996001,0.304814790562324));
#3476=CARTESIAN_POINT('',(-0.0983896290198877,0.055257611941836,0.304094664338758));
#3477=CARTESIAN_POINT('',(-0.0949392624693669,0.0572783378840718,0.303374538115192));
#3478=CARTESIAN_POINT('',(-0.0914888959188685,0.0552576119419802,0.302654411891115));
#3479=CARTESIAN_POINT('',(-0.08803852936837,0.0532368859998885,0.301934285667037));
#3480=CARTESIAN_POINT('',(-0.0880748442612038,0.049195434115614,0.301519204542321));
#3481=CARTESIAN_POINT('',(-0.0881111591540376,0.0451539822313393,0.301104123417605));
#3482=CARTESIAN_POINT('',(-0.0916341554901814,0.043133256289209,0.300994087392761));
#3483=CARTESIAN_POINT('',(-0.0951571518263252,0.0411125303470786,0.300884051367917));
#3484=CARTESIAN_POINT('',(-0.0986801481624467,0.0431332562892756,0.300774015343585));
#3485=CARTESIAN_POINT('',(-0.102203144498568,0.0451539822314727,0.300663979319253));
#3486=CARTESIAN_POINT('',(-0.102239459391357,0.0491954341158527,0.300248898195559));
#3487=CARTESIAN_POINT('',(-0.102275774284147,0.0532368860002327,0.299833817071866));
#3488=CARTESIAN_POINT('',(-0.0988254077336259,0.0552576119424686,0.299113690848299));
#3489=CARTESIAN_POINT('',(-0.0953750411831052,0.0572783378847044,0.298393564624734));
#3490=CARTESIAN_POINT('',(-0.0919246746326067,0.0552576119426128,0.297673438400656));
#3491=CARTESIAN_POINT('',(-0.0884743080821083,0.0532368860005213,0.296953312176579));
#3492=CARTESIAN_POINT('',(-0.0885106229749421,0.0491954341162467,0.296538231051862));
#3493=CARTESIAN_POINT('',(-0.0885469378677759,0.0451539822319718,0.296123149927146));
#3494=CARTESIAN_POINT('',(-0.0920699342039196,0.0431332562898416,0.296013113902303));
#3495=CARTESIAN_POINT('',(-0.0955929305400635,0.0411125303477112,0.295903077877459));
#3496=CARTESIAN_POINT('',(-0.0991159268761849,0.0431332562899082,0.295793041853126));
#3497=CARTESIAN_POINT('',(-0.102638923212306,0.0451539822321052,0.295683005828793));
#3498=CARTESIAN_POINT('',(-0.102675238105096,0.0491954341164854,0.2952679247051));
#3499=CARTESIAN_POINT('',(-0.102711552997885,0.0532368860008654,0.294852843581407));
#3500=CARTESIAN_POINT('',(-0.0992611864473642,0.0552576119431013,0.294132717357841));
#3501=CARTESIAN_POINT('',(-0.0958108198968434,0.057278337885337,0.293412591134274));
#3502=CARTESIAN_POINT('',(-0.0923604533463451,0.0552576119432455,0.292692464910197));
#3503=CARTESIAN_POINT('',(-0.0889100867958465,0.0532368860011538,0.29197233868612));
#3504=CARTESIAN_POINT('',(-0.0889464016886804,0.0491954341168793,0.291557257561403));
#3505=CARTESIAN_POINT('',(-0.0889827165815143,0.0451539822326044,0.291142176436687));
#3506=CARTESIAN_POINT('',(-0.092505712917658,0.0431332562904742,0.291032140411843));
#3507=CARTESIAN_POINT('',(-0.0960287092538016,0.0411125303483438,0.290922104387));
#3508=CARTESIAN_POINT('',(-0.0995517055899233,0.0431332562905409,0.290812068362667));
#3509=CARTESIAN_POINT('',(-0.103074701926045,0.0451539822327378,0.290702032338335));
#3510=CARTESIAN_POINT('',(-0.103111016818834,0.0491954341171181,0.290286951214642));
#3511=CARTESIAN_POINT('',(-0.103147331711623,0.0532368860014981,0.289871870090948));
#3512=CARTESIAN_POINT('',(-0.0996969651611026,0.0552576119437339,0.289151743867382));
#3513=CARTESIAN_POINT('',(-0.0962465986105818,0.0572783378859697,0.288431617643816));
#3514=CARTESIAN_POINT('',(-0.0927962320600834,0.0552576119438781,0.287711491419739));
#3515=CARTESIAN_POINT('',(-0.089345865509585,0.0532368860017866,0.286991365195661));
#3516=CARTESIAN_POINT('',(-0.0893821804024187,0.0491954341175118,0.286576284070945));
#3517=CARTESIAN_POINT('',(-0.0894184952952524,0.0451539822332372,0.286161202946229));
#3518=CARTESIAN_POINT('',(-0.0929414916313963,0.0431332562911068,0.286051166921385));
#3519=CARTESIAN_POINT('',(-0.0964644879675399,0.0411125303489765,0.285941130896541));
#3520=CARTESIAN_POINT('',(-0.0999874843036614,0.0431332562911734,0.285831094872209));
#3521=CARTESIAN_POINT('',(-0.103510480639783,0.0451539822333705,0.285721058847876));
#3522=CARTESIAN_POINT('',(-0.103546795532572,0.0491954341177506,0.285305977724183));
#3523=CARTESIAN_POINT('',(-0.103583110425361,0.0532368860021307,0.284890896600489));
#3524=CARTESIAN_POINT('',(-0.100132743874841,0.0552576119443665,0.284170770376924));
#3525=CARTESIAN_POINT('',(-0.0966823773243202,0.0572783378866023,0.283450644153357));
#3526=CARTESIAN_POINT('',(-0.0932320107738216,0.0552576119445107,0.28273051792928));
#3527=CARTESIAN_POINT('',(-0.0897816442233232,0.0532368860024192,0.282010391705203));
#3528=CARTESIAN_POINT('',(-0.089817959116157,0.0491954341181444,0.281595310580486));
#3529=CARTESIAN_POINT('',(-0.0898542740089907,0.0451539822338698,0.28118022945577));
#3530=CARTESIAN_POINT('',(-0.0933772703451345,0.0431332562917396,0.281070193430926));
#3531=CARTESIAN_POINT('',(-0.0969002666812784,0.0411125303496091,0.280960157406082));
#3532=CARTESIAN_POINT('',(-0.1004232630174,0.0431332562918061,0.28085012138175));
#3533=CARTESIAN_POINT('',(-0.103946259353521,0.0451539822340032,0.280740085357418));
#3534=CARTESIAN_POINT('',(-0.103982574246311,0.0491954341183833,0.280325004233724));
#3535=CARTESIAN_POINT('',(-0.1040188891391,0.0532368860027633,0.279909923110031));
#3536=CARTESIAN_POINT('',(-0.100568522588579,0.0552576119449992,0.279189796886465));
#3537=CARTESIAN_POINT('',(-0.0971181560380584,0.057278337887235,0.278469670662899));
#3538=CARTESIAN_POINT('',(-0.0936677894875599,0.0552576119451433,0.277749544438821));
#3539=CARTESIAN_POINT('',(-0.0902174229370615,0.0532368860030518,0.277029418214744));
#3540=CARTESIAN_POINT('',(-0.0902537378298953,0.0491954341187772,0.276614337090027));
#3541=CARTESIAN_POINT('',(-0.090290052722729,0.0451539822345024,0.276199255965311));
#3542=CARTESIAN_POINT('',(-0.0938130490588728,0.0431332562923721,0.276089219940467));
#3543=CARTESIAN_POINT('',(-0.0973360453950167,0.0411125303502417,0.275979183915624));
#3544=CARTESIAN_POINT('',(-0.100859041731138,0.0431332562924388,0.275869147891291));
#3545=CARTESIAN_POINT('',(-0.10438203806726,0.0451539822346357,0.275759111866959));
#3546=CARTESIAN_POINT('',(-0.104418352960049,0.0491954341190159,0.275344030743266));
#3547=CARTESIAN_POINT('',(-0.104454667852838,0.0532368860033959,0.274928949619572));
#3548=CARTESIAN_POINT('',(-0.101004301302317,0.0552576119456318,0.274208823396006));
#3549=CARTESIAN_POINT('',(-0.0975539347517967,0.0572783378878676,0.27348869717244));
#3550=CARTESIAN_POINT('',(-0.0941035682012983,0.0552576119457761,0.272768570948362));
#3551=CARTESIAN_POINT('',(-0.0906532016507997,0.0532368860036844,0.272048444724285));
#3552=CARTESIAN_POINT('',(-0.0906895165436336,0.0491954341194098,0.271633363599569));
#3553=CARTESIAN_POINT('',(-0.0907258314364672,0.0451539822351352,0.271218282474852));
#3554=CARTESIAN_POINT('',(-0.0942488277726111,0.0431332562930047,0.271108246450009));
#3555=CARTESIAN_POINT('',(-0.0977718241087548,0.0411125303508744,0.270998210425165));
#3556=CARTESIAN_POINT('',(-0.101294820444876,0.0431332562930715,0.270888174400832));
#3557=CARTESIAN_POINT('',(-0.104817816780998,0.0451539822352684,0.2707781383765));
#3558=CARTESIAN_POINT('',(-0.104854131673787,0.0491954341196484,0.270363057252807));
#3559=CARTESIAN_POINT('',(-0.104890446566576,0.0532368860040286,0.269947976129113));
#3560=CARTESIAN_POINT('',(-0.101440080016056,0.0552576119462644,0.269227849905547));
#3561=CARTESIAN_POINT('',(-0.0979897134655349,0.0572783378885002,0.268507723681981));
#3562=CARTESIAN_POINT('',(-0.0945393469150366,0.0552576119464087,0.267787597457903));
#3563=CARTESIAN_POINT('',(-0.0910889803645382,0.0532368860043171,0.267067471233826));
#3564=CARTESIAN_POINT('',(-0.0911252952573719,0.0491954341200424,0.26665239010911));
#3565=CARTESIAN_POINT('',(-0.0911616101502056,0.0451539822357678,0.266237308984394));
#3566=CARTESIAN_POINT('',(-0.0946846064863495,0.0431332562936373,0.26612727295955));
#3567=CARTESIAN_POINT('',(-0.0982076028224931,0.041112530351507,0.266017236934706));
#3568=CARTESIAN_POINT('',(-0.101730599158615,0.043133256293704,0.265907200910374));
#3569=CARTESIAN_POINT('',(-0.105253595494736,0.0451539822359011,0.265797164886041));
#3570=CARTESIAN_POINT('',(-0.105289910387525,0.0491954341202811,0.265382083762348));
#3571=CARTESIAN_POINT('',(-0.105326225280315,0.0532368860046614,0.264967002638654));
#3572=CARTESIAN_POINT('',(-0.101875858729794,0.0552576119468971,0.264246876415089));
#3573=CARTESIAN_POINT('',(-0.0984254921792733,0.0572783378891328,0.263526750191522));
#3574=CARTESIAN_POINT('',(-0.0949751256287748,0.0552576119470413,0.262806623967445));
#3575=CARTESIAN_POINT('',(-0.0915247590782764,0.0532368860049498,0.262086497743368));
#3576=CARTESIAN_POINT('',(-0.0915610739711101,0.049195434120675,0.261671416618652));
#3577=CARTESIAN_POINT('',(-0.0915973888639439,0.0451539822364004,0.261256335493935));
#3578=CARTESIAN_POINT('',(-0.0951203852000876,0.0431332562942701,0.261146299469092));
#3579=CARTESIAN_POINT('',(-0.0986433815362315,0.0411125303521397,0.261036263444247));
#3580=CARTESIAN_POINT('',(-0.102166377872353,0.0431332562943366,0.260926227419915));
#3581=CARTESIAN_POINT('',(-0.105689374208475,0.0451539822365338,0.260816191395583));
#3582=CARTESIAN_POINT('',(-0.105725689101264,0.0491954341209138,0.260401110271889));
#3583=CARTESIAN_POINT('',(-0.105762003994053,0.0532368860052938,0.259986029148196));
#3584=CARTESIAN_POINT('',(-0.102311637443532,0.0552576119475297,0.259265902924629));
#3585=CARTESIAN_POINT('',(-0.0988612708930116,0.0572783378897655,0.258545776701064));
#3586=CARTESIAN_POINT('',(-0.0954109043425131,0.0552576119476739,0.257825650476987));
#3587=CARTESIAN_POINT('',(-0.0919605377920146,0.0532368860055824,0.257105524252909));
#3588=CARTESIAN_POINT('',(-0.0919968526848484,0.0491954341213078,0.256690443128193));
#3589=CARTESIAN_POINT('',(-0.0920331675776822,0.045153982237033,0.256275362003477));
#3590=CARTESIAN_POINT('',(-0.0955561639138259,0.0431332562949027,0.256165325978633));
#3591=CARTESIAN_POINT('',(-0.0990791602499697,0.0411125303527723,0.256055289953789));
#3592=CARTESIAN_POINT('',(-0.102602156586091,0.0431332562949693,0.255945253929456));
#3593=CARTESIAN_POINT('',(-0.106125152922213,0.0451539822371662,0.255835217905124));
#3594=CARTESIAN_POINT('',(-0.106161467815002,0.0491954341215465,0.25542013678143));
#3595=CARTESIAN_POINT('',(-0.106197782707791,0.0532368860059265,0.255005055657737));
#3596=CARTESIAN_POINT('',(-0.102747416157271,0.0552576119481623,0.254284929434171));
#3597=CARTESIAN_POINT('',(-0.0992970496067498,0.0572783378903982,0.253564803210605));
#3598=CARTESIAN_POINT('',(-0.0958466830562515,0.0552576119483066,0.252844676986528));
#3599=CARTESIAN_POINT('',(-0.0923963165057529,0.0532368860062149,0.25212455076245));
#3600=CARTESIAN_POINT('',(-0.0924326313985867,0.0491954341219404,0.251709469637734));
#3601=CARTESIAN_POINT('',(-0.0924689462914205,0.0451539822376658,0.251294388513018));
#3602=CARTESIAN_POINT('',(-0.0959919426275643,0.0431332562955353,0.251184352488174));
#3603=CARTESIAN_POINT('',(-0.099514938963708,0.0411125303534049,0.25107431646333));
#3604=CARTESIAN_POINT('',(-0.10303793529983,0.043133256295602,0.250964280438997));
#3605=CARTESIAN_POINT('',(-0.106560931635951,0.0451539822377989,0.250854244414665));
#3606=CARTESIAN_POINT('',(-0.10659724652874,0.049195434122179,0.250439163290972));
#3607=CARTESIAN_POINT('',(-0.10663356142153,0.0532368860065591,0.250024082167278));
#3608=CARTESIAN_POINT('',(-0.103183194871009,0.0552576119487949,0.249303955943712));
#3609=CARTESIAN_POINT('',(-0.0997328283204881,0.0572783378910307,0.248583829720146));
#3610=CARTESIAN_POINT('',(-0.0962824617699897,0.0552576119489392,0.247863703496069));
#3611=CARTESIAN_POINT('',(-0.0928320952194913,0.0532368860068477,0.247143577271991));
#3612=CARTESIAN_POINT('',(-0.092868410112325,0.049195434122573,0.246728496147275));
#3613=CARTESIAN_POINT('',(-0.0929047250051588,0.0451539822382983,0.246313415022559));
#3614=CARTESIAN_POINT('',(-0.0964277213413026,0.0431332562961679,0.246203378997715));
#3615=CARTESIAN_POINT('',(-0.0999507176774463,0.0411125303540376,0.246093342972872));
#3616=CARTESIAN_POINT('',(-0.103473714013568,0.0431332562962345,0.245983306948539));
#3617=CARTESIAN_POINT('',(-0.106996710349689,0.0451539822384316,0.245873270924206));
#3618=CARTESIAN_POINT('',(-0.107033025242479,0.0491954341228116,0.245458189800513));
#3619=CARTESIAN_POINT('',(-0.107069340135268,0.0532368860071919,0.245043108676819));
#3620=CARTESIAN_POINT('',(-0.103618973584747,0.0552576119494276,0.244322982453253));
#3621=CARTESIAN_POINT('',(-0.100168607034227,0.0572783378916634,0.243602856229687));
#3622=CARTESIAN_POINT('',(-0.096718240483728,0.0552576119495718,0.24288273000561));
#3623=CARTESIAN_POINT('',(-0.0932678739332296,0.0532368860074803,0.242162603781533));
#3624=CARTESIAN_POINT('',(-0.0933041888260633,0.0491954341232055,0.241747522656816));
#3625=CARTESIAN_POINT('',(-0.0933405037188971,0.0451539822389309,0.2413324415321));
#3626=CARTESIAN_POINT('',(-0.0968635000550408,0.0431332562968006,0.241222405507256));
#3627=CARTESIAN_POINT('',(-0.100386496391185,0.0411125303546702,0.241112369482412));
#3628=CARTESIAN_POINT('',(-0.103909492727306,0.0431332562968672,0.24100233345808));
#3629=CARTESIAN_POINT('',(-0.107432489063427,0.0451539822390641,0.240892297433748));
#3630=CARTESIAN_POINT('',(-0.107468803956217,0.0491954341234443,0.240477216310055));
#3631=CARTESIAN_POINT('',(-0.107505118849006,0.0532368860078243,0.240062135186361));
#3632=CARTESIAN_POINT('',(-0.104054752298485,0.0552576119500603,0.239342008962795));
#3633=CARTESIAN_POINT('',(-0.100604385747965,0.057278337892296,0.238621882739229));
#3634=CARTESIAN_POINT('',(-0.0971540191974664,0.0552576119502046,0.237901756515151));
#3635=CARTESIAN_POINT('',(-0.0937036526469678,0.0532368860081129,0.237181630291074));
#3636=CARTESIAN_POINT('',(-0.0937399675398016,0.0491954341238383,0.236766549166358));
#3637=CARTESIAN_POINT('',(-0.0937762824326354,0.0451539822395635,0.236351468041642));
#3638=CARTESIAN_POINT('',(-0.0972992787687791,0.0431332562974332,0.236241432016798));
#3639=CARTESIAN_POINT('',(-0.100822275104923,0.0411125303553028,0.236131395991954));
#3640=CARTESIAN_POINT('',(-0.104345271441044,0.0431332562974998,0.236021359967621));
#3641=CARTESIAN_POINT('',(-0.107868267777166,0.0451539822396968,0.235911323943289));
#3642=CARTESIAN_POINT('',(-0.107904582669955,0.049195434124077,0.235496242819595));
#3643=CARTESIAN_POINT('',(-0.107940897562744,0.053236886008457,0.235081161695902));
#3644=CARTESIAN_POINT('',(-0.104490531012224,0.0552576119506928,0.234361035472336));
#3645=CARTESIAN_POINT('',(-0.101040164461703,0.0572783378929287,0.23364090924877));
#3646=CARTESIAN_POINT('',(-0.0975897979112046,0.0552576119508372,0.232920783024692));
#3647=CARTESIAN_POINT('',(-0.094139431360706,0.0532368860087454,0.232200656800615));
#3648=CARTESIAN_POINT('',(-0.0941757462535399,0.0491954341244709,0.231785575675899));
#3649=CARTESIAN_POINT('',(-0.0942120611463736,0.0451539822401963,0.231370494551183));
#3650=CARTESIAN_POINT('',(-0.0977350574825174,0.0431332562980658,0.231260458526339));
#3651=CARTESIAN_POINT('',(-0.101258053818661,0.0411125303559355,0.231150422501495));
#3652=CARTESIAN_POINT('',(-0.104781050154783,0.0431332562981325,0.231040386477163));
#3653=CARTESIAN_POINT('',(-0.108304046490904,0.0451539822403295,0.23093035045283));
#3654=CARTESIAN_POINT('',(-0.108340361383693,0.0491954341247095,0.230515269329137));
#3655=CARTESIAN_POINT('',(-0.108376676276483,0.0532368860090897,0.230100188205443));
#3656=CARTESIAN_POINT('',(-0.104926309725962,0.0552576119513255,0.229380061981877));
#3657=CARTESIAN_POINT('',(-0.101475943175441,0.0572783378935613,0.228659935758311));
#3658=CARTESIAN_POINT('',(-0.0980255766249429,0.0552576119514698,0.227939809534234));
#3659=CARTESIAN_POINT('',(-0.0945752100744445,0.0532368860093783,0.227219683310156));
#3660=CARTESIAN_POINT('',(-0.0946115249672782,0.0491954341251035,0.22680460218544));
#3661=CARTESIAN_POINT('',(-0.0946478398601119,0.0451539822408289,0.226389521060724));
#3662=CARTESIAN_POINT('',(-0.0981708361962556,0.0431332562986985,0.22627948503588));
#3663=CARTESIAN_POINT('',(-0.101693832532399,0.0411125303565681,0.226169449011037));
#3664=CARTESIAN_POINT('',(-0.105216828868521,0.0431332562987651,0.226059412986704));
#3665=CARTESIAN_POINT('',(-0.108739825204642,0.0451539822409622,0.225949376962372));
#3666=CARTESIAN_POINT('',(-0.108776140097432,0.0491954341253422,0.225534295838678));
#3667=CARTESIAN_POINT('',(-0.108812454990221,0.0532368860097222,0.225119214714985));
#3668=CARTESIAN_POINT('',(-0.1053620884397,0.0552576119519581,0.224399088491418));
#3669=CARTESIAN_POINT('',(-0.10191172188918,0.0572783378941939,0.223678962267852));
#3670=CARTESIAN_POINT('',(-0.0984613553386811,0.0552576119521024,0.222958836043775));
#3671=CARTESIAN_POINT('',(-0.0950109887881827,0.0532368860100109,0.222238709819698));
#3672=CARTESIAN_POINT('',(-0.0950473036810165,0.0491954341257363,0.221823628694981));
#3673=CARTESIAN_POINT('',(-0.0950836185738502,0.0451539822414615,0.221408547570265));
#3674=CARTESIAN_POINT('',(-0.0986066149099939,0.0431332562993312,0.221298511545422));
#3675=CARTESIAN_POINT('',(-0.102129611246138,0.0411125303572008,0.221188475520578));
#3676=CARTESIAN_POINT('',(-0.105652607582259,0.0431332562993977,0.221078439496245));
#3677=CARTESIAN_POINT('',(-0.109175603918381,0.0451539822415946,0.220968403471913));
#3678=CARTESIAN_POINT('',(-0.10921191881117,0.0491954341259749,0.22055332234822));
#3679=CARTESIAN_POINT('',(-0.109248233703959,0.0532368860103548,0.220138241224526));
#3680=CARTESIAN_POINT('',(-0.105797867153439,0.0552576119525908,0.21941811500096));
#3681=CARTESIAN_POINT('',(-0.102347500602918,0.0572783378948266,0.218697988777394));
#3682=CARTESIAN_POINT('',(-0.0988971340524196,0.0552576119527351,0.217977862553316));
#3683=CARTESIAN_POINT('',(-0.095446767501921,0.0532368860106434,0.217257736329239));
#3684=CARTESIAN_POINT('',(-0.0954830823947548,0.0491954341263689,0.216842655204523));
#3685=CARTESIAN_POINT('',(-0.0955193972875885,0.0451539822420941,0.216427574079807));
#3686=CARTESIAN_POINT('',(-0.0990423936237323,0.0431332562999638,0.216317538054963));
#3687=CARTESIAN_POINT('',(-0.102565389959876,0.0411125303578334,0.216207502030119));
#3688=CARTESIAN_POINT('',(-0.106088386295998,0.0431332563000304,0.216097466005786));
#3689=CARTESIAN_POINT('',(-0.109611382632119,0.0451539822422273,0.215987429981454));
#3690=CARTESIAN_POINT('',(-0.109647697524908,0.0491954341266076,0.21557234885776));
#3691=CARTESIAN_POINT('',(-0.109684012417698,0.0532368860109875,0.215157267734067));
#3692=CARTESIAN_POINT('',(-0.106233645867177,0.0552576119532234,0.214437141510501));
#3693=CARTESIAN_POINT('',(-0.102783279316656,0.0572783378954592,0.213717015286935));
#3694=CARTESIAN_POINT('',(-0.0993329127661578,0.0552576119533677,0.212996889062857));
#3695=CARTESIAN_POINT('',(-0.0958825462156592,0.0532368860112761,0.212276762838781));
#3696=CARTESIAN_POINT('',(-0.0959188611084931,0.0491954341270015,0.211861681714064));
#3697=CARTESIAN_POINT('',(-0.0959551760013267,0.0451539822427269,0.211446600589348));
#3698=CARTESIAN_POINT('',(-0.0994781723374706,0.0431332563005964,0.211336564564504));
#3699=CARTESIAN_POINT('',(-0.103001168673614,0.041112530358466,0.21122652853966));
#3700=CARTESIAN_POINT('',(-0.106524165009736,0.0431332563006629,0.211116492515328));
#3701=CARTESIAN_POINT('',(-0.110047161345857,0.04515398224286,0.211006456490995));
#3702=CARTESIAN_POINT('',(-0.110083476238647,0.04919543412724,0.210591375367302));
#3703=CARTESIAN_POINT('',(-0.110119791131436,0.0532368860116203,0.210176294243608));
#3704=CARTESIAN_POINT('',(-0.106669424580915,0.055257611953856,0.209456168020042));
#3705=CARTESIAN_POINT('',(-0.103219058030395,0.0572783378960919,0.208736041796476));
#3706=CARTESIAN_POINT('',(-0.099768691479896,0.0552576119540003,0.208015915572399));
#3707=CARTESIAN_POINT('',(-0.0963183249293977,0.0532368860119088,0.207295789348321));
#3708=CARTESIAN_POINT('',(-0.0963546398222313,0.0491954341276341,0.206880708223606));
#3709=CARTESIAN_POINT('',(-0.0963909547150651,0.0451539822433594,0.206465627098889));
#3710=CARTESIAN_POINT('',(-0.0999139510512087,0.0431332563012291,0.206355591074045));
#3711=CARTESIAN_POINT('',(-0.103436947387353,0.0411125303590986,0.206245555049202));
#3712=CARTESIAN_POINT('',(-0.106959943723474,0.0431332563012956,0.206135519024869));
#3713=CARTESIAN_POINT('',(-0.110482940059596,0.0451539822434927,0.206025483000537));
#3714=CARTESIAN_POINT('',(-0.110519254952385,0.0491954341278727,0.205610401876843));
#3715=CARTESIAN_POINT('',(-0.110555569845174,0.0532368860122527,0.20519532075315));
#3716=CARTESIAN_POINT('',(-0.107105203294653,0.0552576119544887,0.204475194529584));
#3717=CARTESIAN_POINT('',(-0.103654836744133,0.0572783378967245,0.203755068306018));
#3718=CARTESIAN_POINT('',(-0.100204470193634,0.0552576119546329,0.20303494208194));
#3719=CARTESIAN_POINT('',(-0.0967541036431359,0.0532368860125414,0.202314815857863));
#3720=CARTESIAN_POINT('',(-0.0967904185359696,0.0491954341282668,0.201899734733147));
#3721=CARTESIAN_POINT('',(-0.0968267334288034,0.045153982243992,0.20148465360843));
#3722=CARTESIAN_POINT('',(-0.100349729764947,0.0431332563018617,0.201374617583586));
#3723=CARTESIAN_POINT('',(-0.103872726101091,0.0411125303597313,0.201264581558743));
#3724=CARTESIAN_POINT('',(-0.107395722437212,0.0431332563019283,0.201154545534411));
#3725=CARTESIAN_POINT('',(-0.110918718773334,0.0451539822441252,0.201044509510078));
#3726=CARTESIAN_POINT('',(-0.110955033666123,0.0491954341285054,0.200629428386385));
#3727=CARTESIAN_POINT('',(-0.110991348558912,0.0532368860128854,0.200214347262691));
#3728=CARTESIAN_POINT('',(-0.107540982008392,0.0552576119551213,0.199494221039125));
#3729=CARTESIAN_POINT('',(-0.104090615457871,0.0572783378973571,0.198774094815559));
#3730=CARTESIAN_POINT('',(-0.100640248907373,0.0552576119552655,0.198053968591481));
#3731=CARTESIAN_POINT('',(-0.0971898823568742,0.0532368860131742,0.197333842367404));
#3732=CARTESIAN_POINT('',(-0.0972261972497079,0.0491954341288994,0.196918761242688));
#3733=CARTESIAN_POINT('',(-0.0972625121425417,0.0451539822446246,0.196503680117972));
#3734=CARTESIAN_POINT('',(-0.100785508478685,0.0431332563024944,0.196393644093128));
#3735=CARTESIAN_POINT('',(-0.104308504814829,0.0411125303603639,0.196283608068284));
#3736=CARTESIAN_POINT('',(-0.107831501150951,0.043133256302561,0.196173572043951));
#3737=CARTESIAN_POINT('',(-0.111354497487072,0.0451539822447581,0.196063536019619));
#3738=CARTESIAN_POINT('',(-0.111390812379861,0.0491954341291379,0.195648454895925));
#3739=CARTESIAN_POINT('',(-0.111427127272651,0.0532368860135181,0.195233373772232));
#3740=CARTESIAN_POINT('',(-0.10797676072213,0.055257611955754,0.194513247548666));
#3741=CARTESIAN_POINT('',(-0.10452639417161,0.0572783378979897,0.1937931213251));
#3742=CARTESIAN_POINT('',(-0.101076027621111,0.0552576119558983,0.193072995101023));
#3743=CARTESIAN_POINT('',(-0.0976256610706124,0.0532368860138066,0.192352868876946));
#3744=CARTESIAN_POINT('',(-0.0976619759634462,0.0491954341295322,0.191937787752229));
#3745=CARTESIAN_POINT('',(-0.0976982908562799,0.0451539822452574,0.191522706627513));
#3746=CARTESIAN_POINT('',(-0.101221287192424,0.0431332563031269,0.191412670602669));
#3747=CARTESIAN_POINT('',(-0.104744283528568,0.0411125303609966,0.191302634577825));
#3748=CARTESIAN_POINT('',(-0.108267279864689,0.0431332563031935,0.191192598553493));
#3749=CARTESIAN_POINT('',(-0.111790276200811,0.0451539822453906,0.19108256252916));
#3750=CARTESIAN_POINT('',(-0.1118265910936,0.0491954341297708,0.190667481405467));
#3751=CARTESIAN_POINT('',(-0.111862905986389,0.0532368860141506,0.190252400281773));
#3752=CARTESIAN_POINT('',(-0.108412539435868,0.0552576119563866,0.189532274058207));
#3753=CARTESIAN_POINT('',(-0.104962172885348,0.0572783378986224,0.188812147834641));
#3754=CARTESIAN_POINT('',(-0.101511806334849,0.055257611956531,0.188092021610564));
#3755=CARTESIAN_POINT('',(-0.0980614397843508,0.0532368860144394,0.187371895386487));
#3756=CARTESIAN_POINT('',(-0.0980977546771845,0.0491954341301646,0.18695681426177));
#3757=CARTESIAN_POINT('',(-0.0981340695700182,0.0451539822458902,0.186541733137054));
#3758=CARTESIAN_POINT('',(-0.101657065906162,0.0431332563037597,0.18643169711221));
#3759=CARTESIAN_POINT('',(-0.105180062242306,0.0411125303616292,0.186321661087367));
#3760=CARTESIAN_POINT('',(-0.108703058578427,0.0431332563038263,0.186211625063034));
#3761=CARTESIAN_POINT('',(-0.112226054914549,0.045153982246023,0.186101589038702));
#3762=CARTESIAN_POINT('',(-0.112262369807338,0.0491954341304033,0.185686507915008));
#3763=CARTESIAN_POINT('',(-0.112298684700127,0.0532368860147835,0.185271426791315));
#3764=CARTESIAN_POINT('',(-0.108848318149607,0.0552576119570191,0.184551300567749));
#3765=CARTESIAN_POINT('',(-0.105397951599086,0.0572783378992551,0.183831174344183));
#3766=CARTESIAN_POINT('',(-0.101947585048587,0.0552576119571635,0.183111048120106));
#3767=CARTESIAN_POINT('',(-0.0984972184980892,0.0532368860150721,0.182390921896028));
#3768=CARTESIAN_POINT('',(-0.0985335333909228,0.0491954341307974,0.181975840771312));
#3769=CARTESIAN_POINT('',(-0.0985698482837565,0.0451539822465226,0.181560759646596));
#3770=CARTESIAN_POINT('',(-0.1020928446199,0.0431332563043922,0.181450723621751));
#3771=CARTESIAN_POINT('',(-0.105615840956044,0.0411125303622618,0.181340687596908));
#3772=CARTESIAN_POINT('',(-0.109138837292166,0.0431332563044588,0.181230651572576));
#3773=CARTESIAN_POINT('',(-0.112661833628287,0.0451539822466559,0.181120615548243));
#3774=CARTESIAN_POINT('',(-0.112698148521076,0.0491954341310357,0.18070553442455));
#3775=CARTESIAN_POINT('',(-0.112734463413866,0.053236886015416,0.180290453300856));
#3776=CARTESIAN_POINT('',(-0.109284096863345,0.0552576119576519,0.17957032707729));
#3777=CARTESIAN_POINT('',(-0.105833730312824,0.0572783378998877,0.178850200853724));
#3778=CARTESIAN_POINT('',(-0.102383363762326,0.0552576119577962,0.178130074629647));
#3779=CARTESIAN_POINT('',(-0.0989329972118273,0.0532368860157046,0.177409948405569));
#3780=CARTESIAN_POINT('',(-0.0989693121046611,0.0491954341314298,0.176994867280853));
#3781=CARTESIAN_POINT('',(-0.0990056269974947,0.0451539822471554,0.176579786156137));
#3782=CARTESIAN_POINT('',(-0.102528623333639,0.0431332563050249,0.176469750131293));
#3783=CARTESIAN_POINT('',(-0.106051619669782,0.0411125303628945,0.176359714106449));
#3784=CARTESIAN_POINT('',(-0.109574616005904,0.0431332563050914,0.176249678082117));
#3785=CARTESIAN_POINT('',(-0.113097612342025,0.0451539822472884,0.176139642057784));
#3786=CARTESIAN_POINT('',(-0.113133927234815,0.0491954341316686,0.175724560934091));
#3787=CARTESIAN_POINT('',(-0.113170242127604,0.0532368860160484,0.175309479810398));
#3788=CARTESIAN_POINT('',(-0.109719875577083,0.0552576119582845,0.174589353586831));
#3789=CARTESIAN_POINT('',(-0.106269509026563,0.0572783379005203,0.173869227363265));
#3790=CARTESIAN_POINT('',(-0.102819142476064,0.0552576119584289,0.173149101139188));
#3791=CARTESIAN_POINT('',(-0.0993687759255657,0.0532368860163373,0.17242897491511));
#3792=CARTESIAN_POINT('',(-0.0994050908183994,0.0491954341320626,0.172013893790394));
#3793=CARTESIAN_POINT('',(-0.0994414057112332,0.0451539822477878,0.171598812665678));
#3794=CARTESIAN_POINT('',(-0.102964402047377,0.0431332563056576,0.171488776640834));
#3795=CARTESIAN_POINT('',(-0.106487398383521,0.0411125303635271,0.17137874061599));
#3796=CARTESIAN_POINT('',(-0.110010394719642,0.0431332563057241,0.171268704591658));
#3797=CARTESIAN_POINT('',(-0.113533391055764,0.0451539822479209,0.171158668567325));
#3798=CARTESIAN_POINT('',(-0.113569705948553,0.0491954341323011,0.170743587443632));
#3799=CARTESIAN_POINT('',(-0.113606020841342,0.0532368860166813,0.170328506319938));
#3800=CARTESIAN_POINT('',(-0.110155654290822,0.055257611958917,0.169608380096372));
#3801=CARTESIAN_POINT('',(-0.106705287740301,0.0572783379011529,0.168888253872806));
#3802=CARTESIAN_POINT('',(-0.103254921189802,0.0552576119590614,0.168168127648729));
#3803=CARTESIAN_POINT('',(-0.0998045546393038,0.0532368860169698,0.167448001424652));
#3804=CARTESIAN_POINT('',(-0.0998408695321377,0.0491954341326954,0.167032920299935));
#3805=CARTESIAN_POINT('',(-0.0998771844249714,0.0451539822484206,0.166617839175219));
#3806=CARTESIAN_POINT('',(-0.103400180761115,0.0431332563062901,0.166507803150375));
#3807=CARTESIAN_POINT('',(-0.106923177097259,0.0411125303641597,0.166397767125532));
#3808=CARTESIAN_POINT('',(-0.11044617343338,0.0431332563063567,0.1662877311012));
#3809=CARTESIAN_POINT('',(-0.113969169769502,0.0451539822485537,0.166177695076867));
#3810=CARTESIAN_POINT('',(-0.114005484662291,0.0491954341329336,0.165762613953173));
#3811=CARTESIAN_POINT('',(-0.114041799555081,0.0532368860173138,0.16534753282948));
#3812=CARTESIAN_POINT('',(-0.11059143300456,0.0552576119595498,0.164627406605914));
#3813=CARTESIAN_POINT('',(-0.107141066454039,0.0572783379017856,0.163907280382348));
#3814=CARTESIAN_POINT('',(-0.103690699903541,0.0552576119596941,0.163187154158271));
#3815=CARTESIAN_POINT('',(-0.100240333353042,0.0532368860176025,0.162467027934193));
#3816=CARTESIAN_POINT('',(-0.100276648245876,0.0491954341333278,0.162051946809477));
#3817=CARTESIAN_POINT('',(-0.10031296313871,0.0451539822490533,0.16163686568476));
#3818=CARTESIAN_POINT('',(-0.103835959474853,0.0431332563069228,0.161526829659917));
#3819=CARTESIAN_POINT('',(-0.107358955810997,0.0411125303647924,0.161416793635073));
#3820=CARTESIAN_POINT('',(-0.110881952147118,0.0431332563069892,0.16130675761074));
#3821=CARTESIAN_POINT('',(-0.11440494848324,0.0451539822491862,0.161196721586408));
#3822=CARTESIAN_POINT('',(-0.11444126337603,0.0491954341335665,0.160781640462715));
#3823=CARTESIAN_POINT('',(-0.114477578268819,0.0532368860179466,0.160366559339021));
#3824=CARTESIAN_POINT('',(-0.111027211718298,0.0552576119601823,0.159646433115455));
#3825=CARTESIAN_POINT('',(-0.107576845167777,0.0572783379024182,0.158926306891889));
#3826=CARTESIAN_POINT('',(-0.104126478617279,0.0552576119603266,0.158206180667812));
#3827=CARTESIAN_POINT('',(-0.100676112066781,0.0532368860182353,0.157486054443734));
#3828=CARTESIAN_POINT('',(-0.100712426959614,0.0491954341339605,0.157070973319018));
#3829=CARTESIAN_POINT('',(-0.100748741852448,0.0451539822496858,0.156655892194302));
#3830=CARTESIAN_POINT('',(-0.104271738188592,0.0431332563075556,0.156545856169458));
#3831=CARTESIAN_POINT('',(-0.107794734524735,0.041112530365425,0.156435820144614));
#3832=CARTESIAN_POINT('',(-0.111317730860857,0.043133256307622,0.156325784120282));
#3833=CARTESIAN_POINT('',(-0.114840727196978,0.0451539822498187,0.156215748095949));
#3834=CARTESIAN_POINT('',(-0.114877042089768,0.049195434134199,0.155800666972256));
#3835=CARTESIAN_POINT('',(-0.114913356982557,0.0532368860185792,0.155385585848562));
#3836=CARTESIAN_POINT('',(-0.111462990432036,0.0552576119608151,0.154665459624997));
#3837=CARTESIAN_POINT('',(-0.108012623881516,0.0572783379030509,0.15394533340143));
#3838=CARTESIAN_POINT('',(-0.104562257331017,0.0552576119609594,0.153225207177353));
#3839=CARTESIAN_POINT('',(-0.101111890780519,0.0532368860188676,0.152505080953276));
#3840=CARTESIAN_POINT('',(-0.101148205673352,0.0491954341345933,0.152089999828559));
#3841=CARTESIAN_POINT('',(-0.101184520566186,0.0451539822503185,0.151674918703843));
#3842=CARTESIAN_POINT('',(-0.10470751690233,0.043133256308188,0.151564882679));
#3843=CARTESIAN_POINT('',(-0.108230513238473,0.0411125303660577,0.151454846654155));
#3844=CARTESIAN_POINT('',(-0.111753509574595,0.0431332563082546,0.151344810629823));
#3845=CARTESIAN_POINT('',(-0.115276505910717,0.0451539822504516,0.151234774605491));
#3846=CARTESIAN_POINT('',(-0.115312820803506,0.0491954341348319,0.150819693481797));
#3847=CARTESIAN_POINT('',(-0.115349135696295,0.0532368860192116,0.150404612358103));
#3848=CARTESIAN_POINT('',(-0.111898769145775,0.0552576119614477,0.149684486134538));
#3849=CARTESIAN_POINT('',(-0.108448402595254,0.0572783379036835,0.148964359910971));
#3850=CARTESIAN_POINT('',(-0.104998036044756,0.0552576119615921,0.148244233686894));
#3851=CARTESIAN_POINT('',(-0.101547669494257,0.0532368860195005,0.147524107462817));
#3852=CARTESIAN_POINT('',(-0.101583984387091,0.0491954341352257,0.147109026338101));
#3853=CARTESIAN_POINT('',(-0.101620299279924,0.0451539822509513,0.146693945213384));
#3854=CARTESIAN_POINT('',(-0.105143295616068,0.0431332563088207,0.146583909188541));
#3855=CARTESIAN_POINT('',(-0.108666291952212,0.0411125303666903,0.146473873163697));
#3856=CARTESIAN_POINT('',(-0.112189288288334,0.0431332563088873,0.146363837139364));
#3857=CARTESIAN_POINT('',(-0.115712284624455,0.0451539822510841,0.146253801115032));
#3858=CARTESIAN_POINT('',(-0.115748599517244,0.0491954341354643,0.145838719991338));
#3859=CARTESIAN_POINT('',(-0.115784914410034,0.0532368860198445,0.145423638867645));
#3860=CARTESIAN_POINT('',(-0.112334547859513,0.0552576119620802,0.144703512644079));
#3861=CARTESIAN_POINT('',(-0.108884181308992,0.0572783379043161,0.143983386420513));
#3862=CARTESIAN_POINT('',(-0.105433814758494,0.0552576119622246,0.143263260196435));
#3863=CARTESIAN_POINT('',(-0.101983448207995,0.0532368860201333,0.142543133972358));
#3864=CARTESIAN_POINT('',(-0.102019763100829,0.0491954341358585,0.142128052847642));
#3865=CARTESIAN_POINT('',(-0.102056077993663,0.0451539822515837,0.141712971722926));
#3866=CARTESIAN_POINT('',(-0.105579074329806,0.0431332563094535,0.141602935698082));
#3867=CARTESIAN_POINT('',(-0.10910207066595,0.0411125303673229,0.141492899673238));
#3868=CARTESIAN_POINT('',(-0.112625067002072,0.0431332563095199,0.141382863648906));
#3869=CARTESIAN_POINT('',(-0.116148063338193,0.045153982251717,0.141272827624573));
#3870=CARTESIAN_POINT('',(-0.116184378230983,0.0491954341360968,0.14085774650088));
#3871=CARTESIAN_POINT('',(-0.116220693123772,0.0532368860204771,0.140442665377186));
#3872=CARTESIAN_POINT('',(-0.112770326573251,0.055257611962713,0.13972253915362));
#3873=CARTESIAN_POINT('',(-0.109319960022731,0.0572783379049488,0.139002412930054));
#3874=CARTESIAN_POINT('',(-0.105869593472232,0.0552576119628573,0.138282286705977));
#3875=CARTESIAN_POINT('',(-0.102419226921734,0.0532368860207656,0.137562160481899));
#3876=CARTESIAN_POINT('',(-0.102455541814567,0.0491954341364913,0.137147079357183));
#3877=CARTESIAN_POINT('',(-0.102491856707401,0.0451539822522165,0.136731998232467));
#3878=CARTESIAN_POINT('',(-0.106014853043545,0.043133256310086,0.136621962207623));
#3879=CARTESIAN_POINT('',(-0.109537849379689,0.0411125303679556,0.136511926182779));
#3880=CARTESIAN_POINT('',(-0.11306084571581,0.0431332563101524,0.136401890158447));
#3881=CARTESIAN_POINT('',(-0.116583842051931,0.0451539822523495,0.136291854134115));
#3882=CARTESIAN_POINT('',(-0.116620156944721,0.0491954341367297,0.135876773010421));
#3883=CARTESIAN_POINT('',(-0.11665647183751,0.0532368860211095,0.135461691886727));
#3884=CARTESIAN_POINT('',(-0.11320610528699,0.0552576119633455,0.134741565663161));
#3885=CARTESIAN_POINT('',(-0.109755738736469,0.0572783379055814,0.134021439439595));
#3886=CARTESIAN_POINT('',(-0.106305372185971,0.05525761196349,0.133301313215518));
#3887=CARTESIAN_POINT('',(-0.102855005635472,0.0532368860213984,0.132581186991441));
#3888=CARTESIAN_POINT('',(-0.102891320528306,0.0491954341371237,0.132166105866724));
#3889=CARTESIAN_POINT('',(-0.102927635421139,0.0451539822528489,0.131751024742008));
#3890=CARTESIAN_POINT('',(-0.106450631757283,0.0431332563107187,0.131640988717164));
#3891=CARTESIAN_POINT('',(-0.109973628093427,0.0411125303685882,0.131530952692321));
#3892=CARTESIAN_POINT('',(-0.113496624429548,0.0431332563107852,0.131420916667988));
#3893=CARTESIAN_POINT('',(-0.11701962076567,0.045153982252982,0.131310880643656));
#3894=CARTESIAN_POINT('',(-0.117055935658459,0.0491954341373622,0.130895799519962));
#3895=CARTESIAN_POINT('',(-0.117092250551248,0.0532368860217424,0.130480718396269));
#3896=CARTESIAN_POINT('',(-0.113641884000728,0.0552576119639781,0.129760592172703));
#3897=CARTESIAN_POINT('',(-0.110191517450207,0.0572783379062141,0.129040465949137));
#3898=CARTESIAN_POINT('',(-0.106741150899709,0.0552576119641225,0.128320339725059));
#3899=CARTESIAN_POINT('',(-0.10329078434921,0.0532368860220312,0.127600213500982));
#3900=CARTESIAN_POINT('',(-0.103327099242044,0.0491954341377565,0.127185132376266));
#3901=CARTESIAN_POINT('',(-0.103363414134878,0.0451539822534817,0.126770051251549));
#3902=CARTESIAN_POINT('',(-0.106886410471021,0.0431332563113512,0.126660015226706));
#3903=CARTESIAN_POINT('',(-0.110409406807165,0.0411125303692209,0.126549979201862));
#3904=CARTESIAN_POINT('',(-0.113932403143287,0.0431332563114178,0.126439943177529));
#3905=CARTESIAN_POINT('',(-0.117455399479408,0.0451539822536149,0.126329907153197));
#3906=CARTESIAN_POINT('',(-0.117491714372198,0.0491954341379947,0.125914826029503));
#3907=CARTESIAN_POINT('',(-0.117528029264987,0.0532368860223749,0.12549974490581));
#3908=CARTESIAN_POINT('',(-0.114077662714466,0.0552576119646109,0.124779618682244));
#3909=CARTESIAN_POINT('',(-0.110627296163946,0.0572783379068466,0.124059492458678));
#3910=CARTESIAN_POINT('',(-0.107176929613447,0.0552576119647552,0.123339366234601));
#3911=CARTESIAN_POINT('',(-0.103726563062949,0.0532368860226636,0.122619240010523));
#3912=CARTESIAN_POINT('',(-0.103762877955782,0.0491954341383889,0.122204158885807));
#3913=CARTESIAN_POINT('',(-0.103799192848616,0.0451539822541144,0.121789077761091));
#3914=CARTESIAN_POINT('',(-0.10732218918476,0.0431332563119839,0.121679041736247));
#3915=CARTESIAN_POINT('',(-0.110845185520904,0.0411125303698535,0.121569005711403));
#3916=CARTESIAN_POINT('',(-0.114368181857025,0.0431332563120503,0.121458969687071));
#3917=CARTESIAN_POINT('',(-0.117891178193147,0.0451539822542473,0.121348933662738));
#3918=CARTESIAN_POINT('',(-0.117927493085936,0.0491954341386276,0.120933852539045));
#3919=CARTESIAN_POINT('',(-0.117963807978725,0.0532368860230074,0.120518771415351));
#3920=CARTESIAN_POINT('',(-0.114513441428205,0.0552576119652434,0.119798645191785));
#3921=CARTESIAN_POINT('',(-0.111063074877684,0.0572783379074793,0.119078518968219));
#3922=CARTESIAN_POINT('',(-0.107612708327185,0.0552576119653877,0.118358392744142));
#3923=CARTESIAN_POINT('',(-0.104162341776687,0.0532368860232964,0.117638266520064));
#3924=CARTESIAN_POINT('',(-0.104198656669521,0.0491954341390216,0.117223185395348));
#3925=CARTESIAN_POINT('',(-0.104234971562354,0.0451539822547468,0.116808104270632));
#3926=CARTESIAN_POINT('',(-0.107757967898498,0.0431332563126166,0.116698068245788));
#3927=CARTESIAN_POINT('',(-0.111280964234642,0.0411125303704861,0.116588032220944));
#3928=CARTESIAN_POINT('',(-0.114803960570763,0.0431332563126831,0.116477996196612));
#3929=CARTESIAN_POINT('',(-0.118326956906885,0.0451539822548798,0.11636796017228));
#3930=CARTESIAN_POINT('',(-0.118363271799674,0.04919543413926,0.115952879048586));
#3931=CARTESIAN_POINT('',(-0.118399586692463,0.0532368860236402,0.115537797924893));
#3932=CARTESIAN_POINT('',(-0.114949220141943,0.0552576119658762,0.114817671701326));
#3933=CARTESIAN_POINT('',(-0.111498853591422,0.057278337908112,0.11409754547776));
#3934=CARTESIAN_POINT('',(-0.108048487040924,0.0552576119660205,0.113377419253683));
#3935=CARTESIAN_POINT('',(-0.104598120490425,0.0532368860239288,0.112657293029606));
#3936=CARTESIAN_POINT('',(-0.104634435383259,0.0491954341396544,0.112242211904889));
#3937=CARTESIAN_POINT('',(-0.104670750276093,0.0451539822553796,0.111827130780173));
#3938=CARTESIAN_POINT('',(-0.108193746612236,0.0431332563132492,0.111717094755329));
#3939=CARTESIAN_POINT('',(-0.11171674294838,0.0411125303711188,0.111607058730486));
#3940=CARTESIAN_POINT('',(-0.115239739284501,0.0431332563133157,0.111497022706153));
#3941=CARTESIAN_POINT('',(-0.118762735620623,0.0451539822555127,0.111386986681821));
#3942=CARTESIAN_POINT('',(-0.118799050513412,0.0491954341398925,0.110971905558127));
#3943=CARTESIAN_POINT('',(-0.118835365406202,0.0532368860242728,0.110556824434434));
#3944=CARTESIAN_POINT('',(-0.115384998855681,0.0552576119665087,0.109836698210868));
#3945=CARTESIAN_POINT('',(-0.11193463230516,0.0572783379087446,0.109116571987302));
#3946=CARTESIAN_POINT('',(-0.108484265754662,0.0552576119666532,0.108396445763224));
#3947=CARTESIAN_POINT('',(-0.105033899204163,0.0532368860245616,0.107676319539147));
#3948=CARTESIAN_POINT('',(-0.105070214096997,0.0491954341402868,0.107261238414431));
#3949=CARTESIAN_POINT('',(-0.105106528989831,0.0451539822560124,0.106846157289715));
#3950=CARTESIAN_POINT('',(-0.108629525325974,0.0431332563138818,0.106736121264871));
#3951=CARTESIAN_POINT('',(-0.112152521662118,0.0411125303717514,0.106626085240027));
#3952=CARTESIAN_POINT('',(-0.11567551799824,0.0431332563139483,0.106516049215694));
#3953=CARTESIAN_POINT('',(-0.119198514334361,0.0451539822561452,0.106406013191362));
#3954=CARTESIAN_POINT('',(-0.119234829227151,0.0491954341405254,0.105990932067669));
#3955=CARTESIAN_POINT('',(-0.11927114411994,0.0532368860249056,0.105575850943975));
#3956=CARTESIAN_POINT('',(-0.115820777569419,0.0552576119671413,0.104855724720409));
#3957=CARTESIAN_POINT('',(-0.112370411018899,0.0572783379093772,0.104135598496843));
#3958=CARTESIAN_POINT('',(-0.1089200444684,0.0552576119672857,0.103415472272766));
#3959=CARTESIAN_POINT('',(-0.105469677917902,0.0532368860251944,0.102695346048688));
#3960=CARTESIAN_POINT('',(-0.105505992810735,0.0491954341409196,0.102280264923972));
#3961=CARTESIAN_POINT('',(-0.105542307703569,0.0451539822566448,0.101865183799256));
#3962=CARTESIAN_POINT('',(-0.109065304039713,0.0431332563145145,0.101755147774412));
#3963=CARTESIAN_POINT('',(-0.112588300375856,0.041112530372384,0.101645111749568));
#3964=CARTESIAN_POINT('',(-0.116111296711978,0.043133256314581,0.101535075725236));
#3965=CARTESIAN_POINT('',(-0.1196342930481,0.045153982256778,0.101425039700903));
#3966=CARTESIAN_POINT('',(-0.119670607940889,0.0491954341411579,0.10100995857721));
#3967=CARTESIAN_POINT('',(-0.119706922833678,0.0532368860255381,0.100594877453516));
#3968=CARTESIAN_POINT('',(-0.116256556283158,0.0552576119677741,0.0998747512299503));
#3969=CARTESIAN_POINT('',(-0.112806189732637,0.0572783379100098,0.0991546250063843));
#3970=CARTESIAN_POINT('',(-0.109355823182139,0.0552576119679184,0.098434498782307));
#3971=CARTESIAN_POINT('',(-0.10590545663164,0.0532368860258268,0.0977143725582296));
#3972=CARTESIAN_POINT('',(-0.105941771524474,0.0491954341415524,0.0972992914335133));
#3973=CARTESIAN_POINT('',(-0.105978086417307,0.0451539822572776,0.0968842103087971));
#3974=CARTESIAN_POINT('',(-0.109501082753451,0.0431332563151471,0.0967741742839533));
#3975=CARTESIAN_POINT('',(-0.113024079089595,0.0411125303730167,0.0966641382591095));
#3976=CARTESIAN_POINT('',(-0.116547075425716,0.0431332563152136,0.0965541022347771));
#3977=CARTESIAN_POINT('',(-0.120070071761838,0.0451539822574105,0.0964440662104447));
#3978=CARTESIAN_POINT('',(-0.120106386654627,0.0491954341417908,0.0960289850867512));
#3979=CARTESIAN_POINT('',(-0.120142701547417,0.0532368860261705,0.0956139039630577));
#3980=CARTESIAN_POINT('',(-0.116692334996896,0.0552576119684066,0.0948937777394916));
#3981=CARTESIAN_POINT('',(-0.113241968446375,0.0572783379106425,0.0941736515159256));
#3982=CARTESIAN_POINT('',(-0.109791601895877,0.0552576119685511,0.0934535252918482));
#3983=CARTESIAN_POINT('',(-0.106341235345378,0.0532368860264596,0.0927333990677709));
#3984=CARTESIAN_POINT('',(-0.106377550238212,0.0491954341421848,0.0923183179430546));
#3985=CARTESIAN_POINT('',(-0.106413865131046,0.0451539822579104,0.0919032368183384));
#3986=CARTESIAN_POINT('',(-0.109936861467189,0.0431332563157798,0.0917932007934945));
#3987=CARTESIAN_POINT('',(-0.113459857803333,0.0411125303736493,0.0916831647686507));
#3988=CARTESIAN_POINT('',(-0.116982854139455,0.0431332563158463,0.0915731287443184));
#3989=CARTESIAN_POINT('',(-0.120505850475576,0.045153982258043,0.0914630927199859));
#3990=CARTESIAN_POINT('',(-0.120542165368366,0.0491954341424233,0.0910480115962924));
#3991=CARTESIAN_POINT('',(-0.120578480261155,0.0532368860268034,0.0906329304725988));
#3992=CARTESIAN_POINT('',(-0.117128113710634,0.0552576119690392,0.0899128042490329));
#3993=CARTESIAN_POINT('',(-0.113677747160114,0.0572783379112752,0.0891926780254669));
#3994=CARTESIAN_POINT('',(-0.110227380609615,0.0552576119691836,0.0884725518013895));
#3995=CARTESIAN_POINT('',(-0.106777014059117,0.0532368860270923,0.0877524255773122));
#3996=CARTESIAN_POINT('',(-0.10681332895195,0.0491954341428176,0.0873373444525959));
#3997=CARTESIAN_POINT('',(-0.106849643844784,0.0451539822585428,0.0869222633278795));
#3998=CARTESIAN_POINT('',(-0.110372640180928,0.0431332563164123,0.0868122273030358));
#3999=CARTESIAN_POINT('',(-0.113895636517071,0.0411125303742819,0.086702191278192));
#4000=CARTESIAN_POINT('',(-0.117418632853193,0.0431332563164789,0.0865921552538596));
#4001=CARTESIAN_POINT('',(-0.120941629189315,0.0451539822586759,0.0864821192295272));
#4002=CARTESIAN_POINT('',(-0.120977944082104,0.0491954341430558,0.0860670381058337));
#4003=CARTESIAN_POINT('',(-0.121014258974893,0.053236886027436,0.0856519569821402));
#4004=CARTESIAN_POINT('',(-0.117563892424372,0.055257611969672,0.0849318307585742));
#4005=CARTESIAN_POINT('',(-0.114113525873852,0.0572783379119078,0.0842117045350081));
#4006=CARTESIAN_POINT('',(-0.110663159323353,0.0552576119698163,0.0834915783109308));
#4007=CARTESIAN_POINT('',(-0.107212792772855,0.0532368860277248,0.0827714520868535));
#4008=CARTESIAN_POINT('',(-0.107249107665689,0.04919543414345,0.0823563709621372));
#4009=CARTESIAN_POINT('',(-0.107285422558522,0.0451539822591756,0.0819412898374209));
#4010=CARTESIAN_POINT('',(-0.110808418894666,0.043133256317045,0.0818312538125771));
#4011=CARTESIAN_POINT('',(-0.11433141523081,0.0411125303749146,0.0817212177877333));
#4012=CARTESIAN_POINT('',(-0.117854411566931,0.0431332563171114,0.0816111817634009));
#4013=CARTESIAN_POINT('',(-0.121377407903053,0.0451539822593084,0.0815011457390685));
#4014=CARTESIAN_POINT('',(-0.121413722795842,0.0491954341436886,0.081086064615375));
#4015=CARTESIAN_POINT('',(-0.121450037688631,0.0532368860280684,0.0806709834916815));
#4016=CARTESIAN_POINT('',(-0.117999671138111,0.0552576119703045,0.0799508572681154));
#4017=CARTESIAN_POINT('',(-0.11454930458759,0.0572783379125404,0.0792307310445494));
#4018=CARTESIAN_POINT('',(-0.111098938037092,0.055257611970449,0.078510604820472));
#4019=CARTESIAN_POINT('',(-0.107648571486593,0.0532368860283575,0.0777904785963947));
#4020=CARTESIAN_POINT('',(-0.107684886379427,0.0491954341440828,0.0773753974716784));
#4021=CARTESIAN_POINT('',(-0.107721201272261,0.0451539822598079,0.0769603163469621));
#4022=CARTESIAN_POINT('',(-0.111244197608404,0.0431332563176777,0.0768502803221183));
#4023=CARTESIAN_POINT('',(-0.114767193944548,0.0411125303755472,0.0767402442972746));
#4024=CARTESIAN_POINT('',(-0.11829019028067,0.0431332563177442,0.0766302082729422));
#4025=CARTESIAN_POINT('',(-0.121813186616791,0.0451539822599409,0.0765201722486098));
#4026=CARTESIAN_POINT('',(-0.12184950150958,0.0491954341443211,0.0761050911249163));
#4027=CARTESIAN_POINT('',(-0.12188581640237,0.0532368860287013,0.0756900100012227));
#4028=CARTESIAN_POINT('',(-0.118435449851849,0.0552576119709371,0.0749698837776567));
#4029=CARTESIAN_POINT('',(-0.114985083301329,0.057278337913173,0.0742497575540907));
#4030=CARTESIAN_POINT('',(-0.11153471675083,0.0552576119710816,0.0735296313300133));
#4031=CARTESIAN_POINT('',(-0.108084350200331,0.0532368860289899,0.072809505105936));
#4032=CARTESIAN_POINT('',(-0.108120665093165,0.0491954341447155,0.0723944239812197));
#4033=CARTESIAN_POINT('',(-0.108156979985999,0.0451539822604408,0.0719793428565034));
#4034=CARTESIAN_POINT('',(-0.111679976322143,0.0431332563183102,0.0718693068316596));
#4035=CARTESIAN_POINT('',(-0.115202972658286,0.0411125303761798,0.0717592708068159));
#4036=CARTESIAN_POINT('',(-0.118725968994408,0.0431332563183768,0.0716492347824835));
#4037=CARTESIAN_POINT('',(-0.122248965330529,0.0451539822605738,0.0715391987581511));
#4038=CARTESIAN_POINT('',(-0.122285280223319,0.0491954341449536,0.0711241176344575));
#4039=CARTESIAN_POINT('',(-0.122321595116108,0.0532368860293338,0.070709036510764));
#4040=CARTESIAN_POINT('',(-0.118871228565587,0.0552576119715698,0.069988910287198));
#4041=CARTESIAN_POINT('',(-0.115420862015067,0.0572783379138057,0.069268784063632));
#4042=CARTESIAN_POINT('',(-0.111970495464568,0.0552576119717143,0.0685486578395546));
#4043=CARTESIAN_POINT('',(-0.10852012891407,0.0532368860296226,0.0678285316154772));
#4044=CARTESIAN_POINT('',(-0.108556443806903,0.0491954341453479,0.067413450490761));
#4045=CARTESIAN_POINT('',(-0.108592758699737,0.0451539822610735,0.0669983693660447));
#4046=CARTESIAN_POINT('',(-0.112115755035881,0.043133256318943,0.0668883333412009));
#4047=CARTESIAN_POINT('',(-0.115638751372025,0.0411125303768125,0.0667782973163571));
#4048=CARTESIAN_POINT('',(-0.119161747708146,0.0431332563190093,0.0666682612920247));
#4049=CARTESIAN_POINT('',(-0.122684744044268,0.0451539822612063,0.0665582252676923));
#4050=CARTESIAN_POINT('',(-0.122721058937057,0.0491954341455865,0.0661431441439988));
#4051=CARTESIAN_POINT('',(-0.122757373829847,0.0532368860299663,0.0657280630203052));
#4052=CARTESIAN_POINT('',(-0.119307007279326,0.0552576119722024,0.0650079367967393));
#4053=CARTESIAN_POINT('',(-0.115856640728805,0.0572783379144383,0.0642878105731733));
#4054=CARTESIAN_POINT('',(-0.112406274178306,0.0552576119723468,0.0635676843490959));
#4055=CARTESIAN_POINT('',(-0.108955907627808,0.0532368860302555,0.0628475581250186));
#4056=CARTESIAN_POINT('',(-0.108992222520642,0.0491954341459807,0.0624324770003022));
#4057=CARTESIAN_POINT('',(-0.109028537413475,0.0451539822617059,0.0620173958755859));
#4058=CARTESIAN_POINT('',(-0.112551533749619,0.0431332563195756,0.0619073598507421));
#4059=CARTESIAN_POINT('',(-0.116074530085763,0.0411125303774451,0.0617973238258984));
#4060=CARTESIAN_POINT('',(-0.119597526421884,0.0431332563196421,0.061687287801566));
#4061=CARTESIAN_POINT('',(-0.123120522758006,0.0451539822618387,0.0615772517772336));
#4062=CARTESIAN_POINT('',(-0.123156837650795,0.049195434146219,0.0611621706535401));
#4063=CARTESIAN_POINT('',(-0.123193152543585,0.0532368860305992,0.0607470895298465));
#4064=CARTESIAN_POINT('',(-0.119742785993064,0.0552576119728351,0.0600269633062805));
#4065=CARTESIAN_POINT('',(-0.116292419442543,0.057278337915071,0.0593068370827146));
#4066=CARTESIAN_POINT('',(-0.112842052892045,0.0552576119729795,0.0585867108586372));
#4067=CARTESIAN_POINT('',(-0.109391686341546,0.0532368860308878,0.0578665846345597));
#4068=CARTESIAN_POINT('',(-0.10942800123438,0.0491954341466135,0.0574515035098435));
#4069=CARTESIAN_POINT('',(-0.109464316127214,0.0451539822623387,0.0570364223851272));
#4070=CARTESIAN_POINT('',(-0.112987312463357,0.0431332563202082,0.0569263863602834));
#4071=CARTESIAN_POINT('',(-0.116510308799501,0.0411125303780778,0.0568163503354397));
#4072=CARTESIAN_POINT('',(-0.120033305135623,0.0431332563202746,0.0567063143111073));
#4073=CARTESIAN_POINT('',(-0.123556301471744,0.0451539822624716,0.0565962782867749));
#4074=CARTESIAN_POINT('',(-0.123592616364534,0.0491954341468519,0.0561811971630813));
#4075=CARTESIAN_POINT('',(-0.123628931257323,0.0532368860312317,0.0557661160393878));
#4076=CARTESIAN_POINT('',(-0.120178564706802,0.0552576119734677,0.0550459898158218));
#4077=CARTESIAN_POINT('',(-0.116728198156281,0.0572783379157035,0.0543258635922558));
#4078=CARTESIAN_POINT('',(-0.113277831605783,0.0552576119736122,0.0536057373681784));
#4079=CARTESIAN_POINT('',(-0.109827465055285,0.0532368860315206,0.052885611144101));
#4080=CARTESIAN_POINT('',(-0.109863779948118,0.0491954341472459,0.0524705300193848));
#4081=CARTESIAN_POINT('',(-0.109900094840952,0.0451539822629715,0.0520554488946685));
#4082=CARTESIAN_POINT('',(-0.113423091177096,0.0431332563208409,0.0519454128698247));
#4083=CARTESIAN_POINT('',(-0.116946087513239,0.0411125303787104,0.051835376844981));
#4084=CARTESIAN_POINT('',(-0.120469083849361,0.0431332563209072,0.0517253408206485));
#4085=CARTESIAN_POINT('',(-0.123992080185482,0.0451539822631041,0.0516153047963161));
#4086=CARTESIAN_POINT('',(-0.124028395078272,0.0491954341474844,0.0512002236726226));
#4087=CARTESIAN_POINT('',(-0.124064709971061,0.0532368860318646,0.0507851425489291));
#4088=CARTESIAN_POINT('',(-0.120614343420541,0.0552576119741003,0.0500650163253631));
#4089=CARTESIAN_POINT('',(-0.11716397687002,0.0572783379163362,0.0493448901017971));
#4090=CARTESIAN_POINT('',(-0.113713610319521,0.0552576119742447,0.0486247638777197));
#4091=CARTESIAN_POINT('',(-0.110263243769023,0.0532368860321534,0.0479046376536423));
#4092=CARTESIAN_POINT('',(-0.110299558661857,0.0491954341478787,0.047489556528926));
#4093=CARTESIAN_POINT('',(-0.11033587355469,0.0451539822636039,0.0470744754042098));
#4094=CARTESIAN_POINT('',(-0.113858869890834,0.0431332563214736,0.046964439379366));
#4095=CARTESIAN_POINT('',(-0.117381866226978,0.041112530379343,0.0468544033545222));
#4096=CARTESIAN_POINT('',(-0.120904862563099,0.0431332563215399,0.0467443673301898));
#4097=CARTESIAN_POINT('',(-0.124427858899221,0.045153982263737,0.0466343313058575));
#4098=CARTESIAN_POINT('',(-0.12446417379201,0.0491954341481168,0.0462192501821639));
#4099=CARTESIAN_POINT('',(-0.124500488684799,0.053236886032497,0.0458041690584703));
#4100=CARTESIAN_POINT('',(-0.121050122134279,0.055257611974733,0.0450840428349044));
#4101=CARTESIAN_POINT('',(-0.117599755583758,0.0572783379169689,0.0443639166113383));
#4102=CARTESIAN_POINT('',(-0.11414938903326,0.0552576119748774,0.0436437903872609));
#4103=CARTESIAN_POINT('',(-0.110699022482761,0.0532368860327858,0.0429236641631836));
#4104=CARTESIAN_POINT('',(-0.110735337375595,0.0491954341485115,0.0425085830384673));
#4105=CARTESIAN_POINT('',(-0.110771652268429,0.0451539822642367,0.042093501913751));
#4106=CARTESIAN_POINT('',(-0.114294648604572,0.0431332563221061,0.0419834658889073));
#4107=CARTESIAN_POINT('',(-0.117817644940716,0.0411125303799757,0.0418734298640635));
#4108=CARTESIAN_POINT('',(-0.121340641276837,0.0431332563221725,0.0417633938397311));
#4109=CARTESIAN_POINT('',(-0.124863637612959,0.0451539822643695,0.0416533578153987));
#4110=CARTESIAN_POINT('',(-0.124899952505748,0.0491954341487497,0.0412382766917051));
#4111=CARTESIAN_POINT('',(-0.124936267398538,0.0532368860331296,0.0408231955680116));
#4112=CARTESIAN_POINT('',(-0.121485900848017,0.0552576119753656,0.0401030693444457));
#4113=CARTESIAN_POINT('',(-0.118035534297496,0.0572783379176015,0.0393829431208797));
#4114=CARTESIAN_POINT('',(-0.114585167746998,0.0552576119755101,0.0386628168968022));
#4115=CARTESIAN_POINT('',(-0.1111348011965,0.0532368860334186,0.0379426906727248));
#4116=CARTESIAN_POINT('',(-0.111171116089333,0.0491954341491439,0.0375276095480086));
#4117=CARTESIAN_POINT('',(-0.111207430982167,0.045153982264869,0.0371125284232923));
#4118=CARTESIAN_POINT('',(-0.11473042731831,0.0431332563227389,0.0370024923984485));
#4119=CARTESIAN_POINT('',(-0.118253423654454,0.0411125303806083,0.0368924563736048));
#4120=CARTESIAN_POINT('',(-0.121776419990576,0.0431332563228053,0.0367824203492724));
#4121=CARTESIAN_POINT('',(-0.125299416326697,0.045153982265002,0.0366723843249399));
#4122=CARTESIAN_POINT('',(-0.125335731219487,0.0491954341493822,0.0362573032012464));
#4123=CARTESIAN_POINT('',(-0.125372046112276,0.0532368860337625,0.0358422220775529));
#4124=CARTESIAN_POINT('',(-0.121921679561756,0.0552576119759982,0.0351220958539869));
#4125=CARTESIAN_POINT('',(-0.118471313011235,0.0572783379182342,0.0344019696304209));
#4126=CARTESIAN_POINT('',(-0.115020946460736,0.0552576119761426,0.0336818434063435));
#4127=CARTESIAN_POINT('',(-0.111570579910238,0.0532368860340514,0.0329617171822661));
#4128=CARTESIAN_POINT('',(-0.111606894803071,0.0491954341497766,0.0325466360575498));
#4129=CARTESIAN_POINT('',(-0.111643209695905,0.0451539822655019,0.0321315549328337));
#4130=CARTESIAN_POINT('',(-0.115166206032049,0.0431332563233714,0.0320215189079898));
#4131=CARTESIAN_POINT('',(-0.118689202368192,0.0411125303812409,0.031911482883146));
#4132=CARTESIAN_POINT('',(-0.122212198704314,0.0431332563234378,0.0318014468588136));
#4133=CARTESIAN_POINT('',(-0.125735195040436,0.0451539822656348,0.0316914108344812));
#4134=CARTESIAN_POINT('',(-0.125771509933225,0.0491954341500147,0.0312763297107878));
#4135=CARTESIAN_POINT('',(-0.125807824826015,0.0532368860343949,0.0308612485870942));
#4136=CARTESIAN_POINT('',(-0.122357458275494,0.0552576119766309,0.0301411223635282));
#4137=CARTESIAN_POINT('',(-0.118907091724973,0.0572783379188667,0.0294209961399622));
#4138=CARTESIAN_POINT('',(-0.115456725174475,0.0552576119767754,0.0287008699158847));
#4139=CARTESIAN_POINT('',(-0.112006358623976,0.0532368860346838,0.0279807436918074));
#4140=CARTESIAN_POINT('',(-0.11204267351681,0.049195434150409,0.0275656625670911));
#4141=CARTESIAN_POINT('',(-0.112078988409643,0.0451539822661346,0.0271505814423749));
#4142=CARTESIAN_POINT('',(-0.115601984745787,0.043133256324004,0.0270405454175311));
#4143=CARTESIAN_POINT('',(-0.119124981081931,0.0411125303818735,0.0269305093926873));
#4144=CARTESIAN_POINT('',(-0.122647977418052,0.0431332563240704,0.0268204733683549));
#4145=CARTESIAN_POINT('',(-0.126170973754174,0.0451539822662673,0.0267104373440225));
#4146=CARTESIAN_POINT('',(-0.126207288646963,0.0491954341506476,0.026295356220329));
#4147=CARTESIAN_POINT('',(-0.126243603539753,0.0532368860350273,0.0258802750966355));
#4148=CARTESIAN_POINT('',(-0.122793236989232,0.0552576119772635,0.0251601488730695));
#4149=CARTESIAN_POINT('',(-0.119342870438711,0.0572783379194994,0.0244400226495034));
#4150=CARTESIAN_POINT('',(-0.115892503888213,0.0552576119774079,0.023719896425426));
#4151=CARTESIAN_POINT('',(-0.112442137337714,0.0532368860353166,0.0229997702013486));
#4152=CARTESIAN_POINT('',(-0.112478452230548,0.0491954341510418,0.0225846890766324));
#4153=CARTESIAN_POINT('',(-0.112514767123382,0.045153982266767,0.0221696079519162));
#4154=CARTESIAN_POINT('',(-0.116037763459525,0.0431332563246367,0.0220595719270724));
#4155=CARTESIAN_POINT('',(-0.119560759795669,0.0411125303825062,0.0219495359022286));
#4156=CARTESIAN_POINT('',(-0.123083756131791,0.0431332563247031,0.0218394998778961));
#4157=CARTESIAN_POINT('',(-0.126606752467912,0.0451539822668998,0.0217294638535638));
#4158=CARTESIAN_POINT('',(-0.126643067360702,0.0491954341512801,0.0213143827298703));
#4159=CARTESIAN_POINT('',(-0.126679382253491,0.0532368860356602,0.0208993016061767));
#4160=CARTESIAN_POINT('',(-0.123229015702971,0.055257611977896,0.0201791753826107));
#4161=CARTESIAN_POINT('',(-0.11977864915245,0.0572783379201321,0.0194590491590447));
#4162=CARTESIAN_POINT('',(-0.116328282601951,0.0552576119780406,0.0187389229349673));
#4163=CARTESIAN_POINT('',(-0.112877916051453,0.053236886035949,0.01801879671089));
#4164=CARTESIAN_POINT('',(-0.112914230944286,0.0491954341516746,0.0176037155861737));
#4165=CARTESIAN_POINT('',(-0.11295054583712,0.0451539822673998,0.0171886344614574));
#4166=CARTESIAN_POINT('',(-0.116473542173264,0.0431332563252693,0.0170785984366137));
#4167=CARTESIAN_POINT('',(-0.119996538509407,0.0411125303831389,0.0169685624117698));
#4168=CARTESIAN_POINT('',(-0.123519534845529,0.0431332563253357,0.0168585263874374));
#4169=CARTESIAN_POINT('',(-0.12704253118165,0.0451539822675327,0.0167484903631051));
#4170=CARTESIAN_POINT('',(-0.12707884607444,0.0491954341519125,0.0163334092394115));
#4171=CARTESIAN_POINT('',(-0.127115160967229,0.0532368860362928,0.015918328115718));
#4172=CARTESIAN_POINT('',(-0.123664794416709,0.0552576119785288,0.015198201892152));
#4173=CARTESIAN_POINT('',(-0.120214427866188,0.0572783379207647,0.0144780756685859));
#4174=CARTESIAN_POINT('',(-0.11676406131569,0.0552576119786733,0.0137579494445086));
#4175=CARTESIAN_POINT('',(-0.113313694765191,0.0532368860365818,0.0130378232204312));
#4176=CARTESIAN_POINT('',(-0.113350009658025,0.049195434152307,0.0126227420957149));
#4177=CARTESIAN_POINT('',(-0.113386324550858,0.0451539822680326,0.0122076609709987));
#4178=CARTESIAN_POINT('',(-0.116909320887002,0.043133256325902,0.0120976249461549));
#4179=CARTESIAN_POINT('',(-0.120432317223146,0.0411125303837715,0.0119875889213111));
#4180=CARTESIAN_POINT('',(-0.123955313559267,0.0431332563259683,0.0118775528969787));
#4181=CARTESIAN_POINT('',(-0.127478309895389,0.0451539822681652,0.0117675168726464));
#4182=CARTESIAN_POINT('',(-0.127514624788178,0.0491954341525454,0.0113524357489528));
#4183=CARTESIAN_POINT('',(-0.127550939680967,0.0532368860369257,0.0109373546252593));
#4184=CARTESIAN_POINT('',(-0.124100573130447,0.0552576119791614,0.0102172284016932));
#4185=CARTESIAN_POINT('',(-0.120650206579926,0.0572783379213974,0.0094971021781272));
#4186=CARTESIAN_POINT('',(-0.117199840029428,0.0552576119793058,0.00877697595404987));
#4187=CARTESIAN_POINT('',(-0.113749473478929,0.0532368860372146,0.00805684972997252));
#4188=CARTESIAN_POINT('',(-0.113785788371763,0.0491954341529398,0.00764176860525621));
#4189=CARTESIAN_POINT('',(-0.113822103264597,0.045153982268665,0.00722668748053994));
#4190=CARTESIAN_POINT('',(-0.11734509960074,0.0431332563265347,0.00711665145569614));
#4191=CARTESIAN_POINT('',(-0.120868095936884,0.0411125303844041,0.0070066154308524));
#4192=CARTESIAN_POINT('',(-0.124391092273006,0.043133256326601,0.00689657940652001));
#4193=CARTESIAN_POINT('',(-0.127914088609127,0.0451539822687977,0.0067865433821876));
#4194=CARTESIAN_POINT('',(-0.127950403501917,0.0491954341531779,0.00637146225849406));
#4195=CARTESIAN_POINT('',(-0.127986718394706,0.0532368860375581,0.00595638113480053));
#4196=CARTESIAN_POINT('',(-0.124536351844185,0.0552576119797941,0.0052362549112345));
#4197=CARTESIAN_POINT('',(-0.121085985293665,0.0572783379220299,0.00451612868766853));
#4198=CARTESIAN_POINT('',(-0.117635618743166,0.0552576119799385,0.00379600246359115));
#4199=CARTESIAN_POINT('',(-0.114185252192668,0.053236886037847,0.00307587623951376));
#4200=CARTESIAN_POINT('',(-0.114221567085501,0.0491954341535726,0.00266079511479748));
#4201=CARTESIAN_POINT('',(-0.126680788336198,0.0532841079657702,0.00575847540620079));
#4202=CARTESIAN_POINT('',(-0.126680788336198,0.0532841079657703,0.00575847540620076));
#4203=CARTESIAN_POINT('',(-0.126928124341132,0.0526820737095611,0.00578011450263779));
#4204=CARTESIAN_POINT('',(-0.127238921376321,0.0514284908509768,0.00580730571971506));
#4205=CARTESIAN_POINT('',(-0.127161477286611,0.0494713724457926,0.00580053023955974));
#4206=CARTESIAN_POINT('',(-0.126483158514297,0.04762365429321,0.00574118503649089));
#4207=CARTESIAN_POINT('',(-0.125590365284582,0.0466578960859954,0.00566307574989536));
#4208=CARTESIAN_POINT('',(-0.125063596950644,0.0462749528585993,0.00561698949232275));
#4209=CARTESIAN_POINT('',(-0.121282085714891,0.0491954341536599,0.00227469061593934));
#4210=CARTESIAN_POINT('',(-0.104410310844363,0.0491954341291665,0.19511995982649));
#4211=CARTESIAN_POINT('',(-0.107187718800624,0.055616256512078,0.195362951537465));
#4212=CARTESIAN_POINT('',(-0.0792721142436904,0.0491954341028346,0.402134869049588));
#4213=CARTESIAN_POINT('',(-0.0793084291365242,0.0451539822185599,0.401719787924871));
#4214=CARTESIAN_POINT('',(-0.082831425472668,0.0431332562764296,0.401609751900028));
#4215=CARTESIAN_POINT('',(-0.0863544218088118,0.0411125303342993,0.401499715875184));
#4216=CARTESIAN_POINT('',(-0.0898774181449333,0.0431332562764964,0.401389679850851));
#4217=CARTESIAN_POINT('',(-0.0934004144810548,0.0451539822186934,0.401279643826518));
#4218=CARTESIAN_POINT('',(-0.0934367293738439,0.0491954341030736,0.400864562702825));
#4219=CARTESIAN_POINT('',(-0.0934730442666331,0.0532368859874537,0.400449481579131));
#4220=CARTESIAN_POINT('',(-0.0900226777161124,0.0552576119296894,0.399729355355566));
#4221=CARTESIAN_POINT('',(-0.0865723111655917,0.0572783378719252,0.399009229131999));
#4222=CARTESIAN_POINT('',(-0.0831219446150932,0.0552576119298335,0.398289102907923));
#4223=CARTESIAN_POINT('',(-0.0796715780645947,0.0532368859877419,0.397568976683845));
#4224=CARTESIAN_POINT('',(-0.0797078929574286,0.0491954341034672,0.397153895559129));
#4225=CARTESIAN_POINT('',(-0.0797442078502625,0.0451539822191925,0.396738814434412));
#4226=CARTESIAN_POINT('',(-0.0832672041864063,0.0431332562770622,0.396628778409569));
#4227=CARTESIAN_POINT('',(-0.08679020052255,0.041112530334932,0.396518742384725));
#4228=CARTESIAN_POINT('',(-0.0903131968586715,0.0431332562771291,0.396408706360392));
#4229=CARTESIAN_POINT('',(-0.093836193194793,0.0451539822193261,0.39629867033606));
#4230=CARTESIAN_POINT('',(-0.0938725080875822,0.0491954341037062,0.395883589212366));
#4231=CARTESIAN_POINT('',(-0.0939088229803714,0.0532368859880863,0.395468508088673));
#4232=CARTESIAN_POINT('',(-0.0904584564298507,0.0552576119303221,0.394748381865107));
#4233=CARTESIAN_POINT('',(-0.0870080898793299,0.0572783378725578,0.394028255641541));
#4234=CARTESIAN_POINT('',(-0.0835577233288315,0.0552576119304662,0.393308129417464));
#4235=CARTESIAN_POINT('',(-0.0801073567783331,0.0532368859883745,0.392588003193386));
#4236=CARTESIAN_POINT('',(-0.0801436716711669,0.0491954341040999,0.39217292206867));
#4237=CARTESIAN_POINT('',(-0.0801799865640008,0.0451539822198252,0.391757840943954));
#4238=CARTESIAN_POINT('',(-0.0837029829001446,0.0431332562776949,0.39164780491911));
#4239=CARTESIAN_POINT('',(-0.0872259792362883,0.0411125303355646,0.391537768894266));
#4240=CARTESIAN_POINT('',(-0.0907489755724098,0.0431332562777616,0.391427732869934));
#4241=CARTESIAN_POINT('',(-0.0942719719085313,0.0451539822199587,0.391317696845601));
#4242=CARTESIAN_POINT('',(-0.0943082868013205,0.0491954341043388,0.390902615721908));
#4243=CARTESIAN_POINT('',(-0.0943446016941097,0.0532368859887189,0.390487534598214));
#4244=CARTESIAN_POINT('',(-0.090894235143589,0.0552576119309547,0.389767408374648));
#4245=CARTESIAN_POINT('',(-0.0874438685930682,0.0572783378731905,0.389047282151082));
#4246=CARTESIAN_POINT('',(-0.0839935020425698,0.0552576119310988,0.388327155927005));
#4247=CARTESIAN_POINT('',(-0.0805431354920714,0.0532368859890072,0.387607029702927));
#4248=CARTESIAN_POINT('',(-0.0805794503849052,0.0491954341047325,0.387191948578211));
#4249=CARTESIAN_POINT('',(-0.080615765277739,0.0451539822204579,0.386776867453495));
#4250=CARTESIAN_POINT('',(-0.0841387616138829,0.0431332562783276,0.386666831428651));
#4251=CARTESIAN_POINT('',(-0.0876617579500267,0.0411125303361972,0.386556795403807));
#4252=CARTESIAN_POINT('',(-0.0911847542861481,0.0431332562783943,0.386446759379475));
#4253=CARTESIAN_POINT('',(-0.0947077506222696,0.0451539822205913,0.386336723355143));
#4254=CARTESIAN_POINT('',(-0.0947440655150588,0.0491954341049715,0.385921642231449));
#4255=CARTESIAN_POINT('',(-0.094780380407848,0.0532368859893515,0.385506561107756));
#4256=CARTESIAN_POINT('',(-0.0913300138573273,0.0552576119315873,0.38478643488419));
#4257=CARTESIAN_POINT('',(-0.0878796473068065,0.057278337873823,0.384066308660624));
#4258=CARTESIAN_POINT('',(-0.0844292807563081,0.0552576119317314,0.383346182436546));
#4259=CARTESIAN_POINT('',(-0.0809789142058096,0.0532368859896399,0.382626056212469));
#4260=CARTESIAN_POINT('',(-0.0810152290986435,0.0491954341053651,0.382210975087753));
#4261=CARTESIAN_POINT('',(-0.0810515439914774,0.0451539822210905,0.381795893963037));
#4262=CARTESIAN_POINT('',(-0.0845745403276211,0.0431332562789602,0.381685857938193));
#4263=CARTESIAN_POINT('',(-0.0880975366637649,0.0411125303368298,0.381575821913349));
#4264=CARTESIAN_POINT('',(-0.0916205329998864,0.0431332562790269,0.381465785889017));
#4265=CARTESIAN_POINT('',(-0.0951435293360078,0.045153982221224,0.381355749864684));
#4266=CARTESIAN_POINT('',(-0.0951798442287971,0.0491954341056041,0.38094066874099));
#4267=CARTESIAN_POINT('',(-0.0952161591215862,0.0532368859899842,0.380525587617297));
#4268=CARTESIAN_POINT('',(-0.0917657925710656,0.05525761193222,0.379805461393731));
#4269=CARTESIAN_POINT('',(-0.0883154260205448,0.0572783378744557,0.379085335170165));
#4270=CARTESIAN_POINT('',(-0.0848650594700464,0.0552576119323641,0.378365208946087));
#4271=CARTESIAN_POINT('',(-0.0814146929195479,0.0532368859902724,0.37764508272201));
#4272=CARTESIAN_POINT('',(-0.0814510078123818,0.0491954341059978,0.377230001597294));
#4273=CARTESIAN_POINT('',(-0.0814873227052157,0.0451539822217231,0.376814920472577));
#4274=CARTESIAN_POINT('',(-0.0850103190413594,0.0431332562795928,0.376704884447734));
#4275=CARTESIAN_POINT('',(-0.0885333153775032,0.0411125303374625,0.37659484842289));
#4276=CARTESIAN_POINT('',(-0.0920563117136247,0.0431332562796595,0.376484812398558));
#4277=CARTESIAN_POINT('',(-0.0955793080497462,0.0451539822218566,0.376374776374225));
#4278=CARTESIAN_POINT('',(-0.0956156229425354,0.0491954341062367,0.375959695250531));
#4279=CARTESIAN_POINT('',(-0.0956519378353246,0.0532368859906169,0.375544614126838));
#4280=CARTESIAN_POINT('',(-0.0922015712848039,0.0552576119328526,0.374824487903272));
#4281=CARTESIAN_POINT('',(-0.0887512047342831,0.0572783378750883,0.374104361679706));
#4282=CARTESIAN_POINT('',(-0.0853008381837847,0.0552576119329967,0.373384235455629));
#4283=CARTESIAN_POINT('',(-0.0818504716332863,0.0532368859909051,0.372664109231551));
#4284=CARTESIAN_POINT('',(-0.0818867865261201,0.0491954341066304,0.372249028106835));
#4285=CARTESIAN_POINT('',(-0.0819231014189539,0.0451539822223558,0.371833946982119));
#4286=CARTESIAN_POINT('',(-0.0854460977550977,0.0431332562802254,0.371723910957275));
#4287=CARTESIAN_POINT('',(-0.0889690940912414,0.0411125303380952,0.371613874932431));
#4288=CARTESIAN_POINT('',(-0.092492090427363,0.0431332562802922,0.371503838908099));
#4289=CARTESIAN_POINT('',(-0.0960150867634845,0.0451539822224893,0.371393802883766));
#4290=CARTESIAN_POINT('',(-0.0960514016562737,0.0491954341068694,0.370978721760073));
#4291=CARTESIAN_POINT('',(-0.0960877165490629,0.0532368859912495,0.370563640636379));
#4292=CARTESIAN_POINT('',(-0.0926373499985422,0.0552576119334852,0.369843514412813));
#4293=CARTESIAN_POINT('',(-0.0891869834480214,0.057278337875721,0.369123388189247));
#4294=CARTESIAN_POINT('',(-0.085736616897523,0.0552576119336294,0.36840326196517));
#4295=CARTESIAN_POINT('',(-0.0822862503470246,0.0532368859915377,0.367683135741093));
#4296=CARTESIAN_POINT('',(-0.0823225652398584,0.0491954341072631,0.367268054616377));
#4297=CARTESIAN_POINT('',(-0.0823588801326922,0.0451539822229884,0.36685297349166));
#4298=CARTESIAN_POINT('',(-0.085881876468836,0.0431332562808581,0.366742937466816));
#4299=CARTESIAN_POINT('',(-0.0894048728049797,0.0411125303387278,0.366632901441972));
#4300=CARTESIAN_POINT('',(-0.0929278691411013,0.0431332562809248,0.36652286541764));
#4301=CARTESIAN_POINT('',(-0.0964508654772227,0.0451539822231218,0.366412829393308));
#4302=CARTESIAN_POINT('',(-0.096487180370012,0.049195434107502,0.365997748269614));
#4303=CARTESIAN_POINT('',(-0.0965234952628012,0.0532368859918821,0.365582667145921));
#4304=CARTESIAN_POINT('',(-0.0930731287122805,0.0552576119341178,0.364862540922355));
#4305=CARTESIAN_POINT('',(-0.0896227621617597,0.0572783378763535,0.364142414698789));
#4306=CARTESIAN_POINT('',(-0.0861723956112613,0.055257611934262,0.363422288474711));
#4307=CARTESIAN_POINT('',(-0.0827220290607628,0.0532368859921704,0.362702162250634));
#4308=CARTESIAN_POINT('',(-0.0827583439535967,0.0491954341078957,0.362287081125918));
#4309=CARTESIAN_POINT('',(-0.0827946588464306,0.0451539822236211,0.361872000001201));
#4310=CARTESIAN_POINT('',(-0.0863176551825743,0.0431332562814907,0.361761963976358));
#4311=CARTESIAN_POINT('',(-0.0898406515187181,0.0411125303393604,0.361651927951514));
#4312=CARTESIAN_POINT('',(-0.0933636478548396,0.0431332562815574,0.361541891927182));
#4313=CARTESIAN_POINT('',(-0.096886644190961,0.0451539822237545,0.361431855902849));
#4314=CARTESIAN_POINT('',(-0.0969229590837503,0.0491954341081346,0.361016774779156));
#4315=CARTESIAN_POINT('',(-0.0969592739765394,0.0532368859925147,0.360601693655462));
#4316=CARTESIAN_POINT('',(-0.0935089074260188,0.0552576119347505,0.359881567431896));
#4317=CARTESIAN_POINT('',(-0.0900585408754979,0.0572783378769862,0.35916144120833));
#4318=CARTESIAN_POINT('',(-0.0866081743249996,0.0552576119348947,0.358441314984253));
#4319=CARTESIAN_POINT('',(-0.0831578077745011,0.0532368859928031,0.357721188760175));
#4320=CARTESIAN_POINT('',(-0.083194122667335,0.0491954341085284,0.357306107635459));
#4321=CARTESIAN_POINT('',(-0.0832304375601688,0.0451539822242537,0.356891026510743));
#4322=CARTESIAN_POINT('',(-0.0867534338963126,0.0431332562821233,0.356780990485899));
#4323=CARTESIAN_POINT('',(-0.0902764302324563,0.041112530339993,0.356670954461055));
#4324=CARTESIAN_POINT('',(-0.0937994265685779,0.0431332562821901,0.356560918436722));
#4325=CARTESIAN_POINT('',(-0.0973224229046994,0.0451539822243871,0.35645088241239));
#4326=CARTESIAN_POINT('',(-0.0973587377974886,0.0491954341087673,0.356035801288697));
#4327=CARTESIAN_POINT('',(-0.0973950526902778,0.0532368859931473,0.355620720165003));
#4328=CARTESIAN_POINT('',(-0.0939446861397571,0.0552576119353831,0.354900593941437));
#4329=CARTESIAN_POINT('',(-0.0904943195892363,0.0572783378776189,0.354180467717871));
#4330=CARTESIAN_POINT('',(-0.0870439530387379,0.0552576119355273,0.353460341493794));
#4331=CARTESIAN_POINT('',(-0.0835935864882395,0.0532368859934356,0.352740215269716));
#4332=CARTESIAN_POINT('',(-0.0836299013810733,0.049195434109161,0.352325134145));
#4333=CARTESIAN_POINT('',(-0.0836662162739071,0.0451539822248863,0.351910053020284));
#4334=CARTESIAN_POINT('',(-0.0871892126100509,0.043133256282756,0.35180001699544));
#4335=CARTESIAN_POINT('',(-0.0907122089461946,0.0411125303406257,0.351689980970597));
#4336=CARTESIAN_POINT('',(-0.0942352052823162,0.0431332562828227,0.351579944946264));
#4337=CARTESIAN_POINT('',(-0.0977582016184376,0.0451539822250198,0.351469908921931));
#4338=CARTESIAN_POINT('',(-0.0977945165112269,0.0491954341093998,0.351054827798238));
#4339=CARTESIAN_POINT('',(-0.0978308314040161,0.0532368859937799,0.350639746674544));
#4340=CARTESIAN_POINT('',(-0.0943804648534953,0.0552576119360158,0.349919620450978));
#4341=CARTESIAN_POINT('',(-0.0909300983029746,0.0572783378782515,0.349199494227412));
#4342=CARTESIAN_POINT('',(-0.0874797317524761,0.0552576119361599,0.348479368003335));
#4343=CARTESIAN_POINT('',(-0.0840293652019778,0.0532368859940684,0.347759241779258));
#4344=CARTESIAN_POINT('',(-0.0840656800948116,0.0491954341097937,0.347344160654541));
#4345=CARTESIAN_POINT('',(-0.0841019949876453,0.045153982225519,0.346929079529825));
#4346=CARTESIAN_POINT('',(-0.0876249913237892,0.0431332562833886,0.346819043504981));
#4347=CARTESIAN_POINT('',(-0.091147987659933,0.0411125303412583,0.346709007480137));
#4348=CARTESIAN_POINT('',(-0.0946709839960544,0.0431332562834553,0.346598971455805));
#4349=CARTESIAN_POINT('',(-0.0981939803321759,0.0451539822256524,0.346488935431473));
#4350=CARTESIAN_POINT('',(-0.0982302952249651,0.0491954341100325,0.34607385430778));
#4351=CARTESIAN_POINT('',(-0.0982666101177543,0.0532368859944126,0.345658773184086));
#4352=CARTESIAN_POINT('',(-0.0948162435672337,0.0552576119366484,0.34493864696052));
#4353=CARTESIAN_POINT('',(-0.0913658770167129,0.0572783378788842,0.344218520736954));
#4354=CARTESIAN_POINT('',(-0.0879155104662145,0.0552576119367926,0.343498394512877));
#4355=CARTESIAN_POINT('',(-0.084465143915716,0.0532368859947009,0.342778268288799));
#4356=CARTESIAN_POINT('',(-0.0845014588085498,0.0491954341104263,0.342363187164083));
#4357=CARTESIAN_POINT('',(-0.0845377737013837,0.0451539822261516,0.341948106039366));
#4358=CARTESIAN_POINT('',(-0.0880607700375274,0.0431332562840213,0.341838070014522));
#4359=CARTESIAN_POINT('',(-0.0915837663736712,0.0411125303418909,0.341728033989679));
#4360=CARTESIAN_POINT('',(-0.0951067627097927,0.043133256284088,0.341617997965347));
#4361=CARTESIAN_POINT('',(-0.0986297590459143,0.0451539822262851,0.341507961941014));
#4362=CARTESIAN_POINT('',(-0.0986660739387034,0.0491954341106651,0.34109288081732));
#4363=CARTESIAN_POINT('',(-0.0987023888314926,0.0532368859950453,0.340677799693627));
#4364=CARTESIAN_POINT('',(-0.0952520222809719,0.055257611937281,0.339957673470061));
#4365=CARTESIAN_POINT('',(-0.0918016557304511,0.0572783378795167,0.339237547246495));
#4366=CARTESIAN_POINT('',(-0.0883512891799527,0.0552576119374252,0.338517421022417));
#4367=CARTESIAN_POINT('',(-0.0849009226294543,0.0532368859953336,0.33779729479834));
#4368=CARTESIAN_POINT('',(-0.0849372375222881,0.0491954341110589,0.337382213673624));
#4369=CARTESIAN_POINT('',(-0.084973552415122,0.0451539822267842,0.336967132548908));
#4370=CARTESIAN_POINT('',(-0.0884965487512658,0.0431332562846539,0.336857096524064));
#4371=CARTESIAN_POINT('',(-0.0920195450874094,0.0411125303425236,0.33674706049922));
#4372=CARTESIAN_POINT('',(-0.095542541423531,0.0431332562847206,0.336637024474888));
#4373=CARTESIAN_POINT('',(-0.0990655377596525,0.0451539822269177,0.336526988450555));
#4374=CARTESIAN_POINT('',(-0.0991018526524417,0.0491954341112978,0.336111907326862));
#4375=CARTESIAN_POINT('',(-0.099138167545231,0.0532368859956779,0.335696826203168));
#4376=CARTESIAN_POINT('',(-0.0956878009947103,0.0552576119379136,0.334976699979602));
#4377=CARTESIAN_POINT('',(-0.0922374344441895,0.0572783378801494,0.334256573756036));
#4378=CARTESIAN_POINT('',(-0.0887870678936911,0.0552576119380578,0.333536447531959));
#4379=CARTESIAN_POINT('',(-0.0853367013431926,0.0532368859959662,0.332816321307881));
#4380=CARTESIAN_POINT('',(-0.0853730162360264,0.0491954341116915,0.332401240183165));
#4381=CARTESIAN_POINT('',(-0.0854093311288602,0.0451539822274169,0.331986159058449));
#4382=CARTESIAN_POINT('',(-0.088932327465004,0.0431332562852866,0.331876123033605));
#4383=CARTESIAN_POINT('',(-0.0924553238011478,0.0411125303431562,0.331766087008762));
#4384=CARTESIAN_POINT('',(-0.0959783201372693,0.0431332562853533,0.331656050984429));
#4385=CARTESIAN_POINT('',(-0.0995013164733908,0.0451539822275503,0.331546014960097));
#4386=CARTESIAN_POINT('',(-0.09953763136618,0.0491954341119304,0.331130933836403));
#4387=CARTESIAN_POINT('',(-0.0995739462589692,0.0532368859963105,0.33071585271271));
#4388=CARTESIAN_POINT('',(-0.0961235797084485,0.0552576119385463,0.329995726489143));
#4389=CARTESIAN_POINT('',(-0.0926732131579278,0.0572783378807821,0.329275600265578));
#4390=CARTESIAN_POINT('',(-0.0892228466074294,0.0552576119386905,0.3285554740415));
#4391=CARTESIAN_POINT('',(-0.0857724800569309,0.0532368859965989,0.327835347817423));
#4392=CARTESIAN_POINT('',(-0.0858087949497647,0.0491954341123242,0.327420266692707));
#4393=CARTESIAN_POINT('',(-0.0858451098425985,0.0451539822280495,0.32700518556799));
#4394=CARTESIAN_POINT('',(-0.0893681061787423,0.0431332562859192,0.326895149543147));
#4395=CARTESIAN_POINT('',(-0.092891102514886,0.0411125303437889,0.326785113518303));
#4396=CARTESIAN_POINT('',(-0.0964140988510075,0.0431332562859859,0.32667507749397));
#4397=CARTESIAN_POINT('',(-0.099937095187129,0.0451539822281829,0.326565041469638));
#4398=CARTESIAN_POINT('',(-0.0999734100799183,0.0491954341125631,0.326149960345945));
#4399=CARTESIAN_POINT('',(-0.100009724972708,0.0532368859969431,0.325734879222251));
#4400=CARTESIAN_POINT('',(-0.0965593584221869,0.0552576119391789,0.325014752998685));
#4401=CARTESIAN_POINT('',(-0.0931089918716661,0.0572783378814147,0.324294626775119));
#4402=CARTESIAN_POINT('',(-0.0896586253211676,0.0552576119393231,0.323574500551041));
#4403=CARTESIAN_POINT('',(-0.0862082587706692,0.0532368859972314,0.322854374326964));
#4404=CARTESIAN_POINT('',(-0.086244573663503,0.0491954341129568,0.322439293202248));
#4405=CARTESIAN_POINT('',(-0.0862808885563367,0.0451539822286822,0.322024212077532));
#4406=CARTESIAN_POINT('',(-0.0898038848924806,0.0431332562865518,0.321914176052688));
#4407=CARTESIAN_POINT('',(-0.0933268812286244,0.0411125303444215,0.321804140027844));
#4408=CARTESIAN_POINT('',(-0.0968498775647459,0.0431332562866186,0.321694104003512));
#4409=CARTESIAN_POINT('',(-0.100372873900867,0.0451539822288155,0.321584067979179));
#4410=CARTESIAN_POINT('',(-0.100409188793657,0.0491954341131956,0.321168986855486));
#4411=CARTESIAN_POINT('',(-0.100445503686446,0.0532368859975758,0.320753905731792));
#4412=CARTESIAN_POINT('',(-0.0969951371359251,0.0552576119398116,0.320033779508226));
#4413=CARTESIAN_POINT('',(-0.0935447705854043,0.0572783378820474,0.31931365328466));
#4414=CARTESIAN_POINT('',(-0.090094404034906,0.0552576119399558,0.318593527060583));
#4415=CARTESIAN_POINT('',(-0.0866440374844075,0.0532368859978641,0.317873400836506));
#4416=CARTESIAN_POINT('',(-0.0866803523772413,0.0491954341135895,0.317458319711789));
#4417=CARTESIAN_POINT('',(-0.0867166672700751,0.0451539822293148,0.317043238587073));
#4418=CARTESIAN_POINT('',(-0.0902396636062189,0.0431332562871844,0.316933202562229));
#4419=CARTESIAN_POINT('',(-0.0937626599423626,0.0411125303450541,0.316823166537385));
#4420=CARTESIAN_POINT('',(-0.0972856562784841,0.0431332562872511,0.316713130513053));
#4421=CARTESIAN_POINT('',(-0.100808652614606,0.0451539822294482,0.31660309448872));
#4422=CARTESIAN_POINT('',(-0.100844967507395,0.0491954341138283,0.316188013365027));
#4423=CARTESIAN_POINT('',(-0.100881282400184,0.0532368859982083,0.315772932241333));
#4424=CARTESIAN_POINT('',(-0.0974309158496634,0.0552576119404442,0.315052806017768));
#4425=CARTESIAN_POINT('',(-0.0939805492991427,0.0572783378826799,0.314332679794201));
#4426=CARTESIAN_POINT('',(-0.0905301827486442,0.0552576119405884,0.313612553570124));
#4427=CARTESIAN_POINT('',(-0.0870798161981458,0.0532368859984968,0.312892427346046));
#4428=CARTESIAN_POINT('',(-0.0871161310909796,0.0491954341142222,0.31247734622133));
#4429=CARTESIAN_POINT('',(-0.0871524459838134,0.0451539822299475,0.312062265096614));
#4430=CARTESIAN_POINT('',(-0.0906754423199572,0.0431332562878171,0.311952229071771));
#4431=CARTESIAN_POINT('',(-0.0941984386561009,0.0411125303456868,0.311842193046927));
#4432=CARTESIAN_POINT('',(-0.0977214349922225,0.0431332562878839,0.311732157022594));
#4433=CARTESIAN_POINT('',(-0.101244431328344,0.0451539822300808,0.311622120998262));
#4434=CARTESIAN_POINT('',(-0.101280746221133,0.0491954341144609,0.311207039874568));
#4435=CARTESIAN_POINT('',(-0.101317061113922,0.053236885998841,0.310791958750875));
#4436=CARTESIAN_POINT('',(-0.0978666945634017,0.0552576119410768,0.310071832527308));
#4437=CARTESIAN_POINT('',(-0.0944163280128809,0.0572783378833126,0.309351706303743));
#4438=CARTESIAN_POINT('',(-0.0909659614623826,0.055257611941221,0.308631580079666));
#4439=CARTESIAN_POINT('',(-0.0875155949118841,0.0532368859991294,0.307911453855588));
#4440=CARTESIAN_POINT('',(-0.0875519098047179,0.0491954341148548,0.307496372730871));
#4441=CARTESIAN_POINT('',(-0.0875882246975517,0.0451539822305801,0.307081291606155));
#4442=CARTESIAN_POINT('',(-0.0911112210336954,0.0431332562884498,0.306971255581311));
#4443=CARTESIAN_POINT('',(-0.0946342173698391,0.0411125303463194,0.306861219556468));
#4444=CARTESIAN_POINT('',(-0.0981572137059607,0.0431332562885164,0.306751183532135));
#4445=CARTESIAN_POINT('',(-0.101680210042082,0.0451539822307135,0.306641147507803));
#4446=CARTESIAN_POINT('',(-0.101716524934871,0.0491954341150936,0.30622606638411));
#4447=CARTESIAN_POINT('',(-0.101752839827661,0.0532368859994736,0.305810985260416));
#4448=CARTESIAN_POINT('',(-0.09830247327714,0.0552576119417094,0.30509085903685));
#4449=CARTESIAN_POINT('',(-0.0948521067266192,0.0572783378839452,0.304370732813284));
#4450=CARTESIAN_POINT('',(-0.0914017401761208,0.0552576119418537,0.303650606589207));
#4451=CARTESIAN_POINT('',(-0.0879513736256223,0.053236885999762,0.302930480365129));
#4452=CARTESIAN_POINT('',(-0.0879876885184562,0.0491954341154875,0.302515399240413));
#4453=CARTESIAN_POINT('',(-0.0880240034112899,0.0451539822312127,0.302100318115696));
#4454=CARTESIAN_POINT('',(-0.0915469997474337,0.0431332562890824,0.301990282090853));
#4455=CARTESIAN_POINT('',(-0.0950699960835775,0.0411125303469521,0.301880246066009));
#4456=CARTESIAN_POINT('',(-0.098592992419699,0.0431332562891491,0.301770210041676));
#4457=CARTESIAN_POINT('',(-0.102115988755821,0.0451539822313462,0.301660174017344));
#4458=CARTESIAN_POINT('',(-0.10215230364861,0.0491954341157262,0.301245092893651));
#4459=CARTESIAN_POINT('',(-0.102188618541399,0.0532368860001062,0.300830011769957));
#4460=CARTESIAN_POINT('',(-0.0987382519908783,0.0552576119423421,0.300109885546392));
#4461=CARTESIAN_POINT('',(-0.0952878854403577,0.0572783378845779,0.299389759322825));
#4462=CARTESIAN_POINT('',(-0.0918375188898591,0.0552576119424863,0.298669633098748));
#4463=CARTESIAN_POINT('',(-0.0883871523393606,0.0532368860003947,0.29794950687467));
#4464=CARTESIAN_POINT('',(-0.0884234672321945,0.0491954341161201,0.297534425749954));
#4465=CARTESIAN_POINT('',(-0.0884597821250283,0.0451539822318454,0.297119344625238));
#4466=CARTESIAN_POINT('',(-0.091982778461172,0.043133256289715,0.297009308600394));
#4467=CARTESIAN_POINT('',(-0.0955057747973158,0.0411125303475847,0.29689927257555));
#4468=CARTESIAN_POINT('',(-0.0990287711334373,0.0431332562897817,0.296789236551218));
#4469=CARTESIAN_POINT('',(-0.102551767469559,0.0451539822319787,0.296679200526885));
#4470=CARTESIAN_POINT('',(-0.102588082362348,0.0491954341163589,0.296264119403192));
#4471=CARTESIAN_POINT('',(-0.102624397255137,0.0532368860007389,0.295849038279498));
#4472=CARTESIAN_POINT('',(-0.0991740307046165,0.0552576119429748,0.295128912055933));
#4473=CARTESIAN_POINT('',(-0.0957236641540959,0.0572783378852106,0.294408785832366));
#4474=CARTESIAN_POINT('',(-0.0922732976035975,0.055257611943119,0.293688659608289));
#4475=CARTESIAN_POINT('',(-0.0888229310530989,0.0532368860010273,0.292968533384211));
#4476=CARTESIAN_POINT('',(-0.0888592459459327,0.0491954341167527,0.292553452259495));
#4477=CARTESIAN_POINT('',(-0.0888955608387666,0.0451539822324779,0.292138371134779));
#4478=CARTESIAN_POINT('',(-0.0924185571749103,0.0431332562903477,0.292028335109936));
#4479=CARTESIAN_POINT('',(-0.095941553511054,0.0411125303482173,0.291918299085092));
#4480=CARTESIAN_POINT('',(-0.0994645498471756,0.0431332562904143,0.29180826306076));
#4481=CARTESIAN_POINT('',(-0.102987546183297,0.0451539822326113,0.291698227036427));
#4482=CARTESIAN_POINT('',(-0.103023861076086,0.0491954341169916,0.291283145912734));
#4483=CARTESIAN_POINT('',(-0.103060175968876,0.0532368860013715,0.29086806478904));
#4484=CARTESIAN_POINT('',(-0.0996098094183549,0.0552576119436073,0.290147938565473));
#4485=CARTESIAN_POINT('',(-0.0961594428678341,0.0572783378858431,0.289427812341908));
#4486=CARTESIAN_POINT('',(-0.0927090763173357,0.0552576119437516,0.288707686117831));
#4487=CARTESIAN_POINT('',(-0.0892587097668373,0.0532368860016601,0.287987559893753));
#4488=CARTESIAN_POINT('',(-0.089295024659671,0.0491954341173853,0.287572478769037));
#4489=CARTESIAN_POINT('',(-0.0893313395525048,0.0451539822331107,0.287157397644321));
#4490=CARTESIAN_POINT('',(-0.0928543358886486,0.0431332562909803,0.287047361619477));
#4491=CARTESIAN_POINT('',(-0.0963773322247923,0.04111253034885,0.286937325594633));
#4492=CARTESIAN_POINT('',(-0.0999003285609138,0.0431332562910469,0.2868272895703));
#4493=CARTESIAN_POINT('',(-0.103423324897035,0.045153982233244,0.286717253545968));
#4494=CARTESIAN_POINT('',(-0.103459639789825,0.049195434117624,0.286302172422275));
#4495=CARTESIAN_POINT('',(-0.103495954682614,0.0532368860020043,0.285887091298581));
#4496=CARTESIAN_POINT('',(-0.100045588132093,0.05525761194424,0.285166965075015));
#4497=CARTESIAN_POINT('',(-0.0965952215815725,0.0572783378864758,0.284446838851449));
#4498=CARTESIAN_POINT('',(-0.093144855031074,0.0552576119443842,0.283726712627371));
#4499=CARTESIAN_POINT('',(-0.0896944884805756,0.0532368860022927,0.283006586403294));
#4500=CARTESIAN_POINT('',(-0.0897308033734093,0.0491954341180179,0.282591505278578));
#4501=CARTESIAN_POINT('',(-0.0897671182662431,0.0451539822337433,0.282176424153861));
#4502=CARTESIAN_POINT('',(-0.0932901146023868,0.043133256291613,0.282066388129018));
#4503=CARTESIAN_POINT('',(-0.0968131109385307,0.0411125303494826,0.281956352104174));
#4504=CARTESIAN_POINT('',(-0.100336107274652,0.0431332562916796,0.281846316079842));
#4505=CARTESIAN_POINT('',(-0.103859103610774,0.0451539822338767,0.281736280055509));
#4506=CARTESIAN_POINT('',(-0.103895418503563,0.0491954341182567,0.281321198931816));
#4507=CARTESIAN_POINT('',(-0.103931733396352,0.0532368860026367,0.280906117808123));
#4508=CARTESIAN_POINT('',(-0.100481366845831,0.0552576119448727,0.280185991584557));
#4509=CARTESIAN_POINT('',(-0.0970310002953107,0.0572783378871084,0.279465865360991));
#4510=CARTESIAN_POINT('',(-0.0935806337448122,0.0552576119450168,0.278745739136913));
#4511=CARTESIAN_POINT('',(-0.0901302671943138,0.0532368860029253,0.278025612912836));
#4512=CARTESIAN_POINT('',(-0.0901665820871476,0.0491954341186507,0.27761053178812));
#4513=CARTESIAN_POINT('',(-0.0902028969799815,0.0451539822343759,0.277195450663403));
#4514=CARTESIAN_POINT('',(-0.0937258933161251,0.0431332562922456,0.277085414638559));
#4515=CARTESIAN_POINT('',(-0.097248889652269,0.0411125303501152,0.276975378613716));
#4516=CARTESIAN_POINT('',(-0.10077188598839,0.0431332562923122,0.276865342589383));
#4517=CARTESIAN_POINT('',(-0.104294882324512,0.0451539822345092,0.27675530656505));
#4518=CARTESIAN_POINT('',(-0.104331197217301,0.0491954341188894,0.276340225441357));
#4519=CARTESIAN_POINT('',(-0.10436751211009,0.0532368860032694,0.275925144317663));
#4520=CARTESIAN_POINT('',(-0.10091714555957,0.0552576119455053,0.275205018094098));
#4521=CARTESIAN_POINT('',(-0.097466779009049,0.0572783378877411,0.274484891870531));
#4522=CARTESIAN_POINT('',(-0.0940164124585506,0.0552576119456495,0.273764765646454));
#4523=CARTESIAN_POINT('',(-0.090566045908052,0.0532368860035578,0.273044639422377));
#4524=CARTESIAN_POINT('',(-0.0906023608008859,0.0491954341192833,0.272629558297661));
#4525=CARTESIAN_POINT('',(-0.0906386756937196,0.0451539822350086,0.272214477172944));
#4526=CARTESIAN_POINT('',(-0.0941616720298635,0.0431332562928782,0.2721044411481));
#4527=CARTESIAN_POINT('',(-0.0976846683660071,0.0411125303507478,0.271994405123257));
#4528=CARTESIAN_POINT('',(-0.101207664702129,0.0431332562929449,0.271884369098924));
#4529=CARTESIAN_POINT('',(-0.10473066103825,0.0451539822351418,0.271774333074592));
#4530=CARTESIAN_POINT('',(-0.104766975931039,0.0491954341195219,0.271359251950899));
#4531=CARTESIAN_POINT('',(-0.104803290823829,0.0532368860039021,0.270944170827205));
#4532=CARTESIAN_POINT('',(-0.101352924273308,0.0552576119461379,0.270224044603639));
#4533=CARTESIAN_POINT('',(-0.0979025577227873,0.0572783378883737,0.269503918380073));
#4534=CARTESIAN_POINT('',(-0.0944521911722889,0.0552576119462821,0.268783792155996));
#4535=CARTESIAN_POINT('',(-0.0910018246217905,0.0532368860041906,0.268063665931918));
#4536=CARTESIAN_POINT('',(-0.0910381395146242,0.0491954341199159,0.267648584807202));
#4537=CARTESIAN_POINT('',(-0.0910744544074579,0.0451539822356413,0.267233503682486));
#4538=CARTESIAN_POINT('',(-0.0945974507436018,0.0431332562935108,0.267123467657642));
#4539=CARTESIAN_POINT('',(-0.0981204470797454,0.0411125303513805,0.267013431632798));
#4540=CARTESIAN_POINT('',(-0.101643443415867,0.0431332562935774,0.266903395608465));
#4541=CARTESIAN_POINT('',(-0.105166439751988,0.0451539822357746,0.266793359584133));
#4542=CARTESIAN_POINT('',(-0.105202754644778,0.0491954341201546,0.26637827846044));
#4543=CARTESIAN_POINT('',(-0.105239069537567,0.0532368860045348,0.265963197336746));
#4544=CARTESIAN_POINT('',(-0.101788702987046,0.0552576119467705,0.26524307111318));
#4545=CARTESIAN_POINT('',(-0.0983383364365257,0.0572783378890063,0.264522944889614));
#4546=CARTESIAN_POINT('',(-0.0948879698860271,0.0552576119469148,0.263802818665537));
#4547=CARTESIAN_POINT('',(-0.0914376033355287,0.0532368860048233,0.263082692441459));
#4548=CARTESIAN_POINT('',(-0.0914739182283625,0.0491954341205485,0.262667611316743));
#4549=CARTESIAN_POINT('',(-0.0915102331211962,0.0451539822362738,0.262252530192027));
#4550=CARTESIAN_POINT('',(-0.09503322945734,0.0431332562941435,0.262142494167183));
#4551=CARTESIAN_POINT('',(-0.0985562257934839,0.0411125303520131,0.262032458142339));
#4552=CARTESIAN_POINT('',(-0.102079222129605,0.0431332562942101,0.261922422118007));
#4553=CARTESIAN_POINT('',(-0.105602218465727,0.0451539822364072,0.261812386093675));
#4554=CARTESIAN_POINT('',(-0.105638533358516,0.0491954341207873,0.261397304969981));
#4555=CARTESIAN_POINT('',(-0.105674848251305,0.0532368860051672,0.260982223846288));
#4556=CARTESIAN_POINT('',(-0.102224481700785,0.0552576119474032,0.260262097622722));
#4557=CARTESIAN_POINT('',(-0.0987741151502639,0.057278337889639,0.259541971399156));
#4558=CARTESIAN_POINT('',(-0.0953237485997654,0.0552576119475474,0.258821845175078));
#4559=CARTESIAN_POINT('',(-0.091873382049267,0.0532368860054558,0.258101718951));
#4560=CARTESIAN_POINT('',(-0.0919096969421008,0.0491954341211813,0.257686637826284));
#4561=CARTESIAN_POINT('',(-0.0919460118349346,0.0451539822369065,0.257271556701568));
#4562=CARTESIAN_POINT('',(-0.0954690081710783,0.0431332562947761,0.257161520676724));
#4563=CARTESIAN_POINT('',(-0.098992004507222,0.0411125303526458,0.257051484651881));
#4564=CARTESIAN_POINT('',(-0.102515000843344,0.0431332562948428,0.256941448627548));
#4565=CARTESIAN_POINT('',(-0.106037997179465,0.0451539822370397,0.256831412603215));
#4566=CARTESIAN_POINT('',(-0.106074312072254,0.04919543412142,0.256416331479522));
#4567=CARTESIAN_POINT('',(-0.106110626965044,0.0532368860057999,0.256001250355828));
#4568=CARTESIAN_POINT('',(-0.102660260414523,0.0552576119480358,0.255281124132263));
#4569=CARTESIAN_POINT('',(-0.0992098938640022,0.0572783378902716,0.254560997908696));
#4570=CARTESIAN_POINT('',(-0.0957595273135038,0.0552576119481801,0.25384087168462));
#4571=CARTESIAN_POINT('',(-0.0923091607630052,0.0532368860060885,0.253120745460542));
#4572=CARTESIAN_POINT('',(-0.0923454756558391,0.0491954341218138,0.252705664335825));
#4573=CARTESIAN_POINT('',(-0.0923817905486728,0.0451539822375392,0.252290583211109));
#4574=CARTESIAN_POINT('',(-0.0959047868848166,0.0431332562954087,0.252180547186265));
#4575=CARTESIAN_POINT('',(-0.0994277832209603,0.0411125303532784,0.252070511161422));
#4576=CARTESIAN_POINT('',(-0.102950779557082,0.0431332562954754,0.25196047513709));
#4577=CARTESIAN_POINT('',(-0.106473775893203,0.0451539822376724,0.251850439112757));
#4578=CARTESIAN_POINT('',(-0.106510090785993,0.0491954341220524,0.251435357989064));
#4579=CARTESIAN_POINT('',(-0.106546405678782,0.0532368860064327,0.25102027686537));
#4580=CARTESIAN_POINT('',(-0.103096039128261,0.0552576119486684,0.250300150641804));
#4581=CARTESIAN_POINT('',(-0.0996456725777404,0.0572783378909043,0.249580024418238));
#4582=CARTESIAN_POINT('',(-0.0961953060272421,0.0552576119488127,0.24885989819416));
#4583=CARTESIAN_POINT('',(-0.0927449394767436,0.0532368860067212,0.248139771970083));
#4584=CARTESIAN_POINT('',(-0.0927812543695774,0.0491954341224464,0.247724690845367));
#4585=CARTESIAN_POINT('',(-0.0928175692624111,0.0451539822381718,0.247309609720651));
#4586=CARTESIAN_POINT('',(-0.0963405655985549,0.0431332562960414,0.247199573695807));
#4587=CARTESIAN_POINT('',(-0.0998635619346986,0.041112530353911,0.247089537670963));
#4588=CARTESIAN_POINT('',(-0.10338655827082,0.043133256296108,0.24697950164663));
#4589=CARTESIAN_POINT('',(-0.106909554606942,0.0451539822383051,0.246869465622298));
#4590=CARTESIAN_POINT('',(-0.106945869499731,0.0491954341226851,0.246454384498605));
#4591=CARTESIAN_POINT('',(-0.10698218439252,0.0532368860070653,0.246039303374911));
#4592=CARTESIAN_POINT('',(-0.103531817841999,0.0552576119493011,0.245319177151345));
#4593=CARTESIAN_POINT('',(-0.100081451291479,0.0572783378915369,0.244599050927779));
#4594=CARTESIAN_POINT('',(-0.0966310847409803,0.0552576119494453,0.243878924703702));
#4595=CARTESIAN_POINT('',(-0.0931807181904819,0.0532368860073538,0.243158798479624));
#4596=CARTESIAN_POINT('',(-0.0932170330833157,0.049195434123079,0.242743717354908));
#4597=CARTESIAN_POINT('',(-0.0932533479761494,0.0451539822388044,0.242328636230192));
#4598=CARTESIAN_POINT('',(-0.0967763443122931,0.0431332562966741,0.242218600205348));
#4599=CARTESIAN_POINT('',(-0.100299340648437,0.0411125303545437,0.242108564180504));
#4600=CARTESIAN_POINT('',(-0.103822336984558,0.0431332562967407,0.241998528156172));
#4601=CARTESIAN_POINT('',(-0.10734533332068,0.0451539822389376,0.24188849213184));
#4602=CARTESIAN_POINT('',(-0.107381648213469,0.0491954341233178,0.241473411008146));
#4603=CARTESIAN_POINT('',(-0.107417963106259,0.0532368860076978,0.241058329884453));
#4604=CARTESIAN_POINT('',(-0.103967596555738,0.0552576119499337,0.240338203660887));
#4605=CARTESIAN_POINT('',(-0.100517230005217,0.0572783378921695,0.239618077437321));
#4606=CARTESIAN_POINT('',(-0.0970668634547187,0.055257611950078,0.238897951213243));
#4607=CARTESIAN_POINT('',(-0.0936164969042201,0.0532368860079863,0.238177824989166));
#4608=CARTESIAN_POINT('',(-0.0936528117970539,0.0491954341237118,0.23776274386445));
#4609=CARTESIAN_POINT('',(-0.0936891266898878,0.045153982239437,0.237347662739733));
#4610=CARTESIAN_POINT('',(-0.0972121230260314,0.0431332562973067,0.23723762671489));
#4611=CARTESIAN_POINT('',(-0.100735119362175,0.0411125303551763,0.237127590690046));
#4612=CARTESIAN_POINT('',(-0.104258115698297,0.0431332562973733,0.237017554665714));
#4613=CARTESIAN_POINT('',(-0.107781112034418,0.0451539822395702,0.236907518641381));
#4614=CARTESIAN_POINT('',(-0.107817426927207,0.0491954341239505,0.236492437517688));
#4615=CARTESIAN_POINT('',(-0.107853741819997,0.0532368860083305,0.236077356393994));
#4616=CARTESIAN_POINT('',(-0.104403375269476,0.0552576119505663,0.235357230170428));
#4617=CARTESIAN_POINT('',(-0.100953008718955,0.0572783378928021,0.234637103946862));
#4618=CARTESIAN_POINT('',(-0.097502642168457,0.0552576119507106,0.233916977722784));
#4619=CARTESIAN_POINT('',(-0.0940522756179584,0.053236886008619,0.233196851498707));
#4620=CARTESIAN_POINT('',(-0.0940885905107922,0.0491954341243444,0.232781770373991));
#4621=CARTESIAN_POINT('',(-0.094124905403626,0.0451539822400698,0.232366689249274));
#4622=CARTESIAN_POINT('',(-0.0976479017397698,0.0431332562979393,0.232256653224431));
#4623=CARTESIAN_POINT('',(-0.101170898075913,0.041112530355809,0.232146617199587));
#4624=CARTESIAN_POINT('',(-0.104693894412035,0.043133256298006,0.232036581175254));
#4625=CARTESIAN_POINT('',(-0.108216890748156,0.045153982240203,0.231926545150922));
#4626=CARTESIAN_POINT('',(-0.108253205640946,0.049195434124583,0.231511464027228));
#4627=CARTESIAN_POINT('',(-0.108289520533735,0.0532368860089632,0.231096382903535));
#4628=CARTESIAN_POINT('',(-0.104839153983214,0.055257611951199,0.230376256679969));
#4629=CARTESIAN_POINT('',(-0.101388787432694,0.0572783378934348,0.229656130456403));
#4630=CARTESIAN_POINT('',(-0.0979384208821952,0.0552576119513432,0.228936004232325));
#4631=CARTESIAN_POINT('',(-0.0944880543316968,0.0532368860092518,0.228215878008248));
#4632=CARTESIAN_POINT('',(-0.0945243692245305,0.049195434124977,0.227800796883532));
#4633=CARTESIAN_POINT('',(-0.0945606841173643,0.0451539822407024,0.227385715758816));
#4634=CARTESIAN_POINT('',(-0.0980836804535079,0.0431332562985721,0.227275679733972));
#4635=CARTESIAN_POINT('',(-0.101606676789652,0.0411125303564416,0.227165643709128));
#4636=CARTESIAN_POINT('',(-0.105129673125773,0.0431332562986385,0.227055607684796));
#4637=CARTESIAN_POINT('',(-0.108652669461895,0.0451539822408356,0.226945571660463));
#4638=CARTESIAN_POINT('',(-0.108688984354684,0.0491954341252157,0.22653049053677));
#4639=CARTESIAN_POINT('',(-0.108725299247473,0.0532368860095956,0.226115409413076));
#4640=CARTESIAN_POINT('',(-0.105274932696953,0.0552576119518316,0.22539528318951));
#4641=CARTESIAN_POINT('',(-0.101824566146432,0.0572783378940675,0.224675156965944));
#4642=CARTESIAN_POINT('',(-0.0983741995959335,0.0552576119519759,0.223955030741867));
#4643=CARTESIAN_POINT('',(-0.0949238330454351,0.0532368860098843,0.22323490451779));
#4644=CARTESIAN_POINT('',(-0.0949601479382688,0.0491954341256098,0.222819823393073));
#4645=CARTESIAN_POINT('',(-0.0949964628311026,0.045153982241335,0.222404742268357));
#4646=CARTESIAN_POINT('',(-0.0985194591672463,0.0431332562992046,0.222294706243513));
#4647=CARTESIAN_POINT('',(-0.10204245550339,0.0411125303570742,0.222184670218669));
#4648=CARTESIAN_POINT('',(-0.105565451839512,0.0431332562992712,0.222074634194337));
#4649=CARTESIAN_POINT('',(-0.109088448175633,0.0451539822414681,0.221964598170005));
#4650=CARTESIAN_POINT('',(-0.109124763068422,0.0491954341258483,0.221549517046311));
#4651=CARTESIAN_POINT('',(-0.109161077961212,0.0532368860102284,0.221134435922618));
#4652=CARTESIAN_POINT('',(-0.105710711410691,0.0552576119524643,0.220414309699052));
#4653=CARTESIAN_POINT('',(-0.10226034486017,0.0572783378947,0.219694183475486));
#4654=CARTESIAN_POINT('',(-0.0988099783096719,0.0552576119526086,0.218974057251408));
#4655=CARTESIAN_POINT('',(-0.0953596117591733,0.053236886010517,0.218253931027331));
#4656=CARTESIAN_POINT('',(-0.0953959266520071,0.0491954341262424,0.217838849902615));
#4657=CARTESIAN_POINT('',(-0.0954322415448408,0.0451539822419676,0.217423768777898));
#4658=CARTESIAN_POINT('',(-0.0989552378809846,0.0431332562998372,0.217313732753055));
#4659=CARTESIAN_POINT('',(-0.102478234217128,0.0411125303577069,0.217203696728211));
#4660=CARTESIAN_POINT('',(-0.10600123055325,0.0431332562999039,0.217093660703879));
#4661=CARTESIAN_POINT('',(-0.109524226889371,0.0451539822421008,0.216983624679546));
#4662=CARTESIAN_POINT('',(-0.109560541782161,0.049195434126481,0.216568543555853));
#4663=CARTESIAN_POINT('',(-0.10959685667495,0.0532368860108611,0.216153462432159));
#4664=CARTESIAN_POINT('',(-0.106146490124429,0.0552576119530968,0.215433336208593));
#4665=CARTESIAN_POINT('',(-0.102696123573908,0.0572783378953327,0.214713209985027));
#4666=CARTESIAN_POINT('',(-0.0992457570234101,0.0552576119532412,0.213993083760949));
#4667=CARTESIAN_POINT('',(-0.0957953904729115,0.0532368860111495,0.213272957536872));
#4668=CARTESIAN_POINT('',(-0.0958317053657454,0.0491954341268749,0.212857876412156));
#4669=CARTESIAN_POINT('',(-0.0958680202585791,0.0451539822426003,0.212442795287439));
#4670=CARTESIAN_POINT('',(-0.0993910165947229,0.0431332563004699,0.212332759262596));
#4671=CARTESIAN_POINT('',(-0.102914012930867,0.0411125303583395,0.212222723237752));
#4672=CARTESIAN_POINT('',(-0.106437009266988,0.0431332563005365,0.212112687213419));
#4673=CARTESIAN_POINT('',(-0.10996000560311,0.0451539822427335,0.212002651189087));
#4674=CARTESIAN_POINT('',(-0.109996320495899,0.0491954341271135,0.211587570065393));
#4675=CARTESIAN_POINT('',(-0.110032635388688,0.0532368860114937,0.2111724889417));
#4676=CARTESIAN_POINT('',(-0.106582268838168,0.0552576119537295,0.210452362718134));
#4677=CARTESIAN_POINT('',(-0.103131902287647,0.0572783378959653,0.209732236494568));
#4678=CARTESIAN_POINT('',(-0.0996815357371484,0.0552576119538738,0.20901211027049));
#4679=CARTESIAN_POINT('',(-0.09623116918665,0.0532368860117823,0.208291984046413));
#4680=CARTESIAN_POINT('',(-0.0962674840794837,0.0491954341275075,0.207876902921697));
#4681=CARTESIAN_POINT('',(-0.0963037989723174,0.0451539822432329,0.207461821796981));
#4682=CARTESIAN_POINT('',(-0.0998267953084611,0.0431332563011026,0.207351785772137));
#4683=CARTESIAN_POINT('',(-0.103349791644605,0.0411125303589721,0.207241749747294));
#4684=CARTESIAN_POINT('',(-0.106872787980726,0.0431332563011691,0.207131713722961));
#4685=CARTESIAN_POINT('',(-0.110395784316848,0.0451539822433661,0.207021677698628));
#4686=CARTESIAN_POINT('',(-0.110432099209637,0.0491954341277462,0.206606596574935));
#4687=CARTESIAN_POINT('',(-0.110468414102427,0.0532368860121262,0.206191515451241));
#4688=CARTESIAN_POINT('',(-0.107018047551906,0.0552576119543622,0.205471389227675));
#4689=CARTESIAN_POINT('',(-0.103567681001385,0.057278337896598,0.204751263004109));
#4690=CARTESIAN_POINT('',(-0.100117314450887,0.0552576119545064,0.204031136780032));
#4691=CARTESIAN_POINT('',(-0.0966669479003882,0.0532368860124148,0.203311010555955));
#4692=CARTESIAN_POINT('',(-0.096703262793222,0.0491954341281403,0.202895929431239));
#4693=CARTESIAN_POINT('',(-0.0967395776860557,0.0451539822438655,0.202480848306522));
#4694=CARTESIAN_POINT('',(-0.100262574022199,0.0431332563017352,0.202370812281678));
#4695=CARTESIAN_POINT('',(-0.103785570358343,0.0411125303596048,0.202260776256834));
#4696=CARTESIAN_POINT('',(-0.107308566694465,0.0431332563018018,0.202150740232502));
#4697=CARTESIAN_POINT('',(-0.110831563030586,0.0451539822439986,0.20204070420817));
#4698=CARTESIAN_POINT('',(-0.110867877923376,0.0491954341283789,0.201625623084476));
#4699=CARTESIAN_POINT('',(-0.110904192816165,0.0532368860127589,0.201210541960783));
#4700=CARTESIAN_POINT('',(-0.107453826265644,0.0552576119549948,0.200490415737217));
#4701=CARTESIAN_POINT('',(-0.104003459715123,0.0572783378972306,0.199770289513651));
#4702=CARTESIAN_POINT('',(-0.100553093164625,0.055257611955139,0.199050163289573));
#4703=CARTESIAN_POINT('',(-0.0971027266141266,0.0532368860130477,0.198330037065496));
#4704=CARTESIAN_POINT('',(-0.0971390415069603,0.0491954341287729,0.197914955940779));
#4705=CARTESIAN_POINT('',(-0.097175356399794,0.0451539822444981,0.197499874816063));
#4706=CARTESIAN_POINT('',(-0.100698352735938,0.0431332563023679,0.197389838791219));
#4707=CARTESIAN_POINT('',(-0.104221349072081,0.0411125303602374,0.197279802766376));
#4708=CARTESIAN_POINT('',(-0.107744345408203,0.0431332563024344,0.197169766742044));
#4709=CARTESIAN_POINT('',(-0.111267341744325,0.0451539822446315,0.197059730717711));
#4710=CARTESIAN_POINT('',(-0.111303656637114,0.0491954341290114,0.196644649594017));
#4711=CARTESIAN_POINT('',(-0.111339971529903,0.0532368860133916,0.196229568470324));
#4712=CARTESIAN_POINT('',(-0.107889604979382,0.0552576119556275,0.195509442246758));
#4713=CARTESIAN_POINT('',(-0.104439238428862,0.0572783378978632,0.194789316023192));
#4714=CARTESIAN_POINT('',(-0.100988871878363,0.0552576119557717,0.194069189799114));
#4715=CARTESIAN_POINT('',(-0.0975385053278647,0.05323688601368,0.193349063575037));
#4716=CARTESIAN_POINT('',(-0.0975748202206985,0.0491954341294057,0.192933982450321));
#4717=CARTESIAN_POINT('',(-0.0976111351135322,0.0451539822451309,0.192518901325605));
#4718=CARTESIAN_POINT('',(-0.101134131449676,0.0431332563030004,0.192408865300761));
#4719=CARTESIAN_POINT('',(-0.10465712778582,0.0411125303608701,0.192298829275917));
#4720=CARTESIAN_POINT('',(-0.108180124121941,0.043133256303067,0.192188793251584));
#4721=CARTESIAN_POINT('',(-0.111703120458063,0.045153982245264,0.192078757227252));
#4722=CARTESIAN_POINT('',(-0.111739435350852,0.0491954341296443,0.191663676103559));
#4723=CARTESIAN_POINT('',(-0.111775750243641,0.053236886014024,0.191248594979865));
#4724=CARTESIAN_POINT('',(-0.108325383693121,0.05525761195626,0.190528468756299));
#4725=CARTESIAN_POINT('',(-0.1048750171426,0.0572783378984959,0.189808342532733));
#4726=CARTESIAN_POINT('',(-0.101424650592102,0.0552576119564044,0.189088216308656));
#4727=CARTESIAN_POINT('',(-0.0979742840416032,0.0532368860143128,0.188368090084578));
#4728=CARTESIAN_POINT('',(-0.0980105989344369,0.0491954341300381,0.187953008959862));
#4729=CARTESIAN_POINT('',(-0.0980469138272705,0.0451539822457637,0.187537927835146));
#4730=CARTESIAN_POINT('',(-0.101569910163414,0.0431332563036331,0.187427891810302));
#4731=CARTESIAN_POINT('',(-0.105092906499558,0.0411125303615027,0.187317855785459));
#4732=CARTESIAN_POINT('',(-0.10861590283568,0.0431332563036997,0.187207819761126));
#4733=CARTESIAN_POINT('',(-0.112138899171801,0.0451539822458965,0.187097783736793));
#4734=CARTESIAN_POINT('',(-0.11217521406459,0.0491954341302767,0.1866827026131));
#4735=CARTESIAN_POINT('',(-0.11221152895738,0.0532368860146569,0.186267621489406));
#4736=CARTESIAN_POINT('',(-0.108761162406859,0.0552576119568926,0.18554749526584));
#4737=CARTESIAN_POINT('',(-0.105310795856338,0.0572783378991285,0.184827369042274));
#4738=CARTESIAN_POINT('',(-0.10186042930584,0.055257611957037,0.184107242818197));
#4739=CARTESIAN_POINT('',(-0.0984100627553415,0.0532368860149456,0.18338711659412));
#4740=CARTESIAN_POINT('',(-0.0984463776481751,0.0491954341306709,0.182972035469404));
#4741=CARTESIAN_POINT('',(-0.0984826925410089,0.0451539822463961,0.182556954344687));
#4742=CARTESIAN_POINT('',(-0.102005688877153,0.0431332563042656,0.182446918319843));
#4743=CARTESIAN_POINT('',(-0.105528685213296,0.0411125303621353,0.182336882294999));
#4744=CARTESIAN_POINT('',(-0.109051681549418,0.0431332563043323,0.182226846270667));
#4745=CARTESIAN_POINT('',(-0.112574677885539,0.0451539822465294,0.182116810246335));
#4746=CARTESIAN_POINT('',(-0.112610992778329,0.0491954341309092,0.181701729122641));
#4747=CARTESIAN_POINT('',(-0.112647307671118,0.0532368860152894,0.181286647998948));
#4748=CARTESIAN_POINT('',(-0.109196941120597,0.0552576119575254,0.180566521775382));
#4749=CARTESIAN_POINT('',(-0.105746574570077,0.0572783378997612,0.179846395551816));
#4750=CARTESIAN_POINT('',(-0.102296208019578,0.0552576119576697,0.179126269327739));
#4751=CARTESIAN_POINT('',(-0.0988458414690796,0.053236886015578,0.178406143103661));
#4752=CARTESIAN_POINT('',(-0.0988821563619134,0.0491954341313033,0.177991061978944));
#4753=CARTESIAN_POINT('',(-0.0989184712547471,0.0451539822470289,0.177575980854228));
#4754=CARTESIAN_POINT('',(-0.102441467590891,0.0431332563048984,0.177465944829384));
#4755=CARTESIAN_POINT('',(-0.105964463927035,0.0411125303627679,0.177355908804541));
#4756=CARTESIAN_POINT('',(-0.109487460263156,0.0431332563049648,0.177245872780209));
#4757=CARTESIAN_POINT('',(-0.113010456599278,0.0451539822471619,0.177135836755876));
#4758=CARTESIAN_POINT('',(-0.113046771492067,0.0491954341315421,0.176720755632183));
#4759=CARTESIAN_POINT('',(-0.113083086384856,0.0532368860159219,0.176305674508489));
#4760=CARTESIAN_POINT('',(-0.109632719834336,0.0552576119581579,0.175585548284923));
#4761=CARTESIAN_POINT('',(-0.106182353283815,0.0572783379003938,0.174865422061357));
#4762=CARTESIAN_POINT('',(-0.102731986733317,0.0552576119583024,0.17414529583728));
#4763=CARTESIAN_POINT('',(-0.099281620182818,0.0532368860162108,0.173425169613202));
#4764=CARTESIAN_POINT('',(-0.0993179350756517,0.049195434131936,0.173010088488486));
#4765=CARTESIAN_POINT('',(-0.0993542499684856,0.0451539822476612,0.17259500736377));
#4766=CARTESIAN_POINT('',(-0.102877246304629,0.043133256305531,0.172484971338926));
#4767=CARTESIAN_POINT('',(-0.106400242640773,0.0411125303634006,0.172374935314082));
#4768=CARTESIAN_POINT('',(-0.109923238976895,0.0431332563055976,0.17226489928975));
#4769=CARTESIAN_POINT('',(-0.113446235313016,0.0451539822477944,0.172154863265417));
#4770=CARTESIAN_POINT('',(-0.113482550205805,0.0491954341321746,0.171739782141724));
#4771=CARTESIAN_POINT('',(-0.113518865098595,0.0532368860165548,0.17132470101803));
#4772=CARTESIAN_POINT('',(-0.110068498548074,0.0552576119587905,0.170604574794465));
#4773=CARTESIAN_POINT('',(-0.106618131997553,0.0572783379010264,0.169884448570898));
#4774=CARTESIAN_POINT('',(-0.103167765447055,0.0552576119589349,0.169164322346821));
#4775=CARTESIAN_POINT('',(-0.0997173988965561,0.0532368860168432,0.168444196122744));
#4776=CARTESIAN_POINT('',(-0.09975371378939,0.0491954341325688,0.168029114998028));
#4777=CARTESIAN_POINT('',(-0.0997900286822237,0.0451539822482941,0.167614033873311));
#4778=CARTESIAN_POINT('',(-0.103313025018368,0.0431332563061636,0.167503997848467));
#4779=CARTESIAN_POINT('',(-0.106836021354511,0.0411125303640332,0.167393961823623));
#4780=CARTESIAN_POINT('',(-0.110359017690633,0.0431332563062302,0.167283925799291));
#4781=CARTESIAN_POINT('',(-0.113882014026754,0.0451539822484273,0.167173889774959));
#4782=CARTESIAN_POINT('',(-0.113918328919544,0.0491954341328071,0.166758808651265));
#4783=CARTESIAN_POINT('',(-0.113954643812333,0.0532368860171873,0.166343727527572));
#4784=CARTESIAN_POINT('',(-0.110504277261812,0.0552576119594233,0.165623601304005));
#4785=CARTESIAN_POINT('',(-0.107053910711291,0.057278337901659,0.16490347508044));
#4786=CARTESIAN_POINT('',(-0.103603544160793,0.0552576119595676,0.164183348856362));
#4787=CARTESIAN_POINT('',(-0.100153177610295,0.053236886017476,0.163463222632285));
#4788=CARTESIAN_POINT('',(-0.100189492503128,0.0491954341332012,0.163048141507568));
#4789=CARTESIAN_POINT('',(-0.100225807395962,0.0451539822489268,0.162633060382852));
#4790=CARTESIAN_POINT('',(-0.103748803732106,0.0431332563067963,0.162523024358008));
#4791=CARTESIAN_POINT('',(-0.10727180006825,0.0411125303646659,0.162412988333165));
#4792=CARTESIAN_POINT('',(-0.110794796404371,0.0431332563068628,0.162302952308832));
#4793=CARTESIAN_POINT('',(-0.114317792740492,0.0451539822490597,0.1621929162845));
#4794=CARTESIAN_POINT('',(-0.114354107633282,0.04919543413344,0.161777835160806));
#4795=CARTESIAN_POINT('',(-0.114390422526071,0.0532368860178202,0.161362754037113));
#4796=CARTESIAN_POINT('',(-0.110940055975551,0.0552576119600558,0.160642627813547));
#4797=CARTESIAN_POINT('',(-0.10748968942503,0.0572783379022917,0.159922501589981));
#4798=CARTESIAN_POINT('',(-0.104039322874531,0.0552576119602001,0.159202375365904));
#4799=CARTESIAN_POINT('',(-0.100588956324033,0.0532368860181088,0.158482249141826));
#4800=CARTESIAN_POINT('',(-0.100625271216867,0.049195434133834,0.15806716801711));
#4801=CARTESIAN_POINT('',(-0.1006615861097,0.0451539822495592,0.157652086892394));
#4802=CARTESIAN_POINT('',(-0.104184582445844,0.043133256307429,0.15754205086755));
#4803=CARTESIAN_POINT('',(-0.107707578781988,0.0411125303652985,0.157432014842706));
#4804=CARTESIAN_POINT('',(-0.111230575118109,0.0431332563074955,0.157321978818374));
#4805=CARTESIAN_POINT('',(-0.114753571454231,0.0451539822496922,0.157211942794041));
#4806=CARTESIAN_POINT('',(-0.11478988634702,0.0491954341340724,0.156796861670348));
#4807=CARTESIAN_POINT('',(-0.114826201239809,0.0532368860184526,0.156381780546654));
#4808=CARTESIAN_POINT('',(-0.111375834689289,0.0552576119606886,0.155661654323088));
#4809=CARTESIAN_POINT('',(-0.107925468138768,0.0572783379029244,0.154941528099522));
#4810=CARTESIAN_POINT('',(-0.10447510158827,0.0552576119608328,0.154221401875445));
#4811=CARTESIAN_POINT('',(-0.101024735037771,0.0532368860187412,0.153501275651367));
#4812=CARTESIAN_POINT('',(-0.101061049930605,0.0491954341344668,0.153086194526651));
#4813=CARTESIAN_POINT('',(-0.101097364823439,0.045153982250192,0.152671113401935));
#4814=CARTESIAN_POINT('',(-0.104620361159582,0.0431332563080615,0.152561077377091));
#4815=CARTESIAN_POINT('',(-0.108143357495726,0.0411125303659311,0.152451041352247));
#4816=CARTESIAN_POINT('',(-0.111666353831847,0.043133256308128,0.152341005327915));
#4817=CARTESIAN_POINT('',(-0.115189350167969,0.0451539822503251,0.152230969303582));
#4818=CARTESIAN_POINT('',(-0.115225665060758,0.0491954341347053,0.151815888179889));
#4819=CARTESIAN_POINT('',(-0.115261979953548,0.0532368860190852,0.151400807056195));
#4820=CARTESIAN_POINT('',(-0.111811613403027,0.0552576119613211,0.15068068083263));
#4821=CARTESIAN_POINT('',(-0.108361246852506,0.057278337903557,0.149960554609063));
#4822=CARTESIAN_POINT('',(-0.104910880302008,0.0552576119614655,0.149240428384986));
#4823=CARTESIAN_POINT('',(-0.101460513751509,0.053236886019374,0.148520302160909));
#4824=CARTESIAN_POINT('',(-0.101496828644343,0.0491954341350992,0.148105221036192));
#4825=CARTESIAN_POINT('',(-0.101533143537177,0.0451539822508248,0.147690139911476));
#4826=CARTESIAN_POINT('',(-0.105056139873321,0.0431332563086942,0.147580103886632));
#4827=CARTESIAN_POINT('',(-0.108579136209464,0.0411125303665638,0.147470067861789));
#4828=CARTESIAN_POINT('',(-0.112102132545586,0.0431332563087609,0.147360031837456));
#4829=CARTESIAN_POINT('',(-0.115625128881707,0.0451539822509576,0.147249995813124));
#4830=CARTESIAN_POINT('',(-0.115661443774497,0.0491954341353378,0.14683491468943));
#4831=CARTESIAN_POINT('',(-0.115697758667286,0.053236886019718,0.146419833565737));
#4832=CARTESIAN_POINT('',(-0.112247392116765,0.0552576119619537,0.145699707342171));
#4833=CARTESIAN_POINT('',(-0.108797025566245,0.0572783379041896,0.144979581118605));
#4834=CARTESIAN_POINT('',(-0.105346659015746,0.0552576119620981,0.144259454894527));
#4835=CARTESIAN_POINT('',(-0.101896292465248,0.0532368860200068,0.14353932867045));
#4836=CARTESIAN_POINT('',(-0.101932607358081,0.049195434135732,0.143124247545734));
#4837=CARTESIAN_POINT('',(-0.101968922250915,0.0451539822514572,0.142709166421017));
#4838=CARTESIAN_POINT('',(-0.105491918587059,0.0431332563093269,0.142599130396173));
#4839=CARTESIAN_POINT('',(-0.109014914923202,0.0411125303671964,0.14248909437133));
#4840=CARTESIAN_POINT('',(-0.112537911259324,0.0431332563093934,0.142379058346997));
#4841=CARTESIAN_POINT('',(-0.116060907595446,0.0451539822515904,0.142269022322665));
#4842=CARTESIAN_POINT('',(-0.116097222488235,0.0491954341359703,0.141853941198971));
#4843=CARTESIAN_POINT('',(-0.116133537381025,0.0532368860203505,0.141438860075278));
#4844=CARTESIAN_POINT('',(-0.112683170830504,0.0552576119625865,0.140718733851712));
#4845=CARTESIAN_POINT('',(-0.109232804279983,0.0572783379048222,0.139998607628146));
#4846=CARTESIAN_POINT('',(-0.105782437729485,0.0552576119627308,0.139278481404069));
#4847=CARTESIAN_POINT('',(-0.102332071178986,0.0532368860206392,0.138558355179991));
#4848=CARTESIAN_POINT('',(-0.10236838607182,0.0491954341363648,0.138143274055275));
#4849=CARTESIAN_POINT('',(-0.102404700964653,0.04515398225209,0.137728192930558));
#4850=CARTESIAN_POINT('',(-0.105927697300797,0.0431332563099594,0.137618156905715));
#4851=CARTESIAN_POINT('',(-0.109450693636941,0.041112530367829,0.137508120880871));
#4852=CARTESIAN_POINT('',(-0.112973689973062,0.043133256310026,0.137398084856539));
#4853=CARTESIAN_POINT('',(-0.116496686309184,0.0451539822522229,0.137288048832206));
#4854=CARTESIAN_POINT('',(-0.116533001201973,0.0491954341366032,0.136872967708513));
#4855=CARTESIAN_POINT('',(-0.116569316094763,0.0532368860209829,0.136457886584819));
#4856=CARTESIAN_POINT('',(-0.113118949544242,0.055257611963219,0.135737760361253));
#4857=CARTESIAN_POINT('',(-0.109668582993721,0.0572783379054549,0.135017634137687));
#4858=CARTESIAN_POINT('',(-0.106218216443223,0.0552576119633635,0.13429750791361));
#4859=CARTESIAN_POINT('',(-0.102767849892724,0.053236886021272,0.133577381689532));
#4860=CARTESIAN_POINT('',(-0.102804164785558,0.0491954341369972,0.133162300564816));
#4861=CARTESIAN_POINT('',(-0.102840479678392,0.0451539822527223,0.1327472194401));
#4862=CARTESIAN_POINT('',(-0.106363476014535,0.0431332563105922,0.132637183415256));
#4863=CARTESIAN_POINT('',(-0.109886472350679,0.0411125303684617,0.132527147390412));
#4864=CARTESIAN_POINT('',(-0.113409468686801,0.0431332563106587,0.13241711136608));
#4865=CARTESIAN_POINT('',(-0.116932465022922,0.0451539822528554,0.132307075341747));
#4866=CARTESIAN_POINT('',(-0.116968779915712,0.0491954341372357,0.131891994218054));
#4867=CARTESIAN_POINT('',(-0.117005094808501,0.0532368860216158,0.13147691309436));
#4868=CARTESIAN_POINT('',(-0.11355472825798,0.0552576119638516,0.130756786870794));
#4869=CARTESIAN_POINT('',(-0.11010436170746,0.0572783379060875,0.130036660647228));
#4870=CARTESIAN_POINT('',(-0.106653995156961,0.055257611963996,0.129316534423151));
#4871=CARTESIAN_POINT('',(-0.103203628606463,0.0532368860219047,0.128596408199074));
#4872=CARTESIAN_POINT('',(-0.103239943499296,0.0491954341376299,0.128181327074357));
#4873=CARTESIAN_POINT('',(-0.10327625839213,0.0451539822533551,0.127766245949641));
#4874=CARTESIAN_POINT('',(-0.106799254728274,0.0431332563112247,0.127656209924797));
#4875=CARTESIAN_POINT('',(-0.110322251064417,0.0411125303690943,0.127546173899954));
#4876=CARTESIAN_POINT('',(-0.113845247400539,0.0431332563112913,0.127436137875621));
#4877=CARTESIAN_POINT('',(-0.117368243736661,0.0451539822534883,0.127326101851289));
#4878=CARTESIAN_POINT('',(-0.11740455862945,0.0491954341378682,0.126911020727595));
#4879=CARTESIAN_POINT('',(-0.117440873522239,0.0532368860222484,0.126495939603902));
#4880=CARTESIAN_POINT('',(-0.113990506971718,0.0552576119644843,0.125775813380336));
#4881=CARTESIAN_POINT('',(-0.110540140421198,0.0572783379067202,0.12505568715677));
#4882=CARTESIAN_POINT('',(-0.107089773870699,0.0552576119646287,0.124335560932692));
#4883=CARTESIAN_POINT('',(-0.103639407320201,0.053236886022537,0.123615434708615));
#4884=CARTESIAN_POINT('',(-0.103675722213035,0.0491954341382623,0.123200353583899));
#4885=CARTESIAN_POINT('',(-0.103712037105868,0.0451539822539879,0.122785272459182));
#4886=CARTESIAN_POINT('',(-0.107235033442012,0.0431332563118574,0.122675236434339));
#4887=CARTESIAN_POINT('',(-0.110758029778156,0.041112530369727,0.122565200409495));
#4888=CARTESIAN_POINT('',(-0.114281026114277,0.0431332563119238,0.122455164385162));
#4889=CARTESIAN_POINT('',(-0.117804022450399,0.0451539822541208,0.12234512836083));
#4890=CARTESIAN_POINT('',(-0.117840337343188,0.049195434138501,0.121930047237137));
#4891=CARTESIAN_POINT('',(-0.117876652235978,0.0532368860228808,0.121514966113443));
#4892=CARTESIAN_POINT('',(-0.114426285685457,0.0552576119651169,0.120794839889877));
#4893=CARTESIAN_POINT('',(-0.110975919134936,0.0572783379073528,0.120074713666311));
#4894=CARTESIAN_POINT('',(-0.107525552584438,0.0552576119652612,0.119354587442234));
#4895=CARTESIAN_POINT('',(-0.104075186033939,0.0532368860231698,0.118634461218156));
#4896=CARTESIAN_POINT('',(-0.104111500926773,0.0491954341388951,0.11821938009344));
#4897=CARTESIAN_POINT('',(-0.104147815819607,0.0451539822546203,0.117804298968724));
#4898=CARTESIAN_POINT('',(-0.10767081215575,0.0431332563124901,0.11769426294388));
#4899=CARTESIAN_POINT('',(-0.111193808491894,0.0411125303703596,0.117584226919036));
#4900=CARTESIAN_POINT('',(-0.114716804828016,0.0431332563125566,0.117474190894704));
#4901=CARTESIAN_POINT('',(-0.118239801164137,0.0451539822547533,0.117364154870371));
#4902=CARTESIAN_POINT('',(-0.118276116056926,0.0491954341391335,0.116949073746678));
#4903=CARTESIAN_POINT('',(-0.118312430949716,0.0532368860235137,0.116533992622984));
#4904=CARTESIAN_POINT('',(-0.114862064399195,0.0552576119657497,0.115813866399418));
#4905=CARTESIAN_POINT('',(-0.111411697848675,0.0572783379079854,0.115093740175852));
#4906=CARTESIAN_POINT('',(-0.107961331298176,0.0552576119658939,0.114373613951775));
#4907=CARTESIAN_POINT('',(-0.104510964747677,0.0532368860238023,0.113653487727697));
#4908=CARTESIAN_POINT('',(-0.104547279640511,0.0491954341395279,0.113238406602981));
#4909=CARTESIAN_POINT('',(-0.104583594533345,0.0451539822552531,0.112823325478265));
#4910=CARTESIAN_POINT('',(-0.108106590869489,0.0431332563131226,0.112713289453421));
#4911=CARTESIAN_POINT('',(-0.111629587205632,0.0411125303709922,0.112603253428577));
#4912=CARTESIAN_POINT('',(-0.115152583541754,0.0431332563131891,0.112493217404245));
#4913=CARTESIAN_POINT('',(-0.118675579877875,0.0451539822553862,0.112383181379913));
#4914=CARTESIAN_POINT('',(-0.118711894770665,0.049195434139766,0.111968100256219));
#4915=CARTESIAN_POINT('',(-0.118748209663454,0.0532368860241462,0.111553019132526));
#4916=CARTESIAN_POINT('',(-0.115297843112933,0.0552576119663822,0.11083289290896));
#4917=CARTESIAN_POINT('',(-0.111847476562413,0.0572783379086181,0.110112766685393));
#4918=CARTESIAN_POINT('',(-0.108397110011914,0.0552576119665266,0.109392640461316));
#4919=CARTESIAN_POINT('',(-0.104946743461416,0.053236886024435,0.108672514237239));
#4920=CARTESIAN_POINT('',(-0.104983058354249,0.0491954341401603,0.108257433112522));
#4921=CARTESIAN_POINT('',(-0.105019373247083,0.0451539822558859,0.107842351987806));
#4922=CARTESIAN_POINT('',(-0.108542369583227,0.0431332563137553,0.107732315962962));
#4923=CARTESIAN_POINT('',(-0.112065365919371,0.0411125303716249,0.107622279938119));
#4924=CARTESIAN_POINT('',(-0.115588362255492,0.0431332563138217,0.107512243913786));
#4925=CARTESIAN_POINT('',(-0.119111358591614,0.0451539822560187,0.107402207889454));
#4926=CARTESIAN_POINT('',(-0.119147673484403,0.0491954341403989,0.10698712676576));
#4927=CARTESIAN_POINT('',(-0.119183988377192,0.0532368860247791,0.106572045642067));
#4928=CARTESIAN_POINT('',(-0.115733621826672,0.0552576119670148,0.105851919418501));
#4929=CARTESIAN_POINT('',(-0.112283255276151,0.0572783379092507,0.105131793194935));
#4930=CARTESIAN_POINT('',(-0.108832888725652,0.0552576119671591,0.104411666970857));
#4931=CARTESIAN_POINT('',(-0.105382522175154,0.0532368860250678,0.10369154074678));
#4932=CARTESIAN_POINT('',(-0.105418837067988,0.0491954341407931,0.103276459622064));
#4933=CARTESIAN_POINT('',(-0.105455151960822,0.0451539822565183,0.102861378497348));
#4934=CARTESIAN_POINT('',(-0.108978148296965,0.0431332563143881,0.102751342472504));
#4935=CARTESIAN_POINT('',(-0.112501144633109,0.0411125303722575,0.10264130644766));
#4936=CARTESIAN_POINT('',(-0.11602414096923,0.0431332563144545,0.102531270423328));
#4937=CARTESIAN_POINT('',(-0.119547137305352,0.0451539822566515,0.102421234398995));
#4938=CARTESIAN_POINT('',(-0.119583452198141,0.0491954341410314,0.102006153275302));
#4939=CARTESIAN_POINT('',(-0.119619767090931,0.0532368860254116,0.101591072151608));
#4940=CARTESIAN_POINT('',(-0.11616940054041,0.0552576119676475,0.100870945928042));
#4941=CARTESIAN_POINT('',(-0.11271903398989,0.0572783379098833,0.100150819704476));
#4942=CARTESIAN_POINT('',(-0.109268667439391,0.0552576119677919,0.0994306934803987));
#4943=CARTESIAN_POINT('',(-0.105818300888892,0.0532368860257002,0.0987105672563212));
#4944=CARTESIAN_POINT('',(-0.105854615781726,0.0491954341414259,0.0982954861316051));
#4945=CARTESIAN_POINT('',(-0.10589093067456,0.0451539822571511,0.0978804050068888));
#4946=CARTESIAN_POINT('',(-0.109413927010703,0.0431332563150205,0.097770368982045));
#4947=CARTESIAN_POINT('',(-0.112936923346847,0.0411125303728902,0.0976603329572012));
#4948=CARTESIAN_POINT('',(-0.116459919682969,0.043133256315087,0.0975502969328688));
#4949=CARTESIAN_POINT('',(-0.11998291601909,0.045153982257284,0.0974402609085364));
#4950=CARTESIAN_POINT('',(-0.12001923091188,0.0491954341416643,0.0970251797848429));
#4951=CARTESIAN_POINT('',(-0.120055545804669,0.0532368860260441,0.0966100986611494));
#4952=CARTESIAN_POINT('',(-0.116605179254148,0.0552576119682801,0.0958899724375834));
#4953=CARTESIAN_POINT('',(-0.113154812703628,0.0572783379105159,0.0951698462140173));
#4954=CARTESIAN_POINT('',(-0.109704446153129,0.0552576119684246,0.09444971998994));
#4955=CARTESIAN_POINT('',(-0.106254079602631,0.053236886026333,0.0937295937658626));
#4956=CARTESIAN_POINT('',(-0.106290394495464,0.0491954341420583,0.0933145126411464));
#4957=CARTESIAN_POINT('',(-0.106326709388298,0.0451539822577838,0.0928994315164301));
#4958=CARTESIAN_POINT('',(-0.109849705724442,0.0431332563156532,0.0927893954915863));
#4959=CARTESIAN_POINT('',(-0.113372702060585,0.0411125303735227,0.0926793594667425));
#4960=CARTESIAN_POINT('',(-0.116895698396707,0.0431332563157198,0.0925693234424101));
#4961=CARTESIAN_POINT('',(-0.120418694732829,0.0451539822579165,0.0924592874180777));
#4962=CARTESIAN_POINT('',(-0.120455009625618,0.0491954341422967,0.0920442062943842));
#4963=CARTESIAN_POINT('',(-0.120491324518407,0.053236886026677,0.0916291251706907));
#4964=CARTESIAN_POINT('',(-0.117040957967887,0.0552576119689127,0.0909089989471246));
#4965=CARTESIAN_POINT('',(-0.113590591417366,0.0572783379111486,0.0901888727235586));
#4966=CARTESIAN_POINT('',(-0.110140224866867,0.0552576119690571,0.0894687464994812));
#4967=CARTESIAN_POINT('',(-0.106689858316369,0.0532368860269658,0.0887486202754039));
#4968=CARTESIAN_POINT('',(-0.106726173209203,0.049195434142691,0.0883335391506876));
#4969=CARTESIAN_POINT('',(-0.106762488102036,0.0451539822584162,0.0879184580259714));
#4970=CARTESIAN_POINT('',(-0.11028548443818,0.0431332563162858,0.0878084220011276));
#4971=CARTESIAN_POINT('',(-0.113808480774324,0.0411125303741554,0.0876983859762837));
#4972=CARTESIAN_POINT('',(-0.117331477110445,0.0431332563163523,0.0875883499519514));
#4973=CARTESIAN_POINT('',(-0.120854473446567,0.0451539822585494,0.0874783139276189));
#4974=CARTESIAN_POINT('',(-0.120890788339356,0.0491954341429292,0.0870632328039255));
#4975=CARTESIAN_POINT('',(-0.120927103232146,0.0532368860273094,0.086648151680232));
#4976=CARTESIAN_POINT('',(-0.117476736681625,0.0552576119695454,0.0859280254566659));
#4977=CARTESIAN_POINT('',(-0.114026370131104,0.0572783379117813,0.0852078992330999));
#4978=CARTESIAN_POINT('',(-0.110576003580606,0.0552576119696898,0.0844877730090225));
#4979=CARTESIAN_POINT('',(-0.107125637030107,0.0532368860275982,0.0837676467849452));
#4980=CARTESIAN_POINT('',(-0.107161951922941,0.0491954341433234,0.0833525656602289));
#4981=CARTESIAN_POINT('',(-0.107198266815775,0.045153982259049,0.0829374845355127));
#4982=CARTESIAN_POINT('',(-0.110721263151918,0.0431332563169185,0.0828274485106688));
#4983=CARTESIAN_POINT('',(-0.114244259488062,0.041112530374788,0.082717412485825));
#4984=CARTESIAN_POINT('',(-0.117767255824183,0.0431332563169849,0.0826073764614926));
#4985=CARTESIAN_POINT('',(-0.121290252160305,0.0451539822591819,0.0824973404371602));
#4986=CARTESIAN_POINT('',(-0.121326567053094,0.0491954341435621,0.0820822593134667));
#4987=CARTESIAN_POINT('',(-0.121362881945884,0.053236886027942,0.0816671781897732));
#4988=CARTESIAN_POINT('',(-0.117912515395363,0.055257611970178,0.0809470519662072));
#4989=CARTESIAN_POINT('',(-0.114462148844842,0.0572783379124139,0.0802269257426411));
#4990=CARTESIAN_POINT('',(-0.111011782294344,0.0552576119703225,0.0795067995185638));
#4991=CARTESIAN_POINT('',(-0.107561415743846,0.053236886028231,0.0787866732944865));
#4992=CARTESIAN_POINT('',(-0.107597730636679,0.0491954341439562,0.0783715921697702));
#4993=CARTESIAN_POINT('',(-0.107634045529513,0.0451539822596814,0.0779565110450539));
#4994=CARTESIAN_POINT('',(-0.111157041865656,0.0431332563175512,0.0778464750202101));
#4995=CARTESIAN_POINT('',(-0.1146800382018,0.0411125303754207,0.0777364389953663));
#4996=CARTESIAN_POINT('',(-0.118203034537922,0.0431332563176176,0.077626402971034));
#4997=CARTESIAN_POINT('',(-0.121726030874043,0.0451539822598143,0.0775163669467015));
#4998=CARTESIAN_POINT('',(-0.121762345766833,0.0491954341441946,0.077101285823008));
#4999=CARTESIAN_POINT('',(-0.121798660659622,0.0532368860285747,0.0766862046993144));
#5000=CARTESIAN_POINT('',(-0.118348294109102,0.0552576119708105,0.0759660784757485));
#5001=CARTESIAN_POINT('',(-0.114897927558581,0.0572783379130465,0.0752459522521824));
#5002=CARTESIAN_POINT('',(-0.111447561008082,0.055257611970955,0.0745258260281051));
#5003=CARTESIAN_POINT('',(-0.107997194457584,0.0532368860288634,0.0738056998040277));
#5004=CARTESIAN_POINT('',(-0.108033509350417,0.049195434144589,0.0733906186793114));
#5005=CARTESIAN_POINT('',(-0.108069824243251,0.0451539822603142,0.0729755375545951));
#5006=CARTESIAN_POINT('',(-0.111592820579395,0.0431332563181837,0.0728655015297514));
#5007=CARTESIAN_POINT('',(-0.115115816915538,0.0411125303760533,0.0727554655049076));
#5008=CARTESIAN_POINT('',(-0.11863881325166,0.0431332563182502,0.0726454294805752));
#5009=CARTESIAN_POINT('',(-0.122161809587782,0.0451539822604472,0.0725353934562428));
#5010=CARTESIAN_POINT('',(-0.122198124480571,0.0491954341448271,0.0721203123325493));
#5011=CARTESIAN_POINT('',(-0.12223443937336,0.0532368860292073,0.0717052312088557));
#5012=CARTESIAN_POINT('',(-0.11878407282284,0.0552576119714433,0.0709851049852897));
#5013=CARTESIAN_POINT('',(-0.115333706272319,0.0572783379136791,0.0702649787617237));
#5014=CARTESIAN_POINT('',(-0.111883339721821,0.0552576119715877,0.0695448525376464));
#5015=CARTESIAN_POINT('',(-0.108432973171322,0.0532368860294962,0.0688247263135689));
#5016=CARTESIAN_POINT('',(-0.108469288064156,0.0491954341452214,0.0684096451888527));
#5017=CARTESIAN_POINT('',(-0.108505602956989,0.045153982260947,0.0679945640641365));
#5018=CARTESIAN_POINT('',(-0.112028599293133,0.0431332563188164,0.0678845280392926));
#5019=CARTESIAN_POINT('',(-0.115551595629277,0.0411125303766859,0.0677744920144489));
#5020=CARTESIAN_POINT('',(-0.119074591965398,0.0431332563188828,0.0676644559901165));
#5021=CARTESIAN_POINT('',(-0.12259758830152,0.0451539822610797,0.0675544199657841));
#5022=CARTESIAN_POINT('',(-0.122633903194309,0.04919543414546,0.0671393388420905));
#5023=CARTESIAN_POINT('',(-0.122670218087099,0.0532368860298397,0.0667242577183971));
#5024=CARTESIAN_POINT('',(-0.119219851536578,0.0552576119720759,0.066004131494831));
#5025=CARTESIAN_POINT('',(-0.115769484986058,0.0572783379143118,0.065284005271265));
#5026=CARTESIAN_POINT('',(-0.112319118435559,0.0552576119722203,0.0645638790471876));
#5027=CARTESIAN_POINT('',(-0.10886875188506,0.053236886030129,0.0638437528231102));
#5028=CARTESIAN_POINT('',(-0.108905066777894,0.0491954341458542,0.063428671698394));
#5029=CARTESIAN_POINT('',(-0.108941381670728,0.0451539822615794,0.0630135905736776));
#5030=CARTESIAN_POINT('',(-0.112464378006871,0.0431332563194491,0.0629035545488339));
#5031=CARTESIAN_POINT('',(-0.115987374343015,0.0411125303773186,0.0627935185239901));
#5032=CARTESIAN_POINT('',(-0.119510370679137,0.0431332563195155,0.0626834824996578));
#5033=CARTESIAN_POINT('',(-0.123033367015258,0.0451539822617122,0.0625734464753253));
#5034=CARTESIAN_POINT('',(-0.123069681908048,0.0491954341460925,0.0621583653516318));
#5035=CARTESIAN_POINT('',(-0.123105996800837,0.0532368860304726,0.0617432842279382));
#5036=CARTESIAN_POINT('',(-0.119655630250316,0.0552576119727086,0.0610231580043723));
#5037=CARTESIAN_POINT('',(-0.116205263699796,0.0572783379149444,0.0603030317808063));
#5038=CARTESIAN_POINT('',(-0.112754897149297,0.055257611972853,0.0595829055567289));
#5039=CARTESIAN_POINT('',(-0.109304530598799,0.0532368860307613,0.0588627793326515));
#5040=CARTESIAN_POINT('',(-0.109340845491632,0.049195434146487,0.0584476982079352));
#5041=CARTESIAN_POINT('',(-0.109377160384466,0.0451539822622122,0.0580326170832189));
#5042=CARTESIAN_POINT('',(-0.11290015672061,0.0431332563200817,0.0579225810583752));
#5043=CARTESIAN_POINT('',(-0.116423153056753,0.0411125303779512,0.0578125450335314));
#5044=CARTESIAN_POINT('',(-0.119946149392875,0.0431332563201481,0.057702509009199));
#5045=CARTESIAN_POINT('',(-0.123469145728997,0.0451539822623451,0.0575924729848666));
#5046=CARTESIAN_POINT('',(-0.123505460621786,0.0491954341467253,0.0571773918611731));
#5047=CARTESIAN_POINT('',(-0.123541775514575,0.0532368860311052,0.0567623107374795));
#5048=CARTESIAN_POINT('',(-0.120091408964055,0.0552576119733412,0.0560421845139136));
#5049=CARTESIAN_POINT('',(-0.116641042413534,0.0572783379155771,0.0553220582903476));
#5050=CARTESIAN_POINT('',(-0.113190675863036,0.0552576119734857,0.0546019320662702));
#5051=CARTESIAN_POINT('',(-0.109740309312537,0.0532368860313942,0.0538818058421927));
#5052=CARTESIAN_POINT('',(-0.109776624205371,0.0491954341471194,0.0534667247174765));
#5053=CARTESIAN_POINT('',(-0.109812939098204,0.045153982262845,0.0530516435927602));
#5054=CARTESIAN_POINT('',(-0.113335935434348,0.0431332563207143,0.0529416075679165));
#5055=CARTESIAN_POINT('',(-0.116858931770492,0.0411125303785839,0.0528315715430727));
#5056=CARTESIAN_POINT('',(-0.120381928106613,0.0431332563207807,0.0527215355187403));
#5057=CARTESIAN_POINT('',(-0.123904924442735,0.0451539822629776,0.0526114994944079));
#5058=CARTESIAN_POINT('',(-0.123941239335524,0.0491954341473578,0.0521964183707143));
#5059=CARTESIAN_POINT('',(-0.123977554228314,0.053236886031738,0.0517813372470208));
#5060=CARTESIAN_POINT('',(-0.120527187677793,0.0552576119739737,0.0510612110234549));
#5061=CARTESIAN_POINT('',(-0.117076821127272,0.0572783379162097,0.0503410847998888));
#5062=CARTESIAN_POINT('',(-0.113626454576774,0.0552576119741182,0.0496209585758114));
#5063=CARTESIAN_POINT('',(-0.110176088026275,0.0532368860320269,0.048900832351734));
#5064=CARTESIAN_POINT('',(-0.110212402919109,0.0491954341477522,0.0484857512270178));
#5065=CARTESIAN_POINT('',(-0.110248717811943,0.0451539822634773,0.0480706701023015));
#5066=CARTESIAN_POINT('',(-0.113771714148086,0.0431332563213471,0.0479606340774577));
#5067=CARTESIAN_POINT('',(-0.11729471048423,0.0411125303792165,0.047850598052614));
#5068=CARTESIAN_POINT('',(-0.120817706820352,0.0431332563214134,0.0477405620282816));
#5069=CARTESIAN_POINT('',(-0.124340703156473,0.0451539822636105,0.0476305260039491));
#5070=CARTESIAN_POINT('',(-0.124377018049263,0.0491954341479903,0.0472154448802556));
#5071=CARTESIAN_POINT('',(-0.124413332942052,0.0532368860323705,0.0468003637565621));
#5072=CARTESIAN_POINT('',(-0.120962966391531,0.0552576119746065,0.0460802375329961));
#5073=CARTESIAN_POINT('',(-0.117512599841011,0.0572783379168423,0.0453601113094301));
#5074=CARTESIAN_POINT('',(-0.114062233290512,0.0552576119747509,0.0446399850853527));
#5075=CARTESIAN_POINT('',(-0.110611866740014,0.0532368860326593,0.0439198588612753));
#5076=CARTESIAN_POINT('',(-0.110648181632847,0.0491954341483849,0.043504777736559));
#5077=CARTESIAN_POINT('',(-0.110684496525681,0.0451539822641102,0.0430896966118428));
#5078=CARTESIAN_POINT('',(-0.114207492861825,0.0431332563219796,0.042979660586999));
#5079=CARTESIAN_POINT('',(-0.117730489197969,0.0411125303798491,0.0428696245621552));
#5080=CARTESIAN_POINT('',(-0.12125348553409,0.043133256322046,0.0427595885378228));
#5081=CARTESIAN_POINT('',(-0.124776481870211,0.045153982264243,0.0426495525134905));
#5082=CARTESIAN_POINT('',(-0.124812796763001,0.0491954341486232,0.0422344713897969));
#5083=CARTESIAN_POINT('',(-0.12484911165579,0.053236886033003,0.0418193902661034));
#5084=CARTESIAN_POINT('',(-0.12139874510527,0.0552576119752391,0.0410992640425374));
#5085=CARTESIAN_POINT('',(-0.117948378554749,0.057278337917475,0.0403791378189714));
#5086=CARTESIAN_POINT('',(-0.114498012004251,0.0552576119753836,0.039659011594894));
#5087=CARTESIAN_POINT('',(-0.111047645453752,0.053236886033292,0.0389388853708166));
#5088=CARTESIAN_POINT('',(-0.111083960346586,0.0491954341490173,0.0385238042461003));
#5089=CARTESIAN_POINT('',(-0.111120275239419,0.0451539822647425,0.0381087231213841));
#5090=CARTESIAN_POINT('',(-0.114643271575563,0.0431332563226123,0.0379986870965403));
#5091=CARTESIAN_POINT('',(-0.118166267911707,0.0411125303804818,0.0378886510716965));
#5092=CARTESIAN_POINT('',(-0.121689264247828,0.0431332563226787,0.0377786150473641));
#5093=CARTESIAN_POINT('',(-0.12521226058395,0.0451539822648754,0.0376685790230317));
#5094=CARTESIAN_POINT('',(-0.125248575476739,0.0491954341492557,0.0372534978993381));
#5095=CARTESIAN_POINT('',(-0.125284890369528,0.0532368860336359,0.0368384167756446));
#5096=CARTESIAN_POINT('',(-0.121834523819008,0.0552576119758716,0.0361182905520786));
#5097=CARTESIAN_POINT('',(-0.118384157268487,0.0572783379181076,0.0353981643285127));
#5098=CARTESIAN_POINT('',(-0.114933790717989,0.0552576119760161,0.0346780381044353));
#5099=CARTESIAN_POINT('',(-0.11148342416749,0.0532368860339249,0.0339579118803578));
#5100=CARTESIAN_POINT('',(-0.111519739060324,0.0491954341496501,0.0335428307556416));
#5101=CARTESIAN_POINT('',(-0.111556053953158,0.0451539822653753,0.0331277496309254));
#5102=CARTESIAN_POINT('',(-0.115079050289301,0.0431332563232448,0.0330177136060816));
#5103=CARTESIAN_POINT('',(-0.118602046625445,0.0411125303811144,0.0329076775812377));
#5104=CARTESIAN_POINT('',(-0.122125042961566,0.0431332563233113,0.0327976415569054));
#5105=CARTESIAN_POINT('',(-0.125648039297688,0.0451539822655083,0.032687605532573));
#5106=CARTESIAN_POINT('',(-0.125684354190477,0.0491954341498882,0.0322725244088795));
#5107=CARTESIAN_POINT('',(-0.125720669083267,0.0532368860342683,0.031857443285186));
#5108=CARTESIAN_POINT('',(-0.122270302532746,0.0552576119765044,0.0311373170616199));
#5109=CARTESIAN_POINT('',(-0.118819935982226,0.0572783379187403,0.0304171908380539));
#5110=CARTESIAN_POINT('',(-0.115369569431727,0.0552576119766488,0.0296970646139765));
#5111=CARTESIAN_POINT('',(-0.111919202881228,0.0532368860345573,0.0289769383898991));
#5112=CARTESIAN_POINT('',(-0.111955517774062,0.0491954341502825,0.0285618572651829));
#5113=CARTESIAN_POINT('',(-0.111991832666896,0.0451539822660081,0.0281467761404666));
#5114=CARTESIAN_POINT('',(-0.115514829003039,0.0431332563238776,0.0280367401156228));
#5115=CARTESIAN_POINT('',(-0.119037825339183,0.0411125303817471,0.027926704090779));
#5116=CARTESIAN_POINT('',(-0.122560821675305,0.0431332563239439,0.0278166680664466));
#5117=CARTESIAN_POINT('',(-0.126083818011426,0.0451539822661408,0.0277066320421142));
#5118=CARTESIAN_POINT('',(-0.126120132904216,0.049195434150521,0.0272915509184208));
#5119=CARTESIAN_POINT('',(-0.126156447797005,0.0532368860349009,0.0268764697947272));
#5120=CARTESIAN_POINT('',(-0.122706081246484,0.0552576119771369,0.0261563435711612));
#5121=CARTESIAN_POINT('',(-0.119255714695964,0.0572783379193728,0.0254362173475952));
#5122=CARTESIAN_POINT('',(-0.115805348145465,0.0552576119772813,0.0247160911235178));
#5123=CARTESIAN_POINT('',(-0.112354981594967,0.05323688603519,0.0239959648994404));
#5124=CARTESIAN_POINT('',(-0.1123912964878,0.0491954341509153,0.0235808837747241));
#5125=CARTESIAN_POINT('',(-0.112427611380634,0.0451539822666405,0.0231658026500079));
#5126=CARTESIAN_POINT('',(-0.115950607716778,0.0431332563245102,0.0230557666251641));
#5127=CARTESIAN_POINT('',(-0.119473604052921,0.0411125303823797,0.0229457306003204));
#5128=CARTESIAN_POINT('',(-0.122996600389043,0.0431332563245767,0.0228356945759879));
#5129=CARTESIAN_POINT('',(-0.126519596725165,0.0451539822667733,0.0227256585516556));
#5130=CARTESIAN_POINT('',(-0.126555911617954,0.0491954341511535,0.022310577427962));
#5131=CARTESIAN_POINT('',(-0.126592226510743,0.0532368860355338,0.0218954963042685));
#5132=CARTESIAN_POINT('',(-0.123141859960223,0.0552576119777695,0.0211753700807024));
#5133=CARTESIAN_POINT('',(-0.119691493409702,0.0572783379200055,0.0204552438571364));
#5134=CARTESIAN_POINT('',(-0.116241126859204,0.0552576119779141,0.019735117633059));
#5135=CARTESIAN_POINT('',(-0.112790760308705,0.0532368860358225,0.0190149914089817));
#5136=CARTESIAN_POINT('',(-0.112827075201539,0.0491954341515481,0.0185999102842654));
#5137=CARTESIAN_POINT('',(-0.112863390094372,0.0451539822672733,0.0181848291595491));
#5138=CARTESIAN_POINT('',(-0.116386386430516,0.0431332563251427,0.0180747931347053));
#5139=CARTESIAN_POINT('',(-0.11990938276666,0.0411125303830123,0.0179647571098616));
#5140=CARTESIAN_POINT('',(-0.123432379102781,0.0431332563252092,0.0178547210855292));
#5141=CARTESIAN_POINT('',(-0.126955375438903,0.0451539822674062,0.0177446850611968));
#5142=CARTESIAN_POINT('',(-0.126991690331692,0.049195434151786,0.0173296039375033));
#5143=CARTESIAN_POINT('',(-0.127028005224482,0.0532368860361662,0.0169145228138098));
#5144=CARTESIAN_POINT('',(-0.123577638673961,0.0552576119784023,0.0161943965902437));
#5145=CARTESIAN_POINT('',(-0.12012727212344,0.0572783379206382,0.0154742703666777));
#5146=CARTESIAN_POINT('',(-0.116676905572942,0.0552576119785468,0.0147541441426003));
#5147=CARTESIAN_POINT('',(-0.113226539022443,0.0532368860364552,0.014034017918523));
#5148=CARTESIAN_POINT('',(-0.113262853915277,0.0491954341521805,0.0136189367938067));
#5149=CARTESIAN_POINT('',(-0.113299168808111,0.0451539822679061,0.0132038556690904));
#5150=CARTESIAN_POINT('',(-0.116822165144254,0.0431332563257755,0.0130938196442466));
#5151=CARTESIAN_POINT('',(-0.120345161480398,0.041112530383645,0.0129837836194028));
#5152=CARTESIAN_POINT('',(-0.123868157816519,0.0431332563258418,0.0128737475950704));
#5153=CARTESIAN_POINT('',(-0.127391154152641,0.0451539822680387,0.012763711570738));
#5154=CARTESIAN_POINT('',(-0.127427469045431,0.0491954341524189,0.0123486304470445));
#5155=CARTESIAN_POINT('',(-0.12746378393822,0.0532368860367991,0.011933549323351));
#5156=CARTESIAN_POINT('',(-0.124013417387699,0.0552576119790348,0.011213423099785));
#5157=CARTESIAN_POINT('',(-0.120563050837179,0.0572783379212708,0.0104932968762189));
#5158=CARTESIAN_POINT('',(-0.11711268428668,0.0552576119791793,0.00977317065214162));
#5159=CARTESIAN_POINT('',(-0.113662317736182,0.053236886037088,0.00905304442806428));
#5160=CARTESIAN_POINT('',(-0.113698632629015,0.0491954341528133,0.00863796330334796));
#5161=CARTESIAN_POINT('',(-0.113734947521849,0.0451539822685384,0.00822288217863169));
#5162=CARTESIAN_POINT('',(-0.117257943857992,0.0431332563264082,0.00811284615378789));
#5163=CARTESIAN_POINT('',(-0.120780940194136,0.0411125303842776,0.00800281012894409));
#5164=CARTESIAN_POINT('',(-0.124303936530258,0.0431332563264746,0.00789277410461176));
#5165=CARTESIAN_POINT('',(-0.127826932866379,0.0451539822686712,0.00778273808027935));
#5166=CARTESIAN_POINT('',(-0.127863247759169,0.0491954341530514,0.00736765695658581));
#5167=CARTESIAN_POINT('',(-0.127899562651958,0.0532368860374316,0.00695257583289227));
#5168=CARTESIAN_POINT('',(-0.124449196101437,0.0552576119796676,0.00623244960932625));
#5169=CARTESIAN_POINT('',(-0.120998829550917,0.0572783379219035,0.00551232338576028));
#5170=CARTESIAN_POINT('',(-0.117548463000418,0.055257611979812,0.0047921971616829));
#5171=CARTESIAN_POINT('',(-0.11409809644992,0.0532368860377204,0.00407207093760551));
#5172=CARTESIAN_POINT('',(-0.114134411342754,0.049195434153446,0.00365698981288923));
#5173=CARTESIAN_POINT('',(-0.118928609620618,0.0558730085632105,0.00508024765128933));
#5174=CARTESIAN_POINT('',(-0.121020618486648,0.0491954341532803,0.00526327471021458));
#5175=CARTESIAN_POINT('',(-0.11102294387182,0.0472937639409297,0.196832628378035));
#5176=CARTESIAN_POINT('',(-0.111294949067611,0.0482263765200535,0.196744177568804));
#5177=CARTESIAN_POINT('',(-0.111303656637114,0.0491954341290117,0.196644649594017));
#5178=CARTESIAN_POINT('',(-0.111339971529903,0.0532368860133917,0.196229568470324));
#5179=CARTESIAN_POINT('',(-0.107889604979382,0.0552576119556275,0.195509442246758));
#5180=CARTESIAN_POINT('',(-0.104439238428862,0.0572783378978632,0.194789316023192));
#5181=CARTESIAN_POINT('',(-0.100988871878363,0.0552576119557716,0.194069189799114));
#5182=CARTESIAN_POINT('',(-0.0975385053278647,0.0532368860136799,0.193349063575037));
#5183=CARTESIAN_POINT('',(-0.0975748202206985,0.0491954341294053,0.192933982450321));
#5184=CARTESIAN_POINT('',(-0.0976111351135324,0.0451539822451306,0.192518901325605));
#5185=CARTESIAN_POINT('',(-0.101134131449676,0.0431332563030003,0.192408865300761));
#5186=CARTESIAN_POINT('',(-0.10465712778582,0.0411125303608701,0.192298829275917));
#5187=CARTESIAN_POINT('',(-0.108180124121941,0.0431332563030671,0.192188793251584));
#5188=CARTESIAN_POINT('',(-0.111703120458063,0.0451539822452642,0.192078757227252));
#5189=CARTESIAN_POINT('',(-0.111739435350852,0.0491954341296443,0.191663676103559));
#5190=CARTESIAN_POINT('',(-0.111775750243641,0.0532368860140244,0.191248594979865));
#5191=CARTESIAN_POINT('',(-0.108325383693121,0.0552576119562601,0.190528468756299));
#5192=CARTESIAN_POINT('',(-0.1048750171426,0.0572783378984959,0.189808342532733));
#5193=CARTESIAN_POINT('',(-0.101424650592101,0.0552576119564043,0.189088216308656));
#5194=CARTESIAN_POINT('',(-0.0979742840416029,0.0532368860143126,0.188368090084578));
#5195=CARTESIAN_POINT('',(-0.0980105989344369,0.049195434130038,0.187953008959862));
#5196=CARTESIAN_POINT('',(-0.0980469138272707,0.0451539822457633,0.187537927835146));
#5197=CARTESIAN_POINT('',(-0.101569910163414,0.043133256303633,0.187427891810302));
#5198=CARTESIAN_POINT('',(-0.105092906499558,0.0411125303615027,0.187317855785459));
#5199=CARTESIAN_POINT('',(-0.10861590283568,0.0431332563036997,0.187207819761126));
#5200=CARTESIAN_POINT('',(-0.112138899171801,0.0451539822458968,0.187097783736794));
#5201=CARTESIAN_POINT('',(-0.11217521406459,0.0491954341302769,0.1866827026131));
#5202=CARTESIAN_POINT('',(-0.11221152895738,0.053236886014657,0.186267621489406));
#5203=CARTESIAN_POINT('',(-0.108761162406859,0.0552576119568928,0.18554749526584));
#5204=CARTESIAN_POINT('',(-0.105310795856338,0.0572783378991285,0.184827369042274));
#5205=CARTESIAN_POINT('',(-0.10186042930584,0.0552576119570369,0.184107242818197));
#5206=CARTESIAN_POINT('',(-0.0984100627553413,0.0532368860149452,0.18338711659412));
#5207=CARTESIAN_POINT('',(-0.0984463776481751,0.0491954341306706,0.182972035469404));
#5208=CARTESIAN_POINT('',(-0.098482692541009,0.0451539822463959,0.182556954344687));
#5209=CARTESIAN_POINT('',(-0.102005688877153,0.0431332563042656,0.182446918319843));
#5210=CARTESIAN_POINT('',(-0.105528685213297,0.0411125303621353,0.182336882294999));
#5211=CARTESIAN_POINT('',(-0.109051681549418,0.0431332563043324,0.182226846270667));
#5212=CARTESIAN_POINT('',(-0.11257467788554,0.0451539822465294,0.182116810246335));
#5213=CARTESIAN_POINT('',(-0.112610992778329,0.0491954341309096,0.181701729122641));
#5214=CARTESIAN_POINT('',(-0.112647307671118,0.0532368860152897,0.181286647998948));
#5215=CARTESIAN_POINT('',(-0.109196941120597,0.0552576119575254,0.180566521775382));
#5216=CARTESIAN_POINT('',(-0.105746574570076,0.0572783378997612,0.179846395551816));
#5217=CARTESIAN_POINT('',(-0.102296208019578,0.0552576119576695,0.179126269327739));
#5218=CARTESIAN_POINT('',(-0.0988458414690796,0.0532368860155779,0.178406143103661));
#5219=CARTESIAN_POINT('',(-0.0988821563619134,0.0491954341313032,0.177991061978944));
#5220=CARTESIAN_POINT('',(-0.0989184712547472,0.0451539822470286,0.177575980854228));
#5221=CARTESIAN_POINT('',(-0.102441467590891,0.0431332563048982,0.177465944829384));
#5222=CARTESIAN_POINT('',(-0.105964463927035,0.0411125303627679,0.177355908804541));
#5223=CARTESIAN_POINT('',(-0.109487460263156,0.043133256304965,0.177245872780209));
#5224=CARTESIAN_POINT('',(-0.113010456599278,0.0451539822471621,0.177135836755876));
#5225=CARTESIAN_POINT('',(-0.113046771492067,0.0491954341315422,0.176720755632183));
#5226=CARTESIAN_POINT('',(-0.113083086384856,0.0532368860159222,0.176305674508489));
#5227=CARTESIAN_POINT('',(-0.109632719834335,0.0552576119581581,0.175585548284923));
#5228=CARTESIAN_POINT('',(-0.106182353283815,0.0572783379003938,0.174865422061357));
#5229=CARTESIAN_POINT('',(-0.102731986733316,0.0552576119583022,0.17414529583728));
#5230=CARTESIAN_POINT('',(-0.0992816201828178,0.0532368860162106,0.173425169613202));
#5231=CARTESIAN_POINT('',(-0.0993179350756517,0.0491954341319359,0.173010088488486));
#5232=CARTESIAN_POINT('',(-0.0993542499684856,0.0451539822476612,0.17259500736377));
#5233=CARTESIAN_POINT('',(-0.102877246304629,0.0431332563055309,0.172484971338926));
#5234=CARTESIAN_POINT('',(-0.106400242640773,0.0411125303634006,0.172374935314082));
#5235=CARTESIAN_POINT('',(-0.109923238976895,0.0431332563055976,0.17226489928975));
#5236=CARTESIAN_POINT('',(-0.113446235313016,0.0451539822477947,0.172154863265417));
#5237=CARTESIAN_POINT('',(-0.113482550205805,0.0491954341321748,0.171739782141724));
#5238=CARTESIAN_POINT('',(-0.113518865098594,0.0532368860165549,0.17132470101803));
#5239=CARTESIAN_POINT('',(-0.110068498548074,0.0552576119587907,0.170604574794465));
#5240=CARTESIAN_POINT('',(-0.106618131997553,0.0572783379010264,0.169884448570898));
#5241=CARTESIAN_POINT('',(-0.103167765447055,0.0552576119589348,0.169164322346821));
#5242=CARTESIAN_POINT('',(-0.0997173988965561,0.0532368860168431,0.168444196122744));
#5243=CARTESIAN_POINT('',(-0.09975371378939,0.0491954341325685,0.168029114998028));
#5244=CARTESIAN_POINT('',(-0.0997900286822238,0.0451539822482938,0.167614033873311));
#5245=CARTESIAN_POINT('',(-0.103313025018368,0.0431332563061635,0.167503997848468));
#5246=CARTESIAN_POINT('',(-0.106836021354511,0.0411125303640332,0.167393961823623));
#5247=CARTESIAN_POINT('',(-0.110359017690633,0.0431332563062303,0.167283925799291));
#5248=CARTESIAN_POINT('',(-0.113882014026754,0.0451539822484274,0.167173889774959));
#5249=CARTESIAN_POINT('',(-0.113918328919544,0.0491954341328075,0.166758808651265));
#5250=CARTESIAN_POINT('',(-0.113954643812333,0.0532368860171876,0.166343727527572));
#5251=CARTESIAN_POINT('',(-0.110504277261812,0.0552576119594233,0.165623601304005));
#5252=CARTESIAN_POINT('',(-0.107053910711291,0.057278337901659,0.16490347508044));
#5253=CARTESIAN_POINT('',(-0.103603544160793,0.0552576119595674,0.164183348856362));
#5254=CARTESIAN_POINT('',(-0.100153177610294,0.0532368860174758,0.163463222632285));
#5255=CARTESIAN_POINT('',(-0.100189492503128,0.0491954341332011,0.163048141507568));
#5256=CARTESIAN_POINT('',(-0.100225807395962,0.0451539822489265,0.162633060382852));
#5257=CARTESIAN_POINT('',(-0.103748803732106,0.0431332563067962,0.162523024358008));
#5258=CARTESIAN_POINT('',(-0.10727180006825,0.0411125303646659,0.162412988333165));
#5259=CARTESIAN_POINT('',(-0.110794796404371,0.0431332563068629,0.162302952308832));
#5260=CARTESIAN_POINT('',(-0.114317792740493,0.04515398224906,0.1621929162845));
#5261=CARTESIAN_POINT('',(-0.114354107633282,0.0491954341334401,0.161777835160806));
#5262=CARTESIAN_POINT('',(-0.114390422526071,0.0532368860178202,0.161362754037113));
#5263=CARTESIAN_POINT('',(-0.11094005597555,0.055257611960056,0.160642627813547));
#5264=CARTESIAN_POINT('',(-0.10748968942503,0.0572783379022917,0.159922501589981));
#5265=CARTESIAN_POINT('',(-0.104039322874531,0.0552576119602001,0.159202375365904));
#5266=CARTESIAN_POINT('',(-0.100588956324033,0.0532368860181084,0.158482249141826));
#5267=CARTESIAN_POINT('',(-0.100625271216867,0.0491954341338338,0.15806716801711));
#5268=CARTESIAN_POINT('',(-0.1006615861097,0.0451539822495591,0.157652086892394));
#5269=CARTESIAN_POINT('',(-0.104184582445844,0.0431332563074288,0.15754205086755));
#5270=CARTESIAN_POINT('',(-0.107707578781988,0.0411125303652985,0.157432014842706));
#5271=CARTESIAN_POINT('',(-0.111230575118109,0.0431332563074956,0.157321978818374));
#5272=CARTESIAN_POINT('',(-0.114753571454231,0.0451539822496926,0.157211942794041));
#5273=CARTESIAN_POINT('',(-0.11478988634702,0.0491954341340728,0.156796861670348));
#5274=CARTESIAN_POINT('',(-0.114826201239809,0.0532368860184529,0.156381780546654));
#5275=CARTESIAN_POINT('',(-0.111375834689289,0.0552576119606886,0.155661654323088));
#5276=CARTESIAN_POINT('',(-0.107925468138768,0.0572783379029244,0.154941528099522));
#5277=CARTESIAN_POINT('',(-0.104475101588269,0.0552576119608327,0.154221401875445));
#5278=CARTESIAN_POINT('',(-0.101024735037771,0.0532368860187411,0.153501275651367));
#5279=CARTESIAN_POINT('',(-0.101061049930605,0.0491954341344664,0.153086194526651));
#5280=CARTESIAN_POINT('',(-0.101097364823439,0.0451539822501918,0.152671113401935));
#5281=CARTESIAN_POINT('',(-0.104620361159582,0.0431332563080614,0.152561077377091));
#5282=CARTESIAN_POINT('',(-0.108143357495726,0.0411125303659311,0.152451041352247));
#5283=CARTESIAN_POINT('',(-0.111666353831848,0.0431332563081282,0.152341005327915));
#5284=CARTESIAN_POINT('',(-0.115189350167969,0.0451539822503253,0.152230969303582));
#5285=CARTESIAN_POINT('',(-0.115225665060758,0.0491954341347054,0.151815888179889));
#5286=CARTESIAN_POINT('',(-0.115261979953548,0.0532368860190854,0.151400807056195));
#5287=CARTESIAN_POINT('',(-0.111811613403027,0.0552576119613212,0.15068068083263));
#5288=CARTESIAN_POINT('',(-0.108361246852506,0.057278337903557,0.149960554609063));
#5289=CARTESIAN_POINT('',(-0.104910880302008,0.0552576119614654,0.149240428384986));
#5290=CARTESIAN_POINT('',(-0.101460513751509,0.0532368860193737,0.148520302160909));
#5291=CARTESIAN_POINT('',(-0.101496828644343,0.0491954341350991,0.148105221036192));
#5292=CARTESIAN_POINT('',(-0.101533143537177,0.0451539822508244,0.147690139911476));
#5293=CARTESIAN_POINT('',(-0.105056139873321,0.0431332563086941,0.147580103886632));
#5294=CARTESIAN_POINT('',(-0.108579136209465,0.0411125303665638,0.147470067861789));
#5295=CARTESIAN_POINT('',(-0.112102132545586,0.0431332563087609,0.147360031837456));
#5296=CARTESIAN_POINT('',(-0.115625128881708,0.0451539822509579,0.147249995813124));
#5297=CARTESIAN_POINT('',(-0.115661443774497,0.049195434135338,0.14683491468943));
#5298=CARTESIAN_POINT('',(-0.115697758667286,0.0532368860197181,0.146419833565737));
#5299=CARTESIAN_POINT('',(-0.112247392116765,0.0552576119619539,0.145699707342171));
#5300=CARTESIAN_POINT('',(-0.108797025566244,0.0572783379041896,0.144979581118605));
#5301=CARTESIAN_POINT('',(-0.105346659015746,0.055257611962098,0.144259454894527));
#5302=CARTESIAN_POINT('',(-0.101896292465248,0.0532368860200063,0.14353932867045));
#5303=CARTESIAN_POINT('',(-0.101932607358081,0.0491954341357317,0.143124247545734));
#5304=CARTESIAN_POINT('',(-0.101968922250915,0.045153982251457,0.142709166421017));
#5305=CARTESIAN_POINT('',(-0.105491918587059,0.0431332563093267,0.142599130396174));
#5306=CARTESIAN_POINT('',(-0.109014914923203,0.0411125303671964,0.14248909437133));
#5307=CARTESIAN_POINT('',(-0.112537911259324,0.0431332563093935,0.142379058346997));
#5308=CARTESIAN_POINT('',(-0.116060907595446,0.0451539822515905,0.142269022322665));
#5309=CARTESIAN_POINT('',(-0.116097222488235,0.0491954341359707,0.141853941198971));
#5310=CARTESIAN_POINT('',(-0.116133537381024,0.0532368860203507,0.141438860075278));
#5311=CARTESIAN_POINT('',(-0.112683170830503,0.0552576119625865,0.140718733851712));
#5312=CARTESIAN_POINT('',(-0.109232804279983,0.0572783379048222,0.139998607628146));
#5313=CARTESIAN_POINT('',(-0.105782437729484,0.0552576119627306,0.139278481404069));
#5314=CARTESIAN_POINT('',(-0.102332071178986,0.0532368860206389,0.138558355179991));
#5315=CARTESIAN_POINT('',(-0.10236838607182,0.0491954341363643,0.138143274055275));
#5316=CARTESIAN_POINT('',(-0.102404700964654,0.0451539822520897,0.137728192930558));
#5317=CARTESIAN_POINT('',(-0.105927697300797,0.0431332563099594,0.137618156905715));
#5318=CARTESIAN_POINT('',(-0.109450693636941,0.041112530367829,0.137508120880871));
#5319=CARTESIAN_POINT('',(-0.112973689973063,0.0431332563100261,0.137398084856539));
#5320=CARTESIAN_POINT('',(-0.116496686309184,0.0451539822522232,0.137288048832206));
#5321=CARTESIAN_POINT('',(-0.116533001201973,0.0491954341366033,0.136872967708513));
#5322=CARTESIAN_POINT('',(-0.116569316094763,0.0532368860209834,0.136457886584819));
#5323=CARTESIAN_POINT('',(-0.113118949544242,0.0552576119632191,0.135737760361253));
#5324=CARTESIAN_POINT('',(-0.109668582993721,0.0572783379054549,0.135017634137687));
#5325=CARTESIAN_POINT('',(-0.106218216443223,0.0552576119633633,0.13429750791361));
#5326=CARTESIAN_POINT('',(-0.102767849892724,0.0532368860212716,0.133577381689532));
#5327=CARTESIAN_POINT('',(-0.102804164785558,0.049195434136997,0.133162300564816));
#5328=CARTESIAN_POINT('',(-0.102840479678392,0.0451539822527223,0.1327472194401));
#5329=CARTESIAN_POINT('',(-0.106363476014536,0.043133256310592,0.132637183415256));
#5330=CARTESIAN_POINT('',(-0.109886472350679,0.0411125303684617,0.132527147390412));
#5331=CARTESIAN_POINT('',(-0.113409468686801,0.0431332563106588,0.13241711136608));
#5332=CARTESIAN_POINT('',(-0.116932465022922,0.0451539822528558,0.132307075341747));
#5333=CARTESIAN_POINT('',(-0.116968779915712,0.0491954341372359,0.131891994218054));
#5334=CARTESIAN_POINT('',(-0.117005094808501,0.0532368860216161,0.13147691309436));
#5335=CARTESIAN_POINT('',(-0.11355472825798,0.0552576119638518,0.130756786870794));
#5336=CARTESIAN_POINT('',(-0.110104361707459,0.0572783379060875,0.130036660647228));
#5337=CARTESIAN_POINT('',(-0.106653995156961,0.0552576119639959,0.129316534423151));
#5338=CARTESIAN_POINT('',(-0.103203628606462,0.0532368860219043,0.128596408199074));
#5339=CARTESIAN_POINT('',(-0.103239943499296,0.0491954341376296,0.128181327074357));
#5340=CARTESIAN_POINT('',(-0.10327625839213,0.0451539822533549,0.127766245949641));
#5341=CARTESIAN_POINT('',(-0.106799254728274,0.0431332563112247,0.127656209924797));
#5342=CARTESIAN_POINT('',(-0.110322251064418,0.0411125303690943,0.127546173899954));
#5343=CARTESIAN_POINT('',(-0.113845247400539,0.0431332563112914,0.127436137875621));
#5344=CARTESIAN_POINT('',(-0.117368243736661,0.0451539822534885,0.127326101851289));
#5345=CARTESIAN_POINT('',(-0.11740455862945,0.0491954341378686,0.126911020727595));
#5346=CARTESIAN_POINT('',(-0.117440873522239,0.0532368860222486,0.126495939603902));
#5347=CARTESIAN_POINT('',(-0.113990506971718,0.0552576119644844,0.125775813380336));
#5348=CARTESIAN_POINT('',(-0.110540140421198,0.0572783379067202,0.12505568715677));
#5349=CARTESIAN_POINT('',(-0.107089773870699,0.0552576119646285,0.124335560932692));
#5350=CARTESIAN_POINT('',(-0.103639407320201,0.0532368860225369,0.123615434708615));
#5351=CARTESIAN_POINT('',(-0.103675722213035,0.0491954341382622,0.123200353583899));
#5352=CARTESIAN_POINT('',(-0.103712037105868,0.0451539822539875,0.122785272459182));
#5353=CARTESIAN_POINT('',(-0.107235033442012,0.0431332563118573,0.122675236434339));
#5354=CARTESIAN_POINT('',(-0.110758029778156,0.041112530369727,0.122565200409495));
#5355=CARTESIAN_POINT('',(-0.114281026114278,0.0431332563119241,0.122455164385162));
#5356=CARTESIAN_POINT('',(-0.117804022450399,0.0451539822541211,0.12234512836083));
#5357=CARTESIAN_POINT('',(-0.117840337343188,0.0491954341385012,0.121930047237137));
#5358=CARTESIAN_POINT('',(-0.117876652235977,0.0532368860228813,0.121514966113443));
#5359=CARTESIAN_POINT('',(-0.114426285685457,0.0552576119651171,0.120794839889877));
#5360=CARTESIAN_POINT('',(-0.110975919134936,0.0572783379073528,0.120074713666311));
#5361=CARTESIAN_POINT('',(-0.107525552584437,0.0552576119652612,0.119354587442234));
#5362=CARTESIAN_POINT('',(-0.104075186033939,0.0532368860231695,0.118634461218156));
#5363=CARTESIAN_POINT('',(-0.104111500926773,0.0491954341388949,0.11821938009344));
#5364=CARTESIAN_POINT('',(-0.104147815819607,0.0451539822546202,0.117804298968724));
#5365=CARTESIAN_POINT('',(-0.10767081215575,0.0431332563124899,0.11769426294388));
#5366=CARTESIAN_POINT('',(-0.111193808491894,0.0411125303703596,0.117584226919036));
#5367=CARTESIAN_POINT('',(-0.114716804828016,0.0431332563125566,0.117474190894704));
#5368=CARTESIAN_POINT('',(-0.118239801164137,0.0451539822547537,0.117364154870371));
#5369=CARTESIAN_POINT('',(-0.118276116056926,0.0491954341391338,0.116949073746678));
#5370=CARTESIAN_POINT('',(-0.118312430949716,0.0532368860235139,0.116533992622984));
#5371=CARTESIAN_POINT('',(-0.114862064399195,0.0552576119657497,0.115813866399418));
#5372=CARTESIAN_POINT('',(-0.111411697848674,0.0572783379079854,0.115093740175852));
#5373=CARTESIAN_POINT('',(-0.107961331298176,0.0552576119658938,0.114373613951775));
#5374=CARTESIAN_POINT('',(-0.104510964747677,0.0532368860238021,0.113653487727697));
#5375=CARTESIAN_POINT('',(-0.104547279640511,0.0491954341395275,0.113238406602981));
#5376=CARTESIAN_POINT('',(-0.104583594533345,0.0451539822552529,0.112823325478265));
#5377=CARTESIAN_POINT('',(-0.108106590869489,0.0431332563131226,0.112713289453421));
#5378=CARTESIAN_POINT('',(-0.111629587205633,0.0411125303709922,0.112603253428577));
#5379=CARTESIAN_POINT('',(-0.115152583541754,0.0431332563131893,0.112493217404245));
#5380=CARTESIAN_POINT('',(-0.118675579877876,0.0451539822553863,0.112383181379913));
#5381=CARTESIAN_POINT('',(-0.118711894770665,0.0491954341397665,0.111968100256219));
#5382=CARTESIAN_POINT('',(-0.118748209663454,0.0532368860241466,0.111553019132526));
#5383=CARTESIAN_POINT('',(-0.115297843112933,0.0552576119663823,0.11083289290896));
#5384=CARTESIAN_POINT('',(-0.111847476562412,0.0572783379086181,0.110112766685393));
#5385=CARTESIAN_POINT('',(-0.108397110011914,0.0552576119665264,0.109392640461316));
#5386=CARTESIAN_POINT('',(-0.104946743461416,0.0532368860244348,0.108672514237239));
#5387=CARTESIAN_POINT('',(-0.104983058354249,0.0491954341401601,0.108257433112522));
#5388=CARTESIAN_POINT('',(-0.105019373247083,0.0451539822558855,0.107842351987806));
#5389=CARTESIAN_POINT('',(-0.108542369583227,0.0431332563137552,0.107732315962962));
#5390=CARTESIAN_POINT('',(-0.112065365919371,0.0411125303716249,0.107622279938119));
#5391=CARTESIAN_POINT('',(-0.115588362255492,0.0431332563138219,0.107512243913786));
#5392=CARTESIAN_POINT('',(-0.119111358591614,0.045153982256019,0.107402207889454));
#5393=CARTESIAN_POINT('',(-0.119147673484403,0.0491954341403991,0.10698712676576));
#5394=CARTESIAN_POINT('',(-0.119183988377192,0.0532368860247792,0.106572045642067));
#5395=CARTESIAN_POINT('',(-0.115733621826671,0.055257611967015,0.105851919418501));
#5396=CARTESIAN_POINT('',(-0.112283255276151,0.0572783379092507,0.105131793194935));
#5397=CARTESIAN_POINT('',(-0.108832888725652,0.0552576119671591,0.104411666970857));
#5398=CARTESIAN_POINT('',(-0.105382522175154,0.0532368860250675,0.10369154074678));
#5399=CARTESIAN_POINT('',(-0.105418837067988,0.0491954341407928,0.103276459622064));
#5400=CARTESIAN_POINT('',(-0.105455151960822,0.0451539822565181,0.102861378497348));
#5401=CARTESIAN_POINT('',(-0.108978148296965,0.0431332563143878,0.102751342472504));
#5402=CARTESIAN_POINT('',(-0.112501144633109,0.0411125303722575,0.10264130644766));
#5403=CARTESIAN_POINT('',(-0.116024140969231,0.0431332563144546,0.102531270423328));
#5404=CARTESIAN_POINT('',(-0.119547137305352,0.0451539822566516,0.102421234398995));
#5405=CARTESIAN_POINT('',(-0.119583452198141,0.0491954341410318,0.102006153275302));
#5406=CARTESIAN_POINT('',(-0.11961976709093,0.0532368860254118,0.101591072151608));
#5407=CARTESIAN_POINT('',(-0.11616940054041,0.0552576119676476,0.100870945928042));
#5408=CARTESIAN_POINT('',(-0.112719033989889,0.0572783379098833,0.100150819704476));
#5409=CARTESIAN_POINT('',(-0.109268667439391,0.0552576119677917,0.0994306934803987));
#5410=CARTESIAN_POINT('',(-0.105818300888892,0.0532368860257001,0.0987105672563212));
#5411=CARTESIAN_POINT('',(-0.105854615781726,0.0491954341414254,0.0982954861316051));
#5412=CARTESIAN_POINT('',(-0.10589093067456,0.0451539822571507,0.0978804050068888));
#5413=CARTESIAN_POINT('',(-0.109413927010704,0.0431332563150204,0.0977703689820451));
#5414=CARTESIAN_POINT('',(-0.112936923346847,0.0411125303728902,0.0976603329572013));
#5415=CARTESIAN_POINT('',(-0.116459919682969,0.0431332563150872,0.0975502969328688));
#5416=CARTESIAN_POINT('',(-0.11998291601909,0.0451539822572843,0.0974402609085365));
#5417=CARTESIAN_POINT('',(-0.12001923091188,0.0491954341416644,0.0970251797848429));
#5418=CARTESIAN_POINT('',(-0.120055545804669,0.0532368860260444,0.0966100986611494));
#5419=CARTESIAN_POINT('',(-0.116605179254148,0.0552576119682802,0.0958899724375833));
#5420=CARTESIAN_POINT('',(-0.113154812703627,0.0572783379105159,0.0951698462140173));
#5421=CARTESIAN_POINT('',(-0.109704446153129,0.0552576119684244,0.0944497199899399));
#5422=CARTESIAN_POINT('',(-0.106254079602631,0.0532368860263327,0.0937295937658626));
#5423=CARTESIAN_POINT('',(-0.106290394495464,0.0491954341420581,0.0933145126411464));
#5424=CARTESIAN_POINT('',(-0.106326709388298,0.0451539822577834,0.0928994315164301));
#5425=CARTESIAN_POINT('',(-0.109849705724442,0.0431332563156531,0.0927893954915863));
#5426=CARTESIAN_POINT('',(-0.113372702060586,0.0411125303735227,0.0926793594667425));
#5427=CARTESIAN_POINT('',(-0.116895698396707,0.0431332563157198,0.0925693234424101));
#5428=CARTESIAN_POINT('',(-0.120418694732829,0.0451539822579169,0.0924592874180777));
#5429=CARTESIAN_POINT('',(-0.120455009625618,0.049195434142297,0.0920442062943842));
#5430=CARTESIAN_POINT('',(-0.120491324518407,0.0532368860266771,0.0916291251706907));
#5431=CARTESIAN_POINT('',(-0.117040957967886,0.0552576119689129,0.0909089989471246));
#5432=CARTESIAN_POINT('',(-0.113590591417366,0.0572783379111486,0.0901888727235586));
#5433=CARTESIAN_POINT('',(-0.110140224866867,0.055257611969057,0.0894687464994812));
#5434=CARTESIAN_POINT('',(-0.106689858316369,0.0532368860269653,0.0887486202754039));
#5435=CARTESIAN_POINT('',(-0.106726173209203,0.0491954341426907,0.0883335391506876));
#5436=CARTESIAN_POINT('',(-0.106762488102036,0.045153982258416,0.0879184580259714));
#5437=CARTESIAN_POINT('',(-0.11028548443818,0.0431332563162857,0.0878084220011276));
#5438=CARTESIAN_POINT('',(-0.113808480774324,0.0411125303741554,0.0876983859762838));
#5439=CARTESIAN_POINT('',(-0.117331477110446,0.0431332563163525,0.0875883499519514));
#5440=CARTESIAN_POINT('',(-0.120854473446567,0.0451539822585495,0.0874783139276191));
#5441=CARTESIAN_POINT('',(-0.120890788339356,0.0491954341429297,0.0870632328039255));
#5442=CARTESIAN_POINT('',(-0.120927103232145,0.0532368860273098,0.086648151680232));
#5443=CARTESIAN_POINT('',(-0.117476736681625,0.0552576119695455,0.0859280254566659));
#5444=CARTESIAN_POINT('',(-0.114026370131104,0.0572783379117813,0.0852078992330999));
#5445=CARTESIAN_POINT('',(-0.110576003580605,0.0552576119696896,0.0844877730090225));
#5446=CARTESIAN_POINT('',(-0.107125637030107,0.053236886027598,0.0837676467849452));
#5447=CARTESIAN_POINT('',(-0.107161951922941,0.0491954341433233,0.0833525656602289));
#5448=CARTESIAN_POINT('',(-0.107198266815775,0.0451539822590487,0.0829374845355127));
#5449=CARTESIAN_POINT('',(-0.110721263151919,0.0431332563169183,0.0828274485106689));
#5450=CARTESIAN_POINT('',(-0.114244259488062,0.041112530374788,0.0827174124858251));
#5451=CARTESIAN_POINT('',(-0.117767255824184,0.0431332563169851,0.0826073764614927));
#5452=CARTESIAN_POINT('',(-0.121290252160305,0.0451539822591822,0.0824973404371602));
#5453=CARTESIAN_POINT('',(-0.121326567053094,0.0491954341435623,0.0820822593134667));
#5454=CARTESIAN_POINT('',(-0.121362881945884,0.0532368860279424,0.0816671781897732));
#5455=CARTESIAN_POINT('',(-0.117912515395363,0.0552576119701781,0.0809470519662072));
#5456=CARTESIAN_POINT('',(-0.114462148844842,0.0572783379124139,0.0802269257426411));
#5457=CARTESIAN_POINT('',(-0.111011782294344,0.0552576119703223,0.0795067995185637));
#5458=CARTESIAN_POINT('',(-0.107561415743845,0.0532368860282306,0.0787866732944865));
#5459=CARTESIAN_POINT('',(-0.107597730636679,0.049195434143956,0.0783715921697702));
#5460=CARTESIAN_POINT('',(-0.107634045529513,0.0451539822596813,0.0779565110450539));
#5461=CARTESIAN_POINT('',(-0.111157041865657,0.043133256317551,0.0778464750202101));
#5462=CARTESIAN_POINT('',(-0.114680038201801,0.0411125303754207,0.0777364389953663));
#5463=CARTESIAN_POINT('',(-0.118203034537922,0.0431332563176177,0.077626402971034));
#5464=CARTESIAN_POINT('',(-0.121726030874044,0.0451539822598148,0.0775163669467016));
#5465=CARTESIAN_POINT('',(-0.121762345766833,0.0491954341441949,0.077101285823008));
#5466=CARTESIAN_POINT('',(-0.121798660659622,0.053236886028575,0.0766862046993144));
#5467=CARTESIAN_POINT('',(-0.118348294109101,0.0552576119708108,0.0759660784757484));
#5468=CARTESIAN_POINT('',(-0.114897927558581,0.0572783379130465,0.0752459522521824));
#5469=CARTESIAN_POINT('',(-0.111447561008082,0.0552576119709549,0.0745258260281051));
#5470=CARTESIAN_POINT('',(-0.107997194457584,0.0532368860288633,0.0738056998040277));
#5471=CARTESIAN_POINT('',(-0.108033509350417,0.0491954341445886,0.0733906186793114));
#5472=CARTESIAN_POINT('',(-0.108069824243251,0.0451539822603139,0.0729755375545952));
#5473=CARTESIAN_POINT('',(-0.111592820579395,0.0431332563181836,0.0728655015297514));
#5474=CARTESIAN_POINT('',(-0.115115816915539,0.0411125303760533,0.0727554655049077));
#5475=CARTESIAN_POINT('',(-0.11863881325166,0.0431332563182504,0.0726454294805752));
#5476=CARTESIAN_POINT('',(-0.122161809587782,0.0451539822604475,0.0725353934562428));
#5477=CARTESIAN_POINT('',(-0.122198124480571,0.0491954341448276,0.0721203123325493));
#5478=CARTESIAN_POINT('',(-0.12223443937336,0.0532368860292076,0.0717052312088557));
#5479=CARTESIAN_POINT('',(-0.11878407282284,0.0552576119714434,0.0709851049852897));
#5480=CARTESIAN_POINT('',(-0.115333706272319,0.0572783379136791,0.0702649787617237));
#5481=CARTESIAN_POINT('',(-0.11188333972182,0.0552576119715875,0.0695448525376463));
#5482=CARTESIAN_POINT('',(-0.108432973171322,0.0532368860294958,0.0688247263135689));
#5483=CARTESIAN_POINT('',(-0.108469288064156,0.0491954341452212,0.0684096451888527));
#5484=CARTESIAN_POINT('',(-0.10850560295699,0.0451539822609466,0.0679945640641365));
#5485=CARTESIAN_POINT('',(-0.112028599293133,0.0431332563188162,0.0678845280392927));
#5486=CARTESIAN_POINT('',(-0.115551595629277,0.0411125303766859,0.0677744920144489));
#5487=CARTESIAN_POINT('',(-0.119074591965399,0.043133256318883,0.0676644559901165));
#5488=CARTESIAN_POINT('',(-0.12259758830152,0.0451539822610801,0.0675544199657841));
#5489=CARTESIAN_POINT('',(-0.122633903194309,0.0491954341454602,0.0671393388420905));
#5490=CARTESIAN_POINT('',(-0.122670218087098,0.0532368860298403,0.066724257718397));
#5491=CARTESIAN_POINT('',(-0.119219851536578,0.0552576119720761,0.066004131494831));
#5492=CARTESIAN_POINT('',(-0.115769484986057,0.0572783379143118,0.065284005271265));
#5493=CARTESIAN_POINT('',(-0.112319118435559,0.0552576119722202,0.0645638790471876));
#5494=CARTESIAN_POINT('',(-0.10886875188506,0.0532368860301285,0.0638437528231102));
#5495=CARTESIAN_POINT('',(-0.108905066777894,0.0491954341458539,0.063428671698394));
#5496=CARTESIAN_POINT('',(-0.108941381670728,0.0451539822615792,0.0630135905736778));
#5497=CARTESIAN_POINT('',(-0.112464378006872,0.0431332563194489,0.0629035545488339));
#5498=CARTESIAN_POINT('',(-0.115987374343016,0.0411125303773186,0.0627935185239902));
#5499=CARTESIAN_POINT('',(-0.119510370679137,0.0431332563195157,0.0626834824996578));
#5500=CARTESIAN_POINT('',(-0.123033367015258,0.0451539822617127,0.0625734464753253));
#5501=CARTESIAN_POINT('',(-0.123069681908048,0.0491954341460928,0.0621583653516318));
#5502=CARTESIAN_POINT('',(-0.123105996800837,0.053236886030473,0.0617432842279382));
#5503=CARTESIAN_POINT('',(-0.119655630250316,0.0552576119727087,0.0610231580043722));
#5504=CARTESIAN_POINT('',(-0.116205263699795,0.0572783379149444,0.0603030317808063));
#5505=CARTESIAN_POINT('',(-0.112754897149297,0.0552576119728528,0.0595829055567289));
#5506=CARTESIAN_POINT('',(-0.109304530598798,0.0532368860307612,0.0588627793326515));
#5507=CARTESIAN_POINT('',(-0.109340845491632,0.0491954341464865,0.0584476982079352));
#5508=CARTESIAN_POINT('',(-0.109377160384466,0.0451539822622118,0.0580326170832189));
#5509=CARTESIAN_POINT('',(-0.11290015672061,0.0431332563200815,0.0579225810583752));
#5510=CARTESIAN_POINT('',(-0.116423153056754,0.0411125303779512,0.0578125450335314));
#5511=CARTESIAN_POINT('',(-0.119946149392875,0.0431332563201483,0.057702509009199));
#5512=CARTESIAN_POINT('',(-0.123469145728997,0.0451539822623454,0.0575924729848666));
#5513=CARTESIAN_POINT('',(-0.123505460621786,0.0491954341467255,0.0571773918611731));
#5514=CARTESIAN_POINT('',(-0.123541775514575,0.0532368860311055,0.0567623107374795));
#5515=CARTESIAN_POINT('',(-0.120091408964054,0.0552576119733413,0.0560421845139136));
#5516=CARTESIAN_POINT('',(-0.116641042413533,0.0572783379155771,0.0553220582903476));
#5517=CARTESIAN_POINT('',(-0.113190675863035,0.0552576119734854,0.0546019320662701));
#5518=CARTESIAN_POINT('',(-0.109740309312537,0.0532368860313938,0.0538818058421927));
#5519=CARTESIAN_POINT('',(-0.109776624205371,0.0491954341471191,0.0534667247174765));
#5520=CARTESIAN_POINT('',(-0.109812939098205,0.0451539822628445,0.0530516435927602));
#5521=CARTESIAN_POINT('',(-0.113335935434348,0.0431332563207142,0.0529416075679165));
#5522=CARTESIAN_POINT('',(-0.116858931770492,0.0411125303785839,0.0528315715430728));
#5523=CARTESIAN_POINT('',(-0.120381928106614,0.043133256320781,0.0527215355187403));
#5524=CARTESIAN_POINT('',(-0.123904924442735,0.045153982262978,0.0526114994944079));
#5525=CARTESIAN_POINT('',(-0.123941239335524,0.0491954341473581,0.0521964183707143));
#5526=CARTESIAN_POINT('',(-0.123977554228313,0.0532368860317382,0.0517813372470208));
#5527=CARTESIAN_POINT('',(-0.120527187677793,0.055257611973974,0.0510612110234548));
#5528=CARTESIAN_POINT('',(-0.117076821127272,0.0572783379162097,0.0503410847998888));
#5529=CARTESIAN_POINT('',(-0.113626454576774,0.0552576119741181,0.0496209585758114));
#5530=CARTESIAN_POINT('',(-0.110176088026275,0.0532368860320264,0.048900832351734));
#5531=CARTESIAN_POINT('',(-0.110212402919109,0.0491954341477518,0.0484857512270178));
#5532=CARTESIAN_POINT('',(-0.110248717811943,0.0451539822634771,0.0480706701023015));
#5533=CARTESIAN_POINT('',(-0.113771714148087,0.0431332563213468,0.0479606340774578));
#5534=CARTESIAN_POINT('',(-0.11729471048423,0.0411125303792165,0.047850598052614));
#5535=CARTESIAN_POINT('',(-0.120817706820352,0.0431332563214136,0.0477405620282816));
#5536=CARTESIAN_POINT('',(-0.124340703156473,0.0451539822636106,0.0476305260039491));
#5537=CARTESIAN_POINT('',(-0.124377018049263,0.0491954341479908,0.0472154448802556));
#5538=CARTESIAN_POINT('',(-0.124413332942052,0.0532368860323708,0.0468003637565621));
#5539=CARTESIAN_POINT('',(-0.120962966391531,0.0552576119746066,0.0460802375329961));
#5540=CARTESIAN_POINT('',(-0.11751259984101,0.0572783379168423,0.04536011130943));
#5541=CARTESIAN_POINT('',(-0.114062233290512,0.0552576119747507,0.0446399850853526));
#5542=CARTESIAN_POINT('',(-0.110611866740013,0.053236886032659,0.0439198588612753));
#5543=CARTESIAN_POINT('',(-0.110648181632847,0.0491954341483844,0.043504777736559));
#5544=CARTESIAN_POINT('',(-0.110684496525681,0.0451539822641098,0.0430896966118428));
#5545=CARTESIAN_POINT('',(-0.114207492861825,0.0431332563219795,0.042979660586999));
#5546=CARTESIAN_POINT('',(-0.117730489197969,0.0411125303798491,0.0428696245621552));
#5547=CARTESIAN_POINT('',(-0.12125348553409,0.0431332563220462,0.0427595885378228));
#5548=CARTESIAN_POINT('',(-0.124776481870211,0.0451539822642432,0.0426495525134905));
#5549=CARTESIAN_POINT('',(-0.124812796763001,0.0491954341486234,0.0422344713897969));
#5550=CARTESIAN_POINT('',(-0.12484911165579,0.0532368860330035,0.0418193902661034));
#5551=CARTESIAN_POINT('',(-0.121398745105269,0.0552576119752392,0.0410992640425374));
#5552=CARTESIAN_POINT('',(-0.117948378554749,0.057278337917475,0.0403791378189714));
#5553=CARTESIAN_POINT('',(-0.11449801200425,0.0552576119753834,0.0396590115948939));
#5554=CARTESIAN_POINT('',(-0.111047645453752,0.0532368860332917,0.0389388853708166));
#5555=CARTESIAN_POINT('',(-0.111083960346586,0.0491954341490171,0.0385238042461003));
#5556=CARTESIAN_POINT('',(-0.111120275239419,0.0451539822647424,0.0381087231213841));
#5557=CARTESIAN_POINT('',(-0.114643271575563,0.0431332563226121,0.0379986870965403));
#5558=CARTESIAN_POINT('',(-0.118166267911707,0.0411125303804818,0.0378886510716966));
#5559=CARTESIAN_POINT('',(-0.121689264247828,0.0431332563226789,0.0377786150473641));
#5560=CARTESIAN_POINT('',(-0.12521226058395,0.0451539822648759,0.0376685790230317));
#5561=CARTESIAN_POINT('',(-0.125248575476739,0.049195434149256,0.0372534978993381));
#5562=CARTESIAN_POINT('',(-0.125284890369528,0.0532368860336361,0.0368384167756446));
#5563=CARTESIAN_POINT('',(-0.121834523819008,0.0552576119758719,0.0361182905520786));
#5564=CARTESIAN_POINT('',(-0.118384157268487,0.0572783379181076,0.0353981643285126));
#5565=CARTESIAN_POINT('',(-0.114933790717988,0.055257611976016,0.0346780381044352));
#5566=CARTESIAN_POINT('',(-0.11148342416749,0.0532368860339244,0.0339579118803578));
#5567=CARTESIAN_POINT('',(-0.111519739060324,0.0491954341496497,0.0335428307556416));
#5568=CARTESIAN_POINT('',(-0.111556053953158,0.045153982265375,0.0331277496309254));
#5569=CARTESIAN_POINT('',(-0.115079050289301,0.0431332563232448,0.0330177136060816));
#5570=CARTESIAN_POINT('',(-0.118602046625445,0.0411125303811144,0.0329076775812378));
#5571=CARTESIAN_POINT('',(-0.122125042961567,0.0431332563233115,0.0327976415569054));
#5572=CARTESIAN_POINT('',(-0.125648039297688,0.0451539822655086,0.032687605532573));
#5573=CARTESIAN_POINT('',(-0.125684354190477,0.0491954341498887,0.0322725244088795));
#5574=CARTESIAN_POINT('',(-0.125720669083267,0.0532368860342687,0.0318574432851859));
#5575=CARTESIAN_POINT('',(-0.122270302532746,0.0552576119765045,0.0311373170616199));
#5576=CARTESIAN_POINT('',(-0.118819935982225,0.0572783379187403,0.0304171908380538));
#5577=CARTESIAN_POINT('',(-0.115369569431727,0.0552576119766486,0.0296970646139765));
#5578=CARTESIAN_POINT('',(-0.111919202881228,0.053236886034557,0.0289769383898991));
#5579=CARTESIAN_POINT('',(-0.111955517774062,0.0491954341502823,0.0285618572651829));
#5580=CARTESIAN_POINT('',(-0.111991832666896,0.0451539822660076,0.0281467761404667));
#5581=CARTESIAN_POINT('',(-0.11551482900304,0.0431332563238774,0.0280367401156228));
#5582=CARTESIAN_POINT('',(-0.119037825339184,0.0411125303817471,0.0279267040907791));
#5583=CARTESIAN_POINT('',(-0.122560821675305,0.0431332563239442,0.0278166680664466));
#5584=CARTESIAN_POINT('',(-0.126083818011427,0.0451539822661412,0.0277066320421142));
#5585=CARTESIAN_POINT('',(-0.126120132904216,0.0491954341505213,0.0272915509184208));
#5586=CARTESIAN_POINT('',(-0.126156447797005,0.0532368860349013,0.0268764697947272));
#5587=CARTESIAN_POINT('',(-0.122706081246484,0.0552576119771371,0.0261563435711611));
#5588=CARTESIAN_POINT('',(-0.119255714695963,0.0572783379193728,0.0254362173475951));
#5589=CARTESIAN_POINT('',(-0.115805348145465,0.0552576119772813,0.0247160911235178));
#5590=CARTESIAN_POINT('',(-0.112354981594967,0.0532368860351896,0.0239959648994404));
#5591=CARTESIAN_POINT('',(-0.1123912964878,0.049195434150915,0.0235808837747241));
#5592=CARTESIAN_POINT('',(-0.112427611380634,0.0451539822666403,0.0231658026500079));
#5593=CARTESIAN_POINT('',(-0.115950607716778,0.04313325632451,0.0230557666251641));
#5594=CARTESIAN_POINT('',(-0.119473604052922,0.0411125303823797,0.0229457306003204));
#5595=CARTESIAN_POINT('',(-0.122996600389043,0.0431332563245767,0.0228356945759879));
#5596=CARTESIAN_POINT('',(-0.126519596725165,0.0451539822667738,0.0227256585516556));
#5597=CARTESIAN_POINT('',(-0.126555911617954,0.0491954341511539,0.022310577427962));
#5598=CARTESIAN_POINT('',(-0.126592226510743,0.053236886035534,0.0218954963042684));
#5599=CARTESIAN_POINT('',(-0.123141859960222,0.0552576119777698,0.0211753700807024));
#5600=CARTESIAN_POINT('',(-0.119691493409702,0.0572783379200055,0.0204552438571364));
#5601=CARTESIAN_POINT('',(-0.116241126859203,0.0552576119779139,0.019735117633059));
#5602=CARTESIAN_POINT('',(-0.112790760308705,0.0532368860358222,0.0190149914089817));
#5603=CARTESIAN_POINT('',(-0.112827075201539,0.0491954341515476,0.0185999102842654));
#5604=CARTESIAN_POINT('',(-0.112863390094373,0.0451539822672729,0.0181848291595492));
#5605=CARTESIAN_POINT('',(-0.116386386430516,0.0431332563251427,0.0180747931347054));
#5606=CARTESIAN_POINT('',(-0.11990938276666,0.0411125303830123,0.0179647571098616));
#5607=CARTESIAN_POINT('',(-0.123432379102782,0.0431332563252094,0.0178547210855292));
#5608=CARTESIAN_POINT('',(-0.126955375438903,0.0451539822674064,0.0177446850611968));
#5609=CARTESIAN_POINT('',(-0.126991690331692,0.0491954341517866,0.0173296039375033));
#5610=CARTESIAN_POINT('',(-0.127028005224481,0.0532368860361667,0.0169145228138098));
#5611=CARTESIAN_POINT('',(-0.123577638673961,0.0552576119784024,0.0161943965902437));
#5612=CARTESIAN_POINT('',(-0.12012727212344,0.0572783379206382,0.0154742703666777));
#5613=CARTESIAN_POINT('',(-0.116676905572942,0.0552576119785465,0.0147541441426003));
#5614=CARTESIAN_POINT('',(-0.113226539022443,0.0532368860364549,0.0140340179185229));
#5615=CARTESIAN_POINT('',(-0.113262853915277,0.0491954341521802,0.0136189367938067));
#5616=CARTESIAN_POINT('',(-0.113299168808111,0.0451539822679056,0.0132038556690904));
#5617=CARTESIAN_POINT('',(-0.116822165144255,0.0431332563257752,0.0130938196442467));
#5618=CARTESIAN_POINT('',(-0.120345161480398,0.041112530383645,0.0129837836194029));
#5619=CARTESIAN_POINT('',(-0.12386815781652,0.043133256325842,0.0128737475950705));
#5620=CARTESIAN_POINT('',(-0.127391154152641,0.0451539822680391,0.0127637115707381));
#5621=CARTESIAN_POINT('',(-0.127427469045431,0.0491954341524192,0.0123486304470445));
#5622=CARTESIAN_POINT('',(-0.12746378393822,0.0532368860367993,0.011933549323351));
#5623=CARTESIAN_POINT('',(-0.124013417387699,0.0552576119790351,0.011213423099785));
#5624=CARTESIAN_POINT('',(-0.120563050837178,0.0572783379212708,0.0104932968762189));
#5625=CARTESIAN_POINT('',(-0.11711268428668,0.0552576119791792,0.0097731706521416));
#5626=CARTESIAN_POINT('',(-0.113662317736181,0.0532368860370875,0.00905304442806425));
#5627=CARTESIAN_POINT('',(-0.113698632629015,0.0491954341528129,0.00863796330334796));
#5628=CARTESIAN_POINT('',(-0.113734947521849,0.0451539822685382,0.00822288217863171));
#5629=CARTESIAN_POINT('',(-0.117257943857993,0.0431332563264079,0.00811284615378792));
#5630=CARTESIAN_POINT('',(-0.120780940194137,0.0411125303842776,0.00800281012894412));
#5631=CARTESIAN_POINT('',(-0.124303936530258,0.0431332563264747,0.00789277410461178));
#5632=CARTESIAN_POINT('',(-0.12782693286638,0.0451539822686717,0.00778273808027938));
#5633=CARTESIAN_POINT('',(-0.127863247759169,0.0491954341530519,0.00736765695658581));
#5634=CARTESIAN_POINT('',(-0.127899562651958,0.0532368860374319,0.00695257583289225));
#5635=CARTESIAN_POINT('',(-0.124449196101437,0.0552576119796677,0.00623244960932623));
#5636=CARTESIAN_POINT('',(-0.120998829550917,0.0572783379219035,0.00551232338576023));
#5637=CARTESIAN_POINT('',(-0.117548463000418,0.0552576119798118,0.00479219716168287));
#5638=CARTESIAN_POINT('',(-0.11409809644992,0.0532368860377202,0.0040720709376055));
#5639=CARTESIAN_POINT('',(-0.114134411342754,0.0491954341534455,0.00365698981288923));
#5640=CARTESIAN_POINT('',(-0.109018329975688,0.0478370982802585,0.197661067224989));
#5641=CARTESIAN_POINT('',(-0.109215403928678,0.0485032501224939,0.197566060781436));
#5642=CARTESIAN_POINT('',(-0.109224111498183,0.0491954341288962,0.197466532806614));
#5643=CARTESIAN_POINT('',(-0.109260426390978,0.052082185474897,0.197051451682774));
#5644=CARTESIAN_POINT('',(-0.106806254538552,0.0535255611479376,0.196418481201883));
#5645=CARTESIAN_POINT('',(-0.104352082686127,0.0549689368209782,0.195785510720991));
#5646=CARTESIAN_POINT('',(-0.101897910833717,0.0535255611480707,0.195152540239735));
#5647=CARTESIAN_POINT('',(-0.0994437389813069,0.0520821854751631,0.194519569758478));
#5648=CARTESIAN_POINT('',(-0.0994800538741344,0.0491954341292678,0.194104488633908));
#5649=CARTESIAN_POINT('',(-0.0995163687669618,0.0463086827833723,0.193689407509338));
#5650=CARTESIAN_POINT('',(-0.102043170405011,0.0448653071104372,0.193492215741819));
#5651=CARTESIAN_POINT('',(-0.104569972043059,0.043421931437502,0.193295023974301));
#5652=CARTESIAN_POINT('',(-0.107096773681092,0.044865307110515,0.193097832207148));
#5653=CARTESIAN_POINT('',(-0.109623575319125,0.046308682783528,0.192900640439995));
#5654=CARTESIAN_POINT('',(-0.109659890211921,0.0491954341295288,0.192485559316155));
#5655=CARTESIAN_POINT('',(-0.109696205104717,0.0520821854755296,0.192070478192316));
#5656=CARTESIAN_POINT('',(-0.107242033252291,0.0535255611485703,0.191437507711424));
#5657=CARTESIAN_POINT('',(-0.104787861399865,0.0549689368216108,0.190804537230533));
#5658=CARTESIAN_POINT('',(-0.102333689547455,0.0535255611487033,0.190171566749276));
#5659=CARTESIAN_POINT('',(-0.0998795176950452,0.0520821854757958,0.189538596268019));
#5660=CARTESIAN_POINT('',(-0.0999158325878727,0.0491954341299004,0.189123515143449));
#5661=CARTESIAN_POINT('',(-0.0999521474807001,0.046308682784005,0.188708434018879));
#5662=CARTESIAN_POINT('',(-0.102478949118749,0.0448653071110698,0.188511242251361));
#5663=CARTESIAN_POINT('',(-0.105005750756798,0.0434219314381347,0.188314050483842));
#5664=CARTESIAN_POINT('',(-0.107532552394831,0.0448653071111477,0.188116858716689));
#5665=CARTESIAN_POINT('',(-0.110059354032864,0.0463086827841606,0.187919666949536));
#5666=CARTESIAN_POINT('',(-0.110095668925659,0.0491954341301615,0.187504585825697));
#5667=CARTESIAN_POINT('',(-0.110131983818455,0.0520821854761623,0.187089504701857));
#5668=CARTESIAN_POINT('',(-0.107677811966029,0.0535255611492029,0.186456534220966));
#5669=CARTESIAN_POINT('',(-0.105223640113603,0.0549689368222434,0.185823563740074));
#5670=CARTESIAN_POINT('',(-0.102769468261193,0.053525561149336,0.185190593258818));
#5671=CARTESIAN_POINT('',(-0.100315296408783,0.0520821854764285,0.184557622777561));
#5672=CARTESIAN_POINT('',(-0.100351611301611,0.049195434130533,0.18414254165299));
#5673=CARTESIAN_POINT('',(-0.100387926194438,0.0463086827846376,0.183727460528421));
#5674=CARTESIAN_POINT('',(-0.102914727832487,0.0448653071117025,0.183530268760902));
#5675=CARTESIAN_POINT('',(-0.105441529470536,0.0434219314387673,0.183333076993383));
#5676=CARTESIAN_POINT('',(-0.107968331108569,0.0448653071117803,0.18313588522623));
#5677=CARTESIAN_POINT('',(-0.110495132746602,0.0463086827847932,0.182938693459077));
#5678=CARTESIAN_POINT('',(-0.110531447639398,0.0491954341307941,0.182523612335238));
#5679=CARTESIAN_POINT('',(-0.110567762532193,0.052082185476795,0.182108531211398));
#5680=CARTESIAN_POINT('',(-0.108113590679767,0.0535255611498355,0.181475560730506));
#5681=CARTESIAN_POINT('',(-0.105659418827342,0.0549689368228761,0.180842590249615));
#5682=CARTESIAN_POINT('',(-0.103205246974932,0.0535255611499686,0.180209619768359));
#5683=CARTESIAN_POINT('',(-0.100751075122522,0.052082185477061,0.179576649287102));
#5684=CARTESIAN_POINT('',(-0.100787390015349,0.0491954341311657,0.179161568162532));
#5685=CARTESIAN_POINT('',(-0.100823704908177,0.0463086827852702,0.178746487037961));
#5686=CARTESIAN_POINT('',(-0.103350506546226,0.0448653071123351,0.178549295270444));
#5687=CARTESIAN_POINT('',(-0.105877308184274,0.0434219314393999,0.178352103502925));
#5688=CARTESIAN_POINT('',(-0.108404109822307,0.0448653071124129,0.178154911735772));
#5689=CARTESIAN_POINT('',(-0.11093091146034,0.0463086827854259,0.177957719968619));
#5690=CARTESIAN_POINT('',(-0.110967226353136,0.0491954341314267,0.177542638844779));
#5691=CARTESIAN_POINT('',(-0.111003541245931,0.0520821854774275,0.177127557720939));
#5692=CARTESIAN_POINT('',(-0.108549369393506,0.0535255611504682,0.176494587240048));
#5693=CARTESIAN_POINT('',(-0.10609519754108,0.0549689368235088,0.175861616759157));
#5694=CARTESIAN_POINT('',(-0.10364102568867,0.0535255611506012,0.1752286462779));
#5695=CARTESIAN_POINT('',(-0.10118685383626,0.0520821854776937,0.174595675796643));
#5696=CARTESIAN_POINT('',(-0.101223168729087,0.0491954341317983,0.174180594672073));
#5697=CARTESIAN_POINT('',(-0.101259483621915,0.0463086827859028,0.173765513547503));
#5698=CARTESIAN_POINT('',(-0.103786285259964,0.0448653071129677,0.173568321779984));
#5699=CARTESIAN_POINT('',(-0.106313086898013,0.0434219314400325,0.173371130012466));
#5700=CARTESIAN_POINT('',(-0.108839888536046,0.0448653071130456,0.173173938245313));
#5701=CARTESIAN_POINT('',(-0.111366690174079,0.0463086827860585,0.17297674647816));
#5702=CARTESIAN_POINT('',(-0.111403005066874,0.0491954341320594,0.17256166535432));
#5703=CARTESIAN_POINT('',(-0.11143931995967,0.0520821854780602,0.172146584230481));
#5704=CARTESIAN_POINT('',(-0.108985148107244,0.0535255611511008,0.171513613749589));
#5705=CARTESIAN_POINT('',(-0.106530976254818,0.0549689368241414,0.170880643268698));
#5706=CARTESIAN_POINT('',(-0.104076804402408,0.0535255611512339,0.170247672787441));
#5707=CARTESIAN_POINT('',(-0.101622632549998,0.0520821854783263,0.169614702306184));
#5708=CARTESIAN_POINT('',(-0.101658947442826,0.0491954341324309,0.169199621181614));
#5709=CARTESIAN_POINT('',(-0.101695262335653,0.0463086827865355,0.168784540057044));
#5710=CARTESIAN_POINT('',(-0.104222063973702,0.0448653071136004,0.168587348289526));
#5711=CARTESIAN_POINT('',(-0.106748865611751,0.0434219314406652,0.168390156522007));
#5712=CARTESIAN_POINT('',(-0.109275667249784,0.0448653071136782,0.168192964754855));
#5713=CARTESIAN_POINT('',(-0.111802468887817,0.0463086827866912,0.167995772987701));
#5714=CARTESIAN_POINT('',(-0.111838783780612,0.049195434132692,0.167580691863861));
#5715=CARTESIAN_POINT('',(-0.111875098673408,0.0520821854786928,0.167165610740022));
#5716=CARTESIAN_POINT('',(-0.109420926820982,0.0535255611517334,0.166532640259131));
#5717=CARTESIAN_POINT('',(-0.106966754968556,0.054968936824774,0.165899669778239));
#5718=CARTESIAN_POINT('',(-0.104512583116146,0.0535255611518665,0.165266699296983));
#5719=CARTESIAN_POINT('',(-0.102058411263737,0.052082185478959,0.164633728815726));
#5720=CARTESIAN_POINT('',(-0.102094726156564,0.0491954341330636,0.164218647691155));
#5721=CARTESIAN_POINT('',(-0.102131041049392,0.0463086827871682,0.163803566566585));
#5722=CARTESIAN_POINT('',(-0.10465784268744,0.044865307114233,0.163606374799067));
#5723=CARTESIAN_POINT('',(-0.107184644325489,0.0434219314412979,0.163409183031549));
#5724=CARTESIAN_POINT('',(-0.109711445963522,0.0448653071143108,0.163211991264395));
#5725=CARTESIAN_POINT('',(-0.112238247601555,0.0463086827873238,0.163014799497242));
#5726=CARTESIAN_POINT('',(-0.112274562494351,0.0491954341333246,0.162599718373403));
#5727=CARTESIAN_POINT('',(-0.112310877387146,0.0520821854793255,0.162184637249563));
#5728=CARTESIAN_POINT('',(-0.10985670553472,0.0535255611523661,0.161551666768672));
#5729=CARTESIAN_POINT('',(-0.107402533682295,0.0549689368254066,0.16091869628778));
#5730=CARTESIAN_POINT('',(-0.104948361829885,0.0535255611524991,0.160285725806524));
#5731=CARTESIAN_POINT('',(-0.102494189977475,0.0520821854795916,0.159652755325267));
#5732=CARTESIAN_POINT('',(-0.102530504870302,0.0491954341336962,0.159237674200697));
#5733=CARTESIAN_POINT('',(-0.10256681976313,0.0463086827878008,0.158822593076127));
#5734=CARTESIAN_POINT('',(-0.105093621401179,0.0448653071148657,0.158625401308608));
#5735=CARTESIAN_POINT('',(-0.107620423039228,0.0434219314419305,0.15842820954109));
#5736=CARTESIAN_POINT('',(-0.11014722467726,0.0448653071149435,0.158231017773937));
#5737=CARTESIAN_POINT('',(-0.112674026315293,0.0463086827879564,0.158033826006784));
#5738=CARTESIAN_POINT('',(-0.112710341208089,0.0491954341339573,0.157618744882944));
#5739=CARTESIAN_POINT('',(-0.112746656100885,0.0520821854799582,0.157203663759104));
#5740=CARTESIAN_POINT('',(-0.110292484248459,0.0535255611529987,0.156570693278213));
#5741=CARTESIAN_POINT('',(-0.107838312396033,0.0549689368260393,0.155937722797321));
#5742=CARTESIAN_POINT('',(-0.105384140543623,0.0535255611531318,0.155304752316065));
#5743=CARTESIAN_POINT('',(-0.102929968691213,0.0520821854802242,0.154671781834808));
#5744=CARTESIAN_POINT('',(-0.102966283584041,0.0491954341343288,0.154256700710238));
#5745=CARTESIAN_POINT('',(-0.103002598476868,0.0463086827884334,0.153841619585668));
#5746=CARTESIAN_POINT('',(-0.105529400114917,0.0448653071154982,0.15364442781815));
#5747=CARTESIAN_POINT('',(-0.108056201752966,0.0434219314425631,0.153447236050631));
#5748=CARTESIAN_POINT('',(-0.110583003390999,0.0448653071155761,0.153250044283478));
#5749=CARTESIAN_POINT('',(-0.113109805029032,0.046308682788589,0.153052852516325));
#5750=CARTESIAN_POINT('',(-0.113146119921827,0.0491954341345899,0.152637771392485));
#5751=CARTESIAN_POINT('',(-0.113182434814623,0.0520821854805907,0.152222690268646));
#5752=CARTESIAN_POINT('',(-0.110728262962197,0.0535255611536314,0.151589719787754));
#5753=CARTESIAN_POINT('',(-0.108274091109771,0.054968936826672,0.150956749306863));
#5754=CARTESIAN_POINT('',(-0.105819919257361,0.0535255611537644,0.150323778825606));
#5755=CARTESIAN_POINT('',(-0.103365747404951,0.0520821854808569,0.14969080834435));
#5756=CARTESIAN_POINT('',(-0.103402062297779,0.0491954341349615,0.149275727219779));
#5757=CARTESIAN_POINT('',(-0.103438377190606,0.046308682789066,0.148860646095209));
#5758=CARTESIAN_POINT('',(-0.105965178828655,0.0448653071161309,0.148663454327691));
#5759=CARTESIAN_POINT('',(-0.108491980466704,0.0434219314431957,0.148466262560173));
#5760=CARTESIAN_POINT('',(-0.111018782104737,0.0448653071162088,0.148269070793019));
#5761=CARTESIAN_POINT('',(-0.11354558374277,0.0463086827892217,0.148071879025866));
#5762=CARTESIAN_POINT('',(-0.113581898635566,0.0491954341352225,0.147656797902027));
#5763=CARTESIAN_POINT('',(-0.113618213528361,0.0520821854812234,0.147241716778187));
#5764=CARTESIAN_POINT('',(-0.111164041675935,0.053525561154264,0.146608746297296));
#5765=CARTESIAN_POINT('',(-0.108709869823509,0.0549689368273046,0.145975775816404));
#5766=CARTESIAN_POINT('',(-0.1062556979711,0.0535255611543971,0.145342805335147));
#5767=CARTESIAN_POINT('',(-0.10380152611869,0.0520821854814895,0.144709834853891));
#5768=CARTESIAN_POINT('',(-0.103837841011517,0.0491954341355941,0.144294753729321));
#5769=CARTESIAN_POINT('',(-0.103874155904345,0.0463086827896987,0.143879672604751));
#5770=CARTESIAN_POINT('',(-0.106400957542394,0.0448653071167636,0.143682480837232));
#5771=CARTESIAN_POINT('',(-0.108927759180442,0.0434219314438284,0.143485289069714));
#5772=CARTESIAN_POINT('',(-0.111454560818475,0.0448653071168413,0.143288097302561));
#5773=CARTESIAN_POINT('',(-0.113981362456508,0.0463086827898543,0.143090905535407));
#5774=CARTESIAN_POINT('',(-0.114017677349304,0.0491954341358552,0.142675824411568));
#5775=CARTESIAN_POINT('',(-0.114053992242099,0.052082185481856,0.142260743287728));
#5776=CARTESIAN_POINT('',(-0.111599820389674,0.0535255611548966,0.141627772806837));
#5777=CARTESIAN_POINT('',(-0.109145648537248,0.0549689368279372,0.140994802325945));
#5778=CARTESIAN_POINT('',(-0.106691476684838,0.0535255611550297,0.140361831844689));
#5779=CARTESIAN_POINT('',(-0.104237304832428,0.0520821854821222,0.139728861363432));
#5780=CARTESIAN_POINT('',(-0.104273619725256,0.0491954341362268,0.139313780238862));
#5781=CARTESIAN_POINT('',(-0.104309934618083,0.0463086827903313,0.138898699114292));
#5782=CARTESIAN_POINT('',(-0.106836736256132,0.0448653071173962,0.138701507346773));
#5783=CARTESIAN_POINT('',(-0.109363537894181,0.043421931444461,0.138504315579255));
#5784=CARTESIAN_POINT('',(-0.111890339532214,0.044865307117474,0.138307123812102));
#5785=CARTESIAN_POINT('',(-0.114417141170247,0.0463086827904869,0.138109932044949));
#5786=CARTESIAN_POINT('',(-0.114453456063042,0.0491954341364878,0.137694850921109));
#5787=CARTESIAN_POINT('',(-0.114489770955838,0.0520821854824887,0.13727976979727));
#5788=CARTESIAN_POINT('',(-0.112035599103412,0.0535255611555293,0.136646799316378));
#5789=CARTESIAN_POINT('',(-0.109581427250986,0.0549689368285698,0.136013828835487));
#5790=CARTESIAN_POINT('',(-0.107127255398576,0.0535255611556623,0.13538085835423));
#5791=CARTESIAN_POINT('',(-0.104673083546166,0.0520821854827547,0.134747887872973));
#5792=CARTESIAN_POINT('',(-0.104709398438994,0.0491954341368594,0.134332806748403));
#5793=CARTESIAN_POINT('',(-0.104745713331821,0.0463086827909639,0.133917725623833));
#5794=CARTESIAN_POINT('',(-0.10727251496987,0.0448653071180288,0.133720533856315));
#5795=CARTESIAN_POINT('',(-0.109799316607919,0.0434219314450936,0.133523342088796));
#5796=CARTESIAN_POINT('',(-0.112326118245952,0.0448653071181066,0.133326150321643));
#5797=CARTESIAN_POINT('',(-0.114852919883985,0.0463086827911196,0.13312895855449));
#5798=CARTESIAN_POINT('',(-0.11488923477678,0.0491954341371205,0.13271387743065));
#5799=CARTESIAN_POINT('',(-0.114925549669576,0.0520821854831213,0.132298796306811));
#5800=CARTESIAN_POINT('',(-0.11247137781715,0.0535255611561619,0.131665825825919));
#5801=CARTESIAN_POINT('',(-0.110017205964724,0.0549689368292025,0.131032855345028));
#5802=CARTESIAN_POINT('',(-0.107563034112315,0.053525561156295,0.130399884863771));
#5803=CARTESIAN_POINT('',(-0.105108862259905,0.0520821854833874,0.129766914382515));
#5804=CARTESIAN_POINT('',(-0.105145177152732,0.049195434137492,0.129351833257944));
#5805=CARTESIAN_POINT('',(-0.10518149204556,0.0463086827915966,0.128936752133374));
#5806=CARTESIAN_POINT('',(-0.107708293683608,0.0448653071186614,0.128739560365856));
#5807=CARTESIAN_POINT('',(-0.110235095321657,0.0434219314457263,0.128542368598337));
#5808=CARTESIAN_POINT('',(-0.11276189695969,0.0448653071187393,0.128345176831184));
#5809=CARTESIAN_POINT('',(-0.115288698597723,0.0463086827917522,0.128147985064031));
#5810=CARTESIAN_POINT('',(-0.115325013490519,0.0491954341377531,0.127732903940192));
#5811=CARTESIAN_POINT('',(-0.115361328383314,0.0520821854837539,0.127317822816352));
#5812=CARTESIAN_POINT('',(-0.112907156530888,0.0535255611567945,0.126684852335461));
#5813=CARTESIAN_POINT('',(-0.110452984678463,0.0549689368298351,0.126051881854569));
#5814=CARTESIAN_POINT('',(-0.107998812826053,0.0535255611569276,0.125418911373313));
#5815=CARTESIAN_POINT('',(-0.105544640973643,0.05208218548402,0.124785940892056));
#5816=CARTESIAN_POINT('',(-0.10558095586647,0.0491954341381247,0.124370859767486));
#5817=CARTESIAN_POINT('',(-0.105617270759298,0.0463086827922292,0.123955778642915));
#5818=CARTESIAN_POINT('',(-0.108144072397347,0.0448653071192941,0.123758586875397));
#5819=CARTESIAN_POINT('',(-0.110670874035396,0.0434219314463589,0.123561395107879));
#5820=CARTESIAN_POINT('',(-0.113197675673429,0.0448653071193719,0.123364203340726));
#5821=CARTESIAN_POINT('',(-0.115724477311461,0.0463086827923849,0.123167011573573));
#5822=CARTESIAN_POINT('',(-0.115760792204257,0.0491954341383857,0.122751930449733));
#5823=CARTESIAN_POINT('',(-0.115797107097053,0.0520821854843865,0.122336849325893));
#5824=CARTESIAN_POINT('',(-0.113342935244627,0.0535255611574272,0.121703878845002));
#5825=CARTESIAN_POINT('',(-0.110888763392201,0.0549689368304678,0.121070908364111));
#5826=CARTESIAN_POINT('',(-0.108434591539791,0.0535255611575602,0.120437937882854));
#5827=CARTESIAN_POINT('',(-0.105980419687381,0.0520821854846527,0.119804967401597));
#5828=CARTESIAN_POINT('',(-0.106016734580209,0.0491954341387573,0.119389886277027));
#5829=CARTESIAN_POINT('',(-0.106053049473036,0.0463086827928619,0.118974805152457));
#5830=CARTESIAN_POINT('',(-0.108579851111085,0.0448653071199267,0.118777613384938));
#5831=CARTESIAN_POINT('',(-0.111106652749134,0.0434219314469916,0.11858042161742));
#5832=CARTESIAN_POINT('',(-0.113633454387167,0.0448653071200045,0.118383229850267));
#5833=CARTESIAN_POINT('',(-0.1161602560252,0.0463086827930175,0.118186038083114));
#5834=CARTESIAN_POINT('',(-0.116196570917995,0.0491954341390184,0.117770956959274));
#5835=CARTESIAN_POINT('',(-0.116232885810791,0.0520821854850192,0.117355875835434));
#5836=CARTESIAN_POINT('',(-0.113778713958365,0.0535255611580598,0.116722905354543));
#5837=CARTESIAN_POINT('',(-0.111324542105939,0.0549689368311004,0.116089934873652));
#5838=CARTESIAN_POINT('',(-0.108870370253529,0.0535255611581929,0.115456964392395));
#5839=CARTESIAN_POINT('',(-0.10641619840112,0.0520821854852854,0.114823993911138));
#5840=CARTESIAN_POINT('',(-0.106452513293947,0.0491954341393899,0.114408912786568));
#5841=CARTESIAN_POINT('',(-0.106488828186774,0.0463086827934945,0.113993831661998));
#5842=CARTESIAN_POINT('',(-0.109015629824823,0.0448653071205594,0.11379663989448));
#5843=CARTESIAN_POINT('',(-0.111542431462872,0.0434219314476242,0.113599448126961));
#5844=CARTESIAN_POINT('',(-0.114069233100905,0.0448653071206372,0.113402256359808));
#5845=CARTESIAN_POINT('',(-0.116596034738938,0.0463086827936501,0.113205064592655));
#5846=CARTESIAN_POINT('',(-0.116632349631734,0.049195434139651,0.112789983468815));
#5847=CARTESIAN_POINT('',(-0.116668664524529,0.0520821854856519,0.112374902344976));
#5848=CARTESIAN_POINT('',(-0.114214492672103,0.0535255611586925,0.111741931864084));
#5849=CARTESIAN_POINT('',(-0.111760320819678,0.054968936831733,0.111108961383193));
#5850=CARTESIAN_POINT('',(-0.109306148967268,0.0535255611588255,0.110475990901936));
#5851=CARTESIAN_POINT('',(-0.106851977114858,0.0520821854859179,0.10984302042068));
#5852=CARTESIAN_POINT('',(-0.106888292007685,0.0491954341400226,0.10942793929611));
#5853=CARTESIAN_POINT('',(-0.106924606900513,0.0463086827941271,0.109012858171539));
#5854=CARTESIAN_POINT('',(-0.109451408538562,0.044865307121192,0.108815666404021));
#5855=CARTESIAN_POINT('',(-0.111978210176611,0.0434219314482568,0.108618474636503));
#5856=CARTESIAN_POINT('',(-0.114505011814643,0.0448653071212698,0.10842128286935));
#5857=CARTESIAN_POINT('',(-0.117031813452676,0.0463086827942828,0.108224091102196));
#5858=CARTESIAN_POINT('',(-0.117068128345472,0.0491954341402836,0.107809009978357));
#5859=CARTESIAN_POINT('',(-0.117104443238267,0.0520821854862845,0.107393928854517));
#5860=CARTESIAN_POINT('',(-0.114650271385842,0.0535255611593251,0.106760958373626));
#5861=CARTESIAN_POINT('',(-0.112196099533416,0.0549689368323657,0.106127987892734));
#5862=CARTESIAN_POINT('',(-0.109741927681006,0.0535255611594581,0.105495017411478));
#5863=CARTESIAN_POINT('',(-0.107287755828596,0.0520821854865506,0.104862046930221));
#5864=CARTESIAN_POINT('',(-0.107324070721424,0.0491954341406552,0.104446965805651));
#5865=CARTESIAN_POINT('',(-0.107360385614251,0.0463086827947598,0.104031884681081));
#5866=CARTESIAN_POINT('',(-0.1098871872523,0.0448653071218247,0.103834692913562));
#5867=CARTESIAN_POINT('',(-0.112413988890349,0.0434219314488895,0.103637501146044));
#5868=CARTESIAN_POINT('',(-0.114940790528382,0.0448653071219025,0.103440309378891));
#5869=CARTESIAN_POINT('',(-0.117467592166415,0.0463086827949154,0.103243117611738));
#5870=CARTESIAN_POINT('',(-0.11750390705921,0.0491954341409163,0.102828036487898));
#5871=CARTESIAN_POINT('',(-0.117540221952006,0.0520821854869171,0.102412955364058));
#5872=CARTESIAN_POINT('',(-0.11508605009958,0.0535255611599577,0.101779984883167));
#5873=CARTESIAN_POINT('',(-0.112631878247154,0.0549689368329983,0.101147014402276));
#5874=CARTESIAN_POINT('',(-0.110177706394744,0.0535255611600908,0.100514043921019));
#5875=CARTESIAN_POINT('',(-0.107723534542334,0.0520821854871832,0.0998810734397622));
#5876=CARTESIAN_POINT('',(-0.107759849435162,0.0491954341412878,0.0994659923151921));
#5877=CARTESIAN_POINT('',(-0.107796164327989,0.0463086827953924,0.099050911190622));
#5878=CARTESIAN_POINT('',(-0.110322965966038,0.0448653071224573,0.0988537194231036));
#5879=CARTESIAN_POINT('',(-0.112849767604087,0.0434219314495221,0.0986565276555852));
#5880=CARTESIAN_POINT('',(-0.11537656924212,0.0448653071225351,0.0984593358884321));
#5881=CARTESIAN_POINT('',(-0.117903370880153,0.046308682795548,0.098262144121279));
#5882=CARTESIAN_POINT('',(-0.117939685772948,0.0491954341415489,0.0978470629974394));
#5883=CARTESIAN_POINT('',(-0.117976000665744,0.0520821854875497,0.0974319818735997));
#5884=CARTESIAN_POINT('',(-0.115521828813318,0.0535255611605904,0.0967990113927083));
#5885=CARTESIAN_POINT('',(-0.113067656960892,0.054968936833631,0.0961660409118169));
#5886=CARTESIAN_POINT('',(-0.110613485108483,0.0535255611607234,0.0955330704305602));
#5887=CARTESIAN_POINT('',(-0.108159313256073,0.0520821854878159,0.0949000999493035));
#5888=CARTESIAN_POINT('',(-0.1081956281489,0.0491954341419205,0.0944850188247334));
#5889=CARTESIAN_POINT('',(-0.108231943041728,0.0463086827960251,0.0940699377001633));
#5890=CARTESIAN_POINT('',(-0.110758744679776,0.0448653071230899,0.0938727459326449));
#5891=CARTESIAN_POINT('',(-0.113285546317825,0.0434219314501548,0.0936755541651264));
#5892=CARTESIAN_POINT('',(-0.115812347955858,0.0448653071231678,0.0934783623979734));
#5893=CARTESIAN_POINT('',(-0.118339149593891,0.0463086827961807,0.0932811706308202));
#5894=CARTESIAN_POINT('',(-0.118375464486687,0.0491954341421816,0.0928660895069806));
#5895=CARTESIAN_POINT('',(-0.118411779379482,0.0520821854881824,0.092451008383141));
#5896=CARTESIAN_POINT('',(-0.115957607527057,0.053525561161223,0.0918180379022495));
#5897=CARTESIAN_POINT('',(-0.113503435674631,0.0549689368342635,0.0911850674213582));
#5898=CARTESIAN_POINT('',(-0.111049263822221,0.0535255611613561,0.0905520969401015));
#5899=CARTESIAN_POINT('',(-0.108595091969811,0.0520821854884485,0.0899191264588448));
#5900=CARTESIAN_POINT('',(-0.108631406862638,0.0491954341425531,0.0895040453342747));
#5901=CARTESIAN_POINT('',(-0.108667721755466,0.0463086827966577,0.0890889642097045));
#5902=CARTESIAN_POINT('',(-0.111194523393515,0.0448653071237226,0.0888917724421861));
#5903=CARTESIAN_POINT('',(-0.113721325031564,0.0434219314507874,0.0886945806746677));
#5904=CARTESIAN_POINT('',(-0.116248126669597,0.0448653071238004,0.0884973889075146));
#5905=CARTESIAN_POINT('',(-0.118774928307629,0.0463086827968133,0.0883001971403616));
#5906=CARTESIAN_POINT('',(-0.118811243200425,0.0491954341428142,0.0878851160165219));
#5907=CARTESIAN_POINT('',(-0.118847558093221,0.052082185488815,0.0874700348926822));
#5908=CARTESIAN_POINT('',(-0.116393386240795,0.0535255611618556,0.0868370644117908));
#5909=CARTESIAN_POINT('',(-0.113939214388369,0.0549689368348962,0.0862040939308995));
#5910=CARTESIAN_POINT('',(-0.111485042535959,0.0535255611619887,0.0855711234496427));
#5911=CARTESIAN_POINT('',(-0.109030870683549,0.0520821854890811,0.0849381529683861));
#5912=CARTESIAN_POINT('',(-0.109067185576377,0.0491954341431857,0.0845230718438159));
#5913=CARTESIAN_POINT('',(-0.109103500469204,0.0463086827972903,0.0841079907192458));
#5914=CARTESIAN_POINT('',(-0.111630302107253,0.0448653071243552,0.0839107989517274));
#5915=CARTESIAN_POINT('',(-0.114157103745302,0.04342193145142,0.083713607184209));
#5916=CARTESIAN_POINT('',(-0.116683905383335,0.044865307124433,0.0835164154170559));
#5917=CARTESIAN_POINT('',(-0.119210707021368,0.046308682797446,0.0833192236499028));
#5918=CARTESIAN_POINT('',(-0.119247021914163,0.0491954341434468,0.0829041425260632));
#5919=CARTESIAN_POINT('',(-0.119283336806959,0.0520821854894476,0.0824890614022235));
#5920=CARTESIAN_POINT('',(-0.116829164954533,0.0535255611624883,0.0818560909213321));
#5921=CARTESIAN_POINT('',(-0.114374993102107,0.0549689368355289,0.0812231204404406));
#5922=CARTESIAN_POINT('',(-0.111920821249697,0.0535255611626213,0.080590149959184));
#5923=CARTESIAN_POINT('',(-0.109466649397288,0.0520821854897138,0.0799571794779274));
#5924=CARTESIAN_POINT('',(-0.109502964290115,0.0491954341438184,0.0795420983533572));
#5925=CARTESIAN_POINT('',(-0.109539279182943,0.046308682797923,0.0791270172287871));
#5926=CARTESIAN_POINT('',(-0.112066080820991,0.0448653071249878,0.0789298254612687));
#5927=CARTESIAN_POINT('',(-0.11459288245904,0.0434219314520527,0.0787326336937503));
#5928=CARTESIAN_POINT('',(-0.117119684097073,0.0448653071250657,0.0785354419265972));
#5929=CARTESIAN_POINT('',(-0.119646485735106,0.0463086827980786,0.0783382501594442));
#5930=CARTESIAN_POINT('',(-0.119682800627902,0.0491954341440795,0.0779231690356044));
#5931=CARTESIAN_POINT('',(-0.119719115520697,0.0520821854900803,0.0775080879117648));
#5932=CARTESIAN_POINT('',(-0.117264943668271,0.0535255611631209,0.0768751174308734));
#5933=CARTESIAN_POINT('',(-0.114810771815846,0.0549689368361615,0.0762421469499819));
#5934=CARTESIAN_POINT('',(-0.112356599963436,0.053525561163254,0.0756091764687253));
#5935=CARTESIAN_POINT('',(-0.109902428111026,0.0520821854903464,0.0749762059874687));
#5936=CARTESIAN_POINT('',(-0.109938743003853,0.049195434144451,0.0745611248628985));
#5937=CARTESIAN_POINT('',(-0.109975057896681,0.0463086827985556,0.0741460437383284));
#5938=CARTESIAN_POINT('',(-0.11250185953473,0.0448653071256205,0.07394885197081));
#5939=CARTESIAN_POINT('',(-0.115028661172778,0.0434219314526853,0.0737516602032915));
#5940=CARTESIAN_POINT('',(-0.117555462810811,0.0448653071256983,0.0735544684361385));
#5941=CARTESIAN_POINT('',(-0.120082264448844,0.0463086827987112,0.0733572766689853));
#5942=CARTESIAN_POINT('',(-0.12011857934164,0.0491954341447121,0.0729421955451457));
#5943=CARTESIAN_POINT('',(-0.120154894234436,0.0520821854907129,0.0725271144213061));
#5944=CARTESIAN_POINT('',(-0.11770072238201,0.0535255611637535,0.0718941439404146));
#5945=CARTESIAN_POINT('',(-0.115246550529584,0.0549689368367941,0.0712611734595232));
#5946=CARTESIAN_POINT('',(-0.112792378677174,0.0535255611638866,0.0706282029782666));
#5947=CARTESIAN_POINT('',(-0.110338206824764,0.0520821854909791,0.0699952324970099));
#5948=CARTESIAN_POINT('',(-0.110374521717592,0.0491954341450837,0.0695801513724398));
#5949=CARTESIAN_POINT('',(-0.110410836610419,0.0463086827991882,0.0691650702478697));
#5950=CARTESIAN_POINT('',(-0.112937638248468,0.0448653071262531,0.0689678784803512));
#5951=CARTESIAN_POINT('',(-0.115464439886517,0.0434219314533179,0.0687706867128328));
#5952=CARTESIAN_POINT('',(-0.11799124152455,0.0448653071263309,0.0685734949456798));
#5953=CARTESIAN_POINT('',(-0.120518043162583,0.0463086827993438,0.0683763031785266));
#5954=CARTESIAN_POINT('',(-0.120554358055378,0.0491954341453447,0.067961222054687));
#5955=CARTESIAN_POINT('',(-0.120590672948174,0.0520821854913456,0.0675461409308473));
#5956=CARTESIAN_POINT('',(-0.118136501095748,0.0535255611643862,0.0669131704499559));
#5957=CARTESIAN_POINT('',(-0.115682329243322,0.0549689368374267,0.0662801999690646));
#5958=CARTESIAN_POINT('',(-0.113228157390912,0.0535255611645192,0.0656472294878079));
#5959=CARTESIAN_POINT('',(-0.110773985538502,0.0520821854916117,0.0650142590065512));
#5960=CARTESIAN_POINT('',(-0.11081030043133,0.0491954341457163,0.064599177881981));
#5961=CARTESIAN_POINT('',(-0.110846615324157,0.0463086827998208,0.0641840967574109));
#5962=CARTESIAN_POINT('',(-0.113373416962206,0.0448653071268858,0.0639869049898925));
#5963=CARTESIAN_POINT('',(-0.115900218600255,0.0434219314539505,0.0637897132223741));
#5964=CARTESIAN_POINT('',(-0.118427020238288,0.0448653071269636,0.063592521455221));
#5965=CARTESIAN_POINT('',(-0.120953821876321,0.0463086827999765,0.0633953296880679));
#5966=CARTESIAN_POINT('',(-0.120990136769117,0.0491954341459774,0.0629802485642282));
#5967=CARTESIAN_POINT('',(-0.121026451661912,0.0520821854919782,0.0625651674403886));
#5968=CARTESIAN_POINT('',(-0.118572279809486,0.0535255611650188,0.0619321969594972));
#5969=CARTESIAN_POINT('',(-0.116118107957061,0.0549689368380594,0.0612992264786057));
#5970=CARTESIAN_POINT('',(-0.113663936104651,0.0535255611651519,0.0606662559973491));
#5971=CARTESIAN_POINT('',(-0.111209764252241,0.0520821854922443,0.0600332855160925));
#5972=CARTESIAN_POINT('',(-0.111246079145068,0.0491954341463489,0.0596182043915223));
#5973=CARTESIAN_POINT('',(-0.111282394037896,0.0463086828004535,0.0592031232669521));
#5974=CARTESIAN_POINT('',(-0.113809195675945,0.0448653071275184,0.0590059314994338));
#5975=CARTESIAN_POINT('',(-0.116335997313993,0.0434219314545832,0.0588087397319154));
#5976=CARTESIAN_POINT('',(-0.118862798952026,0.0448653071275962,0.0586115479647623));
#5977=CARTESIAN_POINT('',(-0.121389600590059,0.0463086828006092,0.0584143561976091));
#5978=CARTESIAN_POINT('',(-0.121425915482855,0.04919543414661,0.0579992750737695));
#5979=CARTESIAN_POINT('',(-0.12146223037565,0.0520821854926108,0.0575841939499298));
#5980=CARTESIAN_POINT('',(-0.119008058523225,0.0535255611656515,0.0569512234690385));
#5981=CARTESIAN_POINT('',(-0.116553886670799,0.054968936838692,0.0563182529881471));
#5982=CARTESIAN_POINT('',(-0.114099714818389,0.0535255611657845,0.0556852825068904));
#5983=CARTESIAN_POINT('',(-0.111645542965979,0.0520821854928769,0.0550523120256338));
#5984=CARTESIAN_POINT('',(-0.111681857858806,0.0491954341469816,0.0546372309010636));
#5985=CARTESIAN_POINT('',(-0.111718172751634,0.0463086828010862,0.0542221497764934));
#5986=CARTESIAN_POINT('',(-0.114244974389683,0.044865307128151,0.0540249580089751));
#5987=CARTESIAN_POINT('',(-0.116771776027732,0.0434219314552158,0.0538277662414567));
#5988=CARTESIAN_POINT('',(-0.119298577665765,0.0448653071282288,0.0536305744743036));
#5989=CARTESIAN_POINT('',(-0.121825379303797,0.0463086828012418,0.0534333827071504));
#5990=CARTESIAN_POINT('',(-0.121861694196593,0.0491954341472426,0.0530183015833108));
#5991=CARTESIAN_POINT('',(-0.121898009089389,0.0520821854932434,0.0526032204594712));
#5992=CARTESIAN_POINT('',(-0.119443837236963,0.0535255611662841,0.0519702499785798));
#5993=CARTESIAN_POINT('',(-0.116989665384537,0.0549689368393247,0.0513372794976883));
#5994=CARTESIAN_POINT('',(-0.114535493532127,0.0535255611664171,0.0507043090164317));
#5995=CARTESIAN_POINT('',(-0.112081321679717,0.0520821854935096,0.050071338535175));
#5996=CARTESIAN_POINT('',(-0.112117636572545,0.0491954341476142,0.0496562574106048));
#5997=CARTESIAN_POINT('',(-0.112153951465372,0.0463086828017188,0.0492411762860347));
#5998=CARTESIAN_POINT('',(-0.114680753103421,0.0448653071287837,0.0490439845185163));
#5999=CARTESIAN_POINT('',(-0.11720755474147,0.0434219314558485,0.0488467927509979));
#6000=CARTESIAN_POINT('',(-0.119734356379503,0.0448653071288614,0.0486496009838448));
#6001=CARTESIAN_POINT('',(-0.122261158017536,0.0463086828018744,0.0484524092166916));
#6002=CARTESIAN_POINT('',(-0.122297472910331,0.0491954341478753,0.048037328092852));
#6003=CARTESIAN_POINT('',(-0.122333787803127,0.0520821854938761,0.0476222469690124));
#6004=CARTESIAN_POINT('',(-0.119879615950701,0.0535255611669167,0.046989276488121));
#6005=CARTESIAN_POINT('',(-0.117425444098275,0.0549689368399572,0.0463563060072296));
#6006=CARTESIAN_POINT('',(-0.114971272245865,0.0535255611670498,0.0457233355259729));
#6007=CARTESIAN_POINT('',(-0.112517100393456,0.0520821854941423,0.0450903650447163));
#6008=CARTESIAN_POINT('',(-0.112553415286283,0.0491954341482468,0.0446752839201461));
#6009=CARTESIAN_POINT('',(-0.112589730179111,0.0463086828023514,0.044260202795576));
#6010=CARTESIAN_POINT('',(-0.115116531817159,0.0448653071294162,0.0440630110280576));
#6011=CARTESIAN_POINT('',(-0.117643333455208,0.0434219314564811,0.0438658192605392));
#6012=CARTESIAN_POINT('',(-0.120170135093241,0.0448653071294941,0.0436686274933861));
#6013=CARTESIAN_POINT('',(-0.122696936731274,0.046308682802507,0.043471435726233));
#6014=CARTESIAN_POINT('',(-0.12273325162407,0.0491954341485079,0.0430563546023933));
#6015=CARTESIAN_POINT('',(-0.122769566516865,0.0520821854945088,0.0426412734785537));
#6016=CARTESIAN_POINT('',(-0.120315394664439,0.0535255611675494,0.0420083029976623));
#6017=CARTESIAN_POINT('',(-0.117861222812014,0.0549689368405899,0.0413753325167708));
#6018=CARTESIAN_POINT('',(-0.115407050959604,0.0535255611676824,0.0407423620355142));
#6019=CARTESIAN_POINT('',(-0.112952879107194,0.0520821854947749,0.0401093915542575));
#6020=CARTESIAN_POINT('',(-0.112989194000021,0.0491954341488795,0.0396943104296874));
#6021=CARTESIAN_POINT('',(-0.113025508892849,0.046308682802984,0.0392792293051173));
#6022=CARTESIAN_POINT('',(-0.115552310530898,0.0448653071300489,0.0390820375375989));
#6023=CARTESIAN_POINT('',(-0.118079112168947,0.0434219314571137,0.0388848457700805));
#6024=CARTESIAN_POINT('',(-0.120605913806979,0.0448653071301267,0.0386876540029274));
#6025=CARTESIAN_POINT('',(-0.123132715445012,0.0463086828031397,0.0384904622357743));
#6026=CARTESIAN_POINT('',(-0.123169030337808,0.0491954341491405,0.0380753811119346));
#6027=CARTESIAN_POINT('',(-0.123205345230604,0.0520821854951414,0.037660299988095));
#6028=CARTESIAN_POINT('',(-0.120751173378178,0.053525561168182,0.0370273295072035));
#6029=CARTESIAN_POINT('',(-0.118297001525752,0.0549689368412226,0.0363943590263121));
#6030=CARTESIAN_POINT('',(-0.115842829673342,0.0535255611683151,0.0357613885450555));
#6031=CARTESIAN_POINT('',(-0.113388657820932,0.0520821854954075,0.0351284180637988));
#6032=CARTESIAN_POINT('',(-0.11342497271376,0.0491954341495121,0.0347133369392287));
#6033=CARTESIAN_POINT('',(-0.113461287606587,0.0463086828036167,0.0342982558146585));
#6034=CARTESIAN_POINT('',(-0.115988089244636,0.0448653071306815,0.0341010640471402));
#6035=CARTESIAN_POINT('',(-0.118514890882685,0.0434219314577464,0.0339038722796218));
#6036=CARTESIAN_POINT('',(-0.121041692520718,0.0448653071307594,0.0337066805124687));
#6037=CARTESIAN_POINT('',(-0.12356849415875,0.0463086828037723,0.0335094887453155));
#6038=CARTESIAN_POINT('',(-0.123604809051546,0.0491954341497732,0.0330944076214759));
#6039=CARTESIAN_POINT('',(-0.123641123944342,0.052082185495774,0.0326793264976363));
#6040=CARTESIAN_POINT('',(-0.121186952091916,0.0535255611688146,0.0320463560167448));
#6041=CARTESIAN_POINT('',(-0.11873278023949,0.0549689368418552,0.0314133855358534));
#6042=CARTESIAN_POINT('',(-0.11627860838708,0.0535255611689477,0.0307804150545967));
#6043=CARTESIAN_POINT('',(-0.11382443653467,0.0520821854960401,0.03014744457334));
#6044=CARTESIAN_POINT('',(-0.113860751427498,0.0491954341501448,0.0297323634487699));
#6045=CARTESIAN_POINT('',(-0.113897066320325,0.0463086828042493,0.0293172823241998));
#6046=CARTESIAN_POINT('',(-0.116423867958374,0.0448653071313142,0.0291200905566814));
#6047=CARTESIAN_POINT('',(-0.118950669596423,0.043421931458379,0.028922898789163));
#6048=CARTESIAN_POINT('',(-0.121477471234456,0.044865307131392,0.0287257070220099));
#6049=CARTESIAN_POINT('',(-0.124004272872489,0.0463086828044049,0.0285285152548568));
#6050=CARTESIAN_POINT('',(-0.124040587765285,0.0491954341504058,0.0281134341310172));
#6051=CARTESIAN_POINT('',(-0.12407690265808,0.0520821854964066,0.0276983530071775));
#6052=CARTESIAN_POINT('',(-0.121622730805654,0.0535255611694473,0.0270653825262861));
#6053=CARTESIAN_POINT('',(-0.119168558953228,0.0549689368424879,0.0264324120453946));
#6054=CARTESIAN_POINT('',(-0.116714387100819,0.0535255611695803,0.025799441564138));
#6055=CARTESIAN_POINT('',(-0.114260215248409,0.0520821854966728,0.0251664710828813));
#6056=CARTESIAN_POINT('',(-0.114296530141236,0.0491954341507774,0.0247513899583112));
#6057=CARTESIAN_POINT('',(-0.114332845034064,0.046308682804882,0.024336308833741));
#6058=CARTESIAN_POINT('',(-0.116859646672113,0.0448653071319468,0.0241391170662227));
#6059=CARTESIAN_POINT('',(-0.119386448310161,0.0434219314590117,0.0239419252987043));
#6060=CARTESIAN_POINT('',(-0.121913249948194,0.0448653071320246,0.0237447335315512));
#6061=CARTESIAN_POINT('',(-0.124440051586227,0.0463086828050376,0.0235475417643981));
#6062=CARTESIAN_POINT('',(-0.124476366479023,0.0491954341510385,0.0231324606405585));
#6063=CARTESIAN_POINT('',(-0.124512681371818,0.0520821854970393,0.0227173795167188));
#6064=CARTESIAN_POINT('',(-0.122058509519393,0.0535255611700799,0.0220844090358274));
#6065=CARTESIAN_POINT('',(-0.119604337666967,0.0549689368431204,0.021451438554936));
#6066=CARTESIAN_POINT('',(-0.117150165814557,0.053525561170213,0.0208184680736792));
#6067=CARTESIAN_POINT('',(-0.114695993962147,0.0520821854973054,0.0201854975924227));
#6068=CARTESIAN_POINT('',(-0.114732308854975,0.04919543415141,0.0197704164678525));
#6069=CARTESIAN_POINT('',(-0.114768623747802,0.0463086828055146,0.0193553353432823));
#6070=CARTESIAN_POINT('',(-0.117295425385851,0.0448653071325795,0.0191581435757639));
#6071=CARTESIAN_POINT('',(-0.1198222270239,0.0434219314596443,0.0189609518082456));
#6072=CARTESIAN_POINT('',(-0.122349028661933,0.0448653071326573,0.0187637600410924));
#6073=CARTESIAN_POINT('',(-0.124875830299965,0.0463086828056702,0.0185665682739394));
#6074=CARTESIAN_POINT('',(-0.124912145192761,0.0491954341516711,0.0181514871500997));
#6075=CARTESIAN_POINT('',(-0.124948460085557,0.0520821854976719,0.0177364060262601));
#6076=CARTESIAN_POINT('',(-0.122494288233131,0.0535255611707125,0.0171034355453686));
#6077=CARTESIAN_POINT('',(-0.120040116380705,0.0549689368437531,0.0164704650644772));
#6078=CARTESIAN_POINT('',(-0.117585944528295,0.0535255611708456,0.0158374945832205));
#6079=CARTESIAN_POINT('',(-0.115131772675885,0.0520821854979381,0.0152045241019639));
#6080=CARTESIAN_POINT('',(-0.115168087568713,0.0491954341520427,0.0147894429773938));
#6081=CARTESIAN_POINT('',(-0.11520440246154,0.0463086828061472,0.0143743618528236));
#6082=CARTESIAN_POINT('',(-0.117731204099589,0.0448653071332121,0.0141771700853052));
#6083=CARTESIAN_POINT('',(-0.120258005737638,0.0434219314602769,0.0139799783177868));
#6084=CARTESIAN_POINT('',(-0.122784807375671,0.0448653071332899,0.0137827865506337));
#6085=CARTESIAN_POINT('',(-0.125311609013704,0.0463086828063029,0.0135855947834806));
#6086=CARTESIAN_POINT('',(-0.125347923906499,0.0491954341523037,0.013170513659641));
#6087=CARTESIAN_POINT('',(-0.125384238799295,0.0520821854983046,0.0127554325358013));
#6088=CARTESIAN_POINT('',(-0.122930066946869,0.0535255611713452,0.0121224620549099));
#6089=CARTESIAN_POINT('',(-0.120475895094443,0.0549689368443858,0.0114894915740185));
#6090=CARTESIAN_POINT('',(-0.118021723242033,0.0535255611714782,0.0108565210927619));
#6091=CARTESIAN_POINT('',(-0.115567551389624,0.0520821854985707,0.0102235506115052));
#6092=CARTESIAN_POINT('',(-0.115603866282451,0.0491954341526753,0.00980846948693502));
#6093=CARTESIAN_POINT('',(-0.115640181175278,0.0463086828067799,0.00939338836236488));
#6094=CARTESIAN_POINT('',(-0.118166982813327,0.0448653071338448,0.00919619659484648));
#6095=CARTESIAN_POINT('',(-0.120693784451376,0.0434219314609096,0.00899900482732807));
#6096=CARTESIAN_POINT('',(-0.123220586089409,0.0448653071339226,0.00880181306017502));
#6097=CARTESIAN_POINT('',(-0.125747387727442,0.0463086828069355,0.00860462129302191));
#6098=CARTESIAN_POINT('',(-0.125783702620238,0.0491954341529364,0.00818954016918224));
#6099=CARTESIAN_POINT('',(-0.125820017513033,0.0520821854989372,0.00777445904534259));
#6100=CARTESIAN_POINT('',(-0.123365845660607,0.0535255611719778,0.00714148856445116));
#6101=CARTESIAN_POINT('',(-0.120911673808182,0.0549689368450184,0.00650851808355978));
#6102=CARTESIAN_POINT('',(-0.118457501955772,0.0535255611721109,0.00587554760230312));
#6103=CARTESIAN_POINT('',(-0.116003330103362,0.0520821854992033,0.00524257712104647));
#6104=CARTESIAN_POINT('',(-0.116039644996189,0.0491954341533079,0.00482749599647629));
#6105=CARTESIAN_POINT('',(-0.107187718800623,0.0556162565120781,0.195362951537465));
#6106=CARTESIAN_POINT('',(-0.105906564512272,0.0558697701348404,0.195250865061039));
#6107=CARTESIAN_POINT('',(-0.103248403028189,0.0555442142487058,0.195018306065319));
#6108=CARTESIAN_POINT('',(-0.101193952256774,0.0537087856867784,0.194838564912815));
#6109=CARTESIAN_POINT('',(-0.100676148167909,0.0525044065135045,0.194793262924959));
#6110=CARTESIAN_POINT('',(-0.116039644996189,0.0491954341533079,0.00482749599647629));
#6111=CARTESIAN_POINT('',(-0.115856912679246,0.0498308554373836,0.00481150899036461));
#6112=CARTESIAN_POINT('',(-0.115719432938369,0.0511457212630358,0.00479948107174038));
#6113=CARTESIAN_POINT('',(-0.116200941778226,0.0530858021602935,0.00484160763686186));
#6114=CARTESIAN_POINT('',(-0.117312884184917,0.0547397836282874,0.004938889992151));
#6115=CARTESIAN_POINT('',(-0.118360898657929,0.0555406112648292,0.00503057937785244));
#6116=CARTESIAN_POINT('',(-0.118928609620618,0.0558730085632105,0.00508024765128936));
#6117=CARTESIAN_POINT('',(-0.121020618486648,0.0491954341532803,0.00526327471021458));
#6118=CARTESIAN_POINT('',(-0.121020618486648,0.0491954341532803,0.00526327471021458));
#6119=CARTESIAN_POINT('',(-0.111058671505731,0.0491954341533355,0.004391717282738));
#6120=CARTESIAN_POINT('',(-0.121282085714891,0.0491954341536599,0.00227469061593934));
#6121=CARTESIAN_POINT('',(-0.111320138733974,0.0491954341537151,0.00140313318846276));
#6122=CARTESIAN_POINT('',(-0.121020618486648,0.0491954341532803,0.00526327471021458));
#6123=CARTESIAN_POINT('',(-0.121282085714891,0.0491954341536599,0.00227469061593934));
#6124=CARTESIAN_POINT('',(-0.124215367428135,0.0508954341536436,0.00253131951299202));
#6125=CARTESIAN_POINT('',(-0.125193127999229,0.0491954341536382,0.00261686247838946));
#6126=CARTESIAN_POINT('',(-0.123237606857041,0.052595434153649,0.0024457765475946));
#6127=CARTESIAN_POINT('',(-0.124215367428154,0.0474954341536436,0.00253131951256183));
#6128=CARTESIAN_POINT('',(-0.123237606857079,0.045795434153649,0.00244577654673421));
#6129=CARTESIAN_POINT('',(-0.12128208571491,0.0457954341536599,0.00227469061550915));
#6130=CARTESIAN_POINT('',(-0.119326564572741,0.0457954341536707,0.00210360468428409));
#6131=CARTESIAN_POINT('',(-0.118348804001647,0.0474954341536762,0.00201806171888665));
#6132=CARTESIAN_POINT('',(-0.117371043430553,0.0491954341536816,0.00193251875348923));
#6133=CARTESIAN_POINT('',(-0.118348804001628,0.0508954341536762,0.00201806171931685));
#6134=CARTESIAN_POINT('',(-0.119326564572703,0.0525954341536707,0.00210360468514448));
#6135=CARTESIAN_POINT('',(-0.121282085714872,0.0525954341536599,0.00227469061636954));
#6136=CARTESIAN_POINT('',(-0.124651146141874,0.0508954341542763,-0.00244965397746671));
#6137=CARTESIAN_POINT('',(-0.12367338557078,0.0525954341542817,-0.00253519694286414));
#6138=CARTESIAN_POINT('',(-0.12367338557078,0.0525954341542817,-0.00253519694286414));
#6139=CARTESIAN_POINT('',(-0.124651146141874,0.0508954341542763,-0.00244965397746671));
#6140=CARTESIAN_POINT('',(-0.125628906712967,0.0491954341542708,-0.00236411101206927));
#6141=CARTESIAN_POINT('',(-0.125628906712967,0.0491954341542708,-0.00236411101206927));
#6142=CARTESIAN_POINT('',(-0.121717864428611,0.0525954341542925,-0.0027062828740892));
#6143=CARTESIAN_POINT('',(-0.119762343286442,0.0525954341543034,-0.00287736880531426));
#6144=CARTESIAN_POINT('',(-0.119762343286442,0.0525954341543034,-0.00287736880531426));
#6145=CARTESIAN_POINT('',(-0.121717864428611,0.0525954341542925,-0.0027062828740892));
#6146=CARTESIAN_POINT('',(-0.118784582715366,0.0508954341543088,-0.00296291177114189));
#6147=CARTESIAN_POINT('',(-0.117806822144291,0.0491954341543142,-0.00304845473696951));
#6148=CARTESIAN_POINT('',(-0.117806822144291,0.0491954341543142,-0.00304845473696951));
#6149=CARTESIAN_POINT('',(-0.118784582715366,0.0508954341543088,-0.00296291177114189));
#6150=CARTESIAN_POINT('',(-0.118784582715385,0.0474954341543088,-0.00296291177157207));
#6151=CARTESIAN_POINT('',(-0.119762343286479,0.0457954341543034,-0.00287736880617465));
#6152=CARTESIAN_POINT('',(-0.119762343286479,0.0457954341543034,-0.00287736880617465));
#6153=CARTESIAN_POINT('',(-0.118784582715385,0.0474954341543088,-0.00296291177157207));
#6154=CARTESIAN_POINT('',(-0.121717864428648,0.0457954341542925,-0.00270628287494958));
#6155=CARTESIAN_POINT('',(-0.123673385570817,0.0457954341542817,-0.00253519694372453));
#6156=CARTESIAN_POINT('',(-0.123673385570817,0.0457954341542817,-0.00253519694372453));
#6157=CARTESIAN_POINT('',(-0.121717864428648,0.0457954341542925,-0.00270628287494958));
#6158=CARTESIAN_POINT('',(-0.124651146141892,0.0474954341542763,-0.0024496539778969));
#6159=CARTESIAN_POINT('',(-0.124651146141892,0.0474954341542763,-0.0024496539778969));
#6160=CARTESIAN_POINT('',(-0.121717864428629,0.0491954341542925,-0.00270628287451939));
#6161=CARTESIAN_POINT('',(-0.104410310844363,0.0491954341291665,0.19511995982649));
#6162=CARTESIAN_POINT('',(-0.104410310844363,0.0491954341291665,0.19511995982649));
#6163=CARTESIAN_POINT('',(-0.10231830197837,0.0491954341291781,0.19493693276672));
#6164=CARTESIAN_POINT('',(-0.105891958471073,0.0491954341313175,0.17818464995893));
#6165=CARTESIAN_POINT('',(-0.105891958471073,0.0491954341313175,0.17818464995893));
#6166=CARTESIAN_POINT('',(-0.103799949605081,0.0491954341313291,0.17800162289916));
#6167=CARTESIAN_POINT('',(-0.105891958471073,0.0491954341313175,0.17818464995893));
#6168=MECHANICAL_DESIGN_GEOMETRIC_PRESENTATION_REPRESENTATION('',(#269),
#6169);
#6169=(
GEOMETRIC_REPRESENTATION_CONTEXT(3)
GLOBAL_UNCERTAINTY_ASSIGNED_CONTEXT((#6170))
GLOBAL_UNIT_ASSIGNED_CONTEXT((#6173,#6172,#6171))
REPRESENTATION_CONTEXT('Part 6','TOP_LEVEL_ASSEMBLY_PART')
);
#6170=UNCERTAINTY_MEASURE_WITH_UNIT(LENGTH_MEASURE(2.E-5),#6173,
'DISTANCE_ACCURACY_VALUE','Maximum Tolerance applied to model');
#6171=(
NAMED_UNIT(*)
SI_UNIT($,.STERADIAN.)
SOLID_ANGLE_UNIT()
);
#6172=(
NAMED_UNIT(*)
PLANE_ANGLE_UNIT()
SI_UNIT($,.RADIAN.)
);
#6173=(
LENGTH_UNIT()
NAMED_UNIT(*)
SI_UNIT($,.METRE.)
);
#6174=PRODUCT_DEFINITION_SHAPE('','',#6175);
#6175=PRODUCT_DEFINITION('','',#6177,#6176);
#6176=PRODUCT_DEFINITION_CONTEXT('',#6183,'design');
#6177=PRODUCT_DEFINITION_FORMATION_WITH_SPECIFIED_SOURCE('','',#6179,
 .NOT_KNOWN.);
#6178=PRODUCT_RELATED_PRODUCT_CATEGORY('','',(#6179));
#6179=PRODUCT('Part 6','Part 6','Part 6',(#6181));
#6180=PRODUCT_CATEGORY('','');
#6181=PRODUCT_CONTEXT('',#6183,'mechanical');
#6182=APPLICATION_PROTOCOL_DEFINITION('international standard',
'ap242_managed_model_based_3d_engineering',2020,#6183);
#6183=APPLICATION_CONTEXT('managed model based 3d engineering');
ENDSEC;
END-ISO-10303-21;
